drug,disease
[16687],33577
[16687],36035
[20297],33577
[20297],36035
[16693],33577
[16693],36035
[14944],33577
[14944],36035
[15762],33577
[15762],36035
[14836],33577
[14836],36035
[14421],33577
[14421],36035
[14835],33577
[14835],36035
[16214],33577
[16214],36035
[14327],33577
[14327],36035
[14255],33577
[14255],36035
[16694],33577
[16694],36035
[20301],33577
[20301],36035
[14846],33577
[14846],36035
[16699],33577
[16699],36035
[14152],33577
[14152],36035
[16690],33577
[16690],36035
[16698],33577
[16698],36035
[14200],33577
[14200],36035
[15426],33577
[15426],36035
[15108],33577
[15108],36035
[17278],33577
[17278],36035
[14762],33577
[14762],36035
[14308],33577
[14308],36035
[14984],33577
[14984],36035
[15451],33577
[15451],36035
[15175],33577
[15175],36035
[14946],33577
[14946],36035
[15079],33577
[15079],36035
[16303],33577
[16303],36035
[14317],33577
[14317],36035
[15580],33577
[15580],36035
[17647],33577
[17647],36035
[16793],33577
[16793],36035
[14276],33577
[14276],36035
[14257],33577
[14257],36035
[15245],33577
[15245],36035
[15186],33577
[15186],36035
[14133],33577
[14133],36035
[14959],33577
[14959],36035
[17344],33577
[17344],36035
[19223],33577
[19223],36035
[14809],33577
[14809],36035
[17308],33577
[17308],36035
[16854],33577
[16854],36035
[14217],33577
[14217],36035
[14196],33577
[14196],36035
[14212],33577
[14212],36035
[14168],33577
[14168],36035
[15105],33577
[15105],36035
[14142],33577
[14142],36035
[15304],33577
[15304],36035
[14938],33577
[14938],36035
[14271],33577
[14271],36035
[14163],33577
[14163],36035
[14582],33577
[14582],36035
[14198],33577
[14198],36035
[17304],33577
[17304],36035
[15789],33577
[15789],36035
[20307],33577
[20307],36035
[15295],33577
[15295],36035
[14547],33577
[14547],36035
[15855],33577
[15855],36035
[15153],33577
[15153],36035
[14202],33577
[14202],36035
[20310],33577
[20310],36035
[14331],33577
[14331],36035
[14792],33577
[14792],36035
[14162],33577
[14162],36035
[15480],33577
[15480],36035
[14668],33577
[14668],36035
[15095],33577
[15095],36035
[14240],33577
[14240],36035
[14691],33577
[14691],36035
[16215],33577
[16215],36035
[14301],33577
[14301],36035
[14539],33577
[14539],36035
[20316],33577
[20316],36035
[17148],33577
[17148],36035
[15609],33577
[15609],36035
[14869],33577
[14869],36035
[15505],33577
[15505],36035
[15221],33577
[15221],36035
[14605],33577
[14605],36035
[15836],33577
[15836],36035
[20319],33577
[20319],36035
[14282],33577
[14282],36035
[15769],33577
[15769],36035
[15133],33577
[15133],36035
[14233],33577
[14233],36035
[16788],33577
[16788],36035
[16210],33577
[16210],36035
[14763],33577
[14763],36035
[15629],33577
[15629],36035
[14369],33577
[14369],36035
[14731],33577
[14731],36035
[14215],33577
[14215],36035
[16697],33577
[16697],36035
[15632],33577
[15632],36035
[20325],33577
[20325],36035
[14965],33577
[14965],36035
[16689],33577
[16689],36035
[14953],33577
[14953],36035
[15193],38121
[15291],38121
[14709],38121
[14321],38121
[17559],38121
[19207],38121
[16842],38121
[15193],28547
[15193],30093
[15193],31408
[15193],28974
[15193],28801
[15193],32759
[15193],32974
[15193],33241
[15812],28547
[15812],30093
[15812],31408
[15812],28974
[15812],28801
[15812],32759
[15812],32974
[15812],33241
[15291],28547
[15291],30093
[15291],31408
[15291],28974
[15291],28801
[15291],32759
[15291],32974
[15291],33241
[14139],28547
[14139],30093
[14139],31408
[14139],28974
[14139],28801
[14139],32759
[14139],32974
[14139],33241
[16315],28547
[16315],30093
[16315],31408
[16315],28974
[16315],28801
[16315],32759
[16315],32974
[16315],33241
[16056],28547
[16056],30093
[16056],31408
[16056],28974
[16056],28801
[16056],32759
[16056],32974
[16056],33241
[14830],28547
[14830],30093
[14830],31408
[14830],28974
[14830],28801
[14830],32759
[14830],32974
[14830],33241
[17270],28547
[17270],30093
[17270],31408
[17270],28974
[17270],28801
[17270],32759
[17270],32974
[17270],33241
[14321],28547
[14321],30093
[14321],31408
[14321],28974
[14321],28801
[14321],32759
[14321],32974
[14321],33241
[14220],28547
[14220],30093
[14220],31408
[14220],28974
[14220],28801
[14220],32759
[14220],32974
[14220],33241
[15124],28547
[15124],30093
[15124],31408
[15124],28974
[15124],28801
[15124],32759
[15124],32974
[15124],33241
[19207],28547
[19207],30093
[19207],31408
[19207],28974
[19207],28801
[19207],32759
[19207],32974
[19207],33241
[15493],28547
[15493],30093
[15493],31408
[15493],28974
[15493],28801
[15493],32759
[15493],32974
[15493],33241
[14831],28547
[14831],30093
[14831],31408
[14831],28974
[14831],28801
[14831],32759
[14831],32974
[14831],33241
[14452],28547
[14452],30093
[14452],31408
[14452],28974
[14452],28801
[14452],32759
[14452],32974
[14452],33241
[15138],28547
[15138],30093
[15138],31408
[15138],28974
[15138],28801
[15138],32759
[15138],32974
[15138],33241
[16054],28547
[16054],30093
[16054],31408
[16054],28974
[16054],28801
[16054],32759
[16054],32974
[16054],33241
[15333],28547
[15333],30093
[15333],31408
[15333],28974
[15333],28801
[15333],32759
[15333],32974
[15333],33241
[15772],28547
[15772],30093
[15772],31408
[15772],28974
[15772],28801
[15772],32759
[15772],32974
[15772],33241
[14904],28547
[14904],30093
[14904],31408
[14904],28974
[14904],28801
[14904],32759
[14904],32974
[14904],33241
[14806],28547
[14806],30093
[14806],31408
[14806],28974
[14806],28801
[14806],32759
[14806],32974
[14806],33241
[16842],28547
[16842],30093
[16842],31408
[16842],28974
[16842],28801
[16842],32759
[16842],32974
[16842],33241
[15003],28396
[15003],31524
[15003],28149
[15081],28396
[15081],31524
[15081],28149
[14831],28396
[14831],31524
[14831],28149
[14977],83750
[14211],83750
[20169],83751
[14153],35641
[14330],35641
[20354],35641
[15416],35641
[14192],35641
[15837],35641
[15834],35641
[15430],35641
[15297],35641
[16475],35641
[15466],35641
[17066],35641
[14141],35641
[20341],35641
[14505],35641
[17065],35641
[14993],35641
[14245],35641
[14522],35641
[14956],35641
[15475],35641
[15434],35641
[15311],35641
[15453],35641
[15835],35641
[14139],38003
[14139],83752
[14139],30324
[16056],38003
[16056],83752
[16056],30324
[14830],38003
[14830],83752
[14830],30324
[15124],38003
[15124],83752
[15124],30324
[16054],38003
[16054],83752
[16054],30324
[15421],32033
[15416],32033
[15099],32033
[20363],32033
[20364],32033
[17067],32033
[15841],32033
[15506],32033
[15430],32033
[15297],32033
[14653],32033
[20138],32033
[14963],32033
[14607],32033
[15513],32033
[17066],32033
[15570],32033
[17065],32033
[14609],32033
[20139],32033
[15518],32033
[20343],32033
[15517],32033
[14164],32033
[14976],32033
[14962],32033
[15457],32033
[14310],32033
[15519],32033
[15441],32033
[15052],32033
[17244],32033
[16794],32033
[17782],32033
[14137],32033
[17063],32033
[20128],32033
[15611],32033
[20365],83753
[15763],83753
[14250],83753
[14935],83753
[20366],83753
[14262],83753
[17411],83753
[14281],83753
[15422],83753
[15219],83753
[14028],83753
[15003],83753
[14019],83753
[17628],83753
[14819],83753
[20367],83753
[15084],83753
[14300],83753
[15604],83753
[20193],83753
[20322],83753
[20368],83753
[15296],83753
[20369],83753
[17412],83753
[20370],37617
[20370],30374
[15797],37617
[15797],30374
[14458],37617
[14458],30374
[14269],37617
[14269],30374
[15160],37617
[15160],30374
[14159],37617
[14159],30374
[14024],37617
[14024],30374
[15614],37617
[15614],30374
[14030],37617
[14030],30374
[15003],37617
[15003],30374
[14019],37617
[14019],30374
[17631],37617
[17631],30374
[15479],37617
[15479],30374
[14023],37617
[14023],30374
[20371],37830
[15160],37830
[15614],37830
[15956],37830
[15166],37830
[20372],37564
[16060],37564
[16340],37564
[14843],37564
[15316],37564
[14785],37564
[14702],37564
[15815],37564
[16059],37564
[16221],37564
[14703],37564
[18179],37564
[20373],37564
[14729],37564
[20374],37564
[16074],37564
[20375],37564
[15839],37564
[15549],37564
[20376],37564
[14786],37564
[15420],37564
[15461],83754
[15461],27932
[15461],39774
[15461],36196
[15461],35776
[20378],28756
[20378],37762
[15288],39774
[15288],83754
[20380],39774
[20380],83754
[16478],39774
[16478],83754
[20381],39774
[20381],83754
[20382],39774
[20382],83754
[14269],28478
[14024],28478
[14030],28478
[14028],28478
[15003],28478
[14042],28478
[14019],28478
[14023],28478
[14934],32520
[14606],32520
[15461],83755
[14190],83755
[15461],83756
[15461],39470
[15461],36644
[15461],31850
[15461],83757
[15461],38031
[15461],83758
[18680],83756
[18680],39470
[18680],36644
[18680],31850
[18680],83757
[18680],38031
[18680],83758
[14190],83756
[14190],39470
[14190],36644
[14190],31850
[14190],83757
[14190],38031
[14190],83758
[14655],83756
[14655],39470
[14655],36644
[14655],31850
[14655],83757
[14655],38031
[14655],83758
[14061],83756
[14061],39470
[14061],36644
[14061],31850
[14061],83757
[14061],38031
[14061],83758
[16183],83756
[16183],39470
[16183],36644
[16183],31850
[16183],83757
[16183],38031
[16183],83758
[14299],27933
[14299],37703
[14299],83760
[15117],27933
[15117],37703
[15117],83760
[14189],27933
[14189],37703
[14189],83760
[14885],27933
[14885],37703
[14885],83760
[20384],27933
[20384],37703
[20384],83760
[15116],27933
[15116],37703
[15116],83760
[14905],27933
[14905],37703
[14905],83760
[15082],27933
[15082],37703
[15082],83760
[17310],27933
[17310],37703
[17310],83760
[20147],27933
[20147],37703
[20147],83760
[14176],27933
[14176],37703
[14176],83760
[15073],27933
[15073],37703
[15073],83760
[14893],27933
[14893],37703
[14893],83760
[14884],27933
[14884],37703
[14884],83760
[14173],27933
[14173],37703
[14173],83760
[14156],27933
[14156],37703
[14156],83760
[14543],27933
[14543],37703
[14543],83760
[17305],27933
[17305],37703
[17305],83760
[17257],27933
[17257],37703
[17257],83760
[20385],27933
[20385],37703
[20385],83760
[14544],27933
[14544],37703
[14544],83760
[15667],27933
[15667],37703
[15667],83760
[20386],27933
[20386],37703
[20386],83760
[14325],27933
[14325],37703
[14325],83760
[14906],27933
[14906],37703
[14906],83760
[20133],27933
[20133],37703
[20133],83760
[20387],27933
[20387],37703
[20387],83760
[20388],27933
[20388],37703
[20388],83760
[20389],27933
[20389],37703
[20389],83760
[14310],27933
[14310],37703
[14310],83760
[14540],27933
[14540],37703
[14540],83760
[16855],27933
[16855],37703
[16855],83760
[14542],27933
[14542],37703
[14542],83760
[14153],83761
[14144],83761
[14508],83761
[15466],83761
[14141],83761
[17065],83761
[14993],83761
[14956],83761
[15311],83761
[15835],83761
[15913],29186
[15218],29186
[14153],38242
[17829],38242
[14192],38242
[15146],38242
[14299],38242
[15116],38242
[15082],38242
[14141],38242
[17831],38242
[14176],38242
[15073],38242
[14993],38242
[15590],38242
[14544],38242
[14956],38242
[14310],38242
[14140],38242
[15001],38242
[14161],38242
[15148],38242
[15311],38242
[14999],38242
[14223],38242
[15913],29832
[15218],29832
[14153],28249
[17829],28249
[17831],28249
[16011],38242
[16011],28249
[14999],28249
[14153],83763
[17829],83763
[15194],83763
[14380],83763
[15098],83763
[15093],83763
[17831],83763
[14178],83763
[14956],83763
[14140],83763
[15001],83763
[14161],83763
[14323],83763
[14999],83763
[14223],83763
[15218],32132
[14153],36743
[14144],36743
[14192],36743
[15466],36743
[14141],36743
[14993],36743
[14956],36743
[14234],36743
[15475],36743
[15311],36743
[15472],36743
[18277],36743
[15799],27626
[17141],27626
[14699],27626
[14153],33125
[15416],33125
[15466],33125
[15231],33125
[14294],33125
[15519],33125
[14153],33115
[20354],33115
[15416],33115
[15449],33115
[15837],33115
[15466],33115
[20341],33115
[14294],33115
[15434],33115
[15453],33115
[14378],33115
[15194],38242
[14380],38242
[14323],38242
[20377],33649
[15064],33649
[20431],33649
[14269],33649
[20436],33649
[14020],33649
[15486],33649
[14021],33649
[15500],33649
[16837],33649
[14680],33649
[20437],33649
[14941],33649
[14030],33649
[14028],33649
[15003],33649
[14042],33649
[14320],33649
[17776],33649
[14019],33649
[14033],33649
[15583],33649
[14026],33649
[14029],33649
[20193],33649
[20322],33649
[20438],33649
[14023],33649
[14152],36432
[20339],36432
[15466],36432
[16793],36432
[14276],36432
[14257],36432
[14133],36432
[17344],36432
[14217],36432
[14168],36432
[15295],36432
[14668],36432
[14240],36432
[14691],36432
[20319],36432
[14233],36432
[16788],36432
[14170],39145
[20439],39145
[14208],32217
[14208],33166
[14208],27219
[14208],27249
[14208],31714
[14208],32337
[14208],39203
[14208],38179
[14208],39025
[14208],83765
[14208],28407
[14208],39202
[14208],33453
[14208],83766
[14208],33232
[14208],32899
[14208],27741
[14208],32905
[14208],38508
[14208],38085
[14208],39539
[14208],37285
[14269],83767
[20440],83767
[14024],83767
[14030],83767
[14028],83767
[15003],83767
[14042],83767
[14320],83767
[17727],83767
[14019],83767
[17428],83767
[17735],83767
[14023],83767
[17728],83767
[14502],33621
[14502],28830
[14502],30654
[14502],83769
[14269],33621
[14269],28830
[14269],30654
[14269],83769
[14194],33621
[14194],28830
[14194],30654
[14194],83769
[14955],33621
[14955],28830
[14955],30654
[14955],83769
[15429],33621
[15429],28830
[15429],30654
[15429],83769
[14024],33621
[14024],28830
[14024],30654
[14024],83769
[14764],33621
[14764],28830
[14764],30654
[14764],83769
[14030],33621
[14030],28830
[14030],30654
[14030],83769
[14028],33621
[14028],28830
[14028],30654
[14028],83769
[15003],33621
[15003],28830
[15003],30654
[15003],83769
[14042],33621
[14042],28830
[14042],30654
[14042],83769
[14320],33621
[14320],28830
[14320],30654
[14320],83769
[14019],33621
[14019],28830
[14019],30654
[14019],83769
[14948],33621
[14948],28830
[14948],30654
[14948],83769
[14275],33621
[14275],28830
[14275],30654
[14275],83769
[14789],33621
[14789],28830
[14789],30654
[14789],83769
[14628],33621
[14628],28830
[14628],30654
[14628],83769
[14780],33621
[14780],28830
[14780],30654
[14780],83769
[14514],33621
[14514],28830
[14514],30654
[14514],83769
[14503],33621
[14503],28830
[14503],30654
[14503],83769
[14023],33621
[14023],28830
[14023],30654
[14023],83769
[15805],33621
[15805],28830
[15805],30654
[15805],83769
[14269],33206
[14269],39506
[14024],33206
[14024],39506
[14030],33206
[14030],39506
[14028],33206
[14028],39506
[15003],33206
[15003],39506
[14042],33206
[14042],39506
[14320],33206
[14320],39506
[14019],33206
[14019],39506
[14023],33206
[14023],39506
[14269],38666
[14269],30813
[14024],38666
[14024],30813
[14030],38666
[14030],30813
[14028],38666
[14028],30813
[15003],38666
[15003],30813
[14042],38666
[14042],30813
[14320],38666
[14320],30813
[14019],38666
[14019],30813
[17886],38666
[17886],30813
[14023],38666
[14023],30813
[14059],36469
[14059],31732
[14059],32719
[14060],36469
[14060],31732
[14060],32719
[17422],37784
[17422],28158
[17422],83770
[15876],37784
[15876],28158
[15876],83770
[14269],37784
[14269],28158
[14269],83770
[14262],37784
[14262],28158
[14262],83770
[15438],37784
[15438],28158
[15438],83770
[14772],37784
[14772],28158
[14772],83770
[15500],37784
[15500],28158
[15500],83770
[15982],37784
[15982],28158
[15982],83770
[14024],37784
[14024],28158
[14024],83770
[14034],37784
[14034],28158
[14034],83770
[14764],37784
[14764],28158
[14764],83770
[14030],37784
[14030],28158
[14030],83770
[14028],37784
[14028],28158
[14028],83770
[15003],37784
[15003],28158
[15003],83770
[14042],37784
[14042],28158
[14042],83770
[14320],37784
[14320],28158
[14320],83770
[14273],37784
[14273],28158
[14273],83770
[14980],37784
[14980],28158
[14980],83770
[15887],37784
[15887],28158
[15887],83770
[14019],37784
[14019],28158
[14019],83770
[17584],37784
[17584],28158
[17584],83770
[17417],37784
[17417],28158
[17417],83770
[17585],37784
[17585],28158
[17585],83770
[14023],37784
[14023],28158
[14023],83770
[14269],38513
[14269],35510
[14024],38513
[14024],35510
[14030],38513
[14030],35510
[14028],38513
[14028],35510
[15003],38513
[15003],35510
[14042],38513
[14042],35510
[14320],38513
[14320],35510
[14019],38513
[14019],35510
[14023],38513
[14023],35510
[14269],38016
[18314],38016
[14024],38016
[14030],38016
[14028],38016
[15003],38016
[14042],38016
[14320],38016
[14273],38016
[14019],38016
[20423],38016
[14023],38016
[15450],83771
[15307],83771
[17243],39540
[17243],39111
[17243],83772
[17243],83773
[17243],29854
[14269],39540
[14269],39111
[14269],83772
[14269],83773
[14269],29854
[15098],39540
[15098],39111
[15098],83772
[15098],83773
[15098],29854
[14024],39540
[14024],39111
[14024],83772
[14024],83773
[14024],29854
[14030],39540
[14030],39111
[14030],83772
[14030],83773
[14030],29854
[14028],39540
[14028],39111
[14028],83772
[14028],83773
[14028],29854
[15003],39540
[15003],39111
[15003],83772
[15003],83773
[15003],29854
[14042],39540
[14042],39111
[14042],83772
[14042],83773
[14042],29854
[14320],39540
[14320],39111
[14320],83772
[14320],83773
[14320],29854
[14019],39540
[14019],39111
[14019],83772
[14019],83773
[14019],29854
[17235],39540
[17235],39111
[17235],83772
[17235],83773
[17235],29854
[14023],39540
[14023],39111
[14023],83772
[14023],83773
[14023],29854
[14269],36272
[14158],36272
[14030],36272
[14028],36272
[15003],36272
[14042],36272
[14320],36272
[14227],36272
[14204],36272
[14019],36272
[14238],36272
[14340],36272
[14061],36272
[14023],36272
[20442],36048
[15767],36048
[16060],36048
[16062],36048
[14843],36048
[20172],36048
[16071],36048
[14785],36048
[20403],36048
[20218],36048
[16059],36048
[20443],36048
[16221],36048
[14703],36048
[20129],36048
[16977],36048
[20146],36048
[16063],36048
[19331],36048
[16313],36048
[20214],36048
[16311],36048
[16074],36048
[20444],36048
[20375],36048
[15839],36048
[20445],36048
[20424],36048
[15549],36048
[20376],36048
[16055],36048
[15462],36048
[15144],36048
[14734],36048
[14786],36048
[15420],36048
[16057],36048
[14269],36347
[14269],36436
[14262],36347
[14262],36436
[14158],36347
[14158],36436
[14030],36347
[14030],36436
[14028],36347
[14028],36436
[15003],36347
[15003],36436
[14042],36347
[14042],36436
[14019],36347
[14019],36436
[14340],36347
[14340],36436
[14023],36347
[14023],36436
[14269],39524
[18230],39524
[15324],39524
[15438],39524
[15349],39524
[15982],39524
[14194],39524
[14024],39524
[14764],39524
[14030],39524
[14028],39524
[15003],39524
[14042],39524
[14320],39524
[17601],39524
[15887],39524
[14019],39524
[14274],39524
[17584],39524
[17583],39524
[17585],39524
[14023],39524
[15860],39524
[16802],39524
[14269],36604
[14269],38719
[14269],83774
[14024],36604
[14024],38719
[14024],83774
[14030],36604
[14030],38719
[14030],83774
[14028],36604
[14028],38719
[14028],83774
[15003],36604
[15003],38719
[15003],83774
[14042],36604
[14042],38719
[14042],83774
[14320],36604
[14320],38719
[14320],83774
[14019],36604
[14019],38719
[14019],83774
[15067],36604
[15067],38719
[15067],83774
[14023],36604
[14023],38719
[14023],83774
[14269],83775
[20339],83775
[14030],83775
[14028],83775
[15003],83775
[14042],83775
[14320],83775
[14019],83775
[14023],83775
[20330],36026
[15239],36026
[15483],36026
[17436],36026
[20448],36026
[14290],36026
[16847],36026
[15079],36026
[15849],36026
[15466],36026
[17173],36026
[16217],36026
[16792],36026
[16843],36026
[15105],36026
[14807],36026
[15155],36026
[14198],36026
[15225],36026
[14792],36026
[15095],36026
[15156],36026
[14677],36026
[17434],36026
[14978],36026
[15491],36026
[17435],36026
[17317],36026
[15779],36026
[16795],36026
[15794],29078
[14269],29078
[15324],29078
[14242],29078
[14262],29078
[15816],29078
[15438],29078
[20449],29078
[15987],29078
[14509],29078
[15982],29078
[14934],29078
[14194],29078
[20450],29078
[17831],29078
[15986],29078
[14206],29078
[14158],29078
[14024],29078
[20239],29078
[20451],29078
[14419],29078
[14219],29078
[15781],29078
[14030],29078
[14028],29078
[15003],29078
[14042],29078
[14320],29078
[14407],29078
[17601],29078
[14273],29078
[14175],29078
[15887],29078
[14227],29078
[14204],29078
[14019],29078
[15563],29078
[14191],29078
[14274],29078
[17883],29078
[17584],29078
[15989],29078
[14197],29078
[14183],29078
[14062],29078
[14238],29078
[16758],29078
[14278],29078
[15984],29078
[14340],29078
[17583],29078
[15447],29078
[16226],29078
[17585],29078
[15101],29078
[14600],29078
[14287],29078
[14061],29078
[17398],29078
[14390],29078
[15269],29078
[14023],29078
[20452],29078
[15860],29078
[16802],29078
[20453],29078
[15662],29078
[15666],29078
[14347],29078
[15914],29078
[18755],28158
[14269],35823
[14269],35665
[14030],35823
[14030],35665
[14028],35823
[14028],35665
[15003],35823
[15003],35665
[14042],35823
[14042],35665
[14320],35823
[14320],35665
[14019],35823
[14019],35665
[14023],35823
[14023],35665
[20377],36129
[20377],29709
[15791],36129
[15791],29709
[15064],36129
[15064],29709
[17229],36129
[17229],29709
[20431],36129
[20431],29709
[14269],36129
[14269],29709
[14020],36129
[14020],29709
[15486],36129
[15486],29709
[14193],36129
[14193],29709
[14021],36129
[14021],29709
[15500],36129
[15500],29709
[16837],36129
[16837],29709
[15586],36129
[15586],29709
[14024],36129
[14024],29709
[20437],36129
[20437],29709
[14941],36129
[14941],29709
[14030],36129
[14030],29709
[14028],36129
[14028],29709
[15003],36129
[15003],29709
[14042],36129
[14042],29709
[14320],36129
[14320],29709
[17776],36129
[17776],29709
[14019],36129
[14019],29709
[14033],36129
[14033],29709
[15583],36129
[15583],29709
[14032],36129
[14032],29709
[14026],36129
[14026],29709
[14310],36129
[14310],29709
[14029],36129
[14029],29709
[15432],36129
[15432],29709
[14381],36129
[14381],29709
[20454],36129
[20454],29709
[14023],36129
[14023],29709
[19330],36129
[19330],29709
[14251],36129
[14251],29709
[15763],29614
[15763],83776
[17124],29614
[17124],83776
[20396],29614
[20396],83776
[20440],29614
[20440],83776
[14561],29614
[14561],83776
[19671],29614
[19671],83776
[20146],29614
[20146],83776
[14560],29614
[14560],83776
[20417],29614
[20417],83776
[20311],29614
[20311],83776
[17736],29614
[17736],83776
[20362],29614
[20362],83776
[20376],29614
[20376],83776
[17735],29614
[17735],83776
[17728],29614
[17728],83776
[14667],29614
[14667],83776
[17746],29614
[17746],83776
[14269],29182
[14269],33534
[14597],29182
[14597],33534
[14194],29182
[14194],33534
[14206],29182
[14206],33534
[14623],29182
[14623],33534
[14024],29182
[14024],33534
[14030],29182
[14030],33534
[14028],29182
[14028],33534
[15003],29182
[15003],33534
[14042],29182
[14042],33534
[14320],29182
[14320],33534
[14273],29182
[14273],33534
[14019],29182
[14019],33534
[18283],29182
[18283],33534
[14023],29182
[14023],33534
[14347],29182
[14347],33534
[20377],37770
[20377],83777
[15064],37770
[15064],83777
[20431],37770
[20431],83777
[14269],37770
[14269],83777
[14020],37770
[14020],83777
[15486],37770
[15486],83777
[14021],37770
[14021],83777
[15500],37770
[15500],83777
[16837],37770
[16837],83777
[14024],37770
[14024],83777
[20437],37770
[20437],83777
[14941],37770
[14941],83777
[14030],37770
[14030],83777
[14028],37770
[14028],83777
[15003],37770
[15003],83777
[14042],37770
[14042],83777
[14320],37770
[14320],83777
[17776],37770
[17776],83777
[14019],37770
[14019],83777
[14033],37770
[14033],83777
[15583],37770
[15583],83777
[14032],37770
[14032],83777
[14026],37770
[14026],83777
[14029],37770
[14029],83777
[14023],37770
[14023],83777
[14269],31511
[14024],31511
[14030],31511
[14028],31511
[15003],31511
[14042],31511
[14320],31511
[14019],31511
[14023],31511
[20455],33572
[20455],83778
[20455],35915
[20455],83779
[15110],33572
[15110],83778
[15110],35915
[15110],83779
[15098],33572
[15098],83778
[15098],35915
[15098],83779
[14952],33572
[14952],83778
[14952],35915
[14952],83779
[14938],33572
[14938],83778
[14938],35915
[14938],83779
[14178],33572
[14178],83778
[14178],35915
[14178],83779
[16434],33572
[16434],83778
[16434],35915
[16434],83779
[14841],33572
[14841],83778
[14841],35915
[14841],83779
[15001],33572
[15001],83778
[15001],35915
[15001],83779
[14269],31723
[14269],83780
[14024],31723
[14024],83780
[14030],31723
[14030],83780
[14028],31723
[14028],83780
[15003],31723
[15003],83780
[14042],31723
[14042],83780
[14320],31723
[14320],83780
[14019],31723
[14019],83780
[14023],31723
[14023],83780
[14269],37541
[14269],33596
[14030],37541
[14030],33596
[14028],37541
[14028],33596
[15003],37541
[15003],33596
[14042],37541
[14042],33596
[14019],37541
[14019],33596
[14023],37541
[14023],33596
[14269],32384
[14030],32384
[14028],32384
[15003],32384
[14042],32384
[14320],32384
[14019],32384
[14023],32384
[20157],33675
[20157],83781
[20157],39773
[15064],33675
[15064],83781
[15064],39773
[14269],33675
[14269],83781
[14269],39773
[20457],33675
[20457],83781
[20457],39773
[20458],33675
[20458],83781
[20458],39773
[16323],33675
[16323],83781
[16323],39773
[15399],33675
[15399],83781
[15399],39773
[15500],33675
[15500],83781
[15500],39773
[14159],33675
[14159],83781
[14159],39773
[17560],33675
[17560],83781
[17560],39773
[14784],33675
[14784],83781
[14784],39773
[14018],33675
[14018],83781
[14018],39773
[20459],33675
[20459],83781
[20459],39773
[15586],33675
[15586],83781
[15586],39773
[14024],33675
[14024],83781
[14024],39773
[14034],33675
[14034],83781
[14034],39773
[14807],33675
[14807],83781
[14807],39773
[16352],33675
[16352],83781
[16352],39773
[17224],33675
[17224],83781
[17224],39773
[15614],33675
[15614],83781
[15614],39773
[14030],33675
[14030],83781
[14030],39773
[14028],33675
[14028],83781
[14028],39773
[15003],33675
[15003],83781
[15003],39773
[14042],33675
[14042],83781
[14042],39773
[14320],33675
[14320],83781
[14320],39773
[15956],33675
[15956],83781
[15956],39773
[17568],33675
[17568],83781
[17568],39773
[14038],33675
[14038],83781
[14038],39773
[15646],33675
[15646],83781
[15646],39773
[16532],33675
[16532],83781
[16532],39773
[14019],33675
[14019],83781
[14019],39773
[14014],33675
[14014],83781
[14014],39773
[17561],33675
[17561],83781
[17561],39773
[15059],33675
[15059],83781
[15059],39773
[15971],33675
[15971],83781
[15971],39773
[14848],33675
[14848],83781
[14848],39773
[15166],33675
[15166],83781
[15166],39773
[18755],33675
[18755],83781
[18755],39773
[14036],33675
[14036],83781
[14036],39773
[14023],33675
[14023],83781
[14023],39773
[14601],33675
[14601],83781
[14601],39773
[15511],33675
[15511],83781
[15511],39773
[14269],83782
[14024],83782
[14030],83782
[14028],83782
[15003],83782
[14042],83782
[14320],83782
[14019],83782
[14023],83782
[20298],33679
[16085],33679
[14921],33679
[15295],33679
[14652],33679
[20214],33679
[17634],33679
[17987],33679
[14269],37722
[14024],37722
[15826],37722
[14030],37722
[14028],37722
[15003],37722
[14042],37722
[14320],37722
[14019],37722
[17417],37722
[15366],37722
[14590],37722
[14023],37722
[14269],39808
[14269],32815
[14269],83783
[14269],83784
[14024],39808
[14024],32815
[14024],83783
[14024],83784
[14028],39808
[14028],32815
[14028],83783
[14028],83784
[15003],39808
[15003],32815
[15003],83783
[15003],83784
[14042],39808
[14042],32815
[14042],83783
[14042],83784
[14320],39808
[14320],32815
[14320],83783
[14320],83784
[14019],39808
[14019],32815
[14019],83783
[14019],83784
[15867],39808
[15867],32815
[15867],83783
[15867],83784
[15307],39808
[15307],32815
[15307],83783
[15307],83784
[15794],39820
[15794],27366
[14269],39820
[14269],27366
[14242],39820
[14242],27366
[14509],39820
[14509],27366
[16221],39820
[16221],27366
[15882],39820
[15882],27366
[14158],39820
[14158],27366
[14024],39820
[14024],27366
[14030],39820
[14030],27366
[14028],39820
[14028],27366
[15003],39820
[15003],27366
[14042],39820
[14042],27366
[14320],39820
[14320],27366
[17601],39820
[17601],27366
[14175],39820
[14175],27366
[15887],39820
[15887],27366
[14227],39820
[14227],27366
[14204],39820
[14204],27366
[14019],39820
[14019],27366
[14191],39820
[14191],27366
[17584],39820
[17584],27366
[14183],39820
[14183],27366
[14238],39820
[14238],27366
[14278],39820
[14278],27366
[15984],39820
[15984],27366
[17583],39820
[17583],27366
[17585],39820
[17585],27366
[15101],39820
[15101],27366
[14061],39820
[14061],27366
[14390],39820
[14390],27366
[14023],39820
[14023],27366
[20161],39820
[20161],27366
[14269],27452
[14269],38496
[14024],27452
[14024],38496
[14530],27452
[14530],38496
[14030],27452
[14030],38496
[14028],27452
[14028],38496
[15003],27452
[15003],38496
[14042],27452
[14042],38496
[14320],27452
[14320],38496
[20432],27452
[20432],38496
[14383],27452
[14383],38496
[14019],27452
[14019],38496
[14023],27452
[14023],38496
[15107],30990
[15107],39208
[15107],83785
[15107],83786
[15107],33452
[14269],30990
[14269],39208
[14269],83785
[14269],83786
[14269],33452
[14914],30990
[14914],39208
[14914],83785
[14914],83786
[14914],33452
[14194],30990
[14194],39208
[14194],83785
[14194],83786
[14194],33452
[14955],30990
[14955],39208
[14955],83785
[14955],83786
[14955],33452
[14024],30990
[14024],39208
[14024],83785
[14024],83786
[14024],33452
[14849],30990
[14849],39208
[14849],83785
[14849],83786
[14849],33452
[14030],30990
[14030],39208
[14030],83785
[14030],83786
[14030],33452
[14028],30990
[14028],39208
[14028],83785
[14028],83786
[14028],33452
[14954],30990
[14954],39208
[14954],83785
[14954],83786
[14954],33452
[15003],30990
[15003],39208
[15003],83785
[15003],83786
[15003],33452
[14042],30990
[14042],39208
[14042],83785
[14042],83786
[14042],33452
[14320],30990
[14320],39208
[14320],83785
[14320],83786
[14320],33452
[14019],30990
[14019],39208
[14019],83785
[14019],83786
[14019],33452
[14740],30990
[14740],39208
[14740],83785
[14740],83786
[14740],33452
[15303],30990
[15303],39208
[15303],83785
[15303],83786
[15303],33452
[17524],30990
[17524],39208
[17524],83785
[17524],83786
[17524],33452
[14023],30990
[14023],39208
[14023],83785
[14023],83786
[14023],33452
[20194],30990
[20194],39208
[20194],83785
[20194],83786
[20194],33452
[15893],30990
[15893],39208
[15893],83785
[15893],83786
[15893],33452
[14269],35992
[14269],36562
[14269],83787
[14262],35992
[14262],36562
[14262],83787
[14158],35992
[14158],36562
[14158],83787
[14030],35992
[14030],36562
[14030],83787
[14028],35992
[14028],36562
[14028],83787
[15003],35992
[15003],36562
[15003],83787
[14042],35992
[14042],36562
[14042],83787
[14320],35992
[14320],36562
[14320],83787
[14227],35992
[14227],36562
[14227],83787
[14204],35992
[14204],36562
[14204],83787
[14019],35992
[14019],36562
[14019],83787
[14238],35992
[14238],36562
[14238],83787
[14340],35992
[14340],36562
[14340],83787
[14061],35992
[14061],36562
[14061],83787
[14023],35992
[14023],36562
[14023],83787
[14269],83788
[14269],32746
[14024],83788
[14024],32746
[14030],83788
[14030],32746
[14028],83788
[14028],32746
[15003],83788
[15003],32746
[14042],83788
[14042],32746
[14320],83788
[14320],32746
[14019],83788
[14019],32746
[14023],83788
[14023],32746
[20442],33601
[20462],33601
[14269],36433
[14024],36433
[14030],36433
[14028],36433
[15003],36433
[14042],36433
[14320],36433
[14019],36433
[14023],36433
[14269],33410
[14597],33410
[14024],33410
[14030],33410
[14028],33410
[15003],33410
[14042],33410
[14320],33410
[14019],33410
[15780],33410
[14023],33410
[14520],38024
[14520],39728
[14269],38024
[14269],39728
[18230],38024
[18230],39728
[14585],38024
[14585],39728
[14194],38024
[14194],39728
[14112],38024
[14112],39728
[14024],38024
[14024],39728
[14030],38024
[14030],39728
[14028],38024
[14028],39728
[15003],38024
[15003],39728
[14042],38024
[14042],39728
[14320],38024
[14320],39728
[14019],38024
[14019],39728
[20166],38024
[20166],39728
[14023],38024
[14023],39728
[15809],38024
[15809],39728
[19863],38024
[19863],39728
[14775],38024
[14775],39728
[20324],38024
[20324],39728
[16496],38024
[16496],39728
[14269],83789
[14024],83789
[14030],83789
[14028],83789
[15003],83789
[14042],83789
[14320],83789
[14019],83789
[14023],83789
[18416],83790
[14269],83790
[14283],83790
[14024],83790
[14030],83790
[14028],83790
[15003],83790
[14042],83790
[14320],83790
[14204],83790
[14019],83790
[14911],83790
[14023],83790
[20157],37888
[20157],83791
[20294],37888
[20294],83791
[15210],37888
[15210],83791
[15122],37888
[15122],83791
[20295],37888
[20295],83791
[17252],37888
[17252],83791
[15660],37888
[15660],83791
[14249],37888
[14249],83791
[17258],37888
[17258],83791
[16066],37888
[16066],83791
[16490],37888
[16490],83791
[17243],37888
[17243],83791
[15064],37888
[15064],83791
[17229],37888
[17229],83791
[14266],37888
[14266],83791
[14269],37888
[14269],83791
[17256],37888
[17256],83791
[15783],37888
[15783],83791
[17245],37888
[17245],83791
[14020],37888
[14020],83791
[14950],37888
[14950],83791
[17246],37888
[17246],83791
[16306],37888
[16306],83791
[20302],37888
[20302],83791
[15089],37888
[15089],83791
[20458],37888
[20458],83791
[14262],37888
[14262],83791
[14960],37888
[14960],83791
[14193],37888
[14193],83791
[15500],37888
[15500],83791
[14159],37888
[14159],83791
[14881],37888
[14881],83791
[14983],37888
[14983],83791
[15098],37888
[15098],83791
[14783],37888
[14783],83791
[14591],37888
[14591],83791
[14018],37888
[14018],83791
[15586],37888
[15586],83791
[14024],37888
[14024],83791
[20463],37888
[20463],83791
[14034],37888
[14034],83791
[16063],37888
[16063],83791
[14942],37888
[14942],83791
[14030],37888
[14030],83791
[14028],37888
[14028],83791
[15003],37888
[15003],83791
[14042],37888
[14042],83791
[14320],37888
[14320],83791
[17233],37888
[17233],83791
[17232],37888
[17232],83791
[17230],37888
[17230],83791
[14038],37888
[14038],83791
[15460],37888
[15460],83791
[14019],37888
[14019],83791
[16331],37888
[16331],83791
[14014],37888
[14014],83791
[20464],37888
[20464],83791
[14336],37888
[14336],83791
[15260],37888
[15260],83791
[17259],37888
[17259],83791
[17235],37888
[17235],83791
[18755],37888
[18755],83791
[14599],37888
[14599],83791
[15241],37888
[15241],83791
[15086],37888
[15086],83791
[14898],37888
[14898],83791
[17241],37888
[17241],83791
[20321],37888
[20321],83791
[14990],37888
[14990],83791
[17231],37888
[17231],83791
[14381],37888
[14381],83791
[15877],37888
[15877],83791
[14036],37888
[14036],83791
[15104],37888
[15104],83791
[15132],37888
[15132],83791
[15171],37888
[15171],83791
[14023],37888
[14023],83791
[19700],37888
[19700],83791
[14232],37888
[14232],83791
[15251],37888
[15251],83791
[20326],37888
[20326],83791
[20465],37888
[20465],83791
[15511],37888
[15511],83791
[14154],37888
[14154],83791
[17237],37888
[17237],83791
[14237],37558
[15594],83792
[15594],33077
[15594],29993
[15594],83793
[15594],83794
[15107],83792
[15107],33077
[15107],29993
[15107],83793
[15107],83794
[14269],83792
[14269],33077
[14269],29993
[14269],83793
[14269],83794
[14914],83792
[14914],33077
[14914],29993
[14914],83793
[14914],83794
[14955],83792
[14955],33077
[14955],29993
[14955],83793
[14955],83794
[14719],83792
[14719],33077
[14719],29993
[14719],83793
[14719],83794
[14024],83792
[14024],33077
[14024],29993
[14024],83793
[14024],83794
[14868],83792
[14868],33077
[14868],29993
[14868],83793
[14868],83794
[14849],83792
[14849],33077
[14849],29993
[14849],83793
[14849],83794
[14030],83792
[14030],33077
[14030],29993
[14030],83793
[14030],83794
[14028],83792
[14028],33077
[14028],29993
[14028],83793
[14028],83794
[15003],83792
[15003],33077
[15003],29993
[15003],83793
[15003],83794
[14042],83792
[14042],33077
[14042],29993
[14042],83793
[14042],83794
[14320],83792
[14320],33077
[14320],29993
[14320],83793
[14320],83794
[15315],83792
[15315],33077
[15315],29993
[15315],83793
[15315],83794
[14019],83792
[14019],33077
[14019],29993
[14019],83793
[14019],83794
[14604],83792
[14604],33077
[14604],29993
[14604],83793
[14604],83794
[14740],83792
[14740],33077
[14740],29993
[14740],83793
[14740],83794
[14275],83792
[14275],33077
[14275],29993
[14275],83793
[14275],83794
[17524],83792
[17524],33077
[17524],29993
[17524],83793
[17524],83794
[15154],83792
[15154],33077
[15154],29993
[15154],83793
[15154],83794
[14023],83792
[14023],33077
[14023],29993
[14023],83793
[14023],83794
[15893],83792
[15893],33077
[15893],29993
[15893],83793
[15893],83794
[14269],30892
[14269],39872
[20466],30892
[20466],39872
[20467],30892
[20467],39872
[14030],30892
[14030],39872
[14028],30892
[14028],39872
[15003],30892
[15003],39872
[14042],30892
[14042],39872
[14320],30892
[14320],39872
[14019],30892
[14019],39872
[20468],30892
[20468],39872
[16714],30892
[16714],39872
[20469],30892
[20469],39872
[20470],30892
[20470],39872
[14023],30892
[14023],39872
[20471],30892
[20471],39872
[14269],32967
[14024],32967
[14030],32967
[14028],32967
[15003],32967
[14042],32967
[14320],32967
[14019],32967
[14023],32967
[14435],33575
[14435],29113
[15332],33575
[15332],29113
[14329],33575
[14329],29113
[15331],33575
[15331],29113
[14320],36436
[14320],36347
[14269],83795
[14024],83795
[14030],83795
[14028],83795
[15003],83795
[14042],83795
[14320],83795
[14019],83795
[14023],83795
[15107],35650
[15107],83796
[15107],35970
[15107],32531
[15107],36458
[15107],30447
[15107],35651
[14269],35650
[14269],83796
[14269],35970
[14269],32531
[14269],36458
[14269],30447
[14269],35651
[20473],35650
[20473],83796
[20473],35970
[20473],32531
[20473],36458
[20473],30447
[20473],35651
[14194],35650
[14194],83796
[14194],35970
[14194],32531
[14194],36458
[14194],30447
[14194],35651
[14955],35650
[14955],83796
[14955],35970
[14955],32531
[14955],36458
[14955],30447
[14955],35651
[14024],35650
[14024],83796
[14024],35970
[14024],32531
[14024],36458
[14024],30447
[14024],35651
[14868],35650
[14868],83796
[14868],35970
[14868],32531
[14868],36458
[14868],30447
[14868],35651
[14849],35650
[14849],83796
[14849],35970
[14849],32531
[14849],36458
[14849],30447
[14849],35651
[14030],35650
[14030],83796
[14030],35970
[14030],32531
[14030],36458
[14030],30447
[14030],35651
[14028],35650
[14028],83796
[14028],35970
[14028],32531
[14028],36458
[14028],30447
[14028],35651
[15003],35650
[15003],83796
[15003],35970
[15003],32531
[15003],36458
[15003],30447
[15003],35651
[14042],35650
[14042],83796
[14042],35970
[14042],32531
[14042],36458
[14042],30447
[14042],35651
[14320],35650
[14320],83796
[14320],35970
[14320],32531
[14320],36458
[14320],30447
[14320],35651
[14019],35650
[14019],83796
[14019],35970
[14019],32531
[14019],36458
[14019],30447
[14019],35651
[14275],35650
[14275],83796
[14275],35970
[14275],32531
[14275],36458
[14275],30447
[14275],35651
[16226],35650
[16226],83796
[16226],35970
[16226],32531
[16226],36458
[16226],30447
[16226],35651
[17524],35650
[17524],83796
[17524],35970
[17524],32531
[17524],36458
[17524],30447
[17524],35651
[14023],35650
[14023],83796
[14023],35970
[14023],32531
[14023],36458
[14023],30447
[14023],35651
[15893],35650
[15893],83796
[15893],35970
[15893],32531
[15893],36458
[15893],30447
[15893],35651
[14269],33576
[14024],33576
[14030],33576
[14028],33576
[15003],33576
[14042],33576
[14320],33576
[14019],33576
[14023],33576
[14269],39546
[14269],32563
[14024],39546
[14024],32563
[14030],39546
[14030],32563
[14028],39546
[14028],32563
[15003],39546
[15003],32563
[14042],39546
[14042],32563
[14320],39546
[14320],32563
[14019],39546
[14019],32563
[14023],39546
[14023],32563
[15288],36298
[15288],83798
[19250],36298
[19250],83798
[15804],36298
[15804],83798
[16559],36298
[16559],83798
[15288],33653
[15429],33653
[15134],33653
[20474],33653
[15288],33294
[15288],36724
[15033],33294
[15033],36724
[14269],33294
[14269],36724
[14791],33294
[14791],36724
[14955],33294
[14955],36724
[14024],33294
[14024],36724
[14030],33294
[14030],36724
[15003],33294
[15003],36724
[14320],33294
[14320],36724
[14019],33294
[14019],36724
[14740],33294
[14740],36724
[14948],33294
[14948],36724
[14275],33294
[14275],36724
[16227],33294
[16227],36724
[15363],33294
[15363],36724
[14023],33294
[14023],36724
[15671],33294
[15671],36724
[15893],33294
[15893],36724
[14467],33294
[14467],36724
[15288],32589
[14275],32589
[15288],83799
[15288],37743
[20475],83799
[20475],37743
[14382],83799
[14382],37743
[20476],83799
[20476],37743
[15043],83799
[15043],37743
[14375],83799
[14375],37743
[15028],83799
[15028],37743
[14662],83799
[14662],37743
[15072],83799
[15072],37743
[15277],83799
[15277],37743
[14184],83799
[14184],37743
[15392],83799
[15392],37743
[15655],83799
[15655],37743
[15042],83799
[15042],37743
[15725],83799
[15725],37743
[15864],83799
[15864],37743
[14443],83799
[14443],37743
[15811],83799
[15811],37743
[20253],83799
[20253],37743
[15040],83799
[15040],37743
[14714],83799
[14714],37743
[15235],83799
[15235],37743
[15038],83799
[15038],37743
[15288],83800
[20416],83800
[15889],83800
[15277],83800
[20477],83800
[14484],83800
[15817],83800
[20478],83800
[14218],83800
[14996],31395
[15433],31395
[15108],31395
[16303],31395
[15677],31395
[14331],31395
[14539],31395
[14971],31395
[14305],31395
[15557],31395
[14541],31395
[14188],33474
[14188],37797
[14188],83801
[15326],33474
[15326],37797
[15326],83801
[15299],33474
[15299],37797
[15299],83801
[14279],33474
[14279],37797
[14279],83801
[15322],33474
[15322],37797
[15322],83801
[14167],33474
[14167],37797
[14167],83801
[14949],33474
[14949],37797
[14949],83801
[14291],33474
[14291],37797
[14291],83801
[15318],36322
[20479],36322
[15326],36322
[20204],36322
[14201],36322
[20398],36322
[20248],36322
[20290],36322
[15300],36322
[15299],36322
[15322],36322
[15180],36322
[14167],36322
[20480],36322
[20250],36322
[14333],36322
[14230],36322
[20407],36322
[20289],36322
[14145],36322
[18773],36322
[14773],36322
[20410],36322
[20411],36322
[20207],36322
[14720],36322
[15504],36322
[20413],36322
[20206],36322
[20415],36322
[20235],36322
[15314],36322
[14291],36322
[20421],36322
[20481],36322
[20422],36322
[20482],36322
[14172],36322
[15305],36322
[20483],36322
[15456],36322
[15771],36322
[16867],36322
[14495],36322
[20237],36322
[20284],36322
[20484],36322
[15914],36322
[20328],36322
[15318],37830
[20485],37830
[14269],37830
[15326],37830
[20204],37830
[14201],37830
[20248],37830
[15322],37830
[15180],37830
[15399],37830
[15476],37830
[16036],37830
[14159],37830
[14230],37830
[17560],37830
[14784],37830
[15425],37830
[16281],37830
[14807],37830
[16352],37830
[14030],37830
[15003],37830
[16532],37830
[14019],37830
[20206],37830
[17561],37830
[14336],37830
[14848],37830
[20422],37830
[15456],37830
[16867],37830
[14023],37830
[15914],37830
[15653],83802
[14352],83802
[14574],83802
[14283],83802
[15838],83802
[14911],83802
[19245],83802
[20486],83802
[16687],33618
[15762],33618
[14836],33618
[14835],33618
[14255],33618
[14846],33618
[15076],33618
[15200],33618
[16690],33618
[14308],33618
[15451],33618
[14317],33618
[16550],33618
[14258],33618
[14316],33618
[15150],33618
[14196],33618
[14212],33618
[14142],33618
[14163],33618
[15102],33618
[14162],33618
[15840],33618
[14302],33618
[14605],33618
[15836],33618
[14368],33618
[14282],33618
[15769],33618
[16210],33618
[14369],33618
[15418],33618
[14215],33618
[17624],33618
[16689],33618
[19350],29854
[19350],28441
[19351],29854
[19351],28441
[18576],29854
[18576],28441
[16443],29854
[16443],28441
[16687],83803
[15762],83803
[14836],83803
[14835],83803
[14255],83803
[14846],83803
[16690],83803
[14308],83803
[15451],83803
[14317],83803
[14212],83803
[14142],83803
[14163],83803
[14162],83803
[14605],83803
[15836],83803
[14282],83803
[15769],83803
[16210],83803
[14215],83803
[16689],83803
[16687],36286
[15762],36286
[14836],36286
[14835],36286
[14255],36286
[14846],36286
[16690],36286
[14317],36286
[14605],36286
[15836],36286
[14282],36286
[15769],36286
[16210],36286
[14215],36286
[16689],36286
[20148],33605
[14881],33605
[17338],33605
[14641],33605
[14807],33605
[16352],33605
[17339],33605
[15417],33605
[20151],33605
[14562],29387
[14562],83804
[20401],83805
[20401],36266
[20488],83790
[14338],83790
[14352],83790
[14158],83790
[15465],83790
[14227],83790
[15838],83790
[14197],83790
[14238],83790
[14278],83790
[14390],83790
[20489],83790
[14196],28052
[14816],33656
[14816],38682
[14816],35583
[14257],33656
[14257],38682
[14257],35583
[14217],33656
[14217],38682
[14217],35583
[14668],33656
[14668],38682
[14668],35583
[14691],33656
[14691],38682
[14691],35583
[17730],33656
[17730],38682
[17730],35583
[14910],39696
[20490],39696
[15600],39696
[15326],39696
[20402],39696
[15452],39696
[15322],39696
[14828],39696
[14772],39696
[15494],39696
[20407],39696
[18590],39696
[16217],39696
[14267],39696
[20340],39696
[20412],39696
[20491],39696
[15289],39696
[14286],39696
[14285],39696
[20428],39696
[20492],39696
[14309],39696
[14144],30035
[14972],30035
[18756],30035
[15879],30035
[15856],30035
[14910],83808
[14910],83809
[20402],83808
[20402],83809
[15452],83808
[15452],83809
[14828],83808
[14828],83809
[16217],83808
[16217],83809
[14267],83808
[14267],83809
[20340],83808
[20340],83809
[15179],33703
[20377],33703
[15696],33703
[14597],33703
[14943],33703
[14585],33703
[15180],33703
[14262],33703
[14221],33703
[14670],33703
[14230],33703
[14270],33703
[16837],33703
[15425],33703
[20494],33703
[14211],33703
[14235],33703
[14028],33703
[15003],33703
[14268],33703
[14733],33703
[14229],33703
[20495],33703
[20422],33703
[14545],33703
[20318],33703
[16347],33703
[15456],33703
[20496],33703
[16741],33703
[15809],33703
[14936],33703
[17345],33703
[16276],33703
[20257],33703
[15914],33703
[15179],83810
[15179],83811
[20293],83810
[20293],83811
[15885],83810
[15885],83811
[14880],83810
[14880],83811
[20497],83810
[20497],83811
[16825],83812
[14510],83812
[14774],83812
[20332],83812
[14768],83812
[20333],83812
[20334],83812
[15076],83812
[14635],83812
[14212],83812
[14142],83812
[14399],83812
[18695],83812
[14379],83812
[17226],83812
[14770],83812
[14969],83812
[16635],83812
[14530],28921
[14530],83813
[20432],28921
[20432],83813
[15747],28921
[15747],83813
[15134],28921
[15134],83813
[15179],39480
[15179],38462
[20397],39480
[20397],38462
[14424],39480
[14424],38462
[20306],39480
[20306],38462
[15521],39480
[15521],38462
[14059],33657
[14059],36252
[14060],33657
[14060],36252
[14060],84734
[20500],29946
[20293],33695
[20501],33695
[17407],33695
[14961],33695
[14135],33695
[14506],33695
[16264],33695
[14284],33695
[16268],33695
[14658],33695
[14298],33695
[14324],33695
[14297],33695
[14131],33695
[14528],36151
[14528],36280
[15763],33656
[15763],38682
[15763],35583
[17124],33656
[17124],38682
[17124],35583
[20396],33656
[20396],38682
[20396],35583
[14561],33656
[14561],38682
[14561],35583
[17739],33656
[17739],38682
[17739],35583
[20405],33656
[20405],38682
[20405],35583
[20146],33656
[20146],38682
[20146],35583
[14560],33656
[14560],38682
[14560],35583
[20503],33656
[20503],38682
[20503],35583
[20417],33656
[20417],38682
[20417],35583
[14559],33656
[14559],38682
[14559],35583
[20311],33656
[20311],38682
[20311],35583
[20419],33656
[20419],38682
[20419],35583
[20420],33656
[20420],38682
[20420],35583
[14704],33656
[14704],38682
[14704],35583
[20362],33656
[20362],38682
[20362],35583
[20376],33656
[20376],38682
[20376],35583
[20504],33656
[20504],38682
[20504],35583
[17987],33656
[17987],38682
[17987],35583
[19175],36194
[15107],36194
[14194],36194
[15601],36194
[14868],36194
[14275],36194
[14213],36194
[17062],37768
[17062],28017
[15167],37768
[15167],28017
[14783],37768
[14783],28017
[15431],37768
[15431],28017
[16357],37768
[16357],28017
[15781],37768
[15781],28017
[14993],37768
[14993],28017
[15244],37768
[15244],28017
[17149],37768
[17149],28017
[20505],37768
[20505],28017
[14238],37768
[14238],28017
[15448],37768
[15448],28017
[19287],37768
[19287],28017
[19286],37768
[19286],28017
[14600],37768
[14600],28017
[15320],37768
[15320],28017
[20176],37768
[20176],28017
[19288],37768
[19288],28017
[14900],37768
[14900],28017
[14902],37768
[14902],28017
[14596],37768
[14596],28017
[14897],37768
[14897],28017
[14908],37768
[14908],28017
[15687],37768
[15687],28017
[14901],37768
[14901],28017
[15458],37768
[15458],28017
[14899],37768
[14899],28017
[14154],37768
[14154],28017
[14483],36043
[14221],36043
[14235],36043
[14481],36043
[16376],36043
[20506],33658
[20506],37764
[20293],33658
[20293],37764
[14135],33658
[14135],37764
[15885],33658
[15885],37764
[14507],33658
[14507],37764
[14506],33658
[14506],37764
[14880],33658
[14880],37764
[20279],33658
[20279],37764
[16879],33658
[16879],37764
[14060],33658
[14060],37764
[14284],33658
[14284],37764
[16268],33658
[16268],37764
[15510],33658
[15510],37764
[16360],33658
[16360],37764
[15477],33658
[15477],37764
[20427],33658
[20427],37764
[20497],33658
[20497],37764
[14721],33593
[14721],28651
[17307],33593
[17307],28651
[17309],33593
[17309],28651
[15188],33593
[15188],28651
[14783],33593
[14783],28651
[15174],33593
[15174],28651
[20305],33593
[20305],28651
[14957],33593
[14957],28651
[14544],33593
[14544],28651
[15151],33593
[15151],28651
[15074],33593
[15074],28651
[17548],33593
[17548],28651
[16353],33593
[16353],28651
[20507],33593
[20507],28651
[15555],33593
[15555],28651
[15856],33593
[15856],28651
[20508],33593
[20508],28651
[15274],33593
[15274],28651
[14898],33593
[14898],28651
[17306],33593
[17306],28651
[15417],33593
[15417],28651
[15484],33593
[15484],28651
[15413],31477
[15413],36794
[15413],32617
[15413],83816
[15413],37466
[15413],36792
[15413],36527
[15413],37423
[15413],37967
[15413],39615
[15413],37150
[15413],37152
[15413],83817
[15413],83818
[15413],37082
[15413],39603
[15413],37047
[15413],83819
[15413],83820
[15413],83821
[15413],83822
[15036],31477
[15036],36794
[15036],32617
[15036],83816
[15036],37466
[15036],36792
[15036],36527
[15036],37423
[15036],37967
[15036],39615
[15036],37150
[15036],37152
[15036],83817
[15036],83818
[15036],37082
[15036],39603
[15036],37047
[15036],83819
[15036],83820
[15036],83821
[15036],83822
[20434],31477
[20434],36794
[20434],32617
[20434],83816
[20434],37466
[20434],36792
[20434],36527
[20434],37423
[20434],37967
[20434],39615
[20434],37150
[20434],37152
[20434],83817
[20434],83818
[20434],37082
[20434],39603
[20434],37047
[20434],83819
[20434],83820
[20434],83821
[20434],83822
[15435],31477
[15435],36794
[15435],32617
[15435],83816
[15435],37466
[15435],36792
[15435],36527
[15435],37423
[15435],37967
[15435],39615
[15435],37150
[15435],37152
[15435],83817
[15435],83818
[15435],37082
[15435],39603
[15435],37047
[15435],83819
[15435],83820
[15435],83821
[15435],83822
[16572],31477
[16572],36794
[16572],32617
[16572],83816
[16572],37466
[16572],36792
[16572],36527
[16572],37423
[16572],37967
[16572],39615
[16572],37150
[16572],37152
[16572],83817
[16572],83818
[16572],37082
[16572],39603
[16572],37047
[16572],83819
[16572],83820
[16572],83821
[16572],83822
[14868],31477
[14868],36794
[14868],32617
[14868],83816
[14868],37466
[14868],36792
[14868],36527
[14868],37423
[14868],37967
[14868],39615
[14868],37150
[14868],37152
[14868],83817
[14868],83818
[14868],37082
[14868],39603
[14868],37047
[14868],83819
[14868],83820
[14868],83821
[14868],83822
[14875],31477
[14875],36794
[14875],32617
[14875],83816
[14875],37466
[14875],36792
[14875],36527
[14875],37423
[14875],37967
[14875],39615
[14875],37150
[14875],37152
[14875],83817
[14875],83818
[14875],37082
[14875],39603
[14875],37047
[14875],83819
[14875],83820
[14875],83821
[14875],83822
[14737],31477
[14737],36794
[14737],32617
[14737],83816
[14737],37466
[14737],36792
[14737],36527
[14737],37423
[14737],37967
[14737],39615
[14737],37150
[14737],37152
[14737],83817
[14737],83818
[14737],37082
[14737],39603
[14737],37047
[14737],83819
[14737],83820
[14737],83821
[14737],83822
[14604],31477
[14604],36794
[14604],32617
[14604],83816
[14604],37466
[14604],36792
[14604],36527
[14604],37423
[14604],37967
[14604],39615
[14604],37150
[14604],37152
[14604],83817
[14604],83818
[14604],37082
[14604],39603
[14604],37047
[14604],83819
[14604],83820
[14604],83821
[14604],83822
[14792],31477
[14792],36794
[14792],32617
[14792],83816
[14792],37466
[14792],36792
[14792],36527
[14792],37423
[14792],37967
[14792],39615
[14792],37150
[14792],37152
[14792],83817
[14792],83818
[14792],37082
[14792],39603
[14792],37047
[14792],83819
[14792],83820
[14792],83821
[14792],83822
[15057],31477
[15057],36794
[15057],32617
[15057],83816
[15057],37466
[15057],36792
[15057],36527
[15057],37423
[15057],37967
[15057],39615
[15057],37150
[15057],37152
[15057],83817
[15057],83818
[15057],37082
[15057],39603
[15057],37047
[15057],83819
[15057],83820
[15057],83821
[15057],83822
[20509],31477
[20509],36794
[20509],32617
[20509],83816
[20509],37466
[20509],36792
[20509],36527
[20509],37423
[20509],37967
[20509],39615
[20509],37150
[20509],37152
[20509],83817
[20509],83818
[20509],37082
[20509],39603
[20509],37047
[20509],83819
[20509],83820
[20509],83821
[20509],83822
[14275],31477
[14275],36794
[14275],32617
[14275],83816
[14275],37466
[14275],36792
[14275],36527
[14275],37423
[14275],37967
[14275],39615
[14275],37150
[14275],37152
[14275],83817
[14275],83818
[14275],37082
[14275],39603
[14275],37047
[14275],83819
[14275],83820
[14275],83821
[14275],83822
[14186],31477
[14186],36794
[14186],32617
[14186],83816
[14186],37466
[14186],36792
[14186],36527
[14186],37423
[14186],37967
[14186],39615
[14186],37150
[14186],37152
[14186],83817
[14186],83818
[14186],37082
[14186],39603
[14186],37047
[14186],83819
[14186],83820
[14186],83821
[14186],83822
[14758],31477
[14758],36794
[14758],32617
[14758],83816
[14758],37466
[14758],36792
[14758],36527
[14758],37423
[14758],37967
[14758],39615
[14758],37150
[14758],37152
[14758],83817
[14758],83818
[14758],37082
[14758],39603
[14758],37047
[14758],83819
[14758],83820
[14758],83821
[14758],83822
[20212],31477
[20212],36794
[20212],32617
[20212],83816
[20212],37466
[20212],36792
[20212],36527
[20212],37423
[20212],37967
[20212],39615
[20212],37150
[20212],37152
[20212],83817
[20212],83818
[20212],37082
[20212],39603
[20212],37047
[20212],83819
[20212],83820
[20212],83821
[20212],83822
[15134],31477
[15134],36794
[15134],32617
[15134],83816
[15134],37466
[15134],36792
[15134],36527
[15134],37423
[15134],37967
[15134],39615
[15134],37150
[15134],37152
[15134],83817
[15134],83818
[15134],37082
[15134],39603
[15134],37047
[15134],83819
[15134],83820
[15134],83821
[15134],83822
[15481],31477
[15481],36794
[15481],32617
[15481],83816
[15481],37466
[15481],36792
[15481],36527
[15481],37423
[15481],37967
[15481],39615
[15481],37150
[15481],37152
[15481],83817
[15481],83818
[15481],37082
[15481],39603
[15481],37047
[15481],83819
[15481],83820
[15481],83821
[15481],83822
[14997],31477
[14997],36794
[14997],32617
[14997],83816
[14997],37466
[14997],36792
[14997],36527
[14997],37423
[14997],37967
[14997],39615
[14997],37150
[14997],37152
[14997],83817
[14997],83818
[14997],37082
[14997],39603
[14997],37047
[14997],83819
[14997],83820
[14997],83821
[14997],83822
[14793],31477
[14793],36794
[14793],32617
[14793],83816
[14793],37466
[14793],36792
[14793],36527
[14793],37423
[14793],37967
[14793],39615
[14793],37150
[14793],37152
[14793],83817
[14793],83818
[14793],37082
[14793],39603
[14793],37047
[14793],83819
[14793],83820
[14793],83821
[14793],83822
[14612],31477
[14612],36794
[14612],32617
[14612],83816
[14612],37466
[14612],36792
[14612],36527
[14612],37423
[14612],37967
[14612],39615
[14612],37150
[14612],37152
[14612],83817
[14612],83818
[14612],37082
[14612],39603
[14612],37047
[14612],83819
[14612],83820
[14612],83821
[14612],83822
[14277],31477
[14277],36794
[14277],32617
[14277],83816
[14277],37466
[14277],36792
[14277],36527
[14277],37423
[14277],37967
[14277],39615
[14277],37150
[14277],37152
[14277],83817
[14277],83818
[14277],37082
[14277],39603
[14277],37047
[14277],83819
[14277],83820
[14277],83821
[14277],83822
[14213],31477
[14213],36794
[14213],32617
[14213],83816
[14213],37466
[14213],36792
[14213],36527
[14213],37423
[14213],37967
[14213],39615
[14213],37150
[14213],37152
[14213],83817
[14213],83818
[14213],37082
[14213],39603
[14213],37047
[14213],83819
[14213],83820
[14213],83821
[14213],83822
[15492],35966
[15492],36688
[15492],35963
[14787],35966
[14787],36688
[14787],35963
[14483],30756
[14943],30756
[14203],30756
[14221],30756
[14670],30756
[15621],30756
[16588],30756
[14685],30756
[14270],30756
[14151],30756
[14211],30756
[14168],30756
[14235],30756
[14268],30756
[14733],30756
[15467],30756
[16347],30756
[20510],29220
[20510],37764
[15247],33680
[15247],29061
[14943],33680
[14943],29061
[16575],33680
[16575],29061
[15507],33680
[15507],29061
[14203],33680
[14203],29061
[15638],33680
[15638],29061
[14221],33680
[14221],29061
[16468],33680
[16468],29061
[14685],33680
[14685],29061
[16572],33680
[16572],29061
[14528],33680
[14528],29061
[16347],33680
[16347],29061
[16593],33680
[16593],29061
[14203],35738
[14203],30827
[14203],37038
[14203],35739
[15026],35738
[15026],30827
[15026],37038
[15026],35739
[15435],35738
[15435],30827
[15435],37038
[15435],35739
[14685],35738
[14685],30827
[14685],37038
[14685],35739
[14737],35738
[14737],30827
[14737],37038
[14737],35739
[14792],35738
[14792],30827
[14792],37038
[14792],35739
[14275],35738
[14275],30827
[14275],37038
[14275],35739
[14213],35738
[14213],30827
[14213],37038
[14213],35739
[15482],37573
[15679],37573
[15640],37573
[14987],33598
[14987],35909
[14987],30382
[14987],38040
[14944],33598
[14944],35909
[14944],30382
[14944],38040
[14836],33598
[14836],35909
[14836],30382
[14836],38040
[17407],33598
[17407],35909
[17407],30382
[17407],38040
[14961],33598
[14961],35909
[14961],30382
[14961],38040
[14135],33598
[14135],35909
[14135],30382
[14135],38040
[15610],33598
[15610],35909
[15610],30382
[15610],38040
[14298],33598
[14298],35909
[14298],30382
[14298],38040
[15836],33598
[15836],35909
[15836],30382
[15836],38040
[14297],33598
[14297],35909
[14297],30382
[14297],38040
[16825],33699
[14510],33699
[14774],33699
[20332],33699
[14768],33699
[20333],33699
[20334],33699
[14216],33699
[16635],33699
[14216],29075
[20511],36330
[16825],37180
[16825],83823
[16825],83824
[16825],35958
[14510],37180
[14510],83823
[14510],83824
[14510],35958
[14774],37180
[14774],83823
[14774],83824
[14774],35958
[20332],37180
[20332],83823
[20332],83824
[20332],35958
[14768],37180
[14768],83823
[14768],83824
[14768],35958
[20333],37180
[20333],83823
[20333],83824
[20333],35958
[20334],37180
[20334],83823
[20334],83824
[20334],35958
[16690],37180
[16690],83823
[16690],83824
[16690],35958
[14143],37180
[14143],83823
[14143],83824
[14143],35958
[14635],37180
[14635],83823
[14635],83824
[14635],35958
[14142],37180
[14142],83823
[14142],83824
[14142],35958
[15781],37180
[15781],83823
[15781],83824
[15781],35958
[14265],37180
[14265],83823
[14265],83824
[14265],35958
[14162],37180
[14162],83823
[14162],83824
[14162],35958
[16635],37180
[16635],83823
[16635],83824
[16635],35958
[14231],83825
[16517],83825
[15599],83825
[14736],83825
[14190],83825
[14758],83825
[14527],33632
[14527],33623
[14231],29173
[15413],29173
[15092],29173
[14955],29173
[14737],29173
[14608],29173
[14604],29173
[14792],29173
[14275],29173
[15481],29173
[14793],29173
[14993],36645
[14993],38312
[14993],27476
[14231],83826
[14231],36983
[20336],83826
[20336],36983
[14914],83826
[14914],36983
[14955],83826
[14955],36983
[17524],83826
[17524],36983
[17153],33594
[15089],33594
[14150],33594
[15125],33594
[14198],33594
[20312],33594
[14115],33594
[16282],33594
[16057],33594
[14231],33688
[14231],31116
[15413],33688
[15413],31116
[17042],33688
[17042],31116
[19603],33688
[19603],31116
[17718],33688
[17718],31116
[17335],33688
[17335],31116
[15027],33688
[15027],31116
[15107],33688
[15107],31116
[15092],33688
[15092],31116
[14413],33688
[14413],31116
[15046],33688
[15046],31116
[15271],33688
[15271],31116
[14737],33688
[14737],31116
[14608],33688
[14608],31116
[14715],33688
[14715],31116
[14604],33688
[14604],31116
[14792],33688
[14792],31116
[20509],33688
[20509],31116
[14155],33688
[14155],31116
[14187],33688
[14187],31116
[15054],33688
[15054],31116
[19604],33688
[19604],31116
[14802],33688
[14802],31116
[17720],33688
[17720],31116
[17030],33688
[17030],31116
[15683],33688
[15683],31116
[14793],33688
[14793],31116
[15613],33688
[15613],31116
[14231],39293
[20336],39293
[14914],39293
[14955],39293
[17524],39293
[14231],89218
[15413],89218
[20336],89218
[14955],89218
[20156],89218
[14737],89218
[14608],89218
[14715],89218
[14604],89218
[14275],89218
[15481],89218
[14793],89218
[14231],36881
[15413],36881
[14736],36881
[14190],36881
[15271],36881
[14275],36881
[14187],36881
[14758],36881
[15595],91614
[15595],83828
[14980],91614
[14980],83828
[14185],91614
[14185],83828
[20251],35546
[20485],35546
[20204],35546
[20248],35546
[15476],35546
[14773],35546
[20207],35546
[15504],35546
[20251],83829
[20485],83829
[18312],83829
[14995],83829
[20204],83829
[15299],83829
[14279],83829
[14167],83829
[14288],83829
[20289],83829
[20249],83829
[20409],83829
[15504],83829
[14291],83829
[14195],83829
[14199],83829
[15771],83829
[14936],83829
[20251],36117
[20485],36117
[18574],36117
[20208],36117
[18312],36117
[14188],36117
[15419],36117
[15326],36117
[14995],36117
[20204],36117
[20248],36117
[14318],36117
[20203],36117
[15322],36117
[14335],36117
[20250],36117
[15476],36117
[14333],36117
[14288],36117
[20249],36117
[20409],36117
[14773],36117
[20207],36117
[15504],36117
[20414],36117
[20235],36117
[14291],36117
[20481],36117
[15478],36117
[14545],36117
[14882],36117
[14195],36117
[15289],36117
[15508],36117
[14936],36117
[15522],36117
[14309],36117
[14813],28208
[14813],33575
[14166],28208
[14166],33575
[14603],28208
[14603],33575
[15770],28208
[15770],33575
[17950],28208
[17950],33575
[20513],28208
[20513],33575
[14475],28208
[14475],33575
[20514],28208
[20514],33575
[20515],28208
[20515],33575
[20516],28208
[20516],33575
[15847],28208
[15847],33575
[15198],28208
[15198],33575
[14551],28208
[14551],33575
[17833],28208
[17833],33575
[17949],28208
[17949],33575
[20517],28208
[20517],33575
[20518],28208
[20518],33575
[20519],28208
[20519],33575
[15753],28208
[15753],33575
[20278],28208
[20278],33575
[15598],28208
[15598],33575
[16588],28208
[16588],33575
[14304],28208
[14304],33575
[15373],28208
[15373],33575
[17832],28208
[17832],33575
[15501],28208
[15501],33575
[15201],28208
[15201],33575
[15013],28208
[15013],33575
[15801],28208
[15801],33575
[15784],28208
[15784],33575
[17951],28208
[17951],33575
[14293],28208
[14293],33575
[17903],28208
[17903],33575
[15796],28208
[15796],33575
[15785],28208
[15785],33575
[14303],28208
[14303],33575
[14385],28208
[14385],33575
[15283],28208
[15283],33575
[15878],28208
[15878],33575
[14259],28208
[14259],33575
[15282],28208
[15282],33575
[20520],28208
[20520],33575
[20521],28208
[20521],33575
[14455],28208
[14455],33575
[15778],28208
[15778],33575
[14306],28208
[14306],33575
[14799],28208
[14799],33575
[14222],28208
[14222],33575
[14280],28208
[14280],33575
[15239],83830
[15483],83830
[17436],83830
[20339],83830
[16847],83830
[16719],83830
[15079],83830
[15849],83830
[15105],83830
[15155],83830
[14198],83830
[15225],83830
[14792],83830
[15095],83830
[15156],83830
[18311],83830
[14677],83830
[17434],83830
[14978],83830
[15491],83830
[17435],83830
[17317],83830
[15779],83830
[20522],83830
[14144],29865
[14144],32456
[15416],29865
[15416],32456
[14192],29865
[14192],32456
[14141],29865
[14141],32456
[14993],29865
[14993],32456
[14956],29865
[14956],32456
[15475],29865
[15475],32456
[15090],29865
[15090],32456
[14294],29865
[14294],32456
[14656],29865
[14656],32456
[15311],29865
[15311],32456
[14378],29865
[14378],32456
[20523],36307
[20523],83833
[16070],83834
[14224],83834
[17238],83834
[15106],83834
[14520],33651
[14520],83835
[20335],33651
[20335],83835
[20524],33651
[20524],83835
[14585],33651
[14585],83835
[20525],33651
[20525],83835
[14262],33651
[14262],83835
[14021],33651
[14021],83835
[14281],33651
[14281],83835
[16837],33651
[16837],83835
[14028],33651
[14028],83835
[15003],33651
[15003],83835
[17628],33651
[17628],83835
[20318],33651
[20318],83835
[15180],35462
[15180],33651
[20454],35462
[20454],33651
[14520],36924
[14439],36924
[17652],36924
[15763],36924
[20335],36924
[14842],36924
[20436],36924
[14052],36924
[16544],36924
[14680],36924
[15088],36924
[14848],36924
[20193],36924
[14489],36924
[14940],36924
[20322],36924
[17377],36924
[17345],36924
[14638],36924
[14520],31850
[20377],33651
[20377],31850
[20335],31850
[15064],33651
[15064],31850
[14269],33651
[14269],31850
[14020],33651
[14020],31850
[20524],31850
[14585],31850
[20525],31850
[15486],33651
[15486],31850
[14262],31850
[14021],31850
[14281],31850
[15500],33651
[15500],31850
[16837],31850
[20437],33651
[20437],31850
[14941],33651
[14941],31850
[14030],33651
[14030],31850
[14028],31850
[15003],31850
[14320],33651
[14320],31850
[17776],33651
[17776],31850
[20526],33651
[20526],31850
[14019],33651
[14019],31850
[14033],33651
[14033],31850
[15583],33651
[15583],31850
[17628],31850
[14032],33651
[14032],31850
[14026],33651
[14026],31850
[14029],33651
[14029],31850
[20318],31850
[14023],33651
[14023],31850
[14028],36924
[15003],36924
[14042],36924
[14033],36924
[14032],36924
[20529],37815
[20529],32326
[20431],37815
[20431],32326
[20530],37815
[20530],32326
[20531],37815
[20531],32326
[20318],37815
[20318],32326
[19712],36080
[20330],36398
[20330],83836
[15466],36398
[15466],83836
[17173],36398
[17173],83836
[16217],36398
[16217],83836
[16792],36398
[16792],83836
[15095],36398
[15095],83836
[15156],36398
[15156],83836
[16795],36398
[16795],83836
[14269],38515
[14269],30602
[14269],27648
[14269],27878
[14269],32584
[14024],38515
[14024],32384
[14024],30602
[14024],27648
[14024],27878
[14024],32584
[14030],38515
[14030],30602
[14030],27648
[14030],27878
[14030],32584
[14028],38515
[14028],30602
[14028],27648
[14028],27878
[14028],32584
[15003],38515
[15003],30602
[15003],27648
[15003],27878
[15003],32584
[14320],38515
[14320],30602
[14320],27648
[14320],27878
[14320],32584
[14019],38515
[14019],30602
[14019],27648
[14019],27878
[14019],32584
[14023],38515
[14023],30602
[14023],27648
[14023],27878
[14023],32584
[15283],28552
[15283],30877
[15283],29113
[15282],28552
[15282],30877
[15282],29113
[14799],28552
[14799],30877
[14799],29113
[20532],28552
[20532],30877
[20532],29113
[20298],27478
[16350],27478
[20218],27478
[14854],31650
[14854],83837
[14854],39491
[14861],31650
[14861],83837
[14861],39491
[14024],31650
[14024],83837
[14024],39491
[14030],31650
[14030],83837
[14030],39491
[14320],31650
[14320],83837
[14320],39491
[20533],31650
[20533],83837
[20533],39491
[17170],31650
[17170],83837
[17170],39491
[14511],33459
[14511],83838
[14784],35833
[14784],83839
[16532],35833
[16532],83839
[15222],83840
[15222],83841
[15222],38957
[15222],27933
[15087],83840
[15087],83841
[15087],38957
[15087],27933
[15211],83840
[15211],83841
[15211],38957
[15211],27933
[15232],83840
[15232],83841
[15232],38957
[15232],27933
[15094],83840
[15094],83841
[15094],38957
[15094],27933
[20534],83840
[20534],83841
[20534],38957
[20534],27933
[15146],83840
[15146],83841
[15146],38957
[15146],27933
[15083],83840
[15083],83841
[15083],38957
[15083],27933
[14610],83840
[14610],83841
[14610],38957
[14610],27933
[15116],83840
[15116],83841
[15116],38957
[15082],83840
[15082],83841
[15082],38957
[19222],83840
[19222],83841
[19222],38957
[19222],27933
[14176],83840
[14176],83841
[14176],38957
[15035],83840
[15035],83841
[15035],38957
[15035],27933
[14544],83840
[14544],83841
[14544],38957
[15197],83840
[15197],83841
[15197],38957
[15197],27933
[14962],83840
[14962],83841
[14962],38957
[14962],27933
[15209],83840
[15209],83841
[15209],38957
[15209],27933
[15119],83840
[15119],83841
[15119],38957
[15119],27933
[15138],83840
[15138],83841
[15138],38957
[15138],27933
[15360],83840
[15360],83841
[15360],38957
[15360],27933
[14161],83840
[14161],83841
[14161],38957
[14161],27933
[15148],83840
[15148],83841
[15148],38957
[15148],27933
[14177],83840
[14177],83841
[14177],38957
[14177],27933
[15233],83840
[15233],83841
[15233],38957
[15233],27933
[20535],83842
[14176],38945
[14884],38945
[14173],38945
[14156],38945
[14543],38945
[14833],35664
[14707],35664
[15886],35664
[14052],35664
[14706],35664
[14561],35664
[14506],35664
[14678],35664
[14560],35664
[17124],38059
[17124],31033
[17124],32629
[14054],38059
[14054],31033
[14054],32629
[20351],37574
[20265],37574
[20208],37574
[14188],37574
[15419],37574
[15326],37574
[18687],37574
[14995],37574
[15299],37574
[14318],37574
[20203],37574
[14279],37574
[15322],37574
[15180],37574
[14335],37574
[14167],37574
[20404],37574
[14797],37574
[17376],37574
[20407],37574
[20289],37574
[15425],37574
[20249],37574
[14465],37574
[20412],37574
[20308],37574
[20414],37574
[20415],37574
[14291],37574
[14332],37574
[15353],37574
[15325],37574
[20360],37574
[15289],37574
[14936],37574
[14285],37574
[15697],37574
[14309],37574
[20351],37702
[20208],37702
[14188],37702
[15326],37702
[20398],37702
[15322],37702
[15180],37702
[20412],37702
[15305],37702
[20351],32649
[14318],32649
[20203],32649
[14167],32649
[20404],32649
[17376],32649
[14288],32649
[14949],32649
[15771],32649
[20351],32710
[20351],36339
[14188],32710
[14188],36339
[15326],32710
[15326],36339
[18687],32710
[18687],36339
[14995],32710
[14995],36339
[15322],32710
[15322],36339
[15180],32710
[15180],36339
[14167],32710
[14167],36339
[14797],32710
[14797],36339
[14288],32710
[14288],36339
[20536],32710
[20536],36339
[15425],32710
[15425],36339
[14949],32710
[14949],36339
[14545],32710
[14545],36339
[14185],32710
[14185],36339
[20537],32710
[20537],36339
[14286],32710
[14286],36339
[14936],32710
[14936],36339
[20351],36442
[20351],83843
[20351],27700
[20351],83844
[14201],36442
[14201],83843
[14201],27700
[14201],83844
[15180],36442
[15180],83843
[15180],27700
[15180],83844
[14167],36442
[14167],83843
[14167],27700
[14167],83844
[20404],36442
[20404],83843
[20404],27700
[20404],83844
[18313],36442
[18313],83843
[18313],27700
[18313],83844
[14311],36442
[14311],83843
[14311],27700
[14311],83844
[20406],36442
[20406],83843
[20406],27700
[20406],83844
[14230],36442
[14230],83843
[14230],27700
[14230],83844
[20407],36442
[20407],83843
[20407],27700
[20407],83844
[20289],36442
[20289],83843
[20289],27700
[20289],83844
[20410],36442
[20410],83843
[20410],27700
[20410],83844
[20411],36442
[20411],83843
[20411],27700
[20411],83844
[20412],36442
[20412],83843
[20412],27700
[20412],83844
[20413],36442
[20413],83843
[20413],27700
[20413],83844
[20206],36442
[20206],83843
[20206],27700
[20206],83844
[20415],36442
[20415],83843
[20415],27700
[20415],83844
[14291],36442
[14291],83843
[14291],27700
[14291],83844
[14332],36442
[14332],83843
[14332],27700
[14332],83844
[20422],36442
[20422],83843
[20422],27700
[20422],83844
[15456],36442
[15456],83843
[15456],27700
[15456],83844
[16867],36442
[16867],83843
[16867],27700
[16867],83844
[15914],36442
[15914],83843
[15914],27700
[15914],83844
[20351],33333
[18687],33333
[20203],33333
[14797],33333
[20351],36334
[20265],36334
[18687],36334
[20398],36334
[20203],36334
[15322],36334
[15180],36334
[14797],36334
[17376],36334
[14980],36334
[20414],36334
[20235],36334
[15289],36334
[20351],35878
[20351],83845
[14318],35878
[14318],83845
[20203],35878
[20203],83845
[15180],35878
[15180],83845
[14167],35878
[14167],83845
[17376],35878
[17376],83845
[20249],35878
[20249],83845
[20412],35878
[20412],83845
[20418],35878
[20418],83845
[20351],83846
[14318],83846
[14167],83846
[14288],83846
[20351],38087
[14318],38087
[14167],38087
[20250],38087
[20404],38087
[17376],38087
[14288],38087
[14949],38087
[20249],38087
[14185],38087
[20351],33334
[15299],33334
[14279],33334
[15771],33334
[15914],33334
[20351],37879
[20412],37879
[14201],36339
[14230],36339
[20409],36339
[20422],36339
[15456],36339
[16867],36339
[15914],36339
[14309],36339
[20351],35523
[14188],35523
[15326],35523
[18687],35523
[14995],35523
[15322],35523
[15180],35523
[14167],35523
[14797],35523
[14288],35523
[15425],35523
[14949],35523
[14545],35523
[14185],35523
[14286],35523
[14936],35523
[20351],83847
[18687],83847
[15180],83847
[14167],83847
[14797],83847
[15914],83847
[15399],35761
[15399],35669
[17437],37919
[17437],31122
[17437],35894
[17437],35895
[17437],36149
[17437],36860
[17437],35735
[16845],37919
[16845],31122
[16845],35894
[16845],35895
[16845],36149
[16845],36860
[16845],35735
[16844],37919
[16844],31122
[16844],35894
[16844],35895
[16844],36149
[16844],36860
[16844],35735
[15622],33707
[15622],37738
[15622],37009
[15622],36240
[15622],37166
[14401],33707
[14401],37738
[14401],37009
[14401],36240
[14401],37166
[15668],35966
[15668],30826
[15668],35963
[14408],35966
[14408],30826
[14408],35963
[20538],35966
[20538],30826
[20538],35963
[14793],35966
[14793],30826
[14793],35963
[20506],83848
[20539],83848
[20279],39126
[20427],39126
[15485],83849
[14790],83849
[14426],83849
[20540],83849
[15180],83849
[14998],83849
[15425],83849
[14206],83849
[14701],83849
[15145],83849
[14347],83849
[15485],37826
[15485],83850
[15485],37855
[14597],37826
[14597],83850
[14597],37855
[14279],37826
[14279],83850
[14279],37855
[15438],37826
[15438],83850
[15438],37855
[15808],37826
[15808],83850
[15808],37855
[14545],37826
[14545],83850
[14545],37855
[15485],83851
[15485],33128
[14426],83851
[14426],33128
[15213],83851
[15213],33128
[20540],83851
[20540],33128
[14998],83851
[14998],33128
[15873],83851
[15873],33128
[14206],83851
[14206],33128
[15145],83851
[15145],33128
[14951],83851
[14951],33128
[15771],83851
[15771],33128
[14347],83851
[14347],33128
[15485],32638
[14545],32638
[14951],32638
[15485],33210
[14790],33210
[14597],33210
[15299],33210
[14279],33210
[14682],33210
[14030],33210
[14545],33210
[14199],33210
[14696],33210
[16495],28520
[16495],37714
[16495],83852
[16495],83853
[16495],83854
[16495],83855
[16495],38274
[16495],83856
[16495],83857
[16495],83858
[16495],83859
[16495],83860
[16495],83861
[16495],39124
[16495],83862
[14791],28520
[14791],37714
[14791],83852
[14791],83853
[14791],83854
[14791],83855
[14791],38274
[14791],83856
[14791],83857
[14791],83858
[14791],83859
[14791],83860
[14791],83861
[14791],39124
[14791],83862
[14194],28520
[14194],37714
[14194],83852
[14194],83853
[14194],83854
[14194],83855
[14194],38274
[14194],83856
[14194],83857
[14194],83858
[14194],83859
[14194],83860
[14194],83861
[14194],39124
[14194],83862
[15149],28520
[15149],37714
[15149],83852
[15149],83853
[15149],83854
[15149],83855
[15149],38274
[15149],83856
[15149],83857
[15149],83858
[15149],83859
[15149],83860
[15149],83861
[15149],39124
[15149],83862
[15412],28520
[15412],37714
[15412],83852
[15412],83853
[15412],83854
[15412],83855
[15412],38274
[15412],83856
[15412],83857
[15412],83858
[15412],83859
[15412],83860
[15412],83861
[15412],39124
[15412],83862
[14764],28520
[14764],37714
[14764],83852
[14764],83853
[14764],83854
[14764],83855
[14764],38274
[14764],83856
[14764],83857
[14764],83858
[14764],83859
[14764],83860
[14764],83861
[14764],39124
[14764],83862
[14737],28520
[14737],37714
[14737],83852
[14737],83853
[14737],83854
[14737],83855
[14737],38274
[14737],83856
[14737],83857
[14737],83858
[14737],83859
[14737],83860
[14737],83861
[14737],39124
[14737],83862
[14604],28520
[14604],37714
[14604],83852
[14604],83853
[14604],83854
[14604],83855
[14604],38274
[14604],83856
[14604],83857
[14604],83858
[14604],83859
[14604],83860
[14604],83861
[14604],39124
[14604],83862
[15414],28520
[15414],37714
[15414],83852
[15414],83853
[15414],83854
[15414],83855
[15414],38274
[15414],83856
[15414],83857
[15414],83858
[15414],83859
[15414],83860
[15414],83861
[15414],39124
[15414],83862
[14713],28520
[14713],37714
[14713],83852
[14713],83853
[14713],83854
[14713],83855
[14713],38274
[14713],83856
[14713],83857
[14713],83858
[14713],83859
[14713],83860
[14713],83861
[14713],39124
[14713],83862
[14275],28520
[14275],37714
[14275],83852
[14275],83853
[14275],83854
[14275],83855
[14275],38274
[14275],83856
[14275],83857
[14275],83858
[14275],83859
[14275],83860
[14275],83861
[14275],39124
[14275],83862
[17545],28520
[17545],37714
[17545],83852
[17545],83853
[17545],83854
[17545],83855
[17545],38274
[17545],83856
[17545],83857
[17545],83858
[17545],83859
[17545],83860
[17545],83861
[17545],39124
[17545],83862
[14789],28520
[14789],37714
[14789],83852
[14789],83853
[14789],83854
[14789],83855
[14789],38274
[14789],83856
[14789],83857
[14789],83858
[14789],83859
[14789],83860
[14789],83861
[14789],39124
[14789],83862
[14628],28520
[14628],37714
[14628],83852
[14628],83853
[14628],83854
[14628],83855
[14628],38274
[14628],83856
[14628],83857
[14628],83858
[14628],83859
[14628],83860
[14628],83861
[14628],39124
[14628],83862
[14780],28520
[14780],37714
[14780],83852
[14780],83853
[14780],83854
[14780],83855
[14780],38274
[14780],83856
[14780],83857
[14780],83858
[14780],83859
[14780],83860
[14780],83861
[14780],39124
[14780],83862
[15739],28520
[15739],37714
[15739],83852
[15739],83853
[15739],83854
[15739],83855
[15739],38274
[15739],83856
[15739],83857
[15739],83858
[15739],83859
[15739],83860
[15739],83861
[15739],39124
[15739],83862
[15263],28520
[15263],37714
[15263],83852
[15263],83853
[15263],83854
[15263],83855
[15263],38274
[15263],83856
[15263],83857
[15263],83858
[15263],83859
[15263],83860
[15263],83861
[15263],39124
[15263],83862
[14463],28520
[14463],37714
[14463],83852
[14463],83853
[14463],83854
[14463],83855
[14463],38274
[14463],83856
[14463],83857
[14463],83858
[14463],83859
[14463],83860
[14463],83861
[14463],39124
[14463],83862
[15018],28520
[15018],37714
[15018],83852
[15018],83853
[15018],83854
[15018],83855
[15018],38274
[15018],83856
[15018],83857
[15018],83858
[15018],83859
[15018],83860
[15018],83861
[15018],39124
[15018],83862
[14663],28520
[14663],37714
[14663],83852
[14663],83853
[14663],83854
[14663],83855
[14663],38274
[14663],83856
[14663],83857
[14663],83858
[14663],83859
[14663],83860
[14663],83861
[14663],39124
[14663],83862
[14461],28520
[14461],37714
[14461],83852
[14461],83853
[14461],83854
[14461],83855
[14461],38274
[14461],83856
[14461],83857
[14461],83858
[14461],83859
[14461],83860
[14461],83861
[14461],39124
[14461],83862
[15413],35616
[15413],28920
[15413],37343
[15413],83863
[15413],83864
[15413],37179
[15107],35616
[15107],28920
[15107],37343
[15107],36527
[15107],83863
[15107],83864
[15107],37179
[14736],35616
[14736],28920
[14736],37343
[14736],36527
[14736],83863
[14736],83864
[14736],37179
[20156],35616
[20156],28920
[20156],37343
[20156],36527
[20156],83863
[20156],83864
[20156],37179
[14737],35616
[14737],28920
[14737],37343
[14737],83863
[14737],83864
[14737],37179
[14604],35616
[14604],28920
[14604],37343
[14604],83863
[14604],83864
[14604],37179
[14792],35616
[14792],28920
[14792],37343
[14792],83863
[14792],83864
[14792],37179
[20541],35616
[20541],28920
[20541],37343
[20541],36527
[20541],83863
[20541],83864
[20541],37179
[15413],36050
[15413],83865
[15107],36050
[15107],83865
[14194],36050
[14194],83865
[14190],36050
[14190],83865
[15271],36050
[15271],83865
[14737],36050
[14737],83865
[14608],36050
[14608],83865
[14715],36050
[14715],83865
[14792],36050
[14792],83865
[14275],36050
[14275],83865
[15134],36050
[15134],83865
[14793],36050
[14793],83865
[15893],36050
[15893],83865
[15413],31756
[15413],33642
[15413],35624
[15413],33464
[15413],83866
[15107],31756
[15107],33642
[15107],35624
[15107],33464
[15107],83866
[14194],31756
[14194],33642
[14194],35624
[14194],33464
[14194],83866
[17654],31756
[17654],33642
[17654],35624
[17654],33464
[17654],83866
[14868],31756
[14868],33642
[14868],35624
[14868],33464
[14868],83866
[14190],31756
[14190],33642
[14190],35624
[14190],33464
[14190],83866
[15271],31756
[15271],33642
[15271],35624
[15271],33464
[15271],83866
[14737],31756
[14737],33642
[14737],35624
[14737],33464
[14737],83866
[14792],31756
[14792],33642
[14792],35624
[14792],33464
[14792],83866
[16036],83867
[16281],83867
[18165],36540
[18165],36078
[18165],35612
[15205],36540
[15205],36078
[15205],35612
[17893],36540
[17893],36078
[17893],35612
[16230],30654
[16230],83868
[14411],30654
[14411],83868
[15033],30654
[15033],83868
[16229],30654
[16229],83868
[20473],30654
[20473],83868
[14955],83868
[19250],30654
[19250],83868
[14024],83868
[14849],30654
[14849],83868
[14740],30654
[14740],83868
[14275],83868
[16226],30654
[16226],83868
[15363],30654
[15363],83868
[15654],30654
[15654],83868
[15671],30654
[15671],83868
[17042],36004
[17042],29646
[17042],36634
[17042],83869
[17042],32621
[17042],36999
[17042],83870
[17042],37115
[15599],29646
[15599],36634
[15599],83869
[15599],32621
[15599],36999
[15599],83870
[15599],37115
[14945],29646
[14945],36634
[14945],83869
[14945],32621
[14945],36999
[14945],83870
[14945],37115
[19603],37311
[19603],35727
[14765],35727
[15602],35727
[20336],35727
[15391],35727
[17991],35727
[15315],35727
[19604],35727
[15243],35727
[15603],35727
[14663],35727
[20158],30494
[19641],30494
[19281],30494
[14269],30494
[14955],30494
[14024],30494
[14606],30494
[14030],30494
[14954],30494
[15003],30494
[14320],30494
[15206],30494
[14019],30494
[14604],30494
[14275],30494
[16753],30494
[15367],30494
[15077],30494
[17524],30494
[20212],30494
[20159],30494
[14023],30494
[14493],30494
[18102],30494
[15240],30494
[14113],29361
[14194],29361
[15149],29361
[14764],29361
[14229],29361
[14789],29361
[14780],29361
[14313],29361
[17422],37785
[15876],37785
[15985],37785
[15985],28158
[14262],37785
[15438],37785
[14772],37785
[15982],37785
[14764],37785
[14030],37785
[14028],37785
[15003],37785
[17601],37785
[17601],28158
[14273],37785
[17584],37785
[17585],37785
[15030],30039
[15970],30039
[20473],30039
[15429],30039
[14849],30039
[19886],30039
[14780],30039
[15134],30039
[15597],29118
[15597],36825
[15597],33590
[20542],29118
[20542],36825
[20542],33590
[14914],29118
[14914],36825
[14914],33590
[20473],29118
[20473],36825
[20473],33590
[14849],29118
[14849],36825
[14849],33590
[14764],29118
[14764],36825
[14764],33590
[15409],29118
[15409],36825
[15409],33590
[15134],29118
[15134],36825
[15134],33590
[15597],37570
[15597],37676
[15597],27610
[15597],83871
[15250],27610
[15250],83871
[15597],83872
[16825],83872
[14510],83872
[14774],83872
[20332],83872
[14768],83872
[20333],83872
[20334],83872
[15419],83872
[14269],83872
[14579],83872
[14206],83872
[14975],83872
[14128],83872
[15563],83872
[14662],83872
[14466],83872
[14326],83872
[15730],83872
[15761],83872
[14346],83872
[15267],83872
[18160],83872
[14184],83872
[14484],83872
[14254],83872
[15061],83872
[15666],83872
[14347],83872
[15034],83872
[15496],36266
[15496],83805
[20472],36266
[20472],83805
[14290],29229
[18311],29229
[15221],29229
[20522],29229
[14374],36034
[14374],93493
[14374],29175
[15121],36034
[15121],93493
[15121],29175
[14640],36034
[14640],93493
[14640],29175
[17538],36034
[17538],93493
[17538],29175
[14815],36034
[14815],93493
[14815],29175
[20436],83874
[20436],36785
[20436],32778
[14958],28374
[14958],33714
[14958],83878
[16340],28374
[16340],33714
[16340],83878
[14843],28374
[14843],33714
[14843],83878
[15316],28374
[15316],33714
[15316],83878
[20172],28374
[20172],33714
[20172],83878
[14785],28374
[14785],33714
[14785],83878
[20403],28374
[20403],33714
[20403],83878
[20218],28374
[20218],33714
[20218],83878
[14702],28374
[14702],33714
[14702],83878
[20146],28374
[20146],33714
[20146],83878
[18179],28374
[18179],33714
[18179],83878
[14729],28374
[14729],33714
[14729],83878
[14546],28374
[14546],33714
[14546],83878
[20214],28374
[20214],33714
[20214],83878
[20375],28374
[20375],33714
[20375],83878
[15839],28374
[15839],33714
[15839],83878
[20445],28374
[20445],33714
[20445],83878
[20424],28374
[20424],33714
[20424],83878
[15549],28374
[15549],33714
[15549],83878
[20376],28374
[20376],33714
[20376],83878
[15462],28374
[15462],33714
[15462],83878
[15144],28374
[15144],33714
[15144],83878
[14936],28374
[14936],33714
[14936],83878
[14786],28374
[14786],33714
[14786],83878
[15420],28374
[15420],33714
[15420],83878
[15254],33675
[15479],33675
[14707],83880
[16341],83880
[14706],83880
[14678],83880
[20446],83880
[16347],83880
[20447],83880
[20377],83882
[15064],83882
[14269],83882
[14020],83882
[14597],83882
[15486],83882
[14021],83882
[15500],83882
[20437],83882
[14941],83882
[14030],83882
[14028],83882
[15003],83882
[14320],83882
[17776],83882
[14019],83882
[14033],83882
[15583],83882
[14026],83882
[14029],83882
[14023],83882
[16219],35931
[16219],83883
[16219],39798
[15312],35931
[15312],83883
[15312],39798
[17319],35931
[17319],83883
[17319],39798
[16844],35931
[16844],83883
[16844],39798
[14399],35931
[14399],83883
[14399],39798
[20543],35931
[20543],83883
[20543],39798
[15767],33654
[15767],36584
[15767],37608
[15767],39245
[14754],33654
[14754],36584
[14754],37608
[14754],39245
[15180],33654
[15180],36584
[15180],37608
[15180],39245
[14050],33654
[14050],36584
[14050],37608
[14050],39245
[14851],33654
[14851],36584
[14851],37608
[14851],39245
[16063],33654
[16063],36584
[16063],37608
[16063],39245
[14030],33654
[14030],36584
[14030],37608
[14030],39245
[14028],33654
[14028],36584
[14028],37608
[14028],39245
[15003],33654
[15003],36584
[15003],37608
[15003],39245
[14320],33654
[14320],36584
[14320],37608
[14320],39245
[14031],33654
[14031],36584
[14031],37608
[14031],39245
[14017],33654
[14017],36584
[14017],37608
[14017],39245
[20418],33654
[20418],36584
[20418],37608
[20418],39245
[14016],33654
[14016],36584
[14016],37608
[14016],39245
[15582],33654
[15582],36584
[15582],37608
[15582],39245
[20318],33654
[20318],36584
[20318],37608
[20318],39245
[14023],33654
[14023],36584
[14023],37608
[14023],39245
[15755],83885
[14603],38244
[14603],28294
[14603],32772
[14152],38244
[14152],28294
[14152],32772
[16788],38244
[16788],28294
[16788],32772
[20265],83886
[14196],29175
[14196],36034
[14196],93493
[14142],29175
[14142],36034
[14142],93493
[14582],29175
[14582],36034
[14582],93493
[15153],29175
[15153],36034
[15153],93493
[14162],29175
[14162],36034
[14162],93493
[14269],36644
[14269],83756
[20436],36644
[20436],83756
[20436],31850
[14024],36644
[14024],83756
[14024],31850
[14030],36644
[14030],83756
[15003],36644
[15003],83756
[14320],36644
[14320],83756
[14019],36644
[14019],83756
[14023],36644
[14023],83756
[18410],33440
[15763],39609
[16490],39609
[15089],39609
[15579],39609
[15104],39609
[15767],33677
[14578],33677
[20544],33677
[16377],33677
[20290],33677
[20291],33677
[20169],33677
[16085],33677
[20357],33677
[14712],33677
[20146],33677
[20472],33677
[20417],33677
[20254],33677
[14589],33677
[20313],33677
[20314],33677
[17638],33677
[14384],33677
[20362],33677
[20376],33677
[20546],33677
[14366],33677
[20547],33677
[20447],33677
[14269],83888
[14018],83888
[14024],83888
[14030],83888
[15003],83888
[14320],83888
[14019],83888
[14023],83888
[15763],83889
[16350],83889
[14843],83889
[15316],83889
[20172],83889
[20403],83889
[20218],83889
[14702],83889
[18884],83889
[20146],83889
[14729],83889
[20503],83889
[20214],83889
[20375],83889
[17638],83889
[20424],83889
[14115],83889
[20362],83889
[20376],83889
[20189],83776
[20189],29614
[14179],83776
[14179],29614
[14943],83776
[14943],29614
[14203],83776
[14203],29614
[14221],83776
[14221],29614
[17729],83776
[17729],29614
[14685],83776
[14685],29614
[14270],83776
[14270],29614
[14624],83776
[14624],29614
[19663],83776
[19663],29614
[14235],83776
[14235],29614
[14993],83776
[14993],29614
[17215],83776
[17215],29614
[20548],83776
[20548],29614
[14268],83776
[14268],29614
[15881],83776
[15881],29614
[16321],83776
[16321],29614
[20549],83776
[20549],29614
[17730],83776
[17730],29614
[17124],27656
[15763],35535
[15763],83893
[14250],35535
[14250],83893
[14935],35535
[14935],83893
[20366],35535
[20366],83893
[14262],35535
[14262],83893
[17411],35535
[17411],83893
[14281],35535
[14281],83893
[15422],35535
[15422],83893
[15219],35535
[15219],83893
[14028],35535
[14028],83893
[15003],35535
[15003],83893
[14019],35535
[14019],83893
[17628],35535
[17628],83893
[14819],35535
[14819],83893
[20367],35535
[20367],83893
[15084],35535
[15084],83893
[14300],35535
[14300],83893
[15604],35535
[15604],83893
[20193],35535
[20193],83893
[20322],35535
[20322],83893
[20368],35535
[20368],83893
[15296],35535
[15296],83893
[20369],35535
[20369],83893
[17412],35535
[17412],83893
[14987],33603
[14987],35953
[17407],33603
[17407],35953
[14961],33603
[14961],35953
[14135],33603
[14135],35953
[14298],33603
[14298],35953
[14297],33603
[14297],35953
[14142],37769
[14142],27503
[14142],27703
[20148],83894
[14881],83894
[17338],83894
[20148],39609
[20157],39609
[15210],39609
[15122],39609
[20295],39609
[17252],39609
[14249],39609
[17378],39609
[17258],39609
[17243],39609
[17341],39609
[17229],39609
[17256],39609
[15783],39609
[17245],39609
[14950],39609
[17246],39609
[16306],39609
[20302],39609
[20218],39609
[14881],39609
[15098],39609
[14783],39609
[14591],39609
[16851],39609
[16063],39609
[14942],39609
[17230],39609
[20550],39609
[15460],39609
[16331],39609
[14745],39609
[14336],39609
[17235],39609
[20551],39609
[15086],39609
[16846],39609
[14898],39609
[17241],39609
[20321],39609
[14990],39609
[15877],39609
[15132],39609
[15171],39609
[20323],39609
[17242],39609
[20326],39609
[17237],39609
[20148],83897
[20157],83897
[20294],83897
[15210],83897
[15122],83897
[20295],83897
[17252],83897
[14249],83897
[17378],83897
[17258],83897
[16066],83897
[16490],83897
[17243],83897
[17341],83897
[17229],83897
[17256],83897
[15783],83897
[17245],83897
[14950],83897
[17246],83897
[16306],83897
[20302],83897
[15089],83897
[14193],83897
[20218],83897
[14159],83897
[14881],83897
[15098],83897
[14783],83897
[14591],83897
[16851],83897
[16063],83897
[14942],83897
[17233],83897
[17232],83897
[17230],83897
[15460],83897
[16331],83897
[14336],83897
[14238],83897
[17235],83897
[15086],83897
[16846],83897
[14898],83897
[17241],83897
[20321],83897
[14990],83897
[15877],83897
[15104],83897
[15132],83897
[15171],83897
[20323],83897
[17242],83897
[20326],83897
[17237],83897
[14987],83898
[14987],30034
[20293],83898
[20293],30034
[17407],83898
[17407],30034
[14961],83898
[14961],30034
[14135],83898
[14135],30034
[14506],83898
[14506],30034
[16264],83898
[16264],30034
[14284],83898
[14284],30034
[16268],83898
[16268],30034
[14298],83898
[14298],30034
[15477],83898
[15477],30034
[14402],83898
[14402],30034
[14947],83898
[14947],30034
[14297],83898
[14297],30034
[20552],29945
[20552],36000
[20552],31380
[20552],83899
[20552],37273
[14719],29945
[14719],36000
[14719],31380
[14719],83899
[14719],37273
[14190],29945
[14190],36000
[14190],31380
[14190],83899
[14190],37273
[14516],29945
[14516],36000
[14516],31380
[14516],83899
[14516],37273
[14758],29945
[14758],36000
[14758],31380
[14758],83899
[14758],37273
[14793],29945
[14793],36000
[14793],31380
[14793],83899
[14793],37273
[18195],29945
[18195],36000
[18195],31380
[18195],83899
[18195],37273
[14427],28714
[14400],28714
[16036],28714
[14632],28714
[16281],28714
[15045],28714
[14411],32531
[14411],35651
[14411],83796
[16753],32531
[16753],35651
[16753],83796
[15077],32531
[15077],35651
[15077],83796
[15748],32531
[15748],35651
[15748],83796
[15363],32531
[15363],35651
[15363],83796
[15012],32531
[15012],35651
[15012],83796
[14450],32531
[14450],35651
[14450],83796
[14411],32213
[14411],39883
[14411],83900
[15804],32213
[15804],39883
[15804],83900
[14740],32213
[14740],39883
[14740],83900
[14411],32520
[14269],83901
[14853],83901
[14030],83901
[15606],37786
[15606],36187
[14511],33454
[15493],33454
[15087],83903
[15094],83903
[14299],83903
[15116],83903
[15082],83903
[14176],83903
[15073],83903
[14156],83903
[15148],83903
[15087],83904
[15087],36105
[15211],83904
[15211],36105
[14299],83904
[14299],36105
[15116],83904
[15116],36105
[15073],83904
[15073],36105
[20422],83905
[20422],28456
[15558],83905
[15558],28456
[16867],83905
[16867],28456
[20553],35909
[16337],35909
[20487],35909
[20554],35909
[15712],35909
[15087],39261
[15211],39261
[14192],39261
[14182],39261
[15117],39261
[14189],39261
[14709],39261
[14141],39261
[14150],39261
[14173],39261
[14156],39261
[14543],39261
[14993],39261
[14643],39261
[14956],39261
[15078],39261
[15856],39261
[14940],39261
[15311],39261
[14542],39261
[14180],27933
[14164],27933
[17558],27933
[15877],33091
[15416],27933
[20129],27933
[14245],27933
[14294],27933
[14330],83906
[15416],83906
[15430],83906
[15297],83906
[14963],83906
[17066],83906
[14141],83906
[14993],83906
[14245],83906
[15834],31072
[15834],38066
[15430],31072
[15430],38066
[20339],31072
[20339],38066
[15466],31072
[15466],38066
[14295],83791
[14607],83791
[14299],28899
[15116],28899
[15082],28899
[14176],28899
[15073],28899
[14325],28899
[15148],28899
[14295],37888
[14607],37888
[14263],35897
[14020],35897
[14272],35897
[15160],35897
[14159],35897
[17560],35897
[14784],35897
[14807],35897
[16352],35897
[15614],35897
[15956],35897
[17568],35897
[16532],35897
[17561],35897
[14848],35897
[15166],35897
[20294],36091
[20294],83912
[20294],83913
[15210],36091
[15210],83912
[15210],83913
[15122],36091
[15122],83912
[15122],83913
[20295],36091
[20295],83912
[20295],83913
[17252],36091
[17252],83912
[17252],83913
[14249],36091
[14249],83912
[14249],83913
[17258],36091
[17258],83912
[17258],83913
[17239],36091
[17239],83912
[17239],83913
[16066],36091
[16066],83912
[16066],83913
[16490],36091
[16490],83912
[16490],83913
[17243],36091
[17243],83912
[17243],83913
[17229],36091
[17229],83912
[17229],83913
[14266],36091
[14266],83912
[14266],83913
[14754],36091
[14754],83912
[14754],83913
[17256],36091
[17256],83912
[17256],83913
[15783],36091
[15783],83912
[15783],83913
[17245],36091
[17245],83912
[17245],83913
[15118],36091
[15118],83912
[15118],83913
[14950],36091
[14950],83912
[14950],83913
[17240],36091
[17240],83912
[17240],83913
[19551],36091
[19551],83912
[19551],83913
[15774],36091
[15774],83912
[15774],83913
[15180],36091
[15180],83912
[15180],83913
[20458],36091
[20458],83912
[20458],83913
[16323],36091
[16323],83912
[16323],83913
[14960],36091
[14960],83912
[14960],83913
[14193],36091
[14193],83912
[14193],83913
[14295],36091
[14295],83912
[14295],83913
[14881],36091
[14881],83912
[14881],83913
[14983],36091
[14983],83912
[14983],83913
[14607],36091
[14607],83912
[14607],83913
[15098],36091
[15098],83912
[15098],83913
[20555],36091
[20555],83912
[20555],83913
[14942],36091
[14942],83912
[14942],83913
[14030],36091
[14030],83912
[14030],83913
[14028],36091
[14028],83912
[14028],83913
[15003],36091
[15003],83912
[15003],83913
[14320],36091
[14320],83912
[14320],83913
[17233],36091
[17233],83912
[17233],83913
[17232],36091
[17232],83912
[17232],83913
[17230],36091
[17230],83912
[17230],83913
[14017],36091
[14017],83912
[14017],83913
[15460],36091
[15460],83912
[15460],83913
[17236],36091
[17236],83912
[17236],83913
[20418],36091
[20418],83912
[20418],83913
[14336],36091
[14336],83912
[14336],83913
[14016],36091
[14016],83912
[14016],83913
[15260],36091
[15260],83912
[15260],83913
[15582],36091
[15582],83912
[15582],83913
[17235],36091
[17235],83912
[17235],83913
[18755],36091
[18755],83912
[18755],83913
[15086],36091
[15086],83912
[15086],83913
[14898],36091
[14898],83912
[14898],83913
[17251],36091
[17251],83912
[17251],83913
[17241],36091
[17241],83912
[17241],83913
[14990],36091
[14990],83912
[14990],83913
[17231],36091
[17231],83912
[17231],83913
[15877],36091
[15877],83912
[15877],83913
[17247],36091
[17247],83912
[17247],83913
[14232],36091
[14232],83912
[14232],83913
[20326],36091
[20326],83912
[20326],83913
[20465],36091
[20465],83912
[20465],83913
[17237],36091
[17237],83912
[17237],83913
[20157],37811
[14249],37811
[17378],37811
[17246],37811
[16306],37811
[15089],37811
[20218],37811
[14881],37811
[14591],37811
[14018],37811
[16063],37811
[16331],37811
[14336],37811
[14898],37811
[20321],37811
[15104],37811
[15132],37811
[15171],37811
[15180],33306
[14167],33306
[20412],33306
[20157],35547
[15210],35547
[14249],35547
[17378],35547
[17258],35547
[16490],35547
[17229],35547
[17256],35547
[15783],35547
[14950],35547
[17246],35547
[16306],35547
[15868],83897
[15868],35547
[20302],35547
[15089],35547
[14262],83897
[14262],35547
[20218],35547
[14881],35547
[14783],35547
[14591],35547
[16063],35547
[14942],35547
[15781],83897
[15781],35547
[17233],35547
[17232],35547
[17230],35547
[14157],83897
[14157],35547
[15460],35547
[16331],35547
[14336],35547
[14898],35547
[20321],35547
[14990],35547
[15104],35547
[15132],35547
[15171],35547
[20323],35547
[17242],35547
[20326],35547
[14154],83897
[14154],35547
[17237],35547
[15416],83914
[14246],83914
[20129],83914
[14245],83914
[15154],36492
[15154],35790
[14595],32856
[14595],39535
[14595],27581
[15902],32856
[15902],39535
[15902],27581
[15903],32856
[15903],39535
[15903],27581
[20157],39365
[14249],39365
[16490],39365
[16350],39365
[15089],39365
[20304],39365
[14881],39365
[14783],39365
[17831],39365
[14419],39365
[15781],39365
[14336],39365
[14238],39365
[14340],39365
[14287],39365
[15104],39365
[14154],39365
[16182],28714
[20339],28714
[14499],28714
[20556],28714
[20557],27502
[20557],29220
[20557],30373
[20557],30905
[20557],27755
[15049],28977
[15049],38592
[15049],39600
[20485],35831
[20485],83897
[18312],35831
[18312],83897
[20204],35831
[20204],83897
[20248],35831
[20248],83897
[14288],35831
[14288],83897
[14773],35831
[14773],83897
[15504],35831
[15504],83897
[20485],37549
[20485],37787
[18574],37549
[18574],37787
[20265],37549
[20265],37787
[20208],37549
[20208],37787
[18312],37549
[18312],37787
[14188],37549
[14188],37787
[15419],37549
[15419],37787
[15326],37549
[15326],37787
[14995],37549
[14995],37787
[20203],37549
[20203],37787
[15322],37549
[15322],37787
[15180],37549
[15180],37787
[14335],37549
[14335],37787
[14167],37549
[14167],37787
[20250],37549
[20250],37787
[20404],37549
[20404],37787
[18313],37549
[18313],37787
[15476],37549
[15476],37787
[14333],37549
[14333],37787
[14311],37549
[14311],37787
[14288],37549
[14288],37787
[20289],37549
[20289],37787
[20249],37549
[20249],37787
[20409],37549
[20409],37787
[14773],37549
[14773],37787
[20207],37549
[20207],37787
[15504],37549
[15504],37787
[20414],37549
[20414],37787
[20415],37549
[20415],37787
[20235],37549
[20235],37787
[20418],37549
[20418],37787
[15442],37549
[15442],37787
[14291],37549
[14291],37787
[20481],37549
[20481],37787
[20422],37549
[20422],37787
[14545],37549
[14545],37787
[14882],37549
[14882],37787
[14195],37549
[14195],37787
[15289],37549
[15289],37787
[14205],37549
[14205],37787
[14185],37549
[14185],37787
[16867],37549
[16867],37787
[14936],37549
[14936],37787
[14285],37549
[14285],37787
[14309],37549
[14309],37787
[15542],83918
[15542],39701
[20303],83918
[20303],39701
[15116],83918
[15116],39701
[14176],83918
[14176],39701
[14156],83918
[14156],39701
[14260],83918
[14260],39701
[15078],83918
[15078],39701
[17558],83918
[17558],39701
[14177],83918
[14177],39701
[16842],83918
[16842],39701
[14154],83918
[14154],39701
[16419],83919
[16419],33666
[14253],83919
[14253],33666
[14028],83919
[14028],33666
[15003],83919
[15003],33666
[14023],83919
[14023],33666
[16087],37892
[14250],37892
[20558],37892
[14281],37892
[17628],37892
[14819],37892
[15084],37892
[14300],37892
[20238],37892
[15456],37892
[20322],37892
[14023],37892
[14030],36140
[14030],32702
[14028],36140
[14028],32702
[15003],36140
[15003],32702
[14042],36140
[14042],32702
[14320],36140
[14320],32702
[18036],36140
[18036],32702
[14754],37609
[14030],37609
[14028],37609
[15003],37609
[14320],37609
[14017],37609
[14016],37609
[15582],37609
[14159],36855
[14784],36855
[15956],36855
[15254],36855
[14336],36855
[15479],36855
[14578],31790
[14578],83920
[14578],83921
[14711],31790
[14711],83920
[14711],83921
[15822],31790
[15822],83920
[15822],83921
[14754],37607
[15180],37607
[14320],37607
[20418],37607
[14798],37628
[14798],31501
[15767],36893
[15767],83922
[14578],36893
[14578],83922
[20544],36893
[20544],83922
[20294],29244
[15210],29244
[15122],29244
[20295],29244
[17252],29244
[16066],29244
[16490],29244
[17243],29244
[17245],29244
[14193],29244
[15098],29244
[17233],29244
[17232],29244
[17230],29244
[15460],29244
[15260],29244
[17235],29244
[15086],29244
[17241],29244
[14990],29244
[17231],29244
[15877],29244
[20294],33683
[20294],39540
[15210],33683
[15210],39540
[15122],33683
[15122],39540
[20295],33683
[20295],39540
[17252],33683
[17252],39540
[17239],33683
[17239],39540
[16066],33683
[16066],39540
[16490],33683
[16490],39540
[17243],33683
[17229],33683
[17229],39540
[14266],33683
[14266],39540
[17245],33683
[17245],39540
[14950],33683
[14950],39540
[14960],33683
[14960],39540
[14193],33683
[14193],39540
[14295],33683
[14295],39540
[15098],33683
[14729],33683
[14729],39540
[14942],33683
[14942],39540
[20559],33683
[20559],39540
[17233],33683
[17233],39540
[17232],33683
[17232],39540
[17230],33683
[17230],39540
[15460],33683
[15460],39540
[15260],33683
[15260],39540
[17259],33683
[17259],39540
[17235],33683
[15241],33683
[15241],39540
[15086],33683
[15086],39540
[17241],33683
[17241],39540
[14990],33683
[14990],39540
[17231],33683
[17231],39540
[14381],33683
[14381],39540
[15877],33683
[15877],39540
[17829],83925
[20303],83925
[14509],83925
[14236],83925
[15167],83925
[14783],83925
[17831],83925
[15431],83925
[16357],83925
[14993],83925
[14197],83925
[14062],83925
[14278],83925
[15458],83925
[14154],83925
[18574],83926
[20208],83926
[14188],83926
[15419],83926
[15326],83926
[18687],83926
[14995],83926
[20248],83926
[14318],83926
[20203],83926
[15322],83926
[14335],83926
[14167],83926
[20250],83926
[14797],83926
[17376],83926
[15476],83926
[14333],83926
[14288],83926
[20289],83926
[14145],83926
[20249],83926
[20409],83926
[14773],83926
[15646],83926
[15504],83926
[20414],83926
[20235],83926
[15059],83926
[14291],83926
[14332],83926
[20344],83926
[20481],83926
[15478],83926
[14545],83926
[15325],83926
[14882],83926
[14195],83926
[20360],83926
[14172],83926
[15289],83926
[15305],83926
[20483],83926
[15293],83926
[14936],83926
[14285],83926
[15327],83926
[15697],83926
[14309],83926
[15053],35871
[20263],35871
[14188],36450
[14188],33594
[14188],39824
[14188],36249
[15326],36450
[15326],33594
[15326],39824
[15326],36249
[15322],36450
[15322],33594
[15322],39824
[15322],36249
[14167],36450
[14167],33594
[14167],39824
[14167],36249
[14188],32999
[15326],32999
[15299],32999
[14279],32999
[15322],32999
[14167],32999
[14199],32999
[18416],38481
[18417],38481
[17398],38481
[18416],32692
[18416],32325
[18416],31768
[18416],38736
[18416],32202
[18416],30773
[14338],32202
[14338],30773
[18416],30937
[14261],36249
[15232],28313
[20560],28313
[20300],28313
[15194],28313
[16317],28313
[15110],28313
[14380],28313
[15098],28313
[15127],28313
[15100],28313
[15131],28313
[15177],28313
[14952],28313
[14178],28313
[15590],28313
[14351],28313
[14633],28313
[14829],28313
[16011],28313
[15538],28313
[14839],28313
[20561],28313
[15223],28313
[14140],28313
[15001],28313
[15006],28313
[14420],28313
[14161],28313
[14323],28313
[14485],28313
[14913],28313
[16014],28313
[14999],28313
[15196],28313
[14223],28313
[14377],36743
[14377],83928
[14141],83928
[14505],36743
[14505],83928
[15029],36743
[15029],83928
[15551],36743
[15551],83928
[14956],83928
[14234],83928
[15620],36743
[15620],83928
[15311],83928
[14250],83929
[14935],83929
[14992],83929
[17628],83929
[14300],83929
[20562],83929
[20563],83929
[15296],83929
[14250],83930
[20335],83930
[14935],83930
[20525],83930
[20558],83930
[17411],83930
[14281],83930
[15422],83930
[15219],83930
[16837],83930
[17628],83930
[14819],83930
[20367],83930
[15084],83930
[14300],83930
[20322],83930
[17412],83930
[14250],83931
[14935],83931
[20366],83931
[17411],83931
[14281],83931
[15422],83931
[15219],83931
[14028],83931
[15003],83931
[14019],83931
[17628],83931
[14819],83931
[20367],83931
[15084],83931
[14300],83931
[15604],83931
[20193],83931
[20322],83931
[20368],83931
[15296],83931
[17412],83931
[14250],32764
[14992],32764
[14281],32764
[17999],32764
[15502],32764
[14686],38512
[14686],36414
[14686],29505
[14686],30823
[14686],38126
[14686],38938
[14686],39466
[14686],39438
[14686],39176
[14686],39467
[14686],32388
[14686],32368
[14686],38997
[14686],37589
[14686],83932
[14194],31481
[14719],31481
[14608],31481
[14715],31481
[14604],31481
[14275],31481
[15660],83933
[17229],83933
[14266],83933
[14950],83933
[14960],83933
[14942],83933
[14543],83933
[15971],83933
[14381],83933
[17237],83933
[15890],33699
[20564],33699
[14801],33699
[16667],33699
[14341],33699
[16589],33699
[20565],27304
[15674],83934
[14127],83935
[14127],32272
[14924],83935
[14924],32272
[20566],35916
[20566],83938
[20352],35916
[20352],83938
[20353],35916
[20353],83938
[20296],35916
[20296],83938
[14934],35916
[14934],83938
[20567],35916
[20567],83938
[20254],35916
[20254],83938
[14589],35916
[14589],83938
[20313],35916
[20313],83938
[20314],35916
[20314],83938
[14848],35916
[14848],83938
[14129],35916
[14129],83938
[15798],35916
[15798],83938
[20566],28764
[20352],28764
[20353],28764
[20296],28764
[14934],28764
[20567],28764
[20254],28764
[14589],28764
[20313],28764
[20314],28764
[14848],28764
[16443],30094
[16690],36325
[16690],83940
[16511],36325
[16511],83940
[16825],35849
[16825],39484
[16825],32296
[14510],35849
[14510],39484
[14510],32296
[14774],35849
[14774],39484
[14774],32296
[20332],35849
[20332],39484
[20332],32296
[14768],35849
[14768],39484
[14768],32296
[20333],35849
[20333],39484
[20333],32296
[20334],35849
[20334],39484
[20334],32296
[18687],33670
[18687],83939
[15299],33670
[15299],83939
[14279],33670
[14279],83939
[14167],33670
[14167],83939
[18313],33670
[18313],83939
[14797],33670
[14797],83939
[14311],33670
[14311],83939
[14288],33670
[14288],83939
[20406],33670
[20406],83939
[20409],33670
[20409],83939
[14980],33670
[14980],83939
[14332],33670
[14332],83939
[20481],33670
[20481],83939
[14185],33670
[14185],83939
[20568],30741
[17060],30741
[14269],33358
[14269],28005
[15782],33358
[15782],28005
[14024],33358
[14024],28005
[14030],33358
[14030],28005
[15003],33358
[15003],28005
[14320],33358
[14320],28005
[14019],33358
[14019],28005
[17886],33358
[17886],28005
[14023],33358
[14023],28005
[16023],29528
[16023],83946
[16023],83947
[18314],29528
[18314],83946
[18314],83947
[20423],29528
[20423],83946
[20423],83947
[14844],37760
[14844],37759
[14844],32524
[14844],33206
[14844],39506
[18798],33206
[18798],39506
[18799],33206
[18799],39506
[19177],33206
[19177],39506
[14844],83948
[14844],37835
[14844],37870
[15450],37870
[20569],37870
[16219],38437
[16331],38437
[14971],38437
[15446],38437
[14634],38437
[20022],36119
[20022],83950
[14790],83951
[14790],33128
[14206],83951
[14347],83951
[14561],83952
[14561],39444
[14561],33626
[14560],83952
[14560],39444
[14560],33626
[14559],83952
[14559],39444
[14559],33626
[14704],83952
[14704],39444
[14704],33626
[14307],38409
[14307],31137
[17729],38409
[17729],31137
[17215],38409
[17215],31137
[17727],38409
[17727],31137
[17428],38409
[17428],31137
[17728],38409
[17728],31137
[14667],38409
[14667],31137
[15914],35985
[15794],29273
[15794],33609
[15794],36209
[14242],29273
[14242],33609
[14242],36209
[14262],29273
[14262],33609
[14262],36209
[15987],29273
[15987],33609
[15987],36209
[14509],29273
[14509],33609
[14509],36209
[19198],29273
[19198],33609
[19198],36209
[20450],29273
[20450],33609
[20450],36209
[17831],29273
[17831],33609
[17831],36209
[15986],29273
[15986],33609
[15986],36209
[14158],29273
[14158],33609
[14158],36209
[14419],29273
[14419],33609
[14419],36209
[14219],29273
[14219],33609
[14219],36209
[15412],29273
[15412],33609
[15412],36209
[15781],29273
[15781],33609
[15781],36209
[14175],29273
[14175],33609
[14175],36209
[14227],29273
[14227],33609
[14227],36209
[20571],29273
[20571],33609
[20571],36209
[14204],29273
[14204],33609
[14204],36209
[14191],29273
[14191],33609
[14191],36209
[20572],29273
[20572],33609
[20572],36209
[15989],29273
[15989],33609
[15989],36209
[14515],29273
[14515],33609
[14515],36209
[20573],29273
[20573],33609
[20573],36209
[14197],29273
[14197],33609
[14197],36209
[15078],29273
[15078],33609
[15078],36209
[14183],29273
[14183],33609
[14183],36209
[14062],29273
[14062],33609
[14062],36209
[14238],29273
[14238],33609
[14238],36209
[15329],29273
[15329],33609
[15329],36209
[14278],29273
[14278],33609
[14278],36209
[15984],29273
[15984],33609
[15984],36209
[14340],29273
[14340],33609
[14340],36209
[15447],29273
[15447],33609
[15447],36209
[15101],29273
[15101],33609
[15101],36209
[14600],29273
[14600],33609
[14600],36209
[14287],29273
[14287],33609
[14287],36209
[14061],29273
[14061],33609
[14061],36209
[14390],29273
[14390],33609
[14390],36209
[15794],83955
[14935],83958
[14935],35873
[14281],83958
[14281],35873
[15084],83958
[15084],35873
[20238],83958
[20238],35873
[15456],83958
[15456],35873
[14263],83781
[14020],83781
[14272],83781
[14599],83781
[14226],83781
[14263],39773
[14020],39773
[14272],39773
[14599],39773
[14226],39773
[14740],83774
[15876],83959
[20270],30382
[20270],33598
[20574],30382
[20574],33598
[16589],30382
[16589],33598
[20270],27248
[15308],27248
[20185],28780
[20523],28780
[20211],28780
[20185],83960
[20185],38575
[20185],83911
[20185],28473
[20575],28780
[20575],83960
[20575],38575
[20575],83911
[20575],28473
[15113],28780
[15113],83960
[15113],38575
[15113],83911
[15113],28473
[15294],28780
[15294],83960
[15294],38575
[15294],83911
[15294],28473
[20211],83960
[20211],38575
[20211],83911
[20211],28473
[17174],28780
[17174],83960
[17174],38575
[17174],83911
[17174],28473
[15126],28780
[15126],83960
[15126],38575
[15126],83911
[15126],28473
[18226],28772
[20576],28772
[20577],28772
[15810],38436
[15773],38436
[16222],38436
[14409],38436
[15642],38436
[14410],38436
[15709],38436
[16331],38436
[15014],38436
[15446],38436
[14937],38436
[20372],83961
[14843],83961
[15316],83961
[14785],83961
[14702],83961
[16221],83961
[18179],83961
[14729],83961
[20375],83961
[15839],83961
[15549],83961
[20376],83961
[15144],83961
[14786],83961
[15420],83961
[20372],33714
[20372],83878
[20372],28374
[18988],33714
[18988],83878
[18988],28374
[14944],83962
[14984],83962
[14959],83962
[14212],83962
[14163],83962
[14301],83962
[14297],83962
[16977],38084
[16977],35993
[17335],29402
[17335],32924
[14190],29402
[14190],32924
[14793],29402
[14793],32924
[20578],83964
[14769],32149
[14769],31181
[14769],30669
[14511],32149
[14511],31181
[14511],30669
[15051],32149
[15051],31181
[15051],30669
[20196],32149
[20196],31181
[20196],30669
[20579],32149
[20579],31181
[20579],30669
[15595],37777
[20580],91614
[20580],37777
[15438],33027
[15438],33228
[15438],33225
[18314],33027
[18314],33228
[18314],33225
[15982],33027
[15982],33228
[15982],33225
[20423],33027
[20423],33228
[20423],33225
[15446],33027
[15446],33228
[15446],33225
[14188],83965
[15419],83965
[15326],83965
[20204],83965
[14201],83965
[15300],83965
[14318],83965
[15322],83965
[15180],83965
[14167],83965
[20250],83965
[17376],83965
[14230],83965
[15425],83965
[20249],83965
[20410],83965
[20414],83965
[20422],83965
[20581],83965
[15305],83965
[20483],83965
[15456],83965
[16867],83965
[15293],83965
[14936],83965
[14285],83965
[15914],83965
[14188],83966
[15326],83966
[14995],83966
[20248],83966
[15322],83966
[20249],83966
[14309],83966
[15326],35983
[20204],35983
[15300],35983
[14318],35983
[15322],35983
[15180],35983
[14167],35983
[20250],35983
[14230],35983
[15425],35983
[20249],35983
[20410],35983
[20411],35983
[20414],35983
[20422],35983
[20581],35983
[15456],35983
[16867],35983
[15293],35983
[14936],35983
[15914],35983
[18312],39609
[20204],39609
[14201],39609
[15180],39609
[14167],39609
[18313],39609
[15476],39609
[14311],39609
[14288],39609
[14230],39609
[15425],39609
[20409],39609
[14773],39609
[20411],39609
[15504],39609
[20206],39609
[14291],39609
[20422],39609
[15456],39609
[16867],39609
[15914],39609
[20582],29387
[17350],29387
[15033],37397
[15671],37397
[20583],38078
[20584],38078
[16305],38078
[15886],38078
[14253],38078
[20337],33625
[20400],33625
[20290],33625
[17739],33625
[14559],33625
[14704],33625
[20293],31208
[14961],31208
[14135],31208
[14284],31208
[16268],31208
[14324],31208
[18312],32950
[14995],32950
[14318],32950
[15180],32950
[17376],32950
[14288],32950
[15425],32950
[20249],32950
[14291],32950
[14936],32950
[18312],37640
[18312],83970
[18312],37803
[14201],37640
[14201],83970
[14201],37803
[15180],37640
[15180],83970
[15180],37803
[14288],37640
[14288],83970
[14288],37803
[14230],37640
[14230],83970
[14230],37803
[15425],37640
[15425],83970
[15425],37803
[20422],37640
[20422],83970
[20422],37803
[14545],37640
[14545],83970
[14545],37803
[15456],37640
[15456],83970
[15456],37803
[16867],37640
[16867],83970
[16867],37803
[14936],37640
[14936],83970
[14936],37803
[15914],37640
[15914],83970
[15914],37803
[18312],83971
[14288],83971
[20409],83971
[15914],83971
[18312],83972
[14288],83972
[20409],83972
[14545],83972
[14185],83972
[14936],83972
[18312],36468
[14288],36468
[14980],36468
[14545],36468
[18312],38078
[14201],38078
[15180],38078
[14288],38078
[14230],38078
[15425],38078
[18179],38078
[20409],38078
[20422],38078
[15456],38078
[16867],38078
[15914],38078
[18312],83973
[18312],83974
[14288],83973
[14288],83974
[20409],83973
[20409],83974
[15767],83975
[14851],83975
[16063],83975
[16065],83975
[15767],83976
[15767],91614
[15767],83977
[19650],83976
[19650],91614
[19650],83977
[14127],83976
[14127],91614
[14127],83977
[16060],83976
[16060],91614
[16060],83977
[16062],83976
[16062],91614
[16062],83977
[16314],83976
[16314],91614
[16314],83977
[16312],83976
[16312],91614
[16312],83977
[16059],83976
[16059],91614
[16059],83977
[14703],83976
[14703],91614
[14703],83977
[20129],83976
[20129],91614
[20129],83977
[16063],83976
[16063],91614
[16063],83977
[20585],83976
[20585],91614
[20585],83977
[16313],83976
[16313],91614
[16313],83977
[16074],83976
[16074],91614
[16074],83977
[20321],83976
[20321],91614
[20321],83977
[16057],83976
[16057],91614
[16057],83977
[15862],35592
[15862],83978
[15862],83979
[15862],83980
[15862],83981
[15862],83982
[15862],83983
[14527],27591
[14958],83984
[20436],83984
[14936],83984
[20298],28811
[20298],27292
[20298],36372
[20298],27286
[16350],28811
[16350],27292
[16350],36372
[16350],27286
[20218],28811
[20218],27292
[20218],36372
[20218],27286
[14317],28811
[14317],27292
[14317],36372
[14317],27286
[20239],28811
[20239],27292
[20239],36372
[20239],27286
[14779],28811
[14779],27292
[14779],36372
[14779],27286
[20298],83831
[14911],83831
[15107],38640
[14194],38640
[20156],38640
[15107],30264
[15107],33188
[14955],33188
[14954],33188
[14604],33188
[14948],33188
[14275],33188
[14789],33188
[20586],33188
[15107],32589
[15092],32589
[20156],32589
[14604],32589
[14792],32589
[14789],32589
[14935],32651
[14935],83985
[20367],83985
[14935],83986
[20558],83986
[20587],83986
[20588],83986
[14818],83986
[15085],83986
[15084],83986
[14300],83986
[20238],83986
[14935],33316
[14876],33316
[14696],33316
[14935],83987
[14992],83987
[14810],83987
[20433],83987
[15443],83987
[15456],83987
[14602],83987
[14935],91609
[15456],91609
[14935],83989
[14992],83989
[14810],83989
[20433],83989
[15443],83989
[15456],83989
[14602],83989
[14935],35956
[14935],83990
[14935],33216
[14935],83991
[14935],39809
[14992],35956
[14992],83990
[14992],33216
[14992],83991
[14992],32651
[14992],39809
[14281],35956
[14281],83990
[14281],33216
[14281],83991
[14281],32651
[14281],39809
[15456],35956
[15456],83990
[15456],33216
[15456],83991
[15456],32651
[15456],39809
[14935],83992
[14992],83992
[14281],83992
[14810],83992
[15456],83992
[14602],83992
[14935],83993
[14992],83993
[14281],83993
[15456],83993
[20589],83994
[15895],37604
[15895],83995
[15895],83996
[14751],37604
[14751],83995
[14751],83996
[16219],37604
[16219],83995
[16219],83996
[14874],37604
[14874],83995
[14874],83996
[16844],37604
[16844],83995
[16844],83996
[15561],37604
[15561],83995
[15561],83996
[15011],37604
[15011],83995
[15011],83996
[14974],37604
[14974],83995
[14974],83996
[14971],37604
[14971],83995
[14971],83996
[15164],37604
[15164],83995
[15164],83996
[14937],37604
[14937],83995
[14937],83996
[16517],28869
[20590],28869
[16511],28869
[16512],28869
[16519],28869
[20393],28869
[16517],33064
[14320],33064
[16511],33064
[16517],83997
[16511],83997
[17493],38916
[17493],33166
[16272],38916
[16272],33166
[16271],38916
[16271],33166
[14139],32468
[16056],32468
[14830],32468
[14321],32468
[15124],32468
[19207],32468
[15493],32468
[16054],32468
[15055],31348
[15055],83998
[15050],31348
[15050],83998
[14139],37706
[15147],37706
[15147],28547
[16056],37706
[14830],37706
[20591],37706
[20591],28547
[15490],37706
[15490],28547
[14321],37706
[15124],37706
[20153],37706
[20153],28547
[17414],37706
[17414],28547
[19207],37706
[16054],37706
[20592],32090
[14188],35549
[15326],35549
[15322],35549
[14028],35549
[15003],35549
[14188],36088
[14188],84002
[15419],36088
[15419],84002
[15326],36088
[15326],84002
[14201],36088
[14201],84002
[16690],36088
[16690],84002
[15299],36088
[15299],84002
[15322],36088
[15322],84002
[15180],36088
[15180],84002
[14230],36088
[14230],84002
[14415],36088
[14415],84002
[14949],36088
[14949],84002
[14050],36088
[14050],84002
[14030],36088
[14030],84002
[20418],36088
[20418],84002
[15289],36088
[15289],84002
[20318],36088
[20318],84002
[15364],36088
[15364],84002
[20252],36088
[20252],84002
[18036],36088
[18036],84002
[14936],36088
[14936],84002
[14285],36088
[14285],84002
[14309],36088
[14309],84002
[15419],36450
[15419],33594
[15496],36450
[15496],33594
[14451],36450
[14451],33594
[15180],36450
[15180],33594
[15425],36450
[15425],33594
[15125],36450
[14115],36450
[14309],36450
[14309],33594
[14188],84003
[15326],84003
[14318],37797
[14318],84003
[15322],84003
[14167],84003
[14188],84004
[15326],84004
[15322],84004
[14028],84004
[15003],84004
[14320],84004
[14188],84005
[15326],84005
[20398],84005
[14318],84005
[20203],84005
[15322],84005
[15180],84005
[14167],84005
[20250],84005
[20404],84005
[20289],84005
[20249],84005
[20412],84005
[20414],84005
[20415],84005
[20418],84005
[14291],84005
[20481],84005
[15289],84005
[14188],36209
[14188],39805
[15326],36209
[15326],39805
[18687],36209
[18687],39805
[14318],36209
[14318],39805
[20203],36209
[20203],39805
[15322],36209
[15322],39805
[15180],36209
[15180],39805
[14335],36209
[14335],39805
[20250],36209
[20250],39805
[14797],36209
[14797],39805
[14333],36209
[14333],39805
[20407],36209
[20407],39805
[20249],36209
[20249],39805
[20410],36209
[20410],39805
[14980],36209
[14980],39805
[15504],36209
[15504],39805
[20412],36209
[20412],39805
[20413],36209
[20413],39805
[20414],36209
[20414],39805
[20415],36209
[20415],39805
[20235],36209
[20235],39805
[14332],36209
[14332],39805
[20481],36209
[20481],39805
[14545],36209
[14545],39805
[14195],36209
[14195],39805
[14172],36209
[14172],39805
[14185],36209
[14185],39805
[14188],84006
[14188],33314
[14188],84007
[14188],36007
[14188],83971
[15419],84006
[15419],33314
[15419],84007
[15419],36007
[15419],83971
[15326],84006
[15326],33314
[15326],84007
[15326],36007
[15326],83971
[15300],84006
[15300],33314
[15300],84007
[15300],36007
[15300],83971
[15299],84006
[15299],33314
[15299],84007
[15299],36007
[15299],83971
[14318],84006
[14318],33314
[14318],84007
[14318],36007
[14318],83971
[14279],84006
[14279],33314
[14279],84007
[14279],36007
[14279],83971
[15322],84006
[15322],33314
[15322],84007
[15322],36007
[15322],83971
[15180],84006
[15180],33314
[15180],84007
[15180],36007
[15180],83971
[20289],84006
[20289],33314
[20289],84007
[20289],36007
[20289],83971
[18590],84006
[18590],33314
[18590],84007
[18590],36007
[18590],83971
[15425],84006
[15425],33314
[15425],84007
[15425],36007
[15425],83971
[14291],84006
[14291],33314
[14291],84007
[14291],36007
[14291],83971
[20422],84006
[20422],33314
[20422],84007
[20422],36007
[20422],83971
[15771],84006
[15771],33314
[15771],84007
[15771],36007
[15771],83971
[16867],84006
[16867],33314
[16867],84007
[16867],36007
[16867],83971
[14936],84006
[14936],33314
[14936],84007
[14936],36007
[14936],83971
[15914],84006
[15914],33314
[15914],84007
[15914],36007
[14188],35682
[14188],84008
[15326],35682
[15326],84008
[15322],35682
[15322],84008
[14188],36243
[15326],36243
[15322],36243
[14720],36243
[15504],36243
[14195],36243
[14188],84009
[15326],84009
[20398],84009
[14318],84009
[20203],84009
[15322],84009
[15180],84009
[14335],84009
[14167],84009
[20250],84009
[20404],84009
[20289],84009
[20249],84009
[20412],84009
[20414],84009
[20415],84009
[20235],84009
[20418],84009
[14291],84009
[20481],84009
[20429],84009
[14188],84010
[15326],84010
[18687],84010
[15322],84010
[15180],84010
[14797],84010
[14288],84010
[15425],84010
[14545],84010
[14185],84010
[14286],84010
[14936],84010
[14188],37612
[15326],37612
[15322],37612
[20228],35549
[20228],37612
[15500],35549
[15500],37612
[14949],35549
[14949],37612
[14680],35549
[14680],37612
[14030],35549
[14030],37612
[14028],37612
[15003],37612
[14320],35549
[14320],37612
[14017],35549
[14017],37612
[14016],35549
[14016],37612
[20193],35549
[20193],37612
[20429],35549
[20429],37612
[14188],32729
[15419],32729
[15326],32729
[15322],32729
[15180],32729
[20412],32729
[14936],32729
[14895],35548
[15180],35548
[14949],35548
[14465],35548
[14459],35548
[14545],35548
[20593],35548
[14370],35548
[20594],35548
[14936],35548
[20595],35548
[15416],84011
[14294],84011
[15414],28813
[14713],28813
[15870],28813
[16753],28813
[14780],28813
[14313],28813
[14383],27664
[14383],36344
[19611],27664
[19611],36344
[16443],27664
[16443],36344
[20596],36035
[20596],31523
[20596],33577
[16853],36035
[16853],31523
[16853],33577
[15596],28640
[15596],36935
[15596],33643
[15596],36937
[15002],28640
[15002],36935
[15002],33643
[15002],36937
[14975],28640
[14975],36935
[14975],33643
[14975],36937
[20597],28640
[20597],36935
[20597],33643
[20597],36937
[15205],28640
[15205],36935
[15205],33643
[15205],36937
[15230],28640
[15230],36935
[15230],33643
[15230],36937
[15020],28640
[15020],36935
[15020],33643
[15020],36937
[14945],28640
[14945],36935
[14945],33643
[14945],36937
[15012],28640
[15012],36935
[15012],33643
[15012],36937
[15176],28640
[15176],36935
[15176],33643
[15176],36937
[20324],28640
[20324],36935
[20324],33643
[20324],36937
[15596],32909
[15419],84012
[20289],84012
[20308],84012
[14291],84012
[15697],84012
[15322],84013
[20289],84013
[14291],84013
[15325],84013
[15289],84013
[15419],84014
[15326],84014
[14995],84014
[14201],84014
[15322],84014
[15180],84014
[15476],84014
[14230],84014
[15425],84014
[20422],84014
[15478],84014
[15325],84014
[15289],84014
[15305],84014
[20483],84014
[15456],84014
[16867],84014
[15293],84014
[14936],84014
[14285],84014
[15327],84014
[15697],84014
[15914],84014
[14309],84014
[15697],84015
[15697],33292
[15502],32651
[15502],83990
[15502],33216
[15502],83991
[15502],39809
[15502],35956
[14992],32664
[15502],32664
[14602],32664
[14992],84018
[15456],84018
[15573],33216
[15573],83990
[15573],83991
[15573],32651
[15573],39809
[15573],35956
[20598],36432
[20598],37659
[14602],33216
[15416],37565
[14952],37565
[15416],39815
[14294],39815
[14378],39815
[15416],38038
[15416],30715
[20129],38038
[20129],30715
[15570],38038
[15570],30715
[14245],38038
[14245],30715
[15416],84019
[20300],84019
[20599],84019
[15175],84019
[14246],84019
[14963],84019
[20129],84019
[17064],84019
[14173],84019
[14543],84019
[14245],84019
[15623],84019
[15153],84019
[14325],84019
[15517],84019
[20133],84019
[14164],84019
[20600],84019
[20130],84019
[14310],84019
[14913],84019
[15835],84019
[20601],84019
[16550],36312
[16550],84020
[14206],33179
[14206],28985
[14206],30961
[14206],39052
[14206],32977
[14347],33179
[14347],28985
[14347],30961
[14347],39052
[14347],32977
[19360],29134
[19360],33555
[15098],27843
[14178],27843
[20602],27843
[14973],84021
[16221],84021
[19699],84021
[14827],84021
[16220],84021
[15600],84022
[14445],84022
[20603],37845
[14237],37845
[15848],37845
[14192],39815
[14141],39815
[14993],39815
[14956],39815
[15311],39815
[20300],83783
[14698],83783
[15109],83783
[15424],39081
[15424],28375
[15424],29637
[15424],84023
[15493],39081
[15493],28375
[15493],29637
[15493],84023
[14269],36241
[14030],36241
[15003],36241
[14019],36241
[14023],36241
[20300],84024
[15867],84024
[14698],84024
[15307],84024
[18028],84024
[15109],84024
[14190],31107
[14190],84025
[14190],36665
[14737],31107
[14737],84025
[14737],36665
[14792],31107
[14792],84025
[14792],36665
[15481],31107
[15481],84025
[15481],36665
[15893],31107
[15893],84025
[15893],36665
[14054],28900
[15092],30827
[15092],37038
[17124],31820
[14052],31820
[14623],83995
[15191],83995
[14147],83995
[14221],84026
[14670],84026
[14270],84026
[14235],84026
[14268],84026
[14203],84027
[14221],84027
[14670],84027
[14685],84027
[14270],84027
[14235],84027
[14479],84027
[14268],84027
[16376],84027
[16309],30459
[15783],30459
[14224],30459
[17238],30459
[16063],30459
[15106],30459
[15064],38708
[15064],39208
[14269],38708
[14020],38708
[14020],39208
[15486],38708
[15486],39208
[14021],38708
[14021],39208
[15500],38708
[15500],39208
[14955],38708
[14174],38708
[14174],39208
[14024],38708
[14941],38708
[14941],39208
[14849],38708
[14030],38708
[14028],38708
[15003],38708
[14320],38708
[14271],38708
[14271],39208
[15206],38708
[15206],39208
[17776],38708
[17776],39208
[14019],38708
[14033],38708
[14033],39208
[15583],38708
[15583],39208
[14740],38708
[14229],38708
[14229],39208
[15303],38708
[14275],38708
[14275],39208
[14026],38708
[14026],39208
[17533],38708
[17533],39208
[15428],38708
[15428],39208
[14029],38708
[14029],39208
[18959],38708
[18959],39208
[15009],38708
[15009],39208
[14023],38708
[15064],84028
[15064],38021
[20431],84028
[20431],38021
[14269],84028
[14269],38021
[14020],84028
[14020],38021
[15486],84028
[15486],38021
[14021],84028
[14021],38021
[15500],84028
[15500],38021
[14941],84028
[14941],38021
[14030],84028
[14030],38021
[14028],84028
[14028],38021
[15003],84028
[15003],38021
[14042],84028
[14042],38021
[14320],84028
[14320],38021
[17776],84028
[17776],38021
[14019],84028
[14019],38021
[14033],84028
[14033],38021
[15583],84028
[15583],38021
[14026],84028
[14026],38021
[14310],84028
[14310],38021
[14029],84028
[14029],38021
[14023],84028
[14023],38021
[14237],84029
[15064],84030
[15064],39533
[15064],38342
[14989],84030
[14989],39533
[14989],38342
[14269],84030
[14269],39533
[14269],38342
[14020],84030
[14020],39533
[14020],38342
[15486],84030
[15486],39533
[15486],38342
[14021],84030
[14021],39533
[14021],38342
[15500],84030
[15500],39533
[15500],38342
[14206],84030
[14206],39533
[14206],38342
[14941],84030
[14941],39533
[14941],38342
[14606],84030
[14606],39533
[14606],38342
[14030],84030
[14030],39533
[14030],38342
[14028],84030
[14028],39533
[14028],38342
[15003],84030
[15003],39533
[15003],38342
[14320],84030
[14320],39533
[14320],38342
[17776],84030
[17776],39533
[17776],38342
[14019],84030
[14019],39533
[14019],38342
[14033],84030
[14033],39533
[14033],38342
[15583],84030
[15583],39533
[15583],38342
[14026],84030
[14026],39533
[14026],38342
[14029],84030
[14029],39533
[14029],38342
[14023],84030
[14023],39533
[14023],38342
[14347],84030
[14347],39533
[14347],38342
[15419],84031
[15326],84031
[14995],84031
[15322],84031
[15478],84031
[15325],84031
[15289],84031
[15305],84031
[20483],84031
[14936],84031
[14285],84031
[15327],84031
[14309],84031
[15419],33543
[15419],35520
[14995],33543
[14995],35520
[15180],33543
[15180],35520
[15425],33543
[15425],35520
[14949],33543
[14949],35520
[15419],84032
[14995],84032
[15299],84032
[14279],84032
[14936],84032
[17739],33626
[17739],39444
[14561],27647
[17739],27647
[14560],27647
[14562],27647
[14559],27647
[15958],32827
[15958],30317
[17833],28772
[17303],28772
[15226],28772
[20604],28772
[14127],39455
[14584],39455
[19197],39455
[14127],84033
[14127],36456
[14127],38720
[14127],29606
[14127],30471
[14127],38889
[14127],36376
[14924],38720
[14924],29606
[14924],30471
[14924],38889
[14924],36376
[14706],35646
[14106],35646
[20320],35646
[14127],39692
[14127],84034
[14127],32847
[14127],37854
[15493],32847
[15493],37854
[14695],32847
[14695],37854
[15448],32847
[15448],37854
[15584],32847
[15584],37854
[14127],33104
[14190],33104
[14275],33104
[15298],33104
[14127],35537
[14127],28158
[18769],35537
[18769],28158
[14127],84035
[15426],28194
[14984],28194
[14959],28194
[14301],28194
[14148],27921
[14148],84036
[14751],27921
[14751],84036
[14189],27921
[14189],84036
[15159],27921
[15159],84036
[15174],27921
[15174],84036
[15173],27921
[15173],84036
[14173],27921
[14173],84036
[14543],27921
[14543],84036
[20306],27921
[20306],84036
[14198],27921
[14198],84036
[17315],27921
[17315],84036
[14544],27921
[14544],84036
[15074],27921
[15074],84036
[14956],27921
[14956],84036
[15480],27921
[15480],84036
[20605],27921
[20605],84036
[16855],27921
[16855],84036
[20601],27921
[20601],84036
[14989],84038
[14579],84038
[14980],84038
[20606],84038
[15473],84038
[14989],33597
[20607],30612
[14833],31606
[14833],30653
[14269],35955
[14158],35955
[14024],35955
[14030],35955
[15003],35955
[14320],35955
[14019],35955
[14023],35955
[14269],32325
[14269],30800
[14269],36265
[14242],32325
[14242],30800
[14242],36265
[14262],32325
[14262],30800
[14262],36265
[15438],32325
[15438],30800
[15438],36265
[15982],32325
[15982],30800
[15982],36265
[14194],32325
[14194],30800
[14194],36265
[17831],32325
[17831],30800
[17831],36265
[14206],32325
[14206],30800
[14206],36265
[14024],32325
[14024],30800
[14024],36265
[14419],32325
[14419],30800
[14419],36265
[14030],32325
[14030],30800
[14030],36265
[15003],32325
[15003],30800
[15003],36265
[14175],32325
[14175],30800
[14175],36265
[14227],32325
[14227],30800
[14227],36265
[14019],32325
[14019],30800
[14019],36265
[15563],32325
[15563],30800
[15563],36265
[14191],32325
[14191],30800
[14191],36265
[14274],32325
[14274],30800
[14274],36265
[17883],32325
[17883],30800
[17883],36265
[17584],32325
[17584],30800
[17584],36265
[14183],32325
[14183],30800
[14183],36265
[14238],32325
[14238],30800
[14238],36265
[15984],32325
[15984],30800
[15984],36265
[14340],32325
[14340],30800
[14340],36265
[17583],32325
[17583],30800
[17583],36265
[15101],32325
[15101],30800
[15101],36265
[14600],32325
[14600],30800
[14600],36265
[14287],32325
[14287],30800
[14287],36265
[14023],32325
[14023],30800
[14023],36265
[15860],32325
[15860],30800
[15860],36265
[16802],32325
[16802],30800
[16802],36265
[14347],32325
[14347],30800
[14347],36265
[14269],84040
[14024],84040
[14030],84040
[15003],84040
[14320],84040
[14019],84040
[14023],84040
[14269],39868
[14807],39868
[14030],39868
[14269],27692
[14024],27692
[14030],27692
[15003],27692
[14320],27692
[14019],27692
[15563],27692
[14023],27692
[14269],32986
[14269],84041
[14269],30511
[14269],32099
[14269],32123
[14024],32986
[14024],84041
[14024],30511
[14024],32099
[14024],32123
[14030],32986
[14030],84041
[14030],30511
[14030],32099
[14030],32123
[15003],32986
[15003],84041
[15003],30511
[15003],32099
[15003],32123
[14320],32986
[14320],84041
[14320],30511
[14320],32099
[14320],32123
[14019],32986
[14019],84041
[14019],30511
[14019],32099
[14019],32123
[14023],32986
[14023],84041
[14023],30511
[14023],32099
[14023],32123
[14269],36041
[14269],35669
[14269],37523
[14024],36041
[14024],35669
[14024],37523
[14030],36041
[14030],35669
[14030],37523
[15003],36041
[15003],35669
[15003],37523
[14320],36041
[14320],35669
[14320],37523
[14019],36041
[14019],35669
[14019],37523
[14023],36041
[14023],35669
[14023],37523
[14269],32807
[14269],84042
[14262],32807
[14262],84042
[14024],32807
[14024],84042
[14030],32807
[14030],84042
[15003],32807
[15003],84042
[14320],32807
[14320],84042
[14019],32807
[14019],84042
[14340],32807
[14340],84042
[14023],32807
[14023],84042
[14269],35750
[14269],29715
[14024],35750
[14024],29715
[14030],35750
[14030],29715
[14028],35750
[14028],29715
[15003],35750
[15003],29715
[14320],35750
[14320],29715
[14019],35750
[14019],29715
[14023],35750
[14023],29715
[14269],36924
[20436],36129
[14030],36924
[14320],36924
[14019],36924
[20454],36924
[14023],36924
[14269],84043
[14024],84043
[14030],84043
[15003],84043
[14320],84043
[14019],84043
[14023],84043
[14269],36123
[14194],36123
[14024],36123
[14030],36123
[15003],36123
[14320],36123
[14019],36123
[14023],36123
[14269],84044
[14030],84044
[15003],84044
[14320],84044
[14019],84044
[14023],84044
[14269],38941
[14269],84045
[14024],38941
[14024],84045
[14030],38941
[14030],84045
[15003],38941
[15003],84045
[14320],38941
[14320],84045
[14019],38941
[14019],84045
[14023],38941
[14023],84045
[14269],33194
[14597],33194
[14024],33194
[14030],33194
[15003],33194
[14320],33194
[14019],33194
[15780],33194
[14023],33194
[20457],84046
[18309],84046
[15326],37128
[15322],37128
[14798],37128
[14495],37128
[20272],37128
[20237],37128
[14309],37128
[15326],84047
[15322],84047
[15326],32393
[14318],32393
[20203],32393
[15322],32393
[15180],32393
[14335],32393
[14167],32393
[20250],32393
[18313],32393
[17376],32393
[14311],32393
[20406],32393
[20289],32393
[14145],32393
[20249],32393
[15504],32393
[20412],32393
[20414],32393
[20415],32393
[20235],32393
[20418],32393
[15442],32393
[14332],32393
[20481],32393
[14545],32393
[14882],32393
[15289],32393
[15305],32393
[14205],32393
[20483],32393
[14185],32393
[14285],32393
[14309],32393
[15326],38100
[15322],38100
[15180],38100
[15425],38100
[14936],38100
[15326],84048
[14201],84048
[14318],84048
[15322],84048
[15180],84048
[14335],84048
[14167],84048
[20250],84048
[14230],84048
[15425],84048
[20249],84048
[20410],84048
[20414],84048
[20422],84048
[15305],84048
[20483],84048
[16867],84048
[14936],84048
[15914],84048
[15326],35552
[14201],35552
[20248],35552
[15322],35552
[15180],35552
[20250],35552
[15476],35552
[14333],35552
[14230],35552
[14145],35552
[14773],35552
[15504],35552
[20235],35552
[20481],35552
[20422],35552
[14172],35552
[15456],35552
[16867],35552
[15327],35552
[15914],35552
[20263],39145
[20263],84050
[20263],32495
[15076],84050
[15076],32495
[14918],84050
[14918],32495
[14196],84050
[14196],32495
[14142],84050
[14142],32495
[20263],37769
[14918],37769
[15150],37769
[14212],37769
[14163],37769
[17339],37769
[14538],37769
[20263],84051
[20608],36138
[20608],84052
[14754],84053
[15180],84053
[14320],84053
[20418],84053
[14754],39828
[15180],39828
[14230],39828
[15849],39828
[16837],39828
[15425],39828
[14030],39828
[14028],39828
[15003],39828
[14320],39828
[14980],39828
[14017],39828
[20418],39828
[14016],39828
[14545],39828
[20318],39828
[15456],39828
[16741],39828
[14754],35988
[14754],33526
[14050],37607
[14050],35988
[14050],33526
[16063],37607
[16063],35988
[16063],33526
[14030],37607
[14030],35988
[14030],33526
[14028],37607
[14028],35988
[14028],33526
[15003],37607
[15003],35988
[15003],33526
[14320],35988
[14320],33526
[14017],37607
[14017],35988
[14017],33526
[14016],37607
[14016],35988
[14016],33526
[15582],37607
[15582],35988
[15582],33526
[20318],37607
[20318],35988
[20318],33526
[14201],39828
[14415],39828
[20422],39828
[16867],39828
[15914],39828
[14237],84055
[18687],36954
[20398],36954
[14318],36954
[20203],36954
[14335],36954
[14797],36954
[14980],36954
[20414],36954
[14030],35471
[14030],84056
[20169],38476
[20169],33512
[20396],84058
[15868],84058
[20405],84058
[14807],84058
[20419],84058
[20420],84058
[17987],84058
[20279],84059
[15840],84059
[20427],84059
[14807],39880
[14302],39880
[15076],35930
[16012],35930
[20609],84060
[17407],29220
[14961],29220
[14298],29220
[14297],29220
[14216],35766
[14143],35766
[14265],35766
[14230],84061
[15456],84061
[14216],84064
[14143],84064
[16550],84064
[14969],84064
[15822],31144
[15822],29955
[14578],31541
[20436],84065
[19247],32844
[14281],33585
[14281],39600
[14730],33585
[14730],39600
[14025],33585
[14025],39600
[15574],33585
[15574],39600
[16191],33585
[16191],39600
[20274],33611
[16180],29854
[14636],84066
[14106],84066
[20320],84066
[18183],84067
[20610],84067
[16193],84067
[15872],84067
[20527],84067
[14940],84067
[18183],84068
[15872],84068
[20527],84068
[18183],84069
[20610],84069
[16193],84069
[15872],84069
[20527],84069
[20611],84069
[14940],84069
[15309],84069
[14597],33494
[14247],33494
[15780],33494
[14597],33293
[20340],33293
[14247],33293
[14286],33293
[15914],33293
[14597],32734
[14597],32522
[14597],37715
[15780],32522
[15780],37715
[14597],32381
[14597],84070
[14961],33299
[14298],33299
[15591],33299
[15477],33299
[14297],33299
[15901],33299
[14980],84071
[14980],36199
[14980],38102
[14980],37893
[20606],84071
[20606],36199
[20606],38102
[20606],37893
[15473],84071
[15473],36199
[15473],38102
[15473],37893
[14545],84071
[14545],36199
[14545],38102
[14545],37893
[14264],37805
[14264],84072
[15619],37805
[15619],84072
[14256],37805
[14256],84072
[18042],37805
[18042],84072
[15859],37805
[15859],84072
[14403],37805
[14403],84072
[14428],37805
[14428],84072
[14210],37805
[14210],84072
[14181],37805
[14181],84072
[15566],37805
[15566],84072
[15503],37805
[15503],84072
[14326],37805
[14326],84072
[15889],37805
[15889],84072
[14296],37805
[14296],84072
[14346],37805
[14346],84072
[15130],37805
[15130],84072
[14966],37805
[14966],84072
[15664],37805
[15664],84072
[14134],37805
[14134],84072
[15820],37805
[15820],84072
[14184],37805
[14184],84072
[14209],37805
[14209],84072
[14939],37805
[14939],84072
[14484],37805
[14484],84072
[14254],37805
[14254],84072
[14967],37805
[14967],84072
[15853],37805
[15853],84072
[14218],37805
[14218],84072
[15056],37805
[15056],84072
[14138],37805
[14138],84072
[14319],37805
[14319],84072
[15846],37805
[15846],84072
[15034],37805
[15034],84072
[14221],33574
[14270],33574
[14151],33574
[14211],33574
[14235],33574
[14268],33574
[16574],33574
[15448],33574
[16347],33574
[14504],36634
[14504],29646
[14275],36634
[14275],29646
[14299],83841
[14299],28249
[14176],28249
[14544],28249
[20397],84075
[20397],29448
[14128],84075
[14128],29448
[20306],84075
[20306],29448
[15521],84075
[15521],29448
[14201],84076
[14279],36088
[14279],84076
[15180],84076
[14230],84076
[15425],36088
[15425],84076
[20422],36088
[20422],84076
[20318],84076
[15456],36088
[15456],84076
[15771],36088
[15771],84076
[16867],36088
[16867],84076
[14936],84076
[15914],36088
[15914],84076
[14201],84077
[14201],35520
[14201],36216
[14201],35588
[14201],32959
[15180],84077
[15180],36216
[15180],35588
[15180],32959
[14230],84077
[14230],35520
[14230],36216
[14230],35588
[14230],32959
[15425],84077
[15425],36216
[15425],35588
[15425],32959
[20422],84077
[20422],35520
[20422],36216
[20422],35588
[20422],32959
[15456],84077
[15456],35520
[15456],36216
[15456],35588
[15456],32959
[16867],84077
[16867],35520
[16867],36216
[16867],35588
[16867],32959
[15914],84077
[15914],35520
[15914],36216
[15914],35588
[15914],32959
[14201],84007
[14201],84006
[14201],33314
[14201],36007
[14201],83971
[14230],84007
[14230],84006
[14230],33314
[14230],36007
[14230],83971
[15456],84007
[15456],84006
[15456],33314
[15456],36007
[15456],83971
[14201],36106
[14201],37820
[15299],36106
[15299],37820
[14279],36106
[14279],37820
[15180],36106
[15180],37820
[14230],36106
[14230],37820
[15425],36106
[15425],37820
[20422],36106
[20422],37820
[15456],36106
[15456],37820
[16867],36106
[16867],37820
[15914],36106
[15914],37820
[14201],32932
[15299],32932
[14279],32932
[15180],32932
[14230],32932
[18590],32932
[15425],32932
[20422],32932
[15456],32932
[16867],32932
[15914],32932
[14201],32949
[15180],32949
[14288],32949
[14230],32949
[15425],32949
[20422],32949
[15456],32949
[16867],32949
[14936],32949
[15914],32949
[14201],35601
[15180],35601
[14288],35601
[14230],35601
[15425],35601
[20409],35601
[20422],35601
[15456],35601
[16867],35601
[14936],35601
[15914],35601
[14201],84078
[14201],84079
[15180],84078
[15180],84079
[14230],84078
[14230],84079
[15425],84078
[15425],84079
[20422],84078
[20422],84079
[15456],84078
[15456],84079
[16867],84078
[16867],84079
[15914],84078
[15914],84079
[14201],33332
[15180],33332
[14230],33332
[18590],33332
[15425],33332
[20422],33332
[15456],33332
[16867],33332
[15914],33332
[14415],84079
[14415],84078
[20318],84079
[20318],84078
[15771],84079
[15771],84078
[14936],84079
[14936],84078
[14201],33193
[15180],33193
[14230],33193
[18590],33193
[15425],33193
[20422],33193
[15456],33193
[16867],33193
[15914],33193
[14201],37862
[15299],37862
[14279],37862
[15180],37862
[14230],37862
[18590],37862
[15425],37862
[20422],37862
[15456],37862
[16867],37862
[14936],37862
[15914],37862
[14201],36046
[15299],36046
[14279],36046
[15180],36046
[14167],36046
[18313],36046
[14311],36046
[20406],36046
[14230],36046
[15425],36046
[20411],36046
[20206],36046
[20422],36046
[15353],36046
[14545],36046
[15456],36046
[16867],36046
[14936],36046
[15914],36046
[14201],84080
[15180],84080
[14230],84080
[15425],84080
[14201],30276
[14201],35538
[16312],30276
[16312],35538
[15180],30276
[15180],35538
[14167],30276
[14167],35538
[14230],30276
[14230],35538
[15425],30276
[15425],35538
[20422],30276
[20422],35538
[16867],30276
[16867],35538
[15914],30276
[15914],35538
[14201],84081
[14201],84082
[15180],84081
[15180],84082
[14230],84081
[14230],84082
[15425],84081
[15425],84082
[20422],84081
[20422],84082
[15456],84081
[15456],84082
[16867],84081
[16867],84082
[15914],84081
[15914],84082
[14288],36007
[14288],84006
[14288],33314
[14288],84007
[20409],36007
[20409],84006
[20409],33314
[20409],84007
[16340],32875
[16340],39537
[16340],33659
[14843],32875
[14843],39537
[14843],33659
[15316],32875
[15316],39537
[15316],33659
[14785],32875
[14785],39537
[14785],33659
[14702],32875
[14702],39537
[14702],33659
[14729],32875
[14729],39537
[14729],33659
[15839],32875
[15839],39537
[15839],33659
[15549],32875
[15549],39537
[15549],33659
[20376],32875
[20376],39537
[20376],33659
[15462],32875
[15462],39537
[15462],33659
[15144],32875
[15144],39537
[15144],33659
[14786],32875
[14786],39537
[14786],33659
[15420],32875
[15420],39537
[15420],33659
[14196],38191
[16690],33567
[14030],33567
[14028],33567
[15003],33567
[14320],33567
[14017],33567
[14016],33567
[18036],33567
[14373],30749
[14945],30749
[14664],31918
[14664],38741
[14881],37627
[14680],37627
[20612],37627
[14028],37627
[15003],37627
[14042],37627
[20193],37627
[14940],37627
[20322],37627
[20438],37627
[14843],39498
[14843],28542
[20172],39498
[20172],28542
[20403],39498
[20403],28542
[20218],39498
[20218],28542
[20146],39498
[20146],28542
[14729],39498
[14729],28542
[20214],39498
[20214],28542
[18755],39498
[18755],28542
[14207],39498
[14207],28542
[20424],39498
[20424],28542
[20376],39498
[20376],28542
[15144],39498
[15144],28542
[14843],28426
[20172],28426
[20403],28426
[20218],28426
[20146],28426
[14729],28426
[20214],28426
[20424],28426
[20376],28426
[15144],28426
[15420],28426
[14680],31502
[14680],36214
[14680],38641
[20239],31502
[20239],36214
[20239],38641
[20324],31502
[20324],36214
[20324],38641
[14751],35538
[20306],35538
[14751],31937
[14490],31937
[20306],31937
[20499],32012
[20499],84085
[16337],32012
[16337],84085
[14634],32012
[14634],84085
[14707],84086
[16341],84086
[16344],84086
[16347],84086
[20438],84086
[14707],84087
[14707],33589
[14707],36315
[14707],33622
[16341],84087
[16341],33589
[16341],36315
[16341],33622
[20200],84087
[20200],33589
[20200],36315
[20200],33622
[14706],84087
[14706],33589
[14706],36315
[14706],33622
[14678],84087
[14678],33589
[14678],36315
[14678],33622
[15892],84087
[15892],33589
[15892],36315
[15892],33622
[16344],84087
[16344],33589
[16344],36315
[16344],33622
[20446],84087
[20446],33589
[20446],36315
[20446],33622
[16347],84087
[16347],33589
[16347],36315
[16347],33622
[20438],84087
[20438],33589
[20438],36315
[20438],33622
[14646],84087
[14646],33589
[14646],36315
[14646],33622
[20447],84087
[20447],33589
[20447],36315
[20447],33622
[17345],84088
[15868],33586
[16575],32990
[16575],31745
[16575],29908
[16580],32990
[16580],31745
[16580],29908
[14203],32990
[14203],31745
[14203],29908
[14685],32990
[14685],31745
[14685],29908
[16572],32990
[16572],31745
[16572],29908
[14528],32990
[14528],31745
[14528],29908
[15469],84089
[20302],39809
[14374],39809
[20302],84090
[14374],84090
[14830],28445
[14830],32477
[14830],38072
[14585],38018
[14262],38018
[14112],38018
[20382],38018
[16690],36593
[15299],36593
[15180],36593
[14230],36593
[14415],36593
[14949],36593
[14050],36593
[14030],36593
[14028],36593
[15003],36593
[14042],36593
[14320],36593
[20418],36593
[20318],36593
[20252],36593
[18036],36593
[14936],36593
[16690],36302
[15180],36302
[14030],36302
[20418],36302
[18036],36302
[20248],37128
[16698],36432
[16698],37659
[14200],36432
[14200],37659
[14108],36432
[14108],37659
[20613],36432
[20613],37659
[17221],36432
[17221],37659
[17624],36432
[17624],37659
[15036],36170
[15036],37975
[15036],32623
[15036],84091
[15036],32307
[14792],36170
[14792],37975
[14792],32623
[14792],84091
[14792],32307
[16510],36170
[16510],37975
[16510],32623
[16510],84091
[16510],32307
[14761],36170
[14761],37975
[14761],32623
[14761],84091
[14761],32307
[15036],36618
[15834],37718
[15834],36312
[15430],37718
[15430],36312
[17319],37718
[17319],36312
[16844],37718
[16844],36312
[18309],37718
[18309],36312
[14527],27522
[14527],27609
[14208],27522
[14208],27609
[14387],27522
[14387],27609
[14527],31531
[14527],84093
[14527],84094
[14527],31630
[14208],31531
[14208],84093
[14208],84094
[14208],31630
[14476],31531
[14476],84093
[14476],84094
[14476],31630
[14387],31531
[14387],84093
[14387],84094
[14387],31630
[14342],31531
[14342],84093
[14342],84094
[14342],31630
[14477],31531
[14477],84093
[14477],84094
[14477],31630
[14527],30073
[14208],30073
[14476],30073
[14387],30073
[14342],30073
[14477],30073
[14527],84095
[14527],32518
[14208],84095
[14208],32518
[14476],84095
[14476],32518
[14387],84095
[14387],32518
[14342],84095
[14342],32518
[14477],84095
[14477],32518
[15586],39821
[15586],27925
[14320],39821
[14320],27925
[14023],39821
[14023],27925
[15303],29689
[14023],29689
[19863],29689
[14174],32619
[15303],32619
[14023],32619
[14030],84096
[14023],84096
[14023],84097
[20614],36696
[18412],32220
[14030],36108
[14030],37548
[14030],84099
[14374],84100
[15121],84100
[14640],84100
[15599],29194
[15002],29194
[15750],29194
[14207],29194
[20401],32598
[14579],32598
[20169],84102
[20558],35533
[20558],84103
[20558],36306
[20558],35543
[14940],38100
[16219],32760
[16219],27670
[16219],32363
[16219],84104
[16219],27857
[16219],84105
[14167],84106
[16223],28448
[16740],37653
[16740],84107
[16740],84108
[16740],84109
[16740],84110
[16740],84111
[14727],37653
[14727],84107
[14727],84108
[14727],84109
[14727],84110
[14727],84111
[15009],37653
[15009],84107
[15009],84108
[15009],84109
[15009],84110
[15009],84111
[20194],37653
[20194],84107
[20194],84108
[20194],84109
[20194],84110
[20194],84111
[16818],35732
[16510],35732
[14761],35732
[15573],32249
[15456],32249
[20402],33704
[20402],35587
[15180],33704
[15180],35587
[15425],33704
[15425],35587
[14267],33704
[14267],35587
[20340],33704
[20340],35587
[14286],33704
[14286],35587
[14991],83883
[15299],32626
[14279],32626
[15180],32626
[15425],32626
[15914],32626
[15299],84112
[14279],84112
[14167],84112
[14288],84112
[15299],84113
[14279],84113
[14281],84113
[15456],84113
[15299],33359
[14279],33359
[14318],39803
[14318],33193
[14318],39795
[20203],39803
[20203],33193
[20203],39795
[15180],39803
[15180],39795
[14167],39803
[14167],33193
[14167],39795
[17376],39803
[17376],33193
[17376],39795
[20412],39803
[20412],33193
[20412],39795
[17376],39805
[14318],36348
[14288],36348
[14318],84114
[14167],84114
[17376],84114
[20410],84114
[20412],84114
[20415],84114
[14318],84115
[14335],84115
[20250],84115
[14980],84115
[20414],84115
[20360],84115
[14318],38103
[14318],84116
[20203],38103
[20203],84116
[15180],38103
[15180],84116
[17376],38103
[17376],84116
[20412],38103
[20412],84116
[14726],32033
[14726],84117
[14982],32033
[14982],84117
[17303],27430
[16570],83996
[16570],83995
[14940],83996
[14940],83995
[15189],83996
[15189],83995
[14822],37893
[14822],36199
[14822],84071
[14822],38102
[15085],37893
[15085],36199
[15085],84071
[15085],38102
[20318],37893
[20318],36199
[20318],84071
[20318],38102
[20394],37893
[20394],36199
[20394],84071
[20394],38102
[15242],33128
[15180],33128
[14230],33128
[15808],33128
[15425],33128
[14258],33128
[15726],33128
[14545],33128
[15456],33128
[15207],33128
[17273],83760
[17273],37703
[14952],31283
[14198],31283
[14988],31283
[15322],36954
[15322],84121
[15305],36954
[15305],84121
[17128],32503
[17128],36216
[20616],32503
[20616],36216
[14722],32503
[14722],36216
[14696],32503
[14696],36216
[14680],84122
[20193],84122
[20322],84122
[20438],84122
[14170],36223
[14170],28849
[14170],36581
[14170],37144
[14736],36223
[14736],28849
[14736],36581
[14736],37144
[20617],36223
[20617],28849
[20617],36581
[20617],37144
[14190],36223
[14190],28849
[14190],36581
[14190],37144
[17605],36223
[17605],28849
[17605],36581
[17605],37144
[19217],36223
[19217],28849
[19217],36581
[19217],37144
[15180],84123
[20454],84123
[15180],84124
[15425],84124
[15180],32702
[15180],32879
[15180],32918
[15180],84125
[15180],36140
[20418],32702
[20418],32879
[20418],32918
[20418],84125
[20418],36140
[15180],36310
[15425],36310
[14949],36310
[14949],36216
[14949],35588
[14949],32959
[15180],37882
[20347],37882
[15180],84127
[14949],84127
[20418],84127
[15180],33297
[14167],33297
[15425],33297
[14936],33297
[15914],33297
[20618],37787
[20347],37787
[14286],37787
[15180],37559
[14281],37559
[14819],37559
[15084],37559
[14300],37559
[20322],37559
[15180],84128
[15425],84128
[15180],37816
[15180],84129
[15425],37816
[15425],84129
[15180],35518
[15425],35518
[15180],36117
[20347],36117
[15180],35844
[15425],35844
[15914],35844
[15180],33542
[15425],33542
[14456],84130
[17355],84130
[15000],84130
[17351],84130
[15008],84130
[20619],31493
[14262],84132
[14262],31176
[16837],84132
[16837],31176
[14229],84132
[14229],31176
[14262],84133
[14030],28764
[14030],35916
[14059],36944
[14059],32622
[14059],31971
[14059],32194
[14059],32909
[14059],37668
[14059],33296
[14060],36944
[14060],32622
[14060],31971
[14060],32194
[14060],32909
[14060],37668
[14060],33296
[14275],36944
[14275],32622
[14275],31971
[14275],32194
[14275],32909
[14275],37668
[14275],33296
[14059],84134
[14059],27718
[14059],84135
[14796],84136
[14968],28391
[14968],33324
[14968],35742
[14968],84092
[14968],30664
[15159],28391
[15159],33324
[15159],35742
[15159],84092
[15159],30664
[15173],28391
[15173],33324
[15173],35742
[15173],84092
[15173],30664
[14644],28391
[14644],33324
[14644],35742
[14644],84092
[14644],30664
[14173],28391
[14173],33324
[14173],35742
[14173],84092
[14173],30664
[14447],28391
[14447],33324
[14447],35742
[14447],84092
[14447],30664
[15074],28391
[15074],33324
[15074],35742
[15074],84092
[15074],30664
[17318],28391
[17318],33324
[17318],35742
[17318],84092
[17318],30664
[16855],28391
[16855],33324
[16855],35742
[16855],84092
[16855],30664
[15015],28391
[15015],33324
[15015],35742
[15015],84092
[15015],30664
[14196],33619
[14196],38947
[14196],31524
[14196],31911
[14196],84137
[14142],33619
[14142],38947
[14142],31524
[14142],31911
[14142],84137
[14582],33619
[14582],38947
[14582],31524
[14582],31911
[14582],84137
[15153],33619
[15153],38947
[15153],31524
[15153],31911
[15153],84137
[14162],33619
[14162],38947
[14162],31524
[14162],31911
[14162],84137
[15095],33619
[15095],38947
[15095],31524
[15095],31911
[15095],84137
[14554],33350
[14554],30816
[16041],33350
[16041],30816
[15290],28536
[15290],32293
[15134],28536
[15134],32293
[20250],33645
[20250],35974
[20250],28332
[20250],84139
[20407],33645
[20407],35974
[20407],28332
[20407],84139
[18179],36702
[14828],35587
[14828],33293
[16217],35587
[16217],33293
[14247],35587
[15914],35587
[15438],35501
[15438],84140
[15438],39366
[15438],35870
[15438],84141
[15982],84141
[15438],32823
[14052],84142
[14706],29820
[14106],29820
[20320],29820
[14706],37603
[14678],37603
[14706],39044
[14106],39044
[20320],39044
[14290],27913
[14290],28402
[14290],35971
[14914],36492
[14914],37151
[14914],33510
[14914],84143
[14914],39297
[14914],84144
[14914],84145
[14914],84146
[14914],84147
[14914],36988
[14914],84148
[14914],35701
[14914],84149
[14914],37184
[14914],39299
[14914],84150
[14914],84151
[14914],84152
[14914],84153
[14914],37438
[14914],39301
[14914],32214
[14914],32636
[14914],37398
[17524],36492
[17524],37151
[17524],33510
[17524],84143
[17524],39297
[17524],84144
[17524],84145
[17524],84146
[17524],84147
[17524],36988
[17524],84148
[17524],35701
[17524],84149
[17524],37184
[17524],39299
[17524],84150
[17524],84151
[17524],84152
[17524],84153
[17524],37438
[17524],39301
[17524],32214
[17524],32636
[17524],37398
[14914],35884
[14914],36425
[14914],84154
[14914],84155
[14914],84156
[14914],84157
[14914],84158
[14914],84159
[14914],84160
[14914],84161
[14955],35884
[14955],36425
[14955],84154
[14955],84155
[14955],84156
[14955],84157
[14955],84158
[14955],84159
[14955],84160
[14955],84161
[14719],35884
[14719],36425
[14719],84154
[14719],84155
[14719],84156
[14719],84157
[14719],84158
[14719],84159
[14719],84160
[14719],84161
[14024],35884
[14024],36425
[14024],84154
[14024],84155
[14024],84156
[14024],84157
[14024],84158
[14024],84159
[14024],84160
[14024],84161
[14320],35884
[14320],36425
[14320],84154
[14320],84155
[14320],84156
[14320],84157
[14320],84158
[14320],84159
[14320],84160
[14320],84161
[14604],35884
[14604],36425
[14604],84154
[14604],84155
[14604],84156
[14604],84157
[14604],84158
[14604],84159
[14604],84160
[14604],84161
[14275],35884
[14275],36425
[14275],84154
[14275],84155
[14275],84156
[14275],84157
[14275],84158
[14275],84159
[14275],84160
[14275],84161
[17524],35884
[17524],36425
[17524],84154
[17524],84155
[17524],84156
[17524],84157
[17524],84158
[17524],84159
[17524],84160
[17524],84161
[20212],35884
[20212],36425
[20212],84154
[20212],84155
[20212],84156
[20212],84157
[20212],84158
[20212],84159
[20212],84160
[20212],84161
[14780],35884
[14780],36425
[14780],84154
[14780],84155
[14780],84156
[14780],84157
[14780],84158
[14780],84159
[14780],84160
[14780],84161
[15893],35884
[15893],36425
[15893],84154
[15893],84155
[15893],84156
[15893],84157
[15893],84158
[15893],84159
[15893],84160
[15893],84161
[14561],84162
[17739],84162
[14560],84162
[14562],84162
[14559],84162
[14704],84162
[14021],39366
[14063],33249
[16975],33249
[20620],84166
[14237],84166
[20621],84166
[15440],39532
[15440],32930
[16588],84167
[14413],33385
[14413],30661
[14413],38435
[14371],33385
[14371],30661
[14371],38435
[14791],84168
[20126],84168
[15804],84168
[16285],84168
[15829],84168
[17535],84168
[15284],84168
[15285],84168
[15371],84168
[18314],28745
[20423],28745
[14132],84169
[15312],84170
[20249],36198
[20249],32392
[15499],36198
[15499],32392
[20454],36198
[20454],32392
[15875],33451
[16465],33451
[15187],30039
[14794],30039
[14207],30039
[16232],35659
[17376],84171
[14288],84171
[14230],84171
[14415],84171
[14936],84171
[18884],29771
[14409],33068
[15709],33068
[16036],39493
[16036],32537
[16281],39493
[16281],32537
[14807],39493
[14807],32537
[16352],39493
[16352],32537
[16532],39493
[16532],32537
[17561],39493
[17561],32537
[14848],39493
[14848],32537
[16036],27203
[16036],37758
[16281],27203
[16281],37758
[16036],33591
[16036],84174
[16036],27710
[17023],33591
[17023],84174
[17023],27710
[16281],33591
[16281],84174
[16281],27710
[19671],39743
[17727],39743
[17728],39743
[14725],38542
[14725],29832
[14725],30829
[14725],32132
[14725],29186
[14725],29034
[14725],29408
[14725],84175
[14725],84176
[14725],38931
[15218],38542
[15218],30829
[15218],29034
[15218],29408
[15218],84175
[15218],84176
[15218],38931
[14288],84177
[14288],32729
[14288],32283
[14288],32284
[14288],32290
[14288],32228
[14288],33347
[14288],32484
[14288],32473
[14288],84178
[20409],84178
[14288],35590
[14288],84179
[14288],84180
[20409],35590
[20409],84179
[20409],84180
[14288],39795
[14288],38083
[14288],84181
[14288],32494
[14245],32494
[14288],33596
[14288],37541
[20410],33596
[20410],37541
[20413],33596
[20413],37541
[20415],33596
[20415],37541
[14545],33596
[14545],37541
[14288],84182
[20409],84182
[14936],84182
[14288],39632
[20409],39632
[14936],39632
[14288],84183
[14288],33329
[20409],33329
[20409],84183
[14288],84184
[20409],84184
[14288],84185
[14288],35903
[20409],84185
[20409],35903
[14288],84186
[14288],84187
[20414],84187
[20415],84187
[14288],35640
[14288],84188
[14288],84189
[15369],32227
[15159],84190
[14449],27275
[20178],27869
[14635],35995
[14709],84192
[17559],84192
[14643],84192
[17558],84192
[14940],84192
[14248],32469
[14248],27421
[14954],35970
[14954],36425
[14954],83796
[15775],36147
[15775],36209
[20450],36147
[14197],36147
[14062],36147
[14478],36453
[14478],36043
[14478],27219
[14478],28407
[14208],36453
[17023],84193
[14237],33127
[14237],84194
[16337],35671
[14811],35671
[20487],35671
[15466],38419
[15466],33647
[15466],35507
[15466],27428
[15466],84196
[15466],36429
[15466],39699
[14881],39501
[14680],39501
[20612],39501
[14028],39501
[15003],39501
[20193],39501
[20322],39501
[20438],39501
[14194],32978
[14194],84199
[14273],32978
[14273],84199
[14194],31116
[14194],36812
[15429],31116
[15429],36812
[14849],31116
[14849],36812
[18611],31116
[18611],36812
[14275],31116
[14275],36812
[20622],31116
[20622],36812
[14194],90237
[14955],90237
[14320],90237
[14608],90237
[14715],90237
[14604],90237
[14275],90237
[14780],90237
[14876],84200
[14876],38998
[15456],38998
[15456],33316
[14696],38998
[20289],36440
[14028],36440
[15003],36440
[20415],36440
[14291],36440
[20429],36440
[16793],32446
[14276],32446
[14158],32446
[14691],32446
[16193],36448
[16193],84201
[16193],37530
[15872],36448
[15872],84201
[15872],37530
[20528],36448
[20528],84201
[20528],37530
[20625],36448
[20625],84201
[20625],37530
[14940],36448
[14940],84201
[14940],37530
[14782],39619
[14782],28555
[14782],29070
[14782],28786
[15185],31245
[15185],29652
[15185],33341
[15185],32740
[15185],29089
[15055],31245
[15055],29652
[15055],33341
[15055],32740
[15055],29089
[15098],84203
[14178],84203
[15127],84204
[20129],84204
[14156],84204
[14164],84204
[14542],84204
[14783],38215
[14783],27770
[14783],84207
[15431],38215
[15431],27770
[15431],84207
[14993],38215
[14993],27770
[14993],84207
[15458],38215
[15458],27770
[15458],84207
[14899],38215
[14899],27770
[14899],84207
[14141],84209
[14505],84209
[14150],84210
[14955],33715
[20156],33715
[14955],33158
[14955],28873
[14955],36536
[20156],33158
[20156],28873
[20156],36536
[14275],33158
[14275],28873
[14275],36536
[14789],33158
[14789],28873
[14789],36536
[14719],37334
[14719],35771
[14190],37334
[14190],35771
[14954],37334
[14954],35771
[14737],37334
[14737],35771
[14792],37334
[14792],35771
[14275],37334
[14275],35771
[15539],37334
[15539],35771
[15176],37334
[15176],35771
[14793],37334
[14793],35771
[15898],29887
[15898],38359
[17238],29887
[17238],38359
[20497],29887
[20497],38359
[14292],84211
[15212],84211
[14583],84211
[14406],84211
[14425],84211
[20317],84211
[15103],84211
[15137],84211
[15746],84211
[14292],84212
[14292],39622
[20317],84212
[20317],39622
[16057],84212
[16057],39622
[14023],84213
[17945],27950
[17946],27950
[20626],84219
[14680],37710
[20193],37710
[20322],37710
[20438],37710
[17948],27304
[14986],84222
[14986],36112
[14986],83783
[14986],39808
[15142],36112
[15142],83783
[15142],39808
[20627],36112
[20627],83783
[20627],39808
[19699],38640
[16220],38640
[14174],31039
[14174],84217
[14174],28790
[14229],31039
[14229],84217
[14229],28790
[14174],32259
[14174],27513
[14174],33648
[14174],27791
[14174],33143
[14174],31218
[14229],32259
[14229],27513
[14229],33648
[14229],27791
[14229],33143
[14229],31218
[14174],27310
[17197],33601
[14253],84225
[15302],33482
[15302],32593
[15302],39468
[15867],39468
[15867],33482
[14176],84226
[14735],84226
[14735],37703
[14176],28391
[14176],33324
[14176],32306
[14644],32306
[15372],28391
[15372],33324
[15372],32306
[14112],32619
[15612],32631
[15612],33450
[15563],32631
[15563],33450
[14874],28194
[20487],28194
[14880],84229
[14544],84229
[14206],84231
[14347],84231
[14206],84232
[14206],31634
[14206],38905
[14347],84232
[14347],31634
[14347],38905
[14206],36132
[14347],36132
[20555],32918
[18755],32918
[20628],39015
[15882],36158
[15882],83918
[14975],29275
[14158],84233
[14158],83955
[14158],28861
[14287],28861
[14158],27629
[14158],39275
[14158],39276
[14158],28419
[15777],32829
[15777],32635
[15777],37763
[14530],32829
[14530],32635
[14530],37763
[16271],32829
[16271],32635
[16271],37763
[14024],39404
[14024],36317
[14024],31509
[14030],39404
[14030],36317
[14030],31509
[14196],33562
[14196],33705
[14196],29587
[14196],30533
[14196],28851
[14196],27684
[14196],30635
[14196],30820
[14196],32241
[14196],32222
[14196],84235
[14196],84236
[14196],84237
[14196],36589
[14196],84238
[14196],84239
[14196],84240
[14196],33276
[14196],33398
[14196],36025
[14196],84241
[14981],37753
[14981],30035
[14981],84242
[17724],37753
[17724],30035
[17724],84242
[14314],37753
[14314],30035
[14314],84242
[15497],37753
[15497],30035
[15497],84242
[20629],37753
[20629],30035
[20629],84242
[20630],36691
[20630],28347
[20630],35771
[20630],32617
[20630],84243
[20630],84244
[16510],36691
[16510],28347
[16510],35771
[16510],32617
[16510],84243
[16510],84244
[20239],30061
[14274],30061
[15860],30061
[16802],30061
[20239],84245
[14168],39276
[14168],39275
[14168],27629
[14168],84246
[20410],84247
[14980],84247
[20413],84247
[20415],84247
[14185],84247
[14190],36423
[15271],36423
[14190],39707
[14190],38490
[14190],38026
[17947],27304
[14543],28391
[17305],28391
[14325],28391
[14173],27985
[14595],27985
[14606],31634
[14606],83919
[14606],84252
[14030],31008
[14028],30664
[14028],32783
[15003],30664
[15003],32783
[14954],31883
[14954],84253
[14560],27285
[14559],27285
[20631],27285
[14320],84254
[20632],37766
[20632],84255
[20633],37766
[20633],84255
[20634],37766
[20634],84255
[14466],37766
[14466],84255
[20635],37766
[20635],84255
[15730],37766
[15730],84255
[15761],37766
[15761],84255
[19447],37766
[19447],84255
[15061],37766
[15061],84255
[15231],84256
[15231],28005
[14656],84256
[14656],28005
[14656],33125
[15354],31511
[19611],31511
[16508],27933
[16508],36105
[15855],36531
[17215],27158
[17215],27263
[17215],28337
[17215],30423
[17215],27314
[17215],84257
[17215],30606
[17112],38392
[17112],33449
[14273],33348
[14980],32326
[15473],32326
[14980],84258
[14980],37884
[20636],37884
[20606],37884
[15473],37884
[20637],37884
[14980],32442
[15307],32442
[17282],36514
[17282],35630
[15804],36458
[15804],84259
[15804],83796
[20077],27292
[15230],30749
[15230],29339
[15230],37130
[15230],28455
[20638],31298
[20378],30486
[15303],30486
[14019],84260
[14032],84260
[20639],33229
[15572],84261
[14794],84261
[14207],84261
[20412],33588
[20412],35904
[15913],29923
[17881],27609
[17881],27522
[16271],27609
[16271],27522
[14662],32351
[14662],32347
[14662],32954
[14662],39884
[17607],39884
[14662],35562
[14662],32203
[14924],33659
[14924],32875
[15113],29296
[17174],29296
[15126],29296
[20640],36306
[20640],35533
[20640],35545
[20640],84262
[20415],35554
[20415],37161
[20415],36068
[20415],37887
[14545],37887
[16511],32877
[16511],28128
[20641],35930
[17711],84263
[16510],84263
[15891],36172
[17584],39739
[17584],38017
[17584],84264
[17584],38930
[14792],37017
[14792],29402
[14792],36821
[14792],36534
[15414],28502
[14911],28670
[14911],84266
[15867],84267
[15307],84267
[15867],84268
[15867],84269
[15867],35575
[15307],84269
[15307],35575
[15891],83813
[15891],30371
[15891],33003
[15891],33437
[15891],33434
[15891],39270
[15891],35958
[15338],83813
[15338],30371
[15338],33003
[15338],33437
[15338],33434
[15338],39270
[15338],35958
[20642],83813
[20642],30371
[20642],33003
[20642],33437
[20642],33434
[20642],39270
[20642],35958
[14341],29075
[19605],29375
[20643],29375
[15893],29375
[14956],33352
[14956],84280
[14956],30449
[16672],30449
[14956],28294
[14956],29933
[14956],32772
[14956],38244
[14622],27361
[14622],32354
[14595],27361
[14595],32354
[16671],27361
[16671],32354
[14619],27361
[14619],32354
[14621],27361
[14621],32354
[14557],27361
[14557],32354
[18413],27361
[18413],32354
[18411],27361
[18411],32354
[16179],27361
[16179],32354
[16634],27361
[16634],32354
[16028],33520
[14612],33520
[20180],39835
[20180],84284
[20367],84285
[20367],84286
[15296],84285
[15296],84286
[20644],33602
[14454],32504
[20645],32504
[15975],27361
[15975],32354
[15979],27361
[15979],32354
[14594],27361
[14594],32354
[20646],27361
[20646],32354
[14238],83918
[14238],36751
[17945],33400
[16510],32214
[16510],28059
[16510],36665
[16510],31107
[16510],35741
[16510],36534
[16510],36821
[20647],27304
[20647],28579
[20647],27894
[20647],27355
[17666],35549
[14789],29863
[14789],32256
[20648],84288
[17605],29375
[17605],39836
[17605],36834
[18406],84289
[14247],84293
[14286],84293
[15353],84295
[16592],35958
[16592],37180
[16592],83823
[16592],83824
[16590],35958
[16590],37180
[16590],83823
[16590],83824
[16589],35958
[16589],37180
[16589],83823
[16589],83824
[17888],84296
[15543],84296
[19504],33327
[19504],28482
[19504],31864
[19504],33711
[15218],28466
[17318],30491
[18409],32879
[20533],36380
[20210],35831
[20594],35831
[20595],35831
[14528],36735
[15502],32734
[15502],84297
[15502],35873
[15502],83958
[20637],35873
[20637],83958
[18160],29161
[18160],39170
[20649],27304
[15477],28490
[14446],36863
[19615],36863
[19614],36863
[18216],33316
[15176],37543
[15176],30967
[15176],31487
[15176],31396
[14061],27494
[14061],38350
[14698],84301
[15307],84301
[14698],84302
[15307],84302
[14978],38551
[14978],33616
[17524],36712
[17524],35786
[17524],84303
[19616],27810
[14207],84304
[14207],84305
[14207],33089
[14207],28414
[14207],37613
[19718],28175
[19718],28550
[15289],84306
[15289],33193
[15289],84307
[15558],28262
[15307],39753
[15307],84308
[15307],39752
[15307],84309
[18028],84301
[15001],84310
[15001],31912
[15001],37717
[14323],84310
[14323],31912
[14323],37717
[14223],84310
[14223],31912
[14223],37717
[17398],30483
[14185],84311
[14185],39632
[20650],84312
[15698],37427
[15698],36540
[15488],83986
[15456],36227
[15456],32601
[15456],84313
[15456],84314
[14802],37983
[14802],30725
[14286],84318
[14313],28502
[14313],84319
[18098],32100
[18098],38550
[18098],35745
[20651],32680
[20651],28518
[20651],35475
[20652],32483
[14129],28869
[14129],36326
[15134],38909
[15134],35958
[20454],38011
[20454],27434
[20454],84323
[14936],84323
[20653],28197
[15901],38043
[20162],38043
[20162],33603
[20162],35953
[20162],84324
[20643],36750
[20643],83865
[20643],36050
[17112],29352
[17112],30739
[14919],30654
[14919],83769
[14919],37135
[14919],84325
[15018],32834
[15018],39498
[15018],39171
[15018],28542
[15018],84326
[15018],84327
[20382],84329
[20164],28265
[14177],84330
[14612],36535
[14969],84331
[15893],36186
[15893],36153
[15893],36758
[15893],36909
[20622],36492
[15584],33518
[15858],31384
[15858],30905
[15858],35475
[14213],36798
[14213],37132
[17286],27446
[17955],36246
[14471],36638
[14471],33151
[14471],84333
[16634],27527
[16634],38622
[16634],28673
[17237],39497
"[20227, 20263]",37805
"[20227, 20263]",39188
"[20227, 20263]",84051
"[14828, 15093]",28313
"[17729, 19663]",29614
"[14135, 20962]",35761
"[14135, 20962]",38044
"[14135, 20962]",36187
"[14135, 20962]",35669
"[14135, 20962]",37786
"[20962, 15179]",35761
"[20962, 15179]",38044
"[20962, 15179]",36187
"[20962, 15179]",35669
"[20962, 15179]",37786
"[14663, 14426]",37805
"[14787, 14028, 14277]",38513
"[14787, 14027, 14028, 14277]",38513
"[14954, 16972]",33653
"[14954, 16972]",39751
"[14934, 14194]",39751
"[14186, 14604]",31116
"[14604, 14737, 14608, 14792]",36932
"[14604, 14737, 14608, 14792]",31477
"[14604, 14737, 14608, 14792]",28920
"[15092, 14186]",31116
"[14190, 18028]",28849
"[14954, 20212]",35790
"[14954, 20212]",35778
"[16572, 16468, 14787]",35966
"[14604, 14737]",36906
"[14954, 14604, 14737]",36906
"[16572, 16468, 14787, 15272, 15143, 14824]",35966
"[14954, 14604]",95316
"[16468, 15143]",35966
"[14024, 20212]",30494
"[14954, 14213, 14275, 14793]",36691
"[14954, 14213, 14275]",36691
"[14954, 14269, 14780, 14868]",33635
"[14954, 14269, 14780, 14868]",35970
"[14954, 14269, 14780, 14868]",28813
"[14954, 14269, 14780, 14868]",37576
"[14934, 14231, 14993]",35970
"[14934, 14231, 14993]",36104
"[14934, 14231, 14993]",35895
"[14194, 14604, 14780, 14738]",33635
"[14186, 14190]",36678
"[14158, 14190, 15218]",39460
"[14158, 14190, 15218]",36813
"[14158, 14190, 15218]",84263
"[14158, 14190, 15218]",95910
"[14158, 14190, 15218]",96708
"[14934, 14954, 14194, 14251, 14269, 14738, 14713]",33635
"[14934, 14713]",33635
"[14934, 14713]",28813
"[17524, 14186, 14954, 14604, 14868]",36691
"[17524, 14954, 14868]",36691
"[14188, 14309]",35584
"[14188, 14309]",30494
"[14737, 14792]",35686
"[14737, 14792]",97011
"[14737, 14792]",37338
"[14737, 14792]",37311
"[14787, 15272, 15143]",35966
"[14186, 15107, 15315]",33653
"[14186, 15107, 15315]",36197
"[14789, 14604, 14780]",33635
"[14604, 14737, 14608, 14792]",35790
"[14604, 14737, 14608, 14792]",36626
"[14628, 14955, 14914, 15154]",35790
"[14628, 14955, 14914, 15154]",35778
"[14955, 14737]",35790
"[14955, 14737]",35778
"[15092, 14792]",31756
"[15092, 14792]",31107
"[15092, 14792]",30827
"[15092, 14792]",36523
"[14190, 15134]",29402
"[14190, 15134]",36050
"[14954, 14604]",33635
"[14194, 15107]",30659
"[14737, 14792]",31116
"[14186, 14190]",29402
"[14186, 14954, 14955, 14604, 14737, 14868]",35790
"[14186, 14954, 14955, 14604, 14737, 14868]",35778
"[14186, 14954, 14955, 14604, 14737, 14868]",33188
"[14186, 14954, 14955, 14604, 14737, 14868]",36540
"[15870, 19009]",35970
"[15804, 15149]",33635
"[14186, 14954, 14955, 14737]",35790
"[14186, 14954, 14955, 14737]",35778
"[14186, 14954, 14955, 14737]",33188
"[14190, 18193]",28849
"[14934, 14954, 14269, 14738]",32520
"[14934, 14954, 14269, 14738]",33635
"[14934, 14954, 14269, 14738]",35970
"[14934, 14954, 14269, 14738]",30494
"[14934, 14954, 14269, 14738]",28813
"[14186, 14604, 14792]",31116
"[14194, 14780]",35970
"[14737, 14792]",36371
"[14787, 14996]",35966
"[14186, 14792]",31107
"[20212, 14320]",35970
"[14271, 14914]",35790
"[14186, 14954, 14955, 14604]",35790
"[14186, 14954, 14955, 14604]",35778
"[14604, 14608]",35970
"[15092, 14186, 14793]",31116
"[15413, 14737, 14792]",31116
"[14736, 14231]",28849
"[14604, 14737, 14608]",35612
"[14737, 14792]",36691
"[17524, 14186, 14604]",35790
"[15092, 14792]",35966
"[14934, 14955, 14604]",35790
"[14934, 14955, 14604]",35778
"[17524, 14954, 14604, 14737, 14780, 20212, 14608]",35970
"[14737, 14792]",31477
"[16572, 14787]",35966
"[16572, 16468, 14787, 15272, 15143, 14821, 14824]",35966
"[14604, 14737, 15870, 14608]",31756
"[14604, 14737, 15870, 14608]",35790
"[14604, 14737, 15870, 14608]",36932
"[14604, 14737, 15870, 14608]",36050
"[14604, 14737, 15870, 14608]",36906
"[14604, 14737, 15870, 14608]",31116
"[14604, 14737, 15870, 14608]",31477
"[14604, 14737, 15870, 14608]",36540
"[14604, 14737, 15870, 14608]",28920
"[14954, 16972]",33635
"[14780, 19886]",30039
"[14954, 14275, 14793]",36691
"[14275, 14793]",36691
"[20212, 16972]",37570
"[20212, 16972]",33635
"[20212, 16972]",35970
"[20212, 16972]",28813
"[20212, 16972]",39579
"[14954, 14737, 14868]",37570
"[14954, 14737, 14868]",33635
"[14954, 14737, 14868]",35970
"[14954, 14737, 14868]",28813
"[14954, 14737, 14868]",39579
"[14954, 14604]",37570
"[14954, 14604]",35970
"[14954, 14604]",28813
"[14954, 14604]",39579
"[14954, 14738]",37570
"[14954, 14738]",33635
"[14954, 14738]",35970
"[14954, 14738]",28813
"[14954, 14738]",39579
"[14934, 14194]",37570
"[14934, 14194]",28520
"[14934, 14194]",28813
"[14934, 14194]",35852
"[14954, 14955, 14737, 14868]",35790
"[14954, 14955, 14737, 14868]",33188
"[14190, 18193]",35880
"[14190, 18193]",36757
"[14190, 18193]",84263
"[14604, 14738]",98797
"[14604, 14738]",83857
"[14231, 14793]",31116
"[14954, 14194, 14024]",33635
"[14955, 14604]",35790
"[14955, 14604]",35778
"[14934, 14964, 20212]",96948
"[14186, 14737]",37170
"[15492, 14793]",35966
"[14024, 14791]",35966
"[14954, 14275, 14792]",36691
"[17727, 14954, 14738, 14606, 20212]",30494
"[14954, 14737, 14868]",36691
"[14736, 14792]",31116
"[14954, 16972]",36906
"[14504, 14190]",28849
"[14504, 14190]",37619
"[14954, 16972]",35970
"[14954, 16972]",30494
"[14954, 16972]",28813
"[14186, 17663]",35970
"[14186, 17663]",35895
"[14231, 14793]",29402
"[14231, 14793]",29945
"[17524, 20336]",35790
"[17524, 15154]",35790
"[14961, 14301]",36286
"[14961, 16690]",36286
"[15856, 14299]",94658
"[16572, 16468, 14606]",35966
"[16572, 16468]",35966
"[14737, 14606, 14792]",31116
"[14780, 16972]",33635
"[14186, 14792]",36050
"[14954, 15303, 14868]",33635
"[14954, 15303, 14868]",35970
"[14954, 15303, 14868]",30494
"[14954, 15303, 14868]",28813
"[14934, 14251]",83924
"[14934, 14251, 14975]",83924
"[17495, 14186, 14780, 14320]",35970
"[14737, 19667]",35790
"[17524, 14954, 14604]",35970
"[14954, 14738]",30494
"[14954, 14738]",37576
"[14934, 14964, 16972]",94757
"[14934, 14964, 16972]",98797
"[14934, 14964, 16972]",83857
"[14934, 14964, 16972]",83855
"[14934, 14964, 16972]",39846
"[14934, 14964, 16972]",96080
"[14934, 14964, 16972]",36937
"[14934, 14964, 16972]",28813
"[14934, 14964, 16972]",98663
"[14934, 14964, 16972]",38290
"[14934, 14964, 16972]",96562
"[14934, 14964, 16972]",96948
"[14934, 14964, 16972]",98662
"[14934, 14964, 16972]",95051
"[14934, 14964, 16972]",28455
"[14934, 14964, 16972]",32213
"[14231, 19611]",35880
"[14231, 19611]",36757
"[14231, 19611]",84263
"[14186, 14954, 14604, 14606, 14320]",30494
"[14186, 14954, 14604, 14320]",30494
"[20212, 21731]",33188
"[15092, 14186, 14737, 14792]",35686
"[15092, 14186, 14737, 14792]",97011
"[15092, 14186, 14737, 14792]",37338
"[15092, 14186, 14737, 14792]",37311
"[14186, 14792]",97293
"[14186, 14792]",97295
"[14934, 14954, 14194, 14738]",33635
"[14934, 14954, 14194, 14738]",28813
"[14934, 14954, 14194, 14738]",98797
"[14934, 14954, 14194, 14738]",83857
"[14934, 14954, 14194, 14738]",83855
"[14737, 14793]",36691
"[14737, 21718]",35790
"[20336, 15154]",35790
"[20336, 15154]",35778
"[14736, 14190]",36757
"[14186, 14190]",31756
"[14186, 14190]",39614
"[14186, 14190]",37411
"[14663, 14939, 14184, 14256, 15853]",37805
"[14663, 14209, 14210, 14256, 15853]",37805
"[17360, 14975]",36694
"[14934, 14964, 16972]",84276
"[14934, 14964, 16972]",94959
"[14934, 14964, 16972]",37924
"[14934, 14964, 16972]",94719
"[14934, 14964, 16972]",90237
"[14934, 14964, 16972]",99089
"[14934, 14964, 16972]",28502
"[14934, 14964, 16972]",39209
"[14934, 14964, 16972]",84251
"[14934, 14964, 16972]",96718
"[14934, 14964, 16972]",39171
"[14934, 14964, 16972]",38268
"[14934, 14964, 16972]",84107
"[14934, 14964, 16972]",84332
"[14934, 14964, 16972]",98378
"[14934, 14964, 16972]",95316
"[14934, 14964, 16972]",37991
"[14934, 14964, 16972]",95552
"[17112, 14954, 16972]",33635
"[17112, 14954, 16972]",35970
"[14604, 14780, 14738]",94895
"[14604, 14780, 14738]",32256
"[14604, 14780, 14738]",39434
"[14604, 14780, 14738]",83852
"[14604, 14780, 14738]",83862
"[14604, 14780, 14738]",83853
"[14604, 14780, 14738]",98797
"[14604, 14780, 14738]",83857
"[14604, 14780, 14738]",83855
"[14604, 14780, 14738]",94812
"[14604, 14780, 14738]",39846
"[14604, 14780, 14738]",28813
"[14604, 14780]",94895
"[14604, 14780]",32256
"[14604, 14780]",39434
"[14604, 14780]",83852
"[14604, 14780]",83862
"[14604, 14780]",83853
"[14604, 14780]",98797
"[14604, 14780]",83857
"[14604, 14780]",83855
"[14604, 14780]",94812
"[14604, 14780]",39846
"[14604, 14780]",28813
"[14190, 14737, 14792]",29402
"[17524, 14604, 14780, 20212]",35970
"[14604, 14737, 14608]",35970
"[14954, 14955, 14024, 14275]",35970
"[17495, 17524, 14194, 14604, 14251, 14780, 20212]",32520
"[17495, 17524, 14194, 14604, 14251, 14780, 20212]",35970
"[15092, 14608]",35970
"[14024, 14606]",30494
"[14954, 14604, 14737]",35790
"[14954, 14604, 14737]",37222
"[14954, 14604, 14737]",36932
"[14954, 14604, 14737]",36634
"[14954, 14604, 14737]",33188
"[14954, 14604, 14737]",31477
"[14954, 14604, 14737]",36540
"[14954, 14604, 14737]",28920
"[14737, 14792]",36534
"[14737, 14792]",37002
"[14934, 14964, 16972]",98020
"[14934, 14964, 16972]",30402
"[14934, 14964, 16972]",37720
"[14934, 14964]",32100
"[14934, 14964]",35458
"[14934, 14964]",35762
"[14934, 14964]",31390
"[14934, 14964]",35745
"[14934, 14964]",38128
"[14934, 14964]",27595
"[14737, 14792]",32061
"[14737, 14792]",32257
"[14737, 14792]",32623
"[14186, 14793]",31116
"[14934, 14964, 16972]",30668
"[17535, 15299, 14696, 14251, 14975, 20263, 14279]",28552
"[15092, 14793]",36691
"[15072, 14662]",37743
"[15072, 14662]",37805
"[15082, 14176]",94658
"[14186, 14604, 14793]",35686
"[14186, 14604, 14793]",37338
"[14186, 14604, 14793]",37311
"[14155, 14186, 14604, 14793]",35686
"[14155, 14186, 14604, 14793]",37338
"[14155, 14186, 14604, 14793]",37311
"[14231, 14792]",29402
"[14231, 14792]",29945
"[14186, 14190]",29945
"[17351, 14737, 14793]",35771
"[17351, 14954, 14275, 14793]",35771
"[14954, 14275, 14793]",35771
"[14190, 14737, 14792]",29945
"[14954, 14194]",36691
"[17351, 14997]",36691
"[14231, 14758]",28849
"[14780, 15149]",84261
"[14780, 15149]",30039
"[14190, 15134]",97515
"[14024, 14320, 14793]",35966
"[14954, 14271, 14780, 16972, 19293]",28502
"[14504, 14736, 14758, 14320]",35880
"[14504, 14736, 14758, 14320]",36757
"[14504, 14736, 14758, 14320]",84263
"[16572, 16468, 14787, 15143, 19611]",35966
"[15092, 20336]",37619
"[14934, 20212, 16972]",33635
"[14934, 20212, 16972]",35970
"[14934, 20212, 16972]",30494
"[14934, 20212, 16972]",28813
"[14934, 20212, 16972]",37576
"[14954, 14194, 14251, 16972]",36906
"[17524, 14231]",35790
"[14954, 14194, 14251, 20212, 16972]",30494
"[14954, 14194, 14251, 20212, 16972]",37615
"[17524, 14186, 14954, 14604]",35970
"[14954, 16972, 14868]",33635
"[14954, 16972, 14868]",35970
"[14954, 16972, 14868]",28813
"[14954, 16972, 14868]",37576
"[16510, 14792]",36691
"[14194, 15107]",27275
"[14194, 15107]",35767
"[15101, 14793]",31116
"[14186, 14187]",36050
"[16855, 14198]",27921
"[20263, 20215]",35871
"[14186, 14954, 14955, 14604, 15154]",35790
"[14186, 14954, 14955, 14604, 15154]",35778
"[14186, 14954, 14955, 14604, 15154]",31067
"[14231, 18759]",37907
"[14231, 18759]",37773
"[14231, 18759]",29194
"[14231, 18759]",37775
"[14231, 18759]",36876
"[14231, 18759]",39603
"[14231, 18759]",37774
"[14231, 18759]",84263
"[14231, 18759]",97515
"[14231, 18759]",97007
"[14231, 18759]",35724
"[14231, 18759]",96211
"[14231, 18759]",37991
"[14231, 18759]",37655
"[15101, 17128]",28849
"[15101, 17128]",29041
"[14186, 14231]",29402
"[14186, 14231]",29945
"[14186, 14792]",29402
"[14186, 14792]",29945
"[14024, 14251, 14738, 16972]",35958
"[14024, 14251, 14738, 16972]",28921
"[14024, 14251, 14738, 16972]",94920
"[14024, 14251, 14738, 16972]",38911
"[14737, 14792]",33688
"[14758, 16554]",35771
"[14758, 16554]",39751
"[15101, 14713]",29173
"[15101, 14713]",33688
"[15101, 14713]",37694
"[14606, 14320]",30494
"[17653, 14954, 14955, 14275]",89218
"[15492, 14792]",35966
"[15288, 14271]",37135
"[15288, 14271]",30990
"[15288, 14271]",35760
"[17351, 14719, 14954, 14190, 14792]",36691
"[16226, 16227]",32531
"[15277, 14662]",37743
"[14187, 20336]",84143
"[14187, 20336]",37487
"[14187, 20336]",84303
"[15479, 19324]",28478
"[15479, 19324]",37722
"[14207, 19293]",35982
"[14184, 15503]",37805
"[14155, 14737, 14792]",35686
"[14155, 14737, 14792]",97011
"[14155, 14737, 14792]",37338
"[14155, 14737, 14792]",37311
"[14736, 14758]",29402
"[14736, 14758]",29945
"[14954, 14024, 14606, 20212, 14320]",30494
"[14604, 14737, 16554]",31116
"[17351, 17112, 15092, 14792]",36691
"[14138, 20402, 14910, 14267]",37805
"[20402, 14910, 14267, 14286]",37805
"[20402, 14910, 14209, 14267, 14286]",37805
"[14186, 14187, 14604, 14793]",35686
"[14186, 14187, 14604, 14793]",37338
"[14186, 14187, 14604, 14793]",37311
"[14187, 14737, 14792]",35686
"[14187, 14737, 14792]",37338
"[14187, 14737, 14792]",37311
"[14231, 14793]",36512
"[15087, 14299]",94658
"[14140, 14161, 14223, 14999, 14323]",28313
"[14186, 14231]",31116
"[14934, 14964, 16972]",95114
"[14934, 14964, 16972]",39434
"[14934, 14964, 16972]",83852
"[14934, 14964, 16972]",83862
"[14934, 14964, 16972]",83853
"[14992, 15018]",28465
"[14992, 15018]",28813
"[16285, 14934, 16972]",30990
"[16285, 14934, 16972]",32282
"[16510, 14758]",36512
"[14155, 14793]",33688
"[14194, 17883]",29078
"[14604, 14737]",31116
"[14737, 14792]",35966
"[14187, 14793]",35684
"[20336, 19293]",84143
"[20336, 19293]",37487
"[20336, 19293]",84303
"[14954, 14964, 14251, 16972]",94757
"[14954, 14964, 14251, 16972]",98797
"[14954, 14964, 14251, 16972]",83857
"[14954, 14964, 14251, 16972]",83855
"[14954, 14964, 14251, 16972]",94959
"[14954, 14964, 14251, 16972]",37924
"[14954, 14964, 14251, 16972]",94719
"[14954, 14964, 14251, 16972]",90237
"[14954, 14964, 14251, 16972]",39846
"[14954, 14964, 14251, 16972]",39209
"[14954, 14964, 14251, 16972]",28813
"[14954, 14964, 14251, 16972]",98663
"[14954, 14964, 14251, 16972]",35874
"[14954, 14964, 14251, 16972]",84251
"[14954, 14964, 14251, 16972]",96718
"[14954, 14964, 14251, 16972]",84107
"[14954, 14964, 14251, 16972]",84332
"[14954, 14964, 14251, 16972]",95316
"[14954, 14964, 14251, 16972]",38290
"[14954, 14964, 14251, 16972]",96948
"[14954, 14964, 14251, 16972]",37991
"[14954, 14964, 14251, 16972]",98662
"[14954, 14964, 14251, 16972]",95552
"[14954, 14964, 14251, 16972]",32213
"[17728, 14277]",35771
"[17728, 14277]",29614
"[14758, 14793]",36691
"[14320, 14612]",35792
"[14320, 14612]",35777
"[14320, 14612]",33672
"[14320, 14612]",36424
"[14320, 14612]",36408
"[14320, 14612]",35840
"[14320, 14612]",37038
"[14320, 14612]",35784
"[14320, 14612]",35773
"[20336, 19293]",32214
"[14209, 14218, 14256, 15853, 20416]",37805
"[14209, 14218, 14256, 15853, 20416]",37752
"[14934, 14954, 14955, 14194, 14024, 14604, 14275, 16972]",35760
"[14186, 14190]",36050
"[14934, 14964, 16972]",33635
"[14911, 14194, 14964, 14251, 14738, 16972]",33635
"[14911, 14194, 14964, 14251, 14738, 16972]",35970
"[14911, 14194, 14964, 14251, 14738, 16972]",30494
"[14911, 14194, 14964, 14251, 14738, 16972]",37615
"[14911, 14194, 14964, 14251, 14738, 16972]",28813
"[14911, 14194, 14964, 14251, 14738, 16972]",37570
"[14186, 14604]",36736
"[14186, 14604]",96629
"[14186, 14604]",36932
"[14186, 14604]",37230
"[14186, 14604]",37244
"[14186, 14604]",36626
"[14186, 14604]",37503
"[14186, 14604]",37229
"[14186, 14604]",37243
"[14186, 14604]",37246
"[14954, 14964, 14251, 14269, 16972]",37570
"[14954, 14964, 14251, 14269, 16972]",33635
"[14954, 14964, 14251, 14269, 16972]",35970
"[14954, 14964, 14251, 14269, 16972]",30494
"[14954, 14964, 14251, 14269, 16972]",28813
"[14954, 14964, 14251, 14269, 16972]",39579
"[14954, 14964, 14251, 14269, 16972]",32319
"[14954, 14964, 14251, 14269, 16972]",36344
"[14792, 14793]",31116
"[14954, 14269, 16972]",37570
"[14954, 14269, 16972]",33635
"[14954, 14269, 16972]",35970
"[14954, 14269, 16972]",30494
"[14954, 14269, 16972]",28813
"[14954, 14269, 16972]",39579
"[14954, 14780]",33635
"[14954, 14780]",35970
"[14954, 14780]",28813
"[14954, 14780]",39579
"[14934, 14964, 20212, 16972]",96948
"[14758, 14793]",29402
"[14758, 14793]",29945
"[17112, 15077, 14954, 14955, 14024, 14604, 14275]",35651
"[14184, 15130]",37805
"[15413, 14186, 14792]",31756
"[15413, 14186, 14190]",31756
"[14187, 14793]",37974
"[15428, 15303]",35970
"[14934, 14954, 16972]",36906
"[16753, 14320]",30494
"[14267, 15494]",37805
"[14267, 15494]",32505
"[14267, 14286]",37805
"[14267, 14286]",32505
"[14186, 14190]",36371
"[14186, 15539]",36050
"[14736, 14792]",35741
"[14736, 14792]",37536
"[14736, 14792]",36830
"[14155, 15474]",97426
"[14155, 15474]",95249
"[14155, 14997]",97426
"[14155, 14997]",95249
"[17728, 20311]",29614
"[17728, 20311]",35966
"[16972, 15857]",98663
"[16972, 15857]",38290
"[16972, 15857]",96562
"[16972, 15857]",98662
"[16972, 15857]",32213
"[14194, 14604, 14737, 14780, 14608]",90237
"[14194, 14604, 14737, 14780, 14608]",99089
"[14736, 14758]",28849
"[14736, 14190]",28849
"[14251, 16972]",35760
"[14969, 15781]",33598
"[14969, 15781]",36035
"[15077, 14737]",31477
"[15077, 14737]",32623
"[15077, 14737]",36534
"[15077, 14791]",35966
"[14187, 14737, 14792]",36617
"[14187, 14737, 14792]",36534
"[14187, 14737, 14792]",96633
"[14187, 14737, 14792]",37967
"[14187, 14737, 14792]",95970
"[14187, 14737, 14792]",97234
"[14187, 14737, 14792]",94862
"[14186, 14190]",36512
"[14320, 14612]",33520
"[14320, 14612]",36535
"[18695, 15781, 15890]",33598
"[16285, 14975]",35448
"[16285, 14975]",28921
"[15077, 14231]",96152
"[15077, 14231]",31380
"[15077, 14231]",97015
"[14271, 14792]",31116
"[14155, 14737, 14792]",31116
"[15101, 14737, 14792]",31116
"[14186, 14604, 14793]",31116
"[17605, 14231]",28849
"[14737, 14792]",36498
"[14737, 14792]",36533
"[15413, 14802]",36691
"[15413, 14802]",35771
"[14504, 14231]",28849
"[14504, 14231]",37619
"[15077, 14793]",31116
"[16753, 14320]",37615
"[14186, 14190]",32924
"[14186, 14190]",96152
"[14186, 14190]",31380
"[14186, 14190]",97015
"[14186, 14190]",32541
"[14954, 14606, 20212, 14320]",30494
"[15425, 14291]",35985
"[15425, 14291]",36476
"[14968, 19279]",28391
"[14155, 14997]",36691
"[14954, 14024, 14269]",27277
"[14186, 14954, 14604]",37222
"[14186, 14954, 14604]",36932
"[16510, 14793]",36512
"[15077, 16972]",98663
"[15077, 16972]",35874
"[15077, 16972]",38290
"[15077, 16972]",98662
"[15077, 16972]",32213
"[14694, 17112, 15413, 14275]",94637
"[16468, 14954]",36691
"[16468, 14954]",37754
"[14155, 15101]",31116
"[16510, 14736, 14758]",28849
"[14793, 18397]",36812
"[14793, 18397]",35792
"[14793, 18397]",35791
"[14793, 18397]",36612
"[14186, 14190, 14792]",29402
"[16285, 16972]",37570
"[16285, 16972]",33635
"[16285, 16972]",28813
"[14736, 14758]",35880
"[14736, 14758]",36757
"[14736, 14758]",84263
"[14934, 17524, 14604, 14780, 20212]",35970
"[16226, 16285]",35982
"[20336, 14606]",35727
"[14186, 15107, 14608]",36932
"[14186, 15107, 14608]",28920
"[14186, 14608, 14792]",36932
"[14186, 14608, 14792]",28920
"[14954, 14955, 14604, 14608]",36540
"[14186, 14231, 14604, 14737]",31116
"[14277, 15000]",35771
"[14954, 14604]",37924
"[14954, 14604]",39209
"[14954, 14604]",98663
"[14954, 14604]",38290
"[14954, 14604]",98662
"[14954, 14604]",32213
"[14934, 14194, 20212, 16972]",36691
"[14954, 19250]",33635
"[16226, 14194]",29078
"[16226, 17112, 14954, 14955, 14024, 14604, 14275, 16972]",35970
"[16226, 17112, 14954, 14955, 14024, 14604, 14275, 16972]",33635
"[16226, 17112, 14954, 14955, 14024, 14604, 14275, 16972]",37570
"[16226, 17112, 14954, 14955, 14024, 14604, 14275, 16972]",28813
"[17112, 14954, 16972]",37570
"[17112, 14954, 16972]",28813
"[14153, 14713]",33635
"[14153, 14713]",28813
"[14792, 15000]",35771
"[14934, 14964]",38186
"[14934, 14964]",30039
"[14934, 14964]",35884
"[14934, 14964]",35874
"[14934, 14964]",37647
"[14934, 14964]",32531
"[14934, 14964]",37576
"[14934, 14964]",30494
"[14934, 14964]",32213
"[17112, 20212]",30494
"[15474, 14997]",36691
"[14793, 15020]",35771
"[14955, 20336, 14737]",35790
"[14955, 20336, 14737]",35778
"[14186, 14793]",33632
"[14186, 14793]",36104
"[14737, 15539]",84130
"[14737, 15539]",94716
"[14187, 20336]",37432
"[15277, 14662]",83799
"[15277, 14662]",37805
"[15277, 14662]",35565
"[16285, 15084, 14154, 15299, 20238, 14696, 14237, 14251, 14975, 14269, 14607, 20215]",35764
"[14758, 15000]",36691
"[14934, 14964, 16972]",32844
"[14186, 14780, 14320]",35970
"[14231, 14793]",36691
"[14153, 14713]",98797
"[14153, 14713]",83857
"[14153, 14713]",83855
"[14737, 14792]",36617
"[14737, 14792]",96633
"[14737, 14792]",37967
"[14737, 14792]",96515
"[14737, 14792]",95970
"[14737, 14792]",97234
"[14737, 14792]",94862
"[15101, 14758]",28849
"[16588, 14165]",28208
"[14997, 15017]",36691
"[16226, 16510]",35970
"[14667, 14997]",36691
"[15474, 19293]",97426
"[16510, 14954, 14194]",36691
"[14186, 14954, 14604]",31116
"[15077, 14606, 14320]",30494
"[14186, 14954, 14604, 14275, 14606, 20212, 14320]",30494
"[14254, 14256, 14296]",37805
"[14186, 14793]",36050
"[14186, 14231]",96152
"[14186, 14231]",31380
"[14186, 14231]",97015
"[14736, 14231, 14758]",96152
"[14736, 14231, 14758]",31380
"[14736, 14231, 14758]",97015
"[14954, 14269, 16972]",36458
"[14954, 14269, 16972]",32319
"[14954, 14269, 16972]",33188
"[14954, 14269, 16972]",36540
"[14738, 20212]",36458
"[14738, 20212]",32319
"[14738, 20212]",33635
"[14738, 20212]",35970
"[14738, 20212]",28813
"[14738, 20212]",33188
"[14738, 20212]",36540
"[14954, 14738]",36458
"[14954, 14738]",32319
"[14954, 14738]",33188
"[14954, 14738]",36540
"[14207, 14793]",37619
"[14207, 14793]",35966
"[14186, 14954, 14604, 14737]",35790
"[14186, 14954, 14604, 14737]",35778
"[14186, 14954, 14955]",35790
"[14737, 14792, 14793]",36617
"[14737, 14792, 14793]",36534
"[14737, 14792, 14793]",83816
"[14737, 14792, 14793]",96633
"[14737, 14792, 14793]",37967
"[14737, 14792, 14793]",96515
"[14737, 14792, 14793]",95970
"[14737, 14792, 14793]",97234
"[14737, 14792, 14793]",94862
"[14737, 14792, 14793]",32623
"[14934, 14964, 20212, 16972]",33635
"[14934, 14964, 20212, 16972]",35970
"[14934, 14964, 20212, 16972]",30494
"[14934, 14964, 20212, 16972]",28813
"[14934, 14964, 20212, 16972]",37576
"[17605, 14737, 14792]",31116
"[14155, 15176]",35790
"[14155, 15176]",35966
"[14789, 14780]",33635
"[17728, 14737, 14793]",33688
"[14968, 19279]",30491
"[16842, 15148]",38957
"[16588, 14306, 15501]",28208
"[15143, 17128]",35966
"[14604, 14737, 14608]",95316
"[14155, 14793]",36691
"[14736, 14190]",29402
"[14187, 14793]",35966
"[14207, 14758]",36691
"[15072, 14662]",83799
"[14186, 14802]",37037
"[15413, 14186]",33688
"[14186, 14802]",33688
"[14964, 14251]",94757
"[14964, 14251]",98797
"[14964, 14251]",83857
"[14964, 14251]",83855
"[14964, 14251]",94959
"[14964, 14251]",37924
"[14964, 14251]",94719
"[14964, 14251]",84261
"[14964, 14251]",90237
"[14964, 14251]",99089
"[14964, 14251]",39846
"[14964, 14251]",39209
"[14964, 14251]",28813
"[14964, 14251]",28536
"[14964, 14251]",98663
"[14964, 14251]",84251
"[14964, 14251]",96718
"[14964, 14251]",84107
"[14964, 14251]",33590
"[14964, 14251]",84332
"[14964, 14251]",27610
"[14964, 14251]",36917
"[14964, 14251]",95316
"[14964, 14251]",38290
"[14964, 14251]",96562
"[14964, 14251]",96948
"[14964, 14251]",37991
"[14964, 14251]",98662
"[14964, 14251]",95552
"[14964, 14251]",32213
"[14737, 14792]",36050
"[14024, 14606, 14793]",36688
"[14208, 14667]",83842
"[14737, 14793]",31477
"[14186, 19343]",36534
"[14186, 19343]",31477
"[14186, 19343]",32623
"[14792, 19343]",36534
"[14792, 19343]",31477
"[14792, 19343]",32623
"[16226, 17112, 14954, 14955, 14024, 14604, 14275]",27277
"[16226, 17112, 14954, 14955, 14024, 14604, 14275]",97893
"[16226, 17112, 14954, 14955, 14024, 14604, 14275]",35612
"[16226, 17112, 14954, 14955, 14024, 14604, 14275]",37805
"[14181, 20215]",27277
"[14181, 20215]",97893
"[14181, 20215]",35612
"[14181, 20215]",37805
"[15077, 14181, 20215]",27277
"[15077, 14181, 20215]",97893
"[15077, 14181, 20215]",35612
"[15077, 14181, 20215]",37805
"[14736, 14758]",29589
"[14934, 14964, 16972]",32319
"[15413, 14954, 14275, 14792]",36691
"[15092, 14758]",36691
"[15143, 14997]",32990
"[14186, 14025, 14604, 14275]",32433
"[15298, 14025]",32433
"[14186, 14190, 14737, 14793]",36050
"[14737, 14792]",35876
"[14737, 15870, 14792]",36050
"[14737, 15870, 14792]",35876
"[14737, 15870, 14792]",36371
"[14606, 16972]",33635
"[14780, 15149, 19293]",94895
"[14780, 15149, 19293]",39434
"[14780, 15149, 19293]",83852
"[14780, 15149, 19293]",83862
"[14780, 15149, 19293]",83853
"[14780, 15149, 19293]",98797
"[14780, 15149, 19293]",83857
"[14780, 15149, 19293]",83855
"[14780, 15149, 19293]",39846
"[14780, 15149, 19293]",28502
"[14780, 15149, 19293]",28813
"[14780, 15149, 19293]",98020
"[14780, 15149]",94895
"[14780, 15149]",39434
"[14780, 15149]",83852
"[14780, 15149]",83862
"[14780, 15149]",83853
"[14780, 15149]",98797
"[14780, 15149]",94812
"[14934, 19250, 14964]",35852
"[14934, 19250, 14964]",28465
"[14934, 19250, 14964]",35982
"[14934, 19250, 14964]",30039
"[14934, 19250, 14964]",32520
"[14934, 19250, 14964]",33077
"[14934, 19250, 14964]",37576
"[14934, 19250, 14964]",35650
"[14934, 19250, 14964]",30494
"[14934, 19250, 14964]",32213
"[14155, 15176]",31116
"[14184, 14286, 14296]",37805
"[14184, 14286, 14296]",32505
"[15413, 17355]",31477
"[15413, 17355]",37002
"[15413, 17355]",36534
"[16588, 14328]",28208
"[14275, 14606, 14320]",30494
"[20336, 14606]",35778
"[20336, 14606]",33188
"[16572, 15143, 14793]",35966
"[14231, 20336]",35790
"[14134, 14218]",37805
"[14306, 17903]",28208
"[15770, 17903]",28208
"[14218, 15859, 14484]",37805
"[14218, 15859, 14484]",39188
"[14209, 14218, 14484]",37805
"[14209, 14218, 14484]",39188
"[14604, 15481, 14791]",35650
"[14604, 15481, 14791]",33635
"[15413, 14792]",36050
"[14187, 15474]",31116
"[14736, 14758]",36050
"[14663, 14954, 14955, 14024, 14275, 14320]",35970
"[14736, 14604]",94719
"[14736, 14604]",90237
"[14736, 14604]",99089
"[14736, 14604]",94959
"[14736, 14604]",84251
"[14736, 14604]",96718
"[14736, 14604]",84107
"[14736, 14604]",96562
"[14736, 14604]",37991
"[14736, 14604]",95304
"[14736, 14604]",95051
"[14736, 14231]",90237
"[14736, 14231]",37077
"[14736, 14231]",99089
"[14736, 14231]",37294
"[14736, 14231]",37432
"[14736, 14231]",84263
"[14736, 14231]",39005
"[14736, 14231]",96191
"[14802, 14737]",36621
"[16588, 17903]",28208
"[16588, 14303]",28208
"[14275, 14320, 14612]",36078
"[14275, 14320, 14612]",36540
"[14275, 14320, 14612]",35782
"[14275, 14320, 14612]",33672
"[14056, 15017]",36050
"[15077, 14231]",35684
"[14186, 14736, 14604, 14608, 14792]",36932
"[14186, 14736, 14604, 14608, 14792]",36626
"[14186, 14736, 14604, 14608, 14792]",28920
"[14186, 14604]",28920
"[14787, 16581]",35966
"[20336, 14606]",33653
"[16285, 14934, 14964, 14251]",35565
"[14194, 15563]",29078
"[17728, 14277]",36691
"[14954, 14758]",36691
"[15077, 14737, 14792]",29402
"[16588, 14306]",36010
"[16588, 14306]",33575
"[20336, 15481]",35778
"[20336, 15481]",35970
"[14153, 14713]",95316
"[15413, 14186, 14604, 14269]",35970
"[14934, 14955, 14604, 14737]",31883
"[14024, 14793]",36696
"[14024, 14793]",99947
"[14024, 14793]",97007
"[14912, 15338]",28921
"[14912, 15338]",29761
"[14912, 15338]",37183
"[14945, 15315]",35612
"[14945, 15315]",33653
"[15077, 18959]",30494
"[14737, 14792, 14793]",33688
"[17605, 14737, 14792, 14793]",33688
"[14737, 14792]",36540
"[20336, 14271, 14606]",35790
"[20336, 14271, 14606]",32214
"[20336, 14606]",35790
"[20336, 14606]",32214
"[20336, 14271]",35790
"[20336, 14271]",32214
"[15101, 20336, 14606]",35790
"[15101, 20336, 14606]",32214
"[15101, 20336, 14271, 14606]",35790
"[15101, 20336, 14271, 14606]",32214
"[15101, 20336, 14271]",35790
"[15101, 20336, 14271]",32214
"[15101, 20336]",35790
"[15101, 20336]",32214
"[14934, 14964, 16972]",98665
"[14934, 14964, 16972]",97245
"[14934, 14964, 16972]",84261
"[14934, 14964, 16972]",84304
"[14934, 14964, 16972]",94742
"[14934, 14964, 16972]",28536
"[14934, 14964, 16972]",95986
"[14934, 14964, 16972]",37805
"[14934, 14964, 16972]",97905
"[14934, 14964, 16972]",33590
"[14934, 14964, 16972]",36425
"[14934, 14964, 16972]",27610
"[14934, 14964, 16972]",36917
"[14186, 14793]",36512
"[14190, 14793]",36512
"[14187, 15012]",83826
"[14187, 15012]",84149
"[14187, 15012]",39297
"[14187, 15012]",84143
"[14187, 15012]",37487
"[14187, 15012]",84303
"[14187, 15012]",37489
"[14187, 15012]",36988
"[14187, 15012]",96137
"[14187, 15012]",94650
"[16753, 14954, 20212]",96948
"[16753, 14954, 20212]",37616
"[14604, 19293]",39434
"[14604, 19293]",83852
"[14604, 19293]",83862
"[14604, 19293]",83853
"[14604, 19293]",98797
"[14604, 19293]",83857
"[14604, 19293]",83855
"[14186, 14190, 14792, 14793]",36050
"[14275, 14320, 14612]",31477
"[16226, 15077]",32531
"[14912, 15891]",35761
"[14912, 15891]",35669
"[14912, 15891]",33003
"[16226, 16972]",35650
"[16226, 16972]",31676
"[14186, 14190, 15134, 14793]",35719
"[14186, 14190, 15134, 14793]",36133
"[14186, 14190, 15134, 14793]",36054
"[14186, 14190, 15134, 14793]",36370
"[14186, 14190, 15134, 14793]",37554
"[14190, 15134, 14793]",35719
"[14190, 15134, 14793]",36133
"[14190, 15134, 14793]",36054
"[14190, 15134, 14793]",36370
"[14190, 15134, 14793]",37554
"[14964, 14251]",39531
"[14736, 14758]",37619
"[15077, 14793]",35686
"[15077, 14793]",97011
"[15077, 14793]",37338
"[15077, 14793]",37311
"[17112, 14954, 14955, 14024, 14604, 14275]",35884
"[14694, 17112, 14954, 14955, 14024, 14275]",35884
"[14934, 14964, 16972]",94836
"[14204, 17128]",35767
"[14294, 14299]",99866
"[16588, 14259]",28208
"[14024, 17883]",29182
"[16510, 14758]",36691
"[14194, 14251, 20212, 16972]",35970
"[16588, 15013]",28208
"[14954, 14190, 14275]",35771
"[16012, 16036]",38035
"[16012, 16036]",83923
"[14024, 19591]",35966
"[14024, 14758, 19591]",35966
"[15856, 15818]",37753
"[14961, 15477]",36040
"[15428, 18959]",35970
"[14961, 15179]",35953
"[14961, 15179]",35761
"[15092, 15413]",36691
"[15092, 15413]",39751
"[15413, 14275, 14792]",36691
"[15856, 14544]",84229
"[14954, 14190, 14275]",36691
"[14954, 14190, 14275, 14792]",36691
"[16510, 14737, 14792]",31477
"[14719, 14954, 14190]",36691
"[14719, 14954, 14190, 14792]",36691
"[14719, 14758, 14793]",36691
"[14719, 14954, 14793]",36691
"[15769, 15108]",36035
"[15769, 20596]",36035
"[14954, 14955, 14194, 14207, 14789, 14030, 14780, 14320]",35852
"[20402, 14910, 14267, 14286]",32505
"[17351, 15092, 14758]",36691
"[16510, 14187]",35792
"[14954, 14955, 14194, 14789, 14604, 14030, 14780, 14275, 14764, 14320, 14514]",35852
"[14954, 14275]",36691
"[14934, 14251]",36197
"[14954, 14964, 14251, 16972]",37570
"[14954, 14964, 14251, 16972]",33635
"[14954, 14964, 14251, 16972]",35970
"[14954, 14964, 14251, 16972]",30494
"[14024, 14793, 17371]",37619
"[14024, 14793, 17371]",35966
"[14024, 14793]",37619
"[14024, 14793]",35966
"[14165, 14328]",28208
"[16226, 14954, 14955, 14024, 14275]",35884
"[16226, 15893, 15429, 14954, 14024, 14275]",35884
"[15413, 14737, 14792]",31756
"[15277, 14662, 15148]",94658
"[14977, 14607]",99032
"[15101, 14186, 14231]",29402
"[16226, 14154, 14024, 14607]",29182
"[14271, 14792]",31107
"[16510, 14186, 14187]",36050
"[16510, 14186, 14187]",35719
"[16226, 14606]",32213
"[16226, 14606]",39883
"[16226, 16753]",32213
"[16510, 15413, 14736]",29646
"[16510, 14736, 14758]",36959
"[16510, 14736, 14758]",36767
"[15856, 14968]",36483
"[15856, 14968]",32933
"[15856, 14972]",36483
"[15856, 14972]",32933
"[16226, 14954, 14275]",35884
"[14935, 15456]",91609
"[14737, 14275, 14608, 19611]",37619
"[17351, 14737, 14793]",36691
"[17351, 15092]",36691
"[17351, 14758]",36691
"[14793, 15000]",35771
"[14160, 14972]",37753
"[14320, 19281]",32213
"[14320, 19281]",35650
"[14320, 19281]",33077
"[14320, 19281]",30494
"[17351, 15413, 14737, 14792]",37402
"[14758, 14793]",35966
"[14604, 15492, 14792]",35966
"[17728, 15492, 14793]",99947
"[15092, 15492]",35966
"[14694, 14604, 14780, 15149]",28465
"[14215, 14217]",35930
"[14215, 14217]",36253
"[15077, 16753]",96948
"[15077, 16753]",30494
"[15424, 14321]",28547
"[14194, 14207]",29078
"[14207, 15134]",32214
"[14207, 15134]",36986
"[14934, 14024, 14964, 14269]",35669
"[14024, 14964, 14251, 14269]",35669
"[14196, 14830]",32933
"[15000, 15205]",33643
"[16572, 14208, 14305]",36453
"[14934, 14964, 14251]",94774
"[14934, 14964, 14251]",37743
"[14961, 14297]",35953
"[16226, 16972, 14791]",33294
"[14284, 16260]",29220
"[15769, 14276]",36035
"[14944, 14276]",36035
"[15781, 15134]",28536
"[15781, 15134]",37570
"[14737, 14792]",29375
"[14275, 14320]",35966
"[14954, 14604]",35966
"[14738, 16972]",27452
"[14738, 16972]",30739
"[14738, 16972]",30543
"[14954, 14738]",35982
"[14954, 14738]",30654
"[14954, 14738]",33077
"[14954, 14738]",35650
"[16510, 14736, 14758]",35612
"[15101, 14231]",36512
"[14606, 14995, 14320]",96948
"[14148, 16855]",27921
"[14736, 14793]",36678
"[15413, 16018]",36512
"[14934, 17360, 17112, 14964]",33635
"[16468, 14997]",36691
"[14187, 20336]",32214
"[14954, 14802]",36691
"[15413, 14186]",31107
"[14203, 15507]",32829
"[15413, 14186, 14604]",33688
"[15413, 14186, 14604, 14793]",33688
"[14758, 14793]",35771
"[15413, 14793]",36691
"[15413, 14793]",35771
"[14186, 14802]",36240
"[15413, 14186]",31477
"[15413, 14737]",36691
"[15413, 14737]",35773
"[15413, 14737]",36533
"[15413, 14737]",35792
"[15413, 14737]",36498
"[14737, 14792]",35773
"[14737, 14792]",35792
"[15413, 14186, 14275]",36691
"[15413, 14186]",36691
"[15413, 14792]",36691
"[14802, 14231]",84263
"[14954, 14190, 14194]",36691
"[15413, 14719, 14793]",36691
"[17351, 15413]",36691
"[14736, 14793]",32924
"[14736, 14758, 14793]",32924
"[16510, 14187]",36906
"[14207, 14793]",36691
"[16510, 14231, 14737]",31116
"[15413, 14802]",31116
"[15413, 14737, 14793]",31116
"[17605, 15413, 14793]",31116
"[16226, 14954, 14955, 14024, 14791]",35650
"[16226, 16510]",33294
"[16572, 17728]",35966
"[15092, 14758]",35771
"[17112, 14954, 14275, 14792]",35771
"[14251, 14975]",36694
"[14251, 14975]",32520
"[14024, 14975]",36694
"[14024, 14975]",32520
"[17583, 14194]",29078
"[14719, 14954, 14758, 14792]",36691
"[14719, 14954, 14792]",36691
"[14828, 14323]",84310
"[16285, 15804]",96277
"[16285, 15804]",35867
"[20486, 14911]",99923
"[17583, 16226]",35982
"[17583, 16226]",37397
"[14737, 14758, 14792]",33672
"[14737, 14758, 14792]",35979
"[17351, 15413, 14186]",36691
"[15101, 14817]",36691
"[14758, 14793]",31116
"[14758, 14793]",33688
"[17583, 15413]",37858
"[17583, 15413]",35979
"[15474, 14817]",36691
"[16226, 15077]",35650
"[14024, 19324]",84168
"[16510, 14758]",28849
"[16510, 14954, 14793]",36691
"[17605, 14802]",33688
"[14155, 14213]",36691
"[17585, 14194]",29078
"[14194, 17601]",29078
"[14059, 14299]",38957
"[16226, 14954, 16972]",32531
"[16226, 17112, 14186, 14954, 14955, 14024, 14780, 14275, 20212, 14320]",32531
"[16226, 17112, 17524, 14954, 14955, 14024, 14604, 14275, 20212]",32531
"[14186, 14190, 14793]",29402
"[15284, 19324]",84168
"[20405, 14297]",36279
"[20405, 14297]",33603
"[20405, 14297]",29387
"[20570, 14297]",36279
"[20570, 14297]",33603
"[20570, 14297]",29387
"[14140, 14299]",27933
"[14719, 14186, 14190]",29945
"[14719, 14186, 14190]",96152
"[14719, 14186, 14758]",29402
"[14719, 14186, 14758]",29945
"[15092, 15413, 14737, 14793]",33688
"[17728, 14955, 14275]",30494
"[17728, 14606, 14320]",30494
"[17351, 16018]",36691
"[14186, 14604]",33688
"[16226, 15413]",35651
"[14271, 18959]",29361
"[14271, 18959]",32552
"[14271, 18959]",90237
"[14271, 18959]",99089
"[14271, 18959]",28502
"[14736, 14793]",29402
"[14736, 14793]",29945
"[14736, 14231, 14758]",28849
"[14968, 15173]",32933
"[15413, 15020]",37858
"[16572, 14793]",35966
"[17605, 14186, 14793]",35612
"[16753, 14024]",28536
"[16753, 14024]",33590
"[16753, 14024]",27610
"[14155, 14213]",35771
"[14155, 14186]",36395
"[20486, 14911]",95146
"[20486, 14911]",35612
"[20486, 14911]",83802
"[16285, 14954, 16972]",33635
"[16285, 14954, 16972]",98661
"[16285, 14954, 16972]",35982
"[14802, 14737]",31477
"[14802, 14737]",37002
"[14802, 14737]",36534
"[14719, 14604, 14737, 14608, 14792]",36843
"[14186, 14608]",36168
"[17524, 14954, 14604, 20212]",35970
"[14802, 14737]",31116
"[16510, 15413, 14186]",31756
"[15443, 14602]",35584
"[14738, 20212, 14868]",35970
"[14737, 14793]",31116
"[14737, 14793]",33688
"[16285, 14964, 14251, 14975]",83923
"[16285, 14964, 14251, 14975]",27859
"[17351, 14719, 14793]",35771
"[17351, 17728, 14719, 14793]",35771
"[15077, 19293]",96948
"[15425, 15914]",33599
"[14934, 17112, 14141, 14194, 14964, 14738, 16972]",37570
"[14934, 17112, 14141, 14194, 14964, 14738, 16972]",33635
"[14934, 17112, 14141, 14194, 14964, 14738, 16972]",35970
"[14934, 17112, 14141, 14194, 14964, 14738, 16972]",30494
"[14934, 17112, 14141, 14194, 14964, 14738, 16972]",28813
"[14934, 17112, 14141, 14194, 14964, 14738, 16972]",37576
"[14934, 17112, 14141, 14194, 14964, 14738, 16972]",35767
"[15315, 21116]",33653
"[14153, 14719, 14954, 14190]",39751
"[14284, 15179]",35761
"[14284, 15179]",35669
"[14284, 15179]",37805
"[14284, 15179]",33658
"[14284, 15179]",33695
"[14284, 15179]",33489
"[14284, 15179]",35953
"[14155, 15413, 14186]",31756
"[15413, 14186]",31756
"[15441, 14176]",84117
"[15441, 14176]",94658
"[20336, 14269]",35970
"[15455, 14977, 14320]",35612
"[15413, 14793]",36050
"[16226, 15077, 14320]",32213
"[15413, 14190]",36512
"[14187, 18959]",33688
"[14320, 14793, 15176]",36691
"[14945, 14186, 14793]",96152
"[16226, 17112, 14954, 16972, 14791]",35982
"[14934, 14954, 14964, 16972]",37570
"[14934, 14954, 14964, 16972]",32520
"[14934, 14954, 14964, 16972]",33635
"[14934, 14954, 14964, 16972]",35970
"[14934, 14954, 14964, 16972]",30494
"[14934, 14954, 14964, 16972]",28813
"[14934, 14954, 14964, 16972]",37576
"[14737, 14792]",35727
"[14736, 14231]",29402
"[15413, 14736]",36050
"[15101, 14736, 14758]",37273
"[15101, 14736, 14758]",96152
"[15315, 20336]",33653
"[14188, 14980]",37784
"[14186, 15481]",31107
"[14963, 15000]",35771
"[17351, 18959]",36691
"[17351, 18959]",94716
"[14737, 14793]",30827
"[14954, 14269, 14738, 16972]",32319
"[14194, 15982, 14347]",29078
"[14736, 14793]",35966
"[14736, 14758]",36951
"[15413, 14737]",33688
"[15893, 14955, 14024, 14604, 14275, 14914]",33077
"[15893, 15107, 15315, 14275]",33077
"[14187, 15002]",33688
"[14758, 14792]",36691
"[14954, 14604, 14738, 20212]",35970
"[17605, 14186]",36050
"[17693, 14186, 14955, 14275, 14608]",36540
"[17693, 14186, 14955, 14275, 14608]",35876
"[16510, 15413, 14737]",31477
"[16510, 15413, 14737]",36534
"[16510, 15413, 14737]",37002
"[14186, 14190, 14793]",36050
"[14802, 14737]",29402
"[14504, 14736, 14758]",28849
"[14504, 14736, 14758]",37619
"[15413, 14793]",37858
"[15413, 14793]",33686
"[14793, 16018]",31477
"[14793, 16018]",30827
"[14793, 16018]",31107
"[14793, 16018]",36534
"[14793, 16018]",37002
"[14793, 16018]",36691
"[14802, 14737]",33688
"[17351, 14719, 14954, 14793]",35771
"[17605, 15271, 14231]",28849
"[16510, 14737, 14793]",33688
"[17351, 14792, 15000]",35771
"[17524, 14954, 14604, 14780, 20212, 16972, 14320]",35982
"[14954, 16972]",35982
"[14713, 18959]",98797
"[14713, 18959]",83857
"[14713, 18959]",83855
"[14713, 18959]",84261
"[14713, 18959]",98663
"[14713, 18959]",95316
"[14713, 18959]",38290
"[14713, 18959]",98662
"[17359, 17883]",28552
"[15477, 14297]",33658
"[15271, 15413, 14187, 14231, 14975, 14758, 14793]",36512
"[14187, 14737, 14792]",31116
"[18959, 15857]",84261
"[18959, 15857]",98020
"[16226, 14954, 16972]",35982
"[14190, 14758]",28849
"[14911, 14808]",35761
"[14911, 14808]",27559
"[14911, 14808]",35669
"[14911, 14808]",36432
"[14944, 15836]",36035
"[14934, 14194, 14964, 14251, 16972]",37570
"[14934, 14194, 14964, 14251, 16972]",33635
"[14934, 14194, 14964, 14251, 16972]",35970
"[14934, 14194, 14964, 14251, 16972]",30494
"[14934, 14194, 14964, 14251, 16972]",28813
"[14934, 14194, 14964, 14251, 16972]",37576
"[14934, 14954, 14194, 14964, 14251, 14738, 16972]",37570
"[14934, 14954, 14194, 14964, 14251, 14738, 16972]",33635
"[14934, 14954, 14194, 14964, 14251, 14738, 16972]",35970
"[14934, 14954, 14194, 14964, 14251, 14738, 16972]",30494
"[14934, 14954, 14194, 14964, 14251, 14738, 16972]",28813
"[14934, 14954, 14194, 14964, 14251, 14738, 16972]",37576
"[14934, 14194, 14964, 14251, 14269]",37570
"[14934, 14194, 14964, 14251, 14269]",33635
"[14934, 14194, 14964, 14251, 14269]",35970
"[14934, 14194, 14964, 14251, 14269]",30494
"[14934, 14194, 14964, 14251, 14269]",28813
"[14934, 14194, 14964, 14251, 14269]",37576
"[14934, 17524, 14194, 14964, 14604, 14251, 14780, 20212]",37570
"[14934, 17524, 14194, 14964, 14604, 14251, 14780, 20212]",33635
"[14934, 17524, 14194, 14964, 14604, 14251, 14780, 20212]",35970
"[14934, 17524, 14194, 14964, 14604, 14251, 14780, 20212]",30494
"[14934, 17524, 14194, 14964, 14604, 14251, 14780, 20212]",28813
"[14934, 17524, 14194, 14964, 14604, 14251, 14780, 20212]",37576
"[14934, 14954, 14194, 14964, 14251, 14738]",37570
"[14934, 14954, 14194, 14964, 14251, 14738]",33635
"[14934, 14954, 14194, 14964, 14251, 14738]",35970
"[14934, 14954, 14194, 14964, 14251, 14738]",30494
"[14934, 14954, 14194, 14964, 14251, 14738]",28813
"[14934, 14954, 14194, 14964, 14251, 14738]",37576
"[14934, 14954, 14194, 14964, 14251]",37570
"[14934, 14954, 14194, 14964, 14251]",33635
"[14934, 14954, 14194, 14964, 14251]",35970
"[14934, 14954, 14194, 14964, 14251]",30494
"[14934, 14954, 14194, 14964, 14251]",28813
"[14934, 14954, 14194, 14964, 14251]",37576
"[14934, 14954, 14194, 14964, 14604, 14251]",37570
"[14934, 14954, 14194, 14964, 14604, 14251]",33635
"[14934, 14954, 14194, 14964, 14604, 14251]",35970
"[14934, 14954, 14194, 14964, 14604, 14251]",30494
"[14934, 14954, 14194, 14964, 14604, 14251]",28813
"[14934, 14954, 14194, 14964, 14604, 14251]",37576
"[14934, 14194, 14964, 14251]",37570
"[14934, 14194, 14964, 14251]",33635
"[14934, 14194, 14964, 14251]",35970
"[14934, 14194, 14964, 14251]",30494
"[14934, 14194, 14964, 14251]",28813
"[14934, 14194, 14964, 14251]",37576
"[14934, 14954, 14194, 14964, 14738, 16972]",35982
"[16226, 14194, 14269]",29078
"[16226, 14154, 14024, 14964, 14269, 14607]",94775
"[14294, 14299]",83904
"[16572, 14793]",36688
"[16690, 15836]",28262
"[14787, 16574, 16554]",35966
"[16226, 14740, 14954, 14955, 14275, 20212, 14320]",32531
"[16510, 14187]",29646
"[15077, 14606]",30494
"[15077, 14737, 14792]",97351
"[15077, 14737, 14792]",37314
"[15077, 14737, 14792]",35727
"[14793, 15017]",31116
"[14793, 15017]",36078
"[14793, 15017]",36480
"[14793, 15017]",36691
"[14793, 15017]",35966
"[16226, 14954, 14955, 14194, 14275, 14320]",35970
"[14737, 14792, 14373]",31116
"[14758, 14793]",36512
"[14785, 15302, 14320]",32593
"[14793, 15002]",35771
"[16226, 16753]",35970
"[14187, 14737, 14792]",33688
"[16510, 14186, 14802]",36621
"[16588, 14165, 14306, 15013]",28208
"[17728, 14997]",36691
"[17728, 14213]",36691
"[15077, 14954, 14024]",33635
"[15077, 14954, 14024]",35970
"[16972, 14868]",30222
"[16972, 14868]",33635
"[16972, 14868]",28813
"[16972, 14868]",33449
"[14194, 14251, 14738, 16972]",37570
"[14194, 14251, 14738, 16972]",33635
"[14194, 14251, 14738, 16972]",35970
"[14194, 14251, 14738, 16972]",30494
"[14194, 14251, 14738, 16972]",28813
"[14059, 15119, 15173]",38957
"[14173, 14176]",38957
"[14173, 14176]",83760
"[17605, 14758]",36416
"[14736, 14758]",36416
"[17351, 14736]",36691
"[17583, 17584, 14194, 14269]",29078
"[16226, 16558]",35651
"[14299, 18277]",28899
"[14961, 14284]",33658
"[14961, 14284]",36187
"[14961, 14284]",38043
"[14284, 14297]",38043
"[14284, 14297]",36187
"[14284, 14297]",33658
"[14186, 14802, 14793]",31116
"[14934, 14194, 14269, 14738, 16972]",30222
"[14934, 14194, 14269, 14738, 16972]",27452
"[14934, 14194, 14269, 14738, 16972]",33635
"[14934, 14194, 14269, 14738, 16972]",28813
"[14934, 14194, 14269, 14738, 16972]",33449
"[18759, 17211]",94757
"[18759, 17211]",39434
"[18759, 17211]",83852
"[18759, 17211]",83862
"[18759, 17211]",83853
"[18759, 17211]",98797
"[18759, 17211]",83857
"[18759, 17211]",83855
"[18759, 17211]",29361
"[18759, 17211]",84261
"[18759, 17211]",37576
"[18759, 17211]",96277
"[14964, 14251, 14738, 16972]",33635
"[14964, 14251, 14738, 16972]",35970
"[14964, 14251, 14738, 16972]",30494
"[14964, 14251, 14738, 16972]",28813
"[14153, 20336]",36712
"[14153, 20336]",35790
"[14937, 15446, 16222]",38437
"[14934, 14954, 16972]",28520
"[14934, 17112, 14954, 14964, 16972]",36906
"[14934, 17112, 14954, 14964, 16972]",33635
"[14934, 17112, 14954, 14964, 16972]",35970
"[14934, 17112, 14954, 14964, 16972]",30494
"[14934, 17112, 14954, 14964, 16972]",37615
"[14934, 17112, 14954, 14964, 16972]",28813
"[15176, 16018]",36906
"[14954, 16972]",35727
"[14793, 19343]",36534
"[14793, 19343]",31477
"[14793, 19343]",32623
"[14024, 14604, 14251, 14738, 16972]",33635
"[14024, 14604, 14251, 14738, 16972]",35970
"[14024, 14604, 14251, 14738, 16972]",30494
"[14024, 14604, 14251, 14738, 16972]",28813
"[15761, 14283]",37766
"[15277, 14662]",37765
"[15101, 14758]",36691
"[15101, 14758]",36075
"[14954, 14964, 14975, 16972]",37570
"[14954, 14964, 14975, 16972]",33635
"[14954, 14964, 14975, 16972]",35970
"[14954, 14964, 14975, 16972]",28813
"[17605, 14954]",36512
"[14737, 15481]",37196
"[16226, 14024]",27361
"[15077, 20212]",30494
"[15077, 20212]",98570
"[14138, 14181, 14218]",37805
"[14954, 14964]",36123
"[14954, 14964]",32099
"[14954, 14964]",33208
"[14954, 14964]",32986
"[16510, 15413, 14736, 14190]",36512
"[16510, 15413, 14736, 14190]",36766
"[16510, 14187, 14190]",36416
"[16510, 14187, 14190]",36757
"[17495, 16226]",33294
"[17351, 14719, 14758, 14793]",36691
"[17351, 14719, 14793]",36691
"[14934, 14954, 14964, 16972]",28465
"[14934, 14954, 14964, 16972]",30654
"[14934, 14954, 14964, 16972]",83871
"[14934, 14954, 14964, 16972]",32844
"[14934, 14954, 14964, 16972]",35982
"[14934, 14954, 14964, 16972]",36917
"[14934, 14954, 14964, 16972]",35650
"[15077, 18959]",96948
"[14783, 15104]",33664
"[14231, 20336]",33188
"[14793, 14373]",33688
"[14793, 14373]",31116
"[15820, 14153]",37805
"[16588, 14280, 15013]",33575
"[14024, 14793]",36688
"[16510, 14231, 14758]",36538
"[16510, 14736, 14758]",36538
"[14954, 15805, 14604]",35852
"[14954, 15805, 14604]",28520
"[16588, 15013]",33575
"[14737, 15481]",31477
"[14737, 15481]",35792
"[14737, 15481]",29173
"[14736, 14190, 21481]",84263
"[20336, 15012]",84143
"[20336, 15012]",37487
"[20336, 15012]",84303
"[14186, 14190]",29589
"[20169, 20311]",28849
"[16510, 14792]",29173
"[15805, 14780]",28520
"[17351, 15176]",36691
"[17351, 15176]",39751
"[14155, 15481]",31477
"[14155, 15481]",36498
"[14155, 15481]",36534
"[16510, 14737, 14792]",33688
"[14186, 15870, 14793]",36050
"[14186, 15870, 14793]",37781
"[14186, 15870, 14793]",35733
"[14231, 14793]",32924
"[14231, 14793]",37017
"[15477, 14297]",38044
"[14934, 14975]",36344
"[14186, 14802]",36000
"[16510, 15413, 14792]",36691
"[15413, 14758, 14793]",36512
"[17605, 16510, 14736, 14758]",36538
"[16510, 14793]",35966
"[16510, 14793]",36696
"[14954, 14194, 14251, 14738, 16972]",95114
"[14954, 14194, 14251, 14738, 16972]",30668
"[14954, 14194, 14251, 14738, 16972]",98797
"[14954, 14194, 14251, 14738, 16972]",83857
"[14954, 14194, 14251, 14738, 16972]",83855
"[14954, 14194, 14251, 14738, 16972]",39846
"[14954, 14194, 14251, 14738, 16972]",28813
"[14954, 14194, 14251, 14738, 16972]",38268
"[15419, 15473]",38100
"[15425, 15473]",38100
"[16510, 15176]",36906
"[16510, 15413, 14737]",31116
"[16510, 15413, 14737]",33688
"[15315, 17991]",33653
"[14802, 14737]",36691
"[15481, 20212]",30494
"[14954, 16972]",36344
"[17605, 14945]",84263
"[16588, 14306, 15013]",33575
"[14306, 15198]",28208
"[14140, 14161, 14223, 14999, 14323, 15001]",28313
"[14140, 14161, 14223, 14999, 14323, 15001]",83779
"[15149, 18959]",95114
"[15149, 18959]",98797
"[15149, 18959]",83857
"[15149, 18959]",83855
"[15149, 18959]",29361
"[15149, 18959]",84261
"[15149, 18959]",38268
"[15149, 18959]",28813
"[14793, 15857]",36881
"[16510, 14793]",36691
"[14737, 14792]",30827
"[14186, 14802]",30725
"[15077, 14320]",30494
"[14969, 15781]",83812
"[15414, 18959]",94959
"[15413, 14187]",36512
"[14719, 14954, 14190, 14275, 14792]",36691
"[14719, 14954, 14190, 14275]",36691
"[17605, 14231]",36578
"[17605, 14231]",36416
"[15101, 14190]",28849
"[15805, 14780]",33635
"[14944, 16690]",28552
"[14944, 16690]",36325
"[14944, 16690]",35823
"[17351, 15523]",36691
"[14256, 15853]",37805
"[15856, 14543]",94658
"[15856, 14543]",83903
"[15856, 15116]",94658
"[15856, 15116]",83903
"[14736, 14758]",36875
"[14736, 14758]",36959
"[14952, 14299]",28249
"[14181, 14209, 14256]",37805
"[14209, 14210, 14218]",37805
"[16510, 15481]",31477
"[16510, 15481]",36534
"[16510, 15481]",37002
"[14186, 14190, 14793]",36000
"[14934, 14954, 14194]",36344
"[14934, 14954, 14964, 16972]",94757
"[14934, 14954, 14964, 16972]",95114
"[14934, 14954, 14964, 16972]",98797
"[14934, 14954, 14964, 16972]",83857
"[14934, 14954, 14964, 16972]",83855
"[14934, 14954, 14964, 16972]",94959
"[14934, 14954, 14964, 16972]",37924
"[14934, 14954, 14964, 16972]",90237
"[14934, 14954, 14964, 16972]",99089
"[14934, 14954, 14964, 16972]",39846
"[14934, 14954, 14964, 16972]",98663
"[14934, 14954, 14964, 16972]",95316
"[14934, 14954, 14964, 16972]",38290
"[14934, 14954, 14964, 16972]",98020
"[14934, 14954, 14964, 16972]",96948
"[14934, 14954, 14964, 16972]",98662
"[15770, 14165]",33575
"[15770, 14165]",28208
"[16510, 14231]",32214
"[17524, 14604, 14780]",35970
"[15101, 14186, 14231]",31116
"[14140, 14161, 14223, 14999, 14323]",83779
"[15000, 15205]",35771
"[16588, 14165]",33575
"[15077, 15344]",37924
"[15077, 15344]",94719
"[15077, 15344]",98663
"[15077, 15344]",96718
"[15077, 15344]",84332
"[15077, 15344]",33077
"[15077, 15344]",37926
"[15077, 15344]",95316
"[15077, 15344]",38290
"[15077, 15344]",98662
"[15077, 15344]",32213
"[15092, 14186]",33688
"[14912, 15891]",28176
"[17112, 17524, 14954, 14604, 20212]",30494
"[17605, 14792]",37402
"[14954, 14964, 14604, 14975, 14738]",33635
"[14954, 14964, 14604, 14975, 14738]",35650
"[14954, 14964, 14604, 14975, 14738]",35760
"[14954, 14964, 14604, 14975, 14738]",97057
"[17524, 14954, 14964, 14604, 14975]",33635
"[17524, 14954, 14964, 14604, 14975]",35650
"[17524, 14954, 14964, 14604, 14975]",35760
"[17524, 14954, 14964, 14604, 14975]",97057
"[14209, 21788, 14484]",37805
"[16226, 14934, 14024, 14251]",32520
"[15000, 15205]",35786
"[16588, 14165, 14293, 15501]",28208
"[16510, 14187, 14802]",33688
"[15414, 15344]",83860
"[15414, 15344]",83857
"[15414, 15344]",83855
"[15414, 15344]",83859
"[15414, 15344]",29361
"[15414, 15344]",94836
"[15414, 15344]",30039
"[15414, 15344]",28502
"[15414, 15344]",28813
"[15414, 15344]",38268
"[15414, 15344]",27610
"[16753, 15414]",33635
"[16753, 15414]",28813
"[14155, 14186, 14190]",36050
"[14737, 14792]",36821
"[14737, 14792]",35584
"[14737, 14792]",36104
"[14737, 14792]",83816
"[16510, 14231]",35790
"[16753, 14024]",83871
"[14954, 14964, 14975, 16972]",32319
"[14186, 14231]",36001
"[14186, 14231]",35630
"[14187, 14975]",33643
"[15308, 15818]",27248
"[17558, 14150]",39835
"[14934, 14954, 14964, 14269, 16972]",33635
"[14934, 14954, 14964, 14269, 16972]",28813
"[15092, 14186, 14194]",30725
"[14934, 14954, 14964]",36344
"[14207, 15315, 14758]",36944
"[14758, 14793]",36534
"[14758, 14793]",31477
"[14758, 14793]",37002
"[14961, 14997]",36691
"[14736, 14758]",36001
"[16220, 16221]",28983
"[14184, 14326]",37805
"[14138, 14184, 14296]",37805
"[16510, 14736, 14793]",33688
"[14802, 14737]",36812
"[15413, 14802]",36812
"[16510, 14792]",35771
"[14792, 21498]",35771
"[14792, 21498]",36691
"[14788, 14426]",37805
"[14788, 14426]",33128
"[14736, 14793]",31116
"[14604, 14780, 18959]",94757
"[14604, 14780, 18959]",94895
"[14604, 14780, 18959]",39434
"[14604, 14780, 18959]",83852
"[14604, 14780, 18959]",83862
"[14604, 14780, 18959]",83853
"[14604, 14780, 18959]",98797
"[14604, 14780, 18959]",83857
"[14604, 14780, 18959]",83855
"[14604, 14780, 18959]",29361
"[14604, 14780, 18959]",94836
"[14604, 14780, 18959]",84261
"[14604, 14780, 18959]",84304
"[14604, 14780, 18959]",28502
"[14604, 14780, 18959]",94742
"[14604, 14780, 18959]",28813
"[14604, 14780, 18959]",28536
"[14604, 14780, 18959]",38268
"[14604, 14780, 18959]",33590
"[14604, 14780, 18959]",27610
"[14738, 20212, 14868]",36540
"[15101, 14954, 14604, 14284, 14606]",35778
"[15101, 14954, 14604, 14284, 14606]",33635
"[15101, 14954, 14604, 14284, 14606]",35970
"[15101, 14954, 14604, 14284, 14606]",33188
"[15101, 14954, 14604, 14284, 14606]",36540
"[14934, 14964, 14738, 20212, 16972]",33635
"[14934, 14964, 14738, 20212, 16972]",28813
"[14934, 14964, 14738, 20212, 16972]",98020
"[14934, 14964, 14738, 20212, 16972]",32844
"[14934, 14964, 14738, 20212, 16972]",39846
"[15462, 15781]",29402
"[15462, 15781]",35767
"[14713, 18959]",28502
"[14713, 18959]",38268
"[14792, 16018]",39750
"[14153, 18217]",33653
"[14186, 15686]",37196
"[15077, 19293]",30494
"[16510, 15413, 14736]",36959
"[16510, 15413, 14736]",36767
"[16588, 14284]",28208
"[16588, 14284]",33658
"[20336, 14737]",35790
"[15077, 14793]",33688
"[14604, 14737]",29173
"[14802, 14737]",29173
"[20405, 20570]",83848
"[17351, 16510, 14793]",36691
"[20472, 15496]",36266
"[14194, 14961, 15563]",29078
"[16510, 14954, 14275, 14758, 14793]",36691
"[17351, 14737, 14792, 15000]",35771
"[14737, 14792, 15000]",35771
"[16510, 14187]",31116
"[14836, 14944, 14276]",36035
"[14944, 14276, 15609]",36035
"[14954, 14780]",35852
"[14954, 14780]",35650
"[14954, 14780]",28465
"[14954, 14780]",29161
"[14954, 14780]",33236
"[17359, 14194]",38024
"[14792, 18959]",94716
"[15077, 14194, 14251]",35760
"[15413, 14802]",35970
"[15893, 15107, 15315, 14275]",35970
"[14187, 21643]",31116
"[17351, 14793, 15002]",36691
"[14194, 15805, 14780]",33635
"[15002, 17992]",33643
"[14792, 15002]",35771
"[14736, 19591]",36634
"[14186, 14802]",37402
"[14320, 17211]",30494
"[14269, 16972, 14868]",33635
"[14269, 16972, 14868]",28813
"[15077, 16753, 14320]",30494
"[14934, 14954, 16972]",35982
"[14934, 14954, 16972]",35852
"[14934, 14954, 16972]",28813
"[16510, 15413, 14793]",33688
"[18192, 14516]",28849
"[15077, 14954, 14955, 14030, 14275, 17773]",35884
"[15077, 14954, 14955, 14030, 14275, 17773]",35651
"[14206, 14426]",83851
"[15419, 14206]",83851
"[15413, 14186]",36959
"[17495, 16226, 14954, 16972]",35982
"[14184, 14326]",35584
"[16226, 14154, 14269, 14607]",29182
"[15077, 15092, 14608]",94799
"[15077, 15092, 14608]",32866
"[15077, 15092, 14608]",95139
"[15277, 15281, 14662]",37743
"[14954, 14194, 14251, 14975, 14868]",32520
"[14954, 14194, 14251, 14975, 14868]",95304
"[14954, 14194, 14251, 14868]",32520
"[14954, 14194, 14251, 14868]",95304
"[14153, 15414]",28520
"[14153, 15414]",28813
"[14153, 15414]",33635
"[14737, 19343]",36534
"[14737, 19343]",36498
"[14737, 19343]",31477
"[15077, 15149]",28520
"[14802, 14737]",37017
"[15413, 14802]",33688
"[16285, 15805, 14964, 15134, 20212]",30664
"[16285, 15805, 14964, 15134, 20212]",28304
"[16285, 15805, 14964, 15134, 20212]",31661
"[16285, 15805, 14964, 15134, 20212]",27896
"[16285, 15805, 14964, 15134, 20212]",32680
"[16285, 15805, 14964, 15134, 20212]",28866
"[16285, 15805, 14964, 15134, 20212]",27167
"[15077, 19293]",94895
"[15077, 19293]",39434
"[15077, 19293]",83860
"[15077, 19293]",83862
"[15077, 19293]",83852
"[15077, 19293]",83857
"[15077, 19293]",83855
"[15077, 19293]",83859
"[15077, 19293]",83853
"[15077, 19293]",32256
"[14695, 15584]",32847
"[14605, 14276]",36035
"[17495, 16226]",35970
"[17495, 16226]",33635
"[17495, 16226]",37134
"[14961, 15781]",38437
"[14024, 14791, 15612]",35966
"[15769, 15609]",36035
"[15769, 14276, 15609]",36035
"[14187, 14802]",31116
"[20215, 15218]",29945
"[20215, 15218]",36050
"[20215, 15218]",35970
"[20215, 15218]",27277
"[14231, 14737]",31116
"[14792, 15205]",35771
"[14792, 15000, 15205]",35771
"[14737, 14792, 15205]",35771
"[17524, 15092, 15413, 14954, 14604]",33077
"[17524, 15092, 15413, 14954, 14604]",35970
"[16572, 16468, 14787, 15143]",35966
"[14186, 14604]",29173
"[14186, 15276]",29173
"[14187, 14793]",31116
"[14945, 14737, 14792]",31477
"[15414, 18959]",32256
"[15414, 18959]",39434
"[15414, 18959]",28502
"[15414, 18959]",28813
"[15414, 18959]",32849
"[15414, 18959]",32844
"[14187, 14204]",36678
"[16510, 14187]",36678
"[16510, 14187, 14190, 14792]",36050
"[16510, 14187, 14190, 14737, 14792]",29402
"[15413, 14802]",36050
"[15315, 20336]",35727
"[14306, 15198]",33575
"[15769, 14162, 14276]",36035
"[16510, 14736, 14758]",36514
"[16753, 15012]",96948
"[14945, 17211]",37600
"[14945, 17211]",33672
"[14758, 17211]",36578
"[17351, 14954]",35771
"[14186, 14231, 15002]",29402
"[14186, 14190, 14793]",29375
"[14186, 14190, 14793]",37554
"[15101, 14187]",36050
"[15077, 14320, 17211]",30494
"[15077, 17211]",30494
"[14190, 14793]",36750
"[14190, 14793]",39751
"[14186, 14190]",36750
"[14186, 14190]",39751
"[14186, 14793]",36750
"[14186, 14793]",39751
"[14186, 17719]",36050
"[14186, 17719]",29375
"[17536, 14114]",33632
"[15413, 21061]",36512
"[16588, 14161, 14979, 14830]",28313
"[16588, 14161, 14979, 14830]",83779
"[14944, 15609]",36035
"[14975, 15002]",33672
"[16510, 14802, 14737]",31116
"[14694, 17351, 17112, 14954, 14275, 14320, 14793, 15000]",36691
"[14231, 20336]",35786
"[14231, 20336]",31067
"[16510, 14186, 14187, 14793]",36050
"[16510, 14186, 14187, 14793]",39672
"[16510, 14186, 14187, 14793]",36944
"[16510, 14186, 14187, 14793]",33653
"[16510, 14997]",36691
"[16510, 14997]",35771
"[16510, 15474]",36691
"[16510, 15474]",35771
"[14793, 15176]",31116
"[14251, 14975]",28520
"[14251, 14975]",30654
"[14251, 14975]",35982
"[14251, 14975]",28813
"[14194, 14251]",28520
"[14194, 14251]",30654
"[14194, 14251]",35982
"[14194, 14251]",28813
"[14194, 16232]",29078
"[16510, 14737, 14792]",37002
"[16510, 14737, 14792]",36534
"[16285, 14738, 16972]",28921
"[16285, 14738, 16972]",33003
"[17605, 14187]",31116
"[15413, 14736, 14758]",36512
"[14737, 14792, 15012]",36876
"[14737, 14792, 15012]",39603
"[14155, 14186, 14802]",33688
"[14954, 16972, 16229]",35982
"[20478, 20851]",83800
"[20478, 14484]",83800
"[14218, 20851]",83800
"[14504, 14320]",36634
"[14186, 14737, 14792]",30827
"[14154, 14287, 14297]",33609
"[14736, 14758]",36000
"[14024, 15526]",99947
"[15428, 14187]",31116
"[17351, 14975]",36691
"[17728, 14277, 16581]",36691
"[14277, 16581]",36691
"[14213, 16581]",36691
"[14954, 15805]",90237
"[14954, 15805]",35867
"[14954, 15805]",35852
"[14231, 14606]",32214
"[14231, 14606]",35786
"[16753, 15315]",33653
"[15277, 20416]",37752
"[15443, 14602]",39832
"[15443, 14602]",83989
"[15443, 14602]",35543
"[15413, 14186, 14737]",31116
"[15413, 14186, 14737]",33688
"[15413, 14186, 14737]",35612
"[15413, 14186, 14737]",36812
"[15413, 14186, 14737]",27626
"[14190, 15344]",33672
"[16226, 15077, 14954, 14320]",35650
"[16226, 15077, 14954, 14320]",35651
"[14153, 14713]",28520
"[15096, 15455]",33635
"[15096, 15455]",35970
"[14186, 14802]",29945
"[14186, 14802]",36750
"[17495, 15072, 14207]",33635
"[17495, 14207]",33635
"[17536, 17537]",33632
"[17536, 17537]",33635
"[17536, 17537]",35970
"[17536, 17537]",27277
"[17536, 17537]",30494
"[17536, 17537]",35767
"[14277, 20311]",36075
"[15077, 14737]",37480
"[15077, 14737]",36766
"[14954, 16972, 14791]",35982
"[14024, 15025]",33672
"[14024, 15025]",36688
"[14024, 14791]",33672
"[14024, 14791]",36688
"[14190, 14758]",37858
"[14945, 14186, 14604]",33688
"[16510, 15413, 14190]",36512
"[16510, 15413, 14736]",31477
"[16510, 15413, 14736]",36534
"[16510, 15413, 14736]",32623
"[14663, 14945]",37600
"[14663, 14945]",33653
"[14802, 14373]",33688
"[14802, 14373]",31116
"[15308, 14610]",38957
"[14192, 15308, 14610]",38957
"[16588, 15501]",28208
"[14579, 14662]",83799
"[14737, 14792, 15344]",31477
"[14737, 14792, 15344]",35732
"[14737, 14792, 15344]",36534
"[14737, 14792, 15344]",31756
"[14780, 15149]",33635
"[14780, 15149]",28465
"[16226, 15077]",32213
"[15271, 14190]",29589
"[15805, 14964, 14251, 20212, 14868]",32520
"[15805, 14964, 14251, 20212, 14868]",33635
"[15805, 14964, 14251, 20212, 14868]",28813
"[14737, 14608, 14792]",35790
"[14737, 14608, 14792]",36932
"[14737, 14608, 14792]",31477
"[14737, 14608, 14792]",36626
"[14737, 14608, 14792]",28920
"[14161, 14223, 14999]",28313
"[14161, 14223, 14999]",83779
"[14719, 14793]",36691
"[14954, 14030, 14273]",94775
"[14964, 14030]",94775
"[15077, 14793]",36050
"[14934, 14604, 14320]",29161
"[15769, 16360]",33678
"[15769, 16360]",38388
"[15770, 16588, 14165]",33575
"[15770, 16588, 14165]",28208
"[14190, 14510]",28849
"[14127, 21498]",33641
"[14127, 21498]",32272
"[14127, 21498]",35468
"[14738, 20212]",30494
"[16226, 14604]",33635
"[14186, 14187]",31107
"[15280, 19599]",89218
"[15280, 19599]",36748
"[15280, 19599]",33188
"[15280, 19599]",33715
"[16510, 15077]",39750
"[16510, 15077]",35970
"[16510, 15077]",30494
"[15427, 14185, 14205, 18313, 20618]",33588
"[20212, 16972]",33643
"[14954, 16972]",33643
"[17495, 17351]",36691
"[14954, 14964, 14251]",35760
"[14954, 14737, 14868]",36772
"[16855, 15480]",27921
"[14719, 14954, 14190, 14792]",35771
"[14719, 14954, 14190, 14792, 15000]",35771
"[15413, 15481]",31477
"[20212, 16972]",36691
"[17605, 14736, 14758]",29402
"[14783, 16550]",35761
"[14783, 16550]",94657
"[14185, 20618]",35548
"[14185, 20618]",98541
"[14793, 17211]",31477
"[17112, 14719, 14954, 14190, 14793]",36691
"[17112, 14719, 14954, 14190, 14792]",36691
"[15416, 16506]",38242
"[15416, 16506]",83779
"[15416, 16506]",83763
"[15413, 14793]",33688
"[16468, 14817]",36691
"[14719, 14954, 14737, 14793]",36691
"[17728, 14606]",30494
"[20393, 16511]",28869
"[15281, 14662, 14306]",83799
"[15082, 14161, 14952, 14223, 14299, 15148, 14999]",37573
"[14937, 15446]",38436
"[14954, 14955, 14024, 15315, 14030]",35970
"[14954, 14955, 14024, 14030, 14914]",35970
"[14736, 14231, 14758]",35724
"[14213, 14277]",36691
"[14770, 14510]",83824
"[14802, 15176]",33688
"[16510, 14737, 14792, 15002]",33688
"[16510, 14737, 14792]",33653
"[14251, 14975]",28552
"[14251, 14975, 20916]",28552
"[15087, 15441]",38957
"[15087, 15441]",32033
"[14223, 16878]",28313
"[14184, 14319]",37805
"[16510, 14945]",35792
"[16510, 14945]",36534
"[16510, 14945]",32623
"[15413, 14736]",39153
"[15285, 15804]",37722
"[16226, 16285]",33635
"[14024, 17040]",35966
"[14758, 15000]",35771
"[15481, 15000]",35771
"[17605, 14231]",36480
"[17605, 14231]",36538
"[15856, 14968, 14321, 15173]",32933
"[15856, 14968, 14321, 15173]",37753
"[15856, 14968, 14321, 15173]",30035
"[15425, 14286]",28780
"[17728, 19663]",29614
"[14793, 14794]",97007
"[14736, 14758]",38386
"[14187, 14758]",36512
"[14184, 15130, 15536]",37805
"[20336, 14373]",32214
"[20336, 14373]",84303
"[14955, 14275, 14320]",30494
"[15077, 14275, 14320]",30494
"[15092, 15413]",33688
"[16510, 14187]",37017
"[16510, 14187]",35993
"[16510, 15000]",35771
"[17605, 14736, 14758]",28849
"[17605, 14736, 14758]",39751
"[14792, 14456]",39750
"[14792, 14456]",35771
"[14954, 14194, 14251, 14738]",98797
"[14954, 14194, 14251, 14738]",83857
"[14954, 14194, 14251, 14738]",83855
"[14954, 14194, 14251, 14738]",39846
"[14954, 14194, 14251, 14738]",28813
"[14954, 14194, 14251, 14738]",28536
"[14954, 14194, 14251, 14738]",33590
"[14954, 14194, 14251, 14738]",27610
"[14954, 14194, 14251, 14738]",83871
"[16510, 14954, 14275, 14793]",35771
"[17351, 16510, 14737, 14793]",35771
"[17495, 17112, 14954, 14738]",33635
"[15413, 14186, 14737, 14793]",33688
"[15769, 14200]",36035
"[14186, 14802]",29173
"[14186, 14802]",37196
"[14736, 14231]",29945
"[17605, 14793]",36688
"[16510, 15298, 14190]",33672
"[16510, 14758]",33672
"[14251, 14738, 16972]",37570
"[14251, 14738, 16972]",33635
"[14251, 14738, 16972]",35970
"[14251, 14738, 16972]",30494
"[14251, 14738, 16972]",28813
"[14945, 15413, 14186]",33688
"[16588, 15555]",28208
"[15770, 16588]",28208
"[17495, 14606, 14793]",36688
"[14186, 14373]",36050
"[16226, 14954, 14955, 14024, 14275]",35970
"[17495, 14787]",35966
"[16375, 19324]",84168
"[14155, 14961]",31116
"[18756, 15148]",38957
"[14186, 14961, 14231]",29173
"[15413, 14186]",31116
"[15413, 14736]",31116
"[14737, 14793]",35792
"[15413, 14792]",31116
"[16285, 19250]",35970
"[16285, 19250]",33635
"[14758, 14792]",29402
"[14737, 14792]",29173
"[16572, 16468]",97007
"[14186, 14758, 14793]",29945
"[14719, 14736, 14758]",29945
"[14186, 14758]",29945
"[17360, 14954, 14269, 16972]",33552
"[17360, 14954, 14269, 16972]",36344
"[16285, 14954, 16972]",33552
"[16285, 14954, 16972]",36344
"[14954, 14275, 15539]",36691
"[14543, 15148]",94658
"[16510, 15413, 14802]",31116
"[15413, 14736]",36512
"[14187, 15176]",33688
"[14275, 14793]",35966
"[14793, 14373]",36678
"[14024, 14793, 15176]",97007
"[14024, 14793, 15176]",35966
"[15289, 15494]",32505
"[16510, 14277]",99946
"[16510, 14277]",36691
"[14945, 15413, 14737]",31756
"[17605, 14190, 15134]",36050
"[17605, 14190, 15134]",35719
"[17605, 14190, 15134]",36133
"[17605, 14190, 15134]",36051
"[17605, 14190, 15134]",36370
"[17605, 14190, 15134]",37554
"[14024, 15367]",83871
"[15289, 14285]",36088
"[17351, 16510, 14719, 14954, 14793]",36691
"[14945, 14759]",29646
"[14945, 15481]",37196
"[14945, 15481]",31116
"[16510, 14975]",36634
"[17407, 14936, 14215, 14226, 16036]",27618
"[17407, 14936, 14215, 14226, 16036]",35471
"[17407, 14936, 14215, 14226, 16036]",38813
"[17407, 14936, 14215, 14226, 16036]",31307
"[17407, 14936, 14215, 14226, 16036]",35457
"[14964, 14251]",28552
"[17360, 17112, 15805, 14738]",28465
"[17360, 17112, 15805, 14738]",28813
"[17360, 17112, 15805, 14738]",35982
"[14738, 16972]",28813
"[14738, 16972]",33635
"[14738, 16972]",28465
"[16510, 14231, 14758]",28849
"[15770, 16588]",33575
"[15277, 17537, 14662]",37743
"[15277, 17537, 14662]",37805
"[14186, 14608, 14792]",35790
"[14186, 14608, 14792]",31477
"[14186, 14608, 14792]",36626
"[17351, 15000]",36691
"[14305, 15143]",36688
"[15413, 15020]",36766
"[14694, 16226, 14736, 14780, 16972]",33635
"[16753, 14320]",35884
"[14208, 14996]",31531
"[14208, 14996]",39704
"[14208, 14996]",97428
"[14208, 14996]",31395
"[17351, 14792]",36691
"[19324, 15366]",37722
"[15413, 14736]",36890
"[14018, 14272, 14034]",37617
"[16226, 17360]",35970
"[16226, 17360]",33635
"[14194, 15324, 16232]",29078
"[17495, 14791]",36688
"[15501, 14328]",28208
"[16753, 14024, 20212]",30494
"[20212, 14320]",30494
"[14954, 14738, 16972]",38011
"[14155, 14320, 14793]",31756
"[14320, 14793]",31756
"[14713, 18959]",95114
"[14713, 18959]",28813
"[14961, 15477]",36187
"[15971, 14950]",83933
"[14997, 14373]",36691
"[16753, 15781, 14320]",30494
"[17727, 17728]",30494
"[17727, 17728]",36075
"[16468, 15143, 14793]",35966
"[16753, 14954]",35898
"[16753, 14954]",36503
"[17112, 15804, 14780]",33635
"[14186, 14737]",36691
"[15077, 15012]",30494
"[14736, 14758]",36634
"[17351, 14793]",35771
"[20336, 14347]",35790
"[14954, 14275, 14792, 15000]",36772
"[17351, 14954, 14275, 14792]",36772
"[17351, 14954, 14275, 14792, 15000]",36772
"[14194, 18416]",29078
"[14954, 14964, 14975, 16972, 18277]",28921
"[15285, 15366]",37722
"[15284, 15285]",37722
"[14284, 14297]",33575
"[14284, 14297]",38928
"[16510, 15002]",33643
"[16510, 14736, 14792]",37002
"[16226, 15077, 14933]",32213
"[20393, 14320, 16511]",28869
"[15284, 14269]",84168
"[15284, 14961]",37722
"[14504, 14736, 14231, 14320]",28849
"[14504, 14736, 14231, 14320]",37619
"[14030, 15179]",95670
"[16226, 16227]",35970
"[14945, 15413, 14758]",36691
"[17351, 14954, 14793]",36691
"[14954, 14793]",36691
"[14736, 17040]",84263
"[14783, 15124]",32933
"[14209, 14286]",32505
"[14209, 14286]",84072
"[14209, 14286]",37805
"[14138, 14286]",32505
"[14138, 14286]",84072
"[14138, 14286]",37805
"[15315, 15002]",33653
"[16226, 19250, 14738]",35760
"[14758, 15000]",84130
"[14153, 15414]",37619
"[16226, 14954, 19250]",35970
"[14186, 15107, 15315, 18216]",35727
"[14694, 16226, 14954, 14955, 14024, 14780, 14275, 14791]",35884
"[14954, 14275, 14793, 17528]",36691
"[17495, 16226, 17112, 14604, 14608]",35970
"[16226, 17112, 14604, 14608]",35970
"[14719, 14954, 14190, 14792, 15176]",36691
"[14186, 17711]",36050
"[14186, 17711]",29375
"[14954, 14955, 14604]",36780
"[14955, 14604, 14737]",36780
"[15856, 17889]",84229
"[17605, 14186, 14190, 14793]",36050
"[15154, 17040]",35790
"[15805, 14780]",28813
"[14694, 17112, 14024, 15414, 14793]",35966
"[14694, 17112, 14024, 15414, 14793]",36075
"[14736, 14802]",36050
"[14604, 15346]",36748
"[16510, 14793]",36534
"[16510, 14793]",31477
"[16510, 14793]",36170
"[16226, 15893, 15107, 15315, 14275]",35970
"[14628, 15101, 20336, 14758]",83826
"[14628, 15101, 20336, 14758]",32214
"[14628, 15101, 20336, 14758]",36492
"[14628, 15101, 20336, 14758, 15154]",83826
"[14628, 15101, 20336, 14758, 15154]",32214
"[14628, 15101, 20336, 14758, 15154]",36492
"[14628, 15101, 14758, 15154]",83826
"[14628, 15101, 14758, 15154]",32214
"[14628, 15101, 14758, 15154]",36492
"[14186, 14737, 14792]",35784
"[14802, 14373]",36240
"[16510, 14186, 14194, 15107, 14275]",31756
"[14738, 16972]",35760
"[19250, 14194, 14251]",33635
"[19250, 14194, 14251]",35970
"[17360, 14964, 14975]",35760
"[17360, 14964, 14975]",28813
"[17360, 14964, 14975]",33635
"[17360, 14964, 14975]",35970
"[15302, 14986]",37805
"[15302, 14986]",35573
"[15077, 14024, 20212]",30494
"[14737, 14792]",32622
"[17434, 15095]",36026
"[17434, 15095]",83830
"[14186, 14190, 14793]",94956
"[14186, 14190, 14793]",36133
"[17605, 14186, 14190, 14793]",94956
"[17605, 14186, 14190, 14793]",36133
"[14954, 16972]",36197
"[14186, 14758]",29402
"[14945, 14186]",31107
"[14141, 14330]",83761
"[16226, 15077, 16972, 14791, 14320]",33294
"[15302, 14844]",37835
"[15441, 14544]",32033
"[15441, 14544]",84229
"[16510, 14186, 14792]",32623
"[16510, 14186, 14792]",83816
"[14186, 14608, 14792]",36186
"[16572, 16468, 14787, 15272, 15143, 15012]",36696
"[16572, 16468, 14787, 15272, 15143, 15012]",97007
"[15077, 20336]",35790
"[15077, 20336]",33653
"[15413, 15107, 14024, 14275]",33077
"[15092, 15000]",36691
"[14153, 14604]",35789
"[14153, 14604]",37619
"[14186, 14190, 14737, 14792, 14793, 17711]",36678
"[14737, 14792, 17711]",36678
"[14934, 14911, 14954, 14194, 14604, 14251, 14975, 14738, 16972]",37570
"[14934, 14911, 14954, 14194, 14604, 14251, 14975, 14738, 16972]",32520
"[14934, 14911, 14954, 14194, 14604, 14251, 14975, 14738, 16972]",33635
"[14934, 14911, 14954, 14194, 14604, 14251, 14975, 14738, 16972]",35970
"[14934, 14911, 14954, 14194, 14604, 14251, 14975, 14738, 16972]",30494
"[14934, 14911, 14954, 14194, 14604, 14251, 14975, 14738, 16972]",28813
"[14934, 14911, 14954, 14194, 14604, 14251, 14975, 14738, 16972]",37576
"[20486, 14934, 14954, 14194, 14604, 14251, 14975, 14738, 16972]",37570
"[20486, 14934, 14954, 14194, 14604, 14251, 14975, 14738, 16972]",32520
"[20486, 14934, 14954, 14194, 14604, 14251, 14975, 14738, 16972]",33635
"[20486, 14934, 14954, 14194, 14604, 14251, 14975, 14738, 16972]",35970
"[20486, 14934, 14954, 14194, 14604, 14251, 14975, 14738, 16972]",30494
"[20486, 14934, 14954, 14194, 14604, 14251, 14975, 14738, 16972]",28813
"[20486, 14934, 14954, 14194, 14604, 14251, 14975, 14738, 16972]",37576
"[16510, 14737, 14792]",30827
"[14186, 14604, 14737, 14793]",35966
"[16572, 15143]",36688
"[16572, 15143, 14793]",36688
"[14729, 14607, 14792, 14320]",30827
"[15315, 15036]",33653
"[16226, 14194, 14780]",35970
"[15413, 14187]",33688
"[15417, 14144]",33593
"[14606, 14759]",29646
"[15281, 16510, 15107]",33643
"[14737, 14792]",37334
"[20336, 15176]",33653
"[14187, 15002, 20254]",33643
"[15481, 15012]",35773
"[15769, 14944]",36035
"[15769, 14944]",83803
"[15072, 20336]",33653
"[16753, 14320, 18771]",30494
"[16510, 14187, 20336]",32214
"[16510, 14187, 20336]",84303
"[14184, 14254, 14326]",37805
"[14184, 14254, 14326, 15536, 15859]",37805
"[16226, 16285, 14954, 16972]",35970
"[16226, 14954, 16972]",35970
"[14736, 14190, 14793]",35749
"[20336, 19027]",35727
"[20336, 19027]",36691
"[20336, 19027]",31477
"[20336, 19027]",32623
"[20336, 19027]",36534
"[20336, 19027]",29646
"[14945, 15481]",31477
"[17605, 14190]",36416
"[20336, 14606, 15154]",35790
"[20336, 14606, 15154]",33653
"[14186, 20336, 14793]",35727
"[14802, 15000]",33688
"[16588, 15201]",28208
"[15781, 14399]",36187
"[14181, 14210]",37805
"[16226, 14604, 14737, 14608, 18771]",35884
"[16226, 14604, 14737, 14608, 18771]",35650
"[16510, 14153]",37619
"[14320, 19281]",31477
"[14320, 19281]",37600
"[14320, 19281]",33688
"[14320, 19281]",29173
"[14320, 19281]",35970
"[20433, 14602]",33216
"[15148, 19267]",38957
"[15413, 14186, 14792]",35616
"[15425, 14187]",33688
"[16510, 14187]",33688
"[16226, 14740]",35982
"[14320, 14793, 16517]",36240
"[14320, 14793, 16517]",33688
"[14187, 14793]",29646
"[16510, 14945, 14737, 14792]",31116
"[14934, 14964, 14604, 14738]",33635
"[14934, 14964, 14604, 14738]",28813
"[14604, 14780, 14738, 15149]",33635
"[14263, 15166, 14036]",37617
"[15277, 14662, 14375]",37743
"[16226, 16753, 16972]",35982
"[15077, 14945]",30494
"[14604, 14737]",98797
"[14604, 14737]",83857
"[14604, 14737]",83855
"[14604, 14737]",94959
"[14604, 14737]",90237
"[14604, 14737]",99089
"[14604, 14737]",39005
"[14604, 14737]",98663
"[14604, 14737]",84251
"[14604, 14737]",96718
"[14604, 14737]",84107
"[14604, 14737]",37615
"[14604, 14737]",98378
"[14604, 14737]",95316
"[14604, 14737]",38290
"[14604, 14737]",96948
"[14604, 14737]",37902
"[14604, 14737]",98662
"[14604, 14737]",95552
"[14604, 14737]",32213
"[17524, 14954, 14604]",98797
"[17524, 14954, 14604]",83857
"[17524, 14954, 14604]",83855
"[17524, 14954, 14604]",94959
"[17524, 14954, 14604]",90237
"[17524, 14954, 14604]",99089
"[17524, 14954, 14604]",39005
"[17524, 14954, 14604]",98663
"[17524, 14954, 14604]",84251
"[17524, 14954, 14604]",96718
"[17524, 14954, 14604]",84107
"[17524, 14954, 14604]",37615
"[17524, 14954, 14604]",98378
"[17524, 14954, 14604]",95316
"[17524, 14954, 14604]",38290
"[17524, 14954, 14604]",96948
"[17524, 14954, 14604]",37902
"[17524, 14954, 14604]",98662
"[17524, 14954, 14604]",95552
"[17524, 14954, 14604]",32213
"[14954, 14604, 14737, 20212, 14868]",98797
"[14954, 14604, 14737, 20212, 14868]",83857
"[14954, 14604, 14737, 20212, 14868]",83855
"[14954, 14604, 14737, 20212, 14868]",94959
"[14954, 14604, 14737, 20212, 14868]",90237
"[14954, 14604, 14737, 20212, 14868]",99089
"[14954, 14604, 14737, 20212, 14868]",39005
"[14954, 14604, 14737, 20212, 14868]",98663
"[14954, 14604, 14737, 20212, 14868]",84251
"[14954, 14604, 14737, 20212, 14868]",96718
"[14954, 14604, 14737, 20212, 14868]",84107
"[14954, 14604, 14737, 20212, 14868]",37615
"[14954, 14604, 14737, 20212, 14868]",98378
"[14954, 14604, 14737, 20212, 14868]",95316
"[14954, 14604, 14737, 20212, 14868]",38290
"[14954, 14604, 14737, 20212, 14868]",96948
"[14954, 14604, 14737, 20212, 14868]",37902
"[14954, 14604, 14737, 20212, 14868]",98662
"[14954, 14604, 14737, 20212, 14868]",95552
"[14954, 14604, 14737, 20212, 14868]",32213
"[14954, 14737, 14868]",98797
"[14954, 14737, 14868]",83857
"[14954, 14737, 14868]",83855
"[14954, 14737, 14868]",94959
"[14954, 14737, 14868]",90237
"[14954, 14737, 14868]",99089
"[14954, 14737, 14868]",39005
"[14954, 14737, 14868]",98663
"[14954, 14737, 14868]",84251
"[14954, 14737, 14868]",96718
"[14954, 14737, 14868]",84107
"[14954, 14737, 14868]",37615
"[14954, 14737, 14868]",98378
"[14954, 14737, 14868]",95316
"[14954, 14737, 14868]",38290
"[14954, 14737, 14868]",96948
"[14954, 14737, 14868]",37902
"[14954, 14737, 14868]",98662
"[14954, 14737, 14868]",95552
"[14954, 14737, 14868]",32213
"[14954, 14738]",98797
"[14954, 14738]",83857
"[14954, 14738]",83855
"[14954, 14738]",94959
"[14954, 14738]",90237
"[14954, 14738]",99089
"[14954, 14738]",39005
"[14954, 14738]",98663
"[14954, 14738]",84251
"[14954, 14738]",96718
"[14954, 14738]",84107
"[14954, 14738]",37615
"[14954, 14738]",98378
"[14954, 14738]",95316
"[14954, 14738]",38290
"[14954, 14738]",96948
"[14954, 14738]",37902
"[14954, 14738]",98662
"[14954, 14738]",95552
"[14954, 14738]",32213
"[16510, 15413, 14186]",33688
"[14736, 14758, 15000]",36538
"[15820, 15130, 14326, 15536, 15566, 15859]",37805
"[14186, 14604, 15367]",37196
"[15101, 14954]",36534
"[15101, 14954]",37002
"[15077, 16720]",35851
"[15077, 16720]",95316
"[15077, 16720]",38290
"[15111, 14244]",83917
"[15111, 14244]",38066
"[16753, 14606, 14320]",30494
"[14737, 14792, 17040]",33688
"[14604, 14737, 20212]",33188
"[15413, 15367]",36512
"[16753, 14954, 14024]",30494
"[17605, 14231, 15205]",36538
"[14954, 19250]",35970
"[16572, 16468, 15143]",35966
"[16572, 16468, 15143]",37747
"[14024, 15492, 14793]",99947
"[14024, 15492, 14793]",97007
"[14961, 14284]",36325
"[17351, 14792]",37334
"[14963, 14241, 14244]",36691
"[14945, 14780, 15149]",28465
"[14945, 14780, 15149]",28813
"[16226, 16753, 16972]",37397
"[14934, 14194, 14964, 14251, 14975, 20212, 16972]",37570
"[14934, 14194, 14964, 14251, 14975, 20212, 16972]",32520
"[14934, 14194, 14964, 14251, 14975, 20212, 16972]",33635
"[14934, 14194, 14964, 14251, 14975, 20212, 16972]",35970
"[14934, 14194, 14964, 14251, 14975, 20212, 16972]",30494
"[14934, 14194, 14964, 14251, 14975, 20212, 16972]",28813
"[14934, 14194, 14964, 14251, 14975, 20212, 16972]",39579
"[14934, 14194, 14964, 14251, 14975, 20212, 16972]",35767
"[14934, 14194, 14964, 14251, 14975, 14738, 16972]",37570
"[14934, 14194, 14964, 14251, 14975, 14738, 16972]",32520
"[14934, 14194, 14964, 14251, 14975, 14738, 16972]",33635
"[14934, 14194, 14964, 14251, 14975, 14738, 16972]",35970
"[14934, 14194, 14964, 14251, 14975, 14738, 16972]",30494
"[14934, 14194, 14964, 14251, 14975, 14738, 16972]",28813
"[14934, 14194, 14964, 14251, 14975, 14738, 16972]",39579
"[14934, 14194, 14964, 14251, 14975, 14738, 16972]",35767
"[14934, 14194, 14964, 14251, 14975, 16972]",37570
"[14934, 14194, 14964, 14251, 14975, 16972]",32520
"[14934, 14194, 14964, 14251, 14975, 16972]",33635
"[14934, 14194, 14964, 14251, 14975, 16972]",35970
"[14934, 14194, 14964, 14251, 14975, 16972]",30494
"[14934, 14194, 14964, 14251, 14975, 16972]",28813
"[14934, 14194, 14964, 14251, 14975, 16972]",39579
"[14934, 14194, 14964, 14251, 14975, 16972]",35767
"[14934, 14954, 14194, 14964, 14251, 14975, 14738]",37570
"[14934, 14954, 14194, 14964, 14251, 14975, 14738]",32520
"[14934, 14954, 14194, 14964, 14251, 14975, 14738]",33635
"[14934, 14954, 14194, 14964, 14251, 14975, 14738]",35970
"[14934, 14954, 14194, 14964, 14251, 14975, 14738]",30494
"[14934, 14954, 14194, 14964, 14251, 14975, 14738]",28813
"[14934, 14954, 14194, 14964, 14251, 14975, 14738]",39579
"[14934, 14954, 14194, 14964, 14251, 14975, 14738]",35767
"[14934, 14954, 14194, 14964, 14251, 14975]",37570
"[14934, 14954, 14194, 14964, 14251, 14975]",32520
"[14934, 14954, 14194, 14964, 14251, 14975]",33635
"[14934, 14954, 14194, 14964, 14251, 14975]",35970
"[14934, 14954, 14194, 14964, 14251, 14975]",30494
"[14934, 14954, 14194, 14964, 14251, 14975]",28813
"[14934, 14954, 14194, 14964, 14251, 14975]",39579
"[14934, 14954, 14194, 14964, 14251, 14975]",35767
"[14934, 14194, 14964, 14604, 14251, 14975]",37570
"[14934, 14194, 14964, 14604, 14251, 14975]",32520
"[14934, 14194, 14964, 14604, 14251, 14975]",33635
"[14934, 14194, 14964, 14604, 14251, 14975]",35970
"[14934, 14194, 14964, 14604, 14251, 14975]",30494
"[14934, 14194, 14964, 14604, 14251, 14975]",28813
"[14934, 14194, 14964, 14604, 14251, 14975]",39579
"[14934, 14194, 14964, 14604, 14251, 14975]",35767
"[14945, 14954, 14275, 14792]",36691
"[15077, 20336]",35970
"[15077, 20336]",37619
"[14945, 20336]",32214
"[15474, 14277]",36691
"[16510, 15474, 14277]",36691
"[15277, 14662, 14306]",83799
"[14793, 17355]",36691
"[17351, 17355]",36691
"[17351, 14793, 17355]",36691
"[17351, 14793]",36691
"[16510, 14954, 14275, 14792]",36691
"[14934, 14964, 14738, 20212, 16972]",35970
"[16226, 15077, 15363]",35650
"[20433, 14602]",83989
"[20433, 14602]",39832
"[16510, 14186, 15481]",31107
"[16510, 14186, 14190, 14758]",35979
"[14964, 14975]",32520
"[15077, 14964, 14975]",32520
"[14159, 14196, 15479]",37617
"[14196, 15479]",37617
"[14187, 14802]",33688
"[16510, 14187, 14737, 14792]",31116
"[15218, 14725]",38542
"[16972, 21675]",33635
"[16972, 21675]",35970
"[20336, 15176]",35790
"[14934, 14954, 14194, 14251, 14269, 14738]",33635
"[16226, 14780]",35650
"[16226, 14780]",35884
"[14694, 17112, 14186, 14604]",31116
"[14954, 14194, 14251, 14738]",32520
"[14954, 14194, 14251, 14738]",33635
"[14954, 14194, 14251, 14738]",39579
"[14215, 16690]",35764
"[14215, 16690]",36020
"[14215, 16690]",28208
"[20336, 14271, 18959]",32214
"[20336, 14271, 18959]",83826
"[20336, 14271]",83826
"[14271, 18959]",32214
"[14271, 18959]",83826
"[15413, 15002]",33643
"[15413, 15002]",39751
"[14278, 14546]",37768
"[17536, 20539]",35760
"[20789, 16036]",30731
"[14320, 15367]",30494
"[14710, 20503]",29387
"[14710, 20503]",84162
"[15077, 14320, 14794]",30494
"[15277, 14662, 14382]",83799
"[14737, 14792, 15205]",32623
"[14737, 14792, 15205]",33672
"[14737, 14792, 15205]",35732
"[14737, 14792, 15205]",35683
"[14737, 14792, 15205]",35837
"[14737, 14792, 15205]",35792
"[14737, 14792, 15205]",35612
"[15288, 14713]",33643
"[16226, 16558]",33294
"[16226, 14954, 14955, 14024, 16972, 14791, 14320]",33294
"[14231, 17711]",84263
"[15413, 14736, 14187]",36512
"[16753, 14954, 14320]",30494
"[14793, 18959]",33688
"[14793, 18959]",35966
"[14793, 18959]",31756
"[14793, 18959]",36867
"[14186, 14190, 14793]",39153
"[14186, 14190, 14793]",36240
"[14186, 14190]",39153
"[14186, 14190]",36240
"[17728, 14794]",36691
"[17728, 14794]",99581
"[14246, 14730]",32933
"[17351, 15206]",36691
"[14758, 15539]",36691
"[14737, 14792]",33653
"[14934, 17360, 14964, 14269]",28520
"[14934, 17360, 14964, 14269]",33635
"[14934, 17360, 14964, 14269]",28465
"[15077, 14347]",30494
"[14737, 14792]",36678
"[14737, 14792]",37384
"[14737, 14792]",37790
"[14737, 14792]",37137
"[17605, 14737, 14792]",36678
"[17605, 14737, 14792]",37384
"[17605, 14737, 14792]",37790
"[17605, 14737, 14792]",37137
"[14758, 15002]",36691
"[15474, 15176]",36691
"[14934, 17112, 19250, 14964]",28520
"[14934, 17112, 19250, 14964]",30654
"[14934, 17112, 19250, 14964]",35982
"[14934, 17112, 19250, 14964]",28813
"[14934, 17112, 19250, 14964]",30494
"[14934, 17112, 19250, 14964]",35650
"[14934, 17112, 19250, 14964]",33077
"[14934, 17112, 19250, 14964]",84107
"[14186, 14190]",29375
"[14817, 14277, 14997]",36691
"[14758, 15000]",84263
"[15413, 16517]",37858
"[14187, 15176]",36691
"[17351, 14954, 14275, 14792, 18959]",36691
"[16226, 14954, 14955, 14030, 14275]",35884
"[20336, 15176]",36927
"[16510, 14758, 14793]",36691
"[14251, 14975, 20212, 16972]",32520
"[14251, 14975, 20212, 16972]",33635
"[14251, 14975, 20212, 16972]",35970
"[16226, 16228, 14954, 14604, 14780, 14275]",35651
"[17545, 15805]",33635
"[14186, 14187, 14802]",33688
"[14186, 14187, 14802]",31116
"[14736, 14758, 17711]",32924
"[14934, 14954, 14738, 16972]",32186
"[16285, 14954, 14194, 14251]",36344
"[16285, 14251, 14738, 16972]",39579
"[16285, 14251, 14738, 16972]",28520
"[16285, 14251, 14738, 16972]",35852
"[16285, 14251, 14738, 16972]",30494
"[16285, 14251, 14738, 16972]",37615
"[16285, 14251, 14738, 16972]",27277
"[16285, 14251, 14738, 16972]",35760
"[14320, 14612]",31225
"[17605, 14736]",36416
"[14320, 14612]",35771
"[16510, 14186, 14954, 14275, 14792]",36691
"[14186, 14190, 14737, 14792]",36050
"[14135, 14780]",28465
"[17108, 14063]",84211
"[15160, 15254]",33675
"[14135, 14793]",35612
"[14135, 14793]",36691
"[14135, 14792]",31477
"[14736, 14758]",36512
"[14186, 14194, 14275]",36748
"[14159, 14024, 15479]",33675
"[16510, 15413, 14737]",37570
"[16510, 15413, 14737]",36867
"[16510, 15413, 14737]",35612
"[14194, 14251, 14975, 20212, 16972]",37570
"[14194, 14251, 14975, 20212, 16972]",32520
"[14194, 14251, 14975, 20212, 16972]",35584
"[14194, 14251, 14975, 20212, 16972]",33635
"[14194, 14251, 14975, 20212, 16972]",35970
"[14194, 14251, 14975, 20212, 16972]",30494
"[14194, 14251, 14975, 20212, 16972]",28813
"[14194, 14251, 14975, 20212, 16972]",37576
"[14194, 14251, 14975, 20212, 16972]",35767
"[14194, 14251, 14975, 20212, 16972]",83871
"[14194, 14251, 14975, 20212, 16972]",35895
"[14954, 14194, 14251, 14975]",37570
"[14954, 14194, 14251, 14975]",32520
"[14954, 14194, 14251, 14975]",35584
"[14954, 14194, 14251, 14975]",33635
"[14954, 14194, 14251, 14975]",35970
"[14954, 14194, 14251, 14975]",30494
"[14954, 14194, 14251, 14975]",28813
"[14954, 14194, 14251, 14975]",37576
"[14954, 14194, 14251, 14975]",35767
"[14954, 14194, 14251, 14975]",83871
"[14954, 14194, 14251, 14975]",35895
"[14194, 14604, 14251, 14975]",37570
"[14194, 14604, 14251, 14975]",32520
"[14194, 14604, 14251, 14975]",35584
"[14194, 14604, 14251, 14975]",33635
"[14194, 14604, 14251, 14975]",35970
"[14194, 14604, 14251, 14975]",30494
"[14194, 14604, 14251, 14975]",28813
"[14194, 14604, 14251, 14975]",37576
"[14194, 14604, 14251, 14975]",35767
"[14194, 14604, 14251, 14975]",83871
"[14194, 14604, 14251, 14975]",35895
"[14933, 20336]",36712
"[14933, 20336]",32214
"[14933, 20336]",83826
"[17112, 14954, 14188, 14275]",36691
"[17112, 14954, 14213, 14275]",36691
"[17605, 14736, 14793]",36050
"[17605, 14736, 14793]",29375
"[16510, 15176]",35727
"[14186, 14190]",38386
"[17605, 15012]",28849
"[17605, 15012]",36541
"[16972, 14868]",28465
"[16972, 14868]",35852
"[16972, 14868]",35982
"[17360, 15805, 14780]",28813
"[17360, 15805, 14780]",28465
"[15082, 15116, 14223, 14299, 15148]",37573
"[14954, 16972]",32319
"[14187, 15596]",33688
"[14737, 14792]",36953
"[16510, 14231, 20336]",32214
"[16510, 14231, 20336]",84303
"[16510, 14231, 20336]",35790
"[16510, 15176]",36541
"[16672, 15416]",83914
"[15413, 14794]",37496
"[15413, 14794]",36881
"[16510, 14187]",84263
"[15077, 14604, 14737, 14608, 14320]",35970
"[15419, 15452]",97180
"[16510, 14737]",31107
"[15096, 15455, 14320]",30494
"[15096, 15455, 14320]",35970
"[14187, 14449]",36691
"[14187, 14449]",35771
"[14187, 14449]",36578
"[14187, 14449]",36581
"[14187, 14449]",31116
"[14187, 14449]",33653
"[14187, 14449]",36906
"[14793, 14449]",36691
"[14793, 14449]",35771
"[14793, 14449]",36578
"[14793, 14449]",36581
"[14793, 14449]",31116
"[14793, 14449]",33653
"[14793, 14449]",36906
"[15012, 14449]",36691
"[15012, 14449]",35771
"[15012, 14449]",36578
"[15012, 14449]",36581
"[15012, 14449]",31116
"[15012, 14449]",33653
"[15012, 14449]",36906
"[15315, 14449]",36691
"[15315, 14449]",35771
"[15315, 14449]",36578
"[15315, 14449]",36581
"[15315, 14449]",31116
"[15315, 14449]",33653
"[15315, 14449]",36906
"[16510, 14737, 14792]",35979
"[14186, 14231, 14793]",29402
"[14604, 14737, 14608, 18959]",94959
"[14604, 14737, 14608, 18959]",37924
"[14604, 14737, 14608, 18959]",94719
"[14604, 14737, 14608, 18959]",39209
"[14604, 14737, 14608, 18959]",98663
"[14604, 14737, 14608, 18959]",95316
"[14604, 14737, 14608, 18959]",38290
"[14604, 14737, 14608, 18959]",98662
"[14604, 14737, 14608, 18959]",32213
"[14187, 20905]",33688
"[15805, 14780]",28465
"[15805, 14780]",98797
"[15805, 14780]",83857
"[15805, 14780]",83855
"[15805, 14780]",29361
"[15082, 16855]",94658
"[14911, 14954, 14975, 16972]",33635
"[14911, 14954, 14975, 16972]",35970
"[14911, 14954, 14975, 16972]",30494
"[14911, 14954, 14975, 16972]",37615
"[14911, 14954, 14975, 16972]",28813
"[14604, 19293]",95114
"[16753, 14954, 19250]",33635
"[16753, 14954, 19250]",35970
"[16510, 14945]",36937
"[15413, 14187, 14737]",38386
"[16468, 14213]",36691
"[16588, 18416]",28208
"[14945, 14954]",36514
"[16510, 14187]",36634
"[16510, 15176]",35630
"[16753, 14954, 14320]",33591
"[14954, 16972]",32520
"[14954, 14269]",32520
"[14954, 14269]",33635
"[14954, 14269]",35970
"[14954, 14269]",30494
"[14954, 14269]",28813
"[14802, 14320]",33688
"[16510, 15298, 14190, 14977, 14275, 14320]",36512
"[14945, 14187]",33688
"[16226, 16753]",33634
"[16226, 16753]",32531
"[16510, 15012]",37619
"[14737, 14792, 15665]",35792
"[14737, 14792, 15665]",31477
"[16510, 15077]",32214
"[16510, 15077]",84303
"[14187, 15481]",39751
"[16972, 16720]",33635
"[16972, 16720]",36917
"[14736, 14802]",31116
"[14628, 14954, 14955, 14194, 14780, 14275, 14764, 14514]",33635
"[14955, 14194, 14780, 14275, 14764, 14514]",33635
"[14954, 14955, 14194, 14024, 14789, 14780, 14764, 14514]",33635
"[14954, 14955, 14194, 14789, 14780, 14764, 14320, 14514]",33635
"[15429, 14955, 14194, 14604, 14608]",33635
"[14186, 14604, 14373]",29173
"[15413, 17711]",36512
"[15277, 20478]",83800
"[16510, 14187, 14758]",36512
"[14186, 14231]",33688
"[15166, 15546]",37617
"[14244, 17152]",28547
"[17351, 17112, 14719, 14954, 14190, 14793]",36691
"[14937, 14971, 15014]",38436
"[14231, 20336]",36691
"[14231, 20336]",37619
"[14192, 15859]",37805
"[20212, 16972]",36458
"[14737, 14792]",39255
"[14802, 15205]",33688
"[14187, 15205]",33688
"[14934, 14964, 14738, 16972]",33635
"[14934, 14964, 14738, 16972]",35970
"[14934, 14964, 14738, 16972]",30494
"[14934, 14964, 14738, 16972]",28813
"[14177, 14709]",36138
"[15126, 14709]",36138
"[14945, 14793]",35966
"[16510, 14186, 14793]",33688
"[14194, 14868]",35790
"[14194, 14868]",35970
"[14194, 14868]",27277
"[14194, 14868]",35895
"[14028, 14320]",38513
"[14251, 15842, 16972]",33027
"[14251, 15842, 16972]",33225
"[15072, 14945]",33653
"[17605, 14186, 14793]",36750
"[16592, 14969, 14774]",83824
"[14738, 16972]",28520
"[15077, 15414]",33635
"[15077, 15414]",28813
"[15077, 15414]",37576
"[14161, 14952]",33489
"[14161, 14952]",33658
"[15413, 14186]",35624
"[17351, 14719, 14954, 14190, 14793]",36691
"[17351, 16510, 14737, 14793]",36691
"[17351, 16510, 14719, 14954, 14190, 14793]",36691
"[15413, 14758]",36512
"[15413, 14758]",36959
"[16510, 14792]",31107
"[16510, 14792]",36168
"[17693, 14186]",35876
"[17693, 14186]",36050
"[14024, 14273]",30998
"[14275, 21064]",36540
"[14275, 21064]",36078
"[14192, 14297]",35641
"[14141, 14297]",35641
"[15288, 18216]",37619
"[15077, 14186]",36050
"[17351, 14954, 14792]",36691
"[15116, 19267]",38957
"[14934, 17112, 14954, 14964, 14269, 16972]",32319
"[15143, 15176]",35966
"[14954, 14604, 14738, 14320]",33635
"[14954, 14604, 14320]",33635
"[17711, 21064]",36578
"[17711, 21064]",28849
"[17711, 21064]",36416
"[17711, 21064]",84263
"[16510, 15012]",33643
"[14154, 14191, 14287]",36035
"[15000, 15206]",36691
"[14758, 15000, 15206]",36691
"[14758, 15206]",36691
"[14186, 14604, 14737]",31116
"[16226, 15077, 16753]",32531
"[14785, 15462]",28374
"[15077, 14954, 14955, 14024, 14275]",35651
"[15077, 14954, 14955, 14024, 14275]",33294
"[14784, 14034]",37617
"[14186, 14792]",36678
"[14186, 14792]",38386
"[14024, 21643]",35966
"[14945, 14736, 14758]",37858
"[14945, 14736, 14758]",36958
"[14945, 18959]",33643
"[14945, 18959]",33688
"[16588, 14165, 14297, 15555]",36303
"[16588, 14165, 14297, 15555]",33598
"[16588, 14165, 14297, 15555]",28208
"[16588, 14165, 14297, 15555]",38928
"[14934, 14954, 14194, 16972]",84261
"[14934, 14954, 14194, 16972]",28813
"[14934, 14954, 14194, 16972]",36344
"[14934, 14954, 14194, 16972]",30494
"[14934, 14954, 14194, 16972]",37570
"[17558, 14182]",35612
"[17558, 14182]",36075
"[15462, 15781]",93465
"[17558, 14607]",99906
"[14320, 15597]",30494
"[14945, 20336]",39691
"[14186, 14231]",36050
"[15077, 18959]",84143
"[15077, 18959]",37487
"[15077, 18959]",84303
"[14187, 14980]",33688
"[15319, 15148]",38957
"[15319, 15148]",32033
"[17605, 15413, 14186]",31756
"[14154, 14287]",83824
"[14154, 14287]",36147
"[16226, 17524, 14194, 14780, 14868]",37926
"[16226, 17524, 14780, 14868]",37926
"[14736, 14190, 14758]",28849
"[15501, 17773]",83824
"[14134, 14218, 15125, 20503]",33594
"[15840, 15000]",35771
"[20336, 16517]",83826
"[20336, 16517]",84149
"[20336, 16517]",84143
"[20336, 16517]",37487
"[20336, 16517]",84303
"[20336, 16517]",37489
"[14194, 14024]",32978
"[14194, 14024]",28745
"[14789, 14780, 14320, 15018]",33635
"[14789, 14780, 14320]",33635
"[16572, 16468, 14787, 15143, 14824]",35966
"[16572, 16468, 14787, 15143, 14793, 14824]",35966
"[16510, 15176]",36612
"[16510, 15176]",33643
"[16226, 14954, 14955, 14024, 14977, 14275]",35970
"[16226, 14954, 14955, 14024, 15455, 14275]",35970
"[17112, 20212]",98378
"[14961, 15477]",33658
"[14961, 15477]",35761
"[14954, 16972]",36534
"[14954, 16972]",31477
"[14954, 16972]",37002
"[15477, 14298]",33658
"[15477, 14298]",36187
"[15477, 14298]",35953
"[15477, 14402]",33658
"[16510, 14737, 14792, 21719]",33672
"[16510, 14737, 14792]",33672
"[14709, 14299]",94658
"[15769, 16360]",28208
"[15769, 16360]",36020
"[14231, 17711]",28849
"[15176, 16018]",99567
"[15176, 16018]",32267
"[15176, 16018]",83935
"[15176, 16018]",97338
"[15176, 16018]",36927
"[15176, 16018]",32263
"[15176, 16018]",35727
"[15176, 16018]",32909
"[16226, 15413, 18771]",35884
"[16226, 15413, 18771]",35650
"[15413, 14792]",33688
"[17605, 14186, 14792]",29402
"[16588, 15331, 14329]",28208
"[16588, 15331, 14329]",35953
"[16588, 15331, 14329]",33603
"[16588, 14329]",28208
"[16588, 14329]",35953
"[16588, 14329]",33603
"[15331, 14329]",28208
"[15331, 14329]",35953
"[15331, 14329]",33603
"[17612, 14194]",39524
"[15143, 14373]",35966
"[17545, 14604, 14791]",28465
"[15413, 14737]",33045
"[15413, 14737]",36875
"[14317, 15609]",28208
"[14282, 14317]",28208
"[15413, 14793]",33045
"[15413, 14793]",36875
"[15413, 14793]",36512
"[14802, 14793]",31116
"[14187, 14802, 14793]",31116
"[14758, 20436]",36691
"[17605, 14791]",99947
"[14235, 14997]",36691
"[14235, 14997]",35771
"[14945, 15413]",35979
"[14961, 14297, 14298]",33658
"[14297, 14298]",33658
"[14297, 14298]",83812
"[16510, 14945, 14954]",37496
"[16510, 14945, 14954]",33635
"[15077, 14604, 14780]",83862
"[15077, 14604, 14780]",83853
"[15077, 14604, 14780]",98797
"[15077, 14604, 14780]",83857
"[15077, 14604, 14780]",94895
"[15077, 14604, 14780]",94812
"[15077, 14780, 15149]",83862
"[15077, 14780, 15149]",83853
"[15077, 14780, 15149]",98797
"[15077, 14780, 15149]",83857
"[15077, 14780, 15149]",94895
"[15077, 14780, 15149]",94812
"[14200, 15501]",38928
"[14200, 15501]",36035
"[14792, 14793]",36691
"[16226, 15804, 14954]",35970
"[14186, 14194, 14604, 14275, 14608]",36748
"[16510, 14975]",37619
"[14944, 14276, 15609]",35930
"[14207, 20336]",33653
"[14207, 20336]",35727
"[16285, 14954, 14738]",28579
"[16285, 14954, 14738]",31730
"[16285, 14954, 14738]",27474
"[16285, 14954, 14738]",31742
"[16285, 14954, 14738]",36457
"[16285, 14954, 14738]",30578
"[16285, 14954, 14738]",32680
"[16285, 14954, 14738]",98094
"[17495, 19250]",33635
"[17495, 19250]",35970
"[17360, 14738, 16972]",33188
"[14738, 16972]",33188
"[14663, 14954, 16972]",35727
"[14663, 14954, 16972]",37619
"[17351, 16510, 15092]",36691
"[15077, 15176]",35970
"[16753, 14231]",36712
"[17359, 17360, 14975]",28552
"[17359, 17360, 14975]",83885
"[16588, 14161]",28313
"[16588, 14161]",83779
"[14161, 14961]",28313
"[14161, 14961]",83779
"[16588, 14161, 14961]",28313
"[16588, 14161, 14961]",83779
"[14187, 14317]",36953
"[14187, 14317]",33688
"[14187, 14317]",29375
"[14187, 14317]",37137
"[16635, 14216]",32563
"[16510, 14736]",29945
"[17359, 16511]",83997
"[14024, 15002]",36688
"[14817, 20905]",36691
"[14817, 20905]",97426
"[14184, 14326, 15859]",37805
"[17605, 14186, 14758]",29945
"[15413, 15205]",33688
"[16753, 20212, 14320]",30494
"[17360, 14738, 16972]",33635
"[14186, 14792, 15176]",36691
"[14736, 14758, 15000]",36643
"[17605, 16510, 14231]",28849
"[14277, 14997]",36691
"[14607, 14546]",37768
"[14190, 14231]",36539
"[14793, 14373]",29945
"[14802, 14793]",33688
"[16285, 14738, 16972]",29182
"[16285, 14738, 16972]",33225
"[15781, 15610]",38040
"[14934, 14954, 14964, 16972]",35852
"[15092, 14186, 14604, 14737, 14792]",33688
"[14954, 14194, 14030]",36691
"[14954, 14194, 14030, 14817, 14277, 14997]",36691
"[14737, 14792, 19031]",36888
"[16572, 14235]",33593
"[15474, 14817, 14277, 14997]",36691
"[14935, 20433, 14602]",39832
"[14604, 18959, 15179]",33077
"[14604, 18959, 15179]",35650
"[18959, 15179]",33077
"[18959, 15179]",35650
"[17728, 14608]",36748
"[16510, 14737, 14792]",36691
"[14713, 15206]",28520
"[14713, 15206]",28813
"[14320, 15012]",96948
"[16510, 15092]",36691
"[14231, 14737, 15002]",29173
"[14945, 15413, 14187]",36512
"[15413, 14737]",38386
"[14961, 15477]",28208
"[16588, 15501, 14385]",33575
"[16588, 15501, 14385]",28208
"[16588, 14385]",33575
"[16588, 14385]",28208
"[16588, 15501]",33575
"[15770, 16588]",95076
"[16588, 15501]",95076
"[16226, 14194]",38648
"[16226, 14194]",27292
"[14186, 14802]",29402
"[15092, 14187]",33688
"[15077, 14713]",98797
"[15077, 14713]",83857
"[15077, 14713]",83855
"[14793, 15012]",37496
"[15481, 15176]",30827
"[14789, 14604, 14780]",28465
"[17605, 16510, 14802]",35612
"[17605, 14802]",35612
"[15277, 14662, 20476]",83799
"[17605, 14737]",36050
"[17605, 14186, 14190]",29375
"[14934, 14954, 14738]",27158
"[14954, 14738]",27158
"[16510, 14719, 14793]",36691
"[14186, 14793]",33688
"[15092, 14456]",36691
"[15092, 14456]",39750
"[14212, 15134]",35612
"[14212, 15134]",36492
"[14212, 15134]",33215
"[16588, 17951]",28208
"[14736, 14758]",35612
"[14736, 14758]",39676
"[14792, 15036]",36691
"[14792, 15036]",37655
"[16510, 14187]",35612
"[14975, 14281]",37619
"[14964, 14251]",35650
"[14964, 14251]",33635
"[14964, 14251]",30494
"[14964, 14251]",28465
"[14964, 14251]",33077
"[14964, 14251]",35982
"[16510, 15036]",39751
"[14346, 15859]",37805
"[14736, 14190, 14793]",29945
"[15077, 14954, 14320]",38290
"[15077, 14954, 14320]",98663
"[15077, 14954, 14320]",98662
"[15077, 14954, 14320]",32213
"[14961, 15179]",33658
"[14793, 15002]",33688
"[15076, 15959]",33618
"[15077, 14737, 14793]",33688
"[20502, 14297, 15179]",36187
"[20502, 14297, 15179]",36303
"[20502, 14297, 15179]",35953
"[20336, 14713]",33653
"[14184, 14319, 15536]",37805
"[14024, 14964, 14251, 14269]",83923
"[16510, 14231, 14758]",84263
"[14187, 15180]",33688
"[14936, 14187]",33688
"[16226, 15804, 14954]",35982
"[14194, 20904]",29078
"[14955, 14231, 14320]",35650
"[14955, 14231, 14320]",33077
"[14955, 14231, 14320]",35852
"[14954, 15455]",36691
"[15281, 16510]",36240
"[15281, 16510]",35979
"[15281, 16510]",36935
"[16510, 15176]",36240
"[16510, 15176]",35979
"[16510, 15176]",36935
"[14685, 15781]",33512
"[14934, 14954, 14964, 16972]",39579
"[14934, 14954, 14964, 16972]",84277
"[14934, 14954, 14964, 16972]",30039
"[14934, 14954, 14964, 16972]",33294
"[14934, 14954, 14964, 16972]",35867
"[14934, 14954, 14964, 16972]",39883
"[14934, 14954, 14964, 16972]",32531
"[14934, 14954, 14964, 16972]",37397
"[14934, 14954, 14964, 16972, 14868]",84277
"[14934, 14954, 14964, 16972, 14868]",35852
"[14934, 14954, 14964, 16972, 14868]",28465
"[14934, 14954, 14964, 16972, 14868]",90237
"[14934, 14954, 14964, 16972, 14868]",35982
"[14934, 14954, 14964, 16972, 14868]",30039
"[14934, 14954, 14964, 16972, 14868]",33294
"[14934, 14954, 14964, 16972, 14868]",35867
"[14934, 14954, 14964, 16972, 14868]",39883
"[14934, 14954, 14964, 16972, 14868]",32531
"[14934, 14954, 14964, 16972, 14868]",38290
"[14934, 14954, 14964, 16972, 14868]",28813
"[14934, 14954, 14964, 16972, 14868]",83871
"[14934, 14954, 14964, 16972, 14868]",35650
"[14934, 14954, 14964, 16972, 14868]",30494
"[14934, 14954, 14964, 16972, 14868]",36917
"[14934, 14954, 14964, 16972, 14868]",32844
"[14934, 14954, 14964, 16972, 14868]",37397
"[15077, 16720]",96948
"[14187, 14793]",36050
"[16510, 14187]",35790
"[16226, 14954, 14955, 14024, 14275]",32531
"[14719, 15205]",35771
"[14275, 15205]",35771
"[15292, 14963, 14241]",37710
"[15077, 16753, 14275, 14320]",30494
"[16226, 19641]",35651
"[14961, 15477]",83812
"[15413, 14736, 14187]",36881
"[14737, 14792, 14347]",31116
"[16753, 18959]",30494
"[16753, 18959]",37615
"[16753, 15176]",30494
"[14792, 15002]",29402
"[20454, 14253]",37787
"[20454, 14253]",35832
"[20454, 14253]",84123
"[20454, 14253]",37549
"[20454, 14253]",99989
"[14215, 15609]",33575
"[14215, 15609]",35953
"[15289, 14320]",36396
"[15289, 14320]",36088
"[15289, 14320]",36140
"[14736, 14793, 14373]",96152
"[14736, 14793, 14373]",29402
"[14736, 14793]",96152
"[15769, 14215]",36035
"[17112, 18102]",35650
"[17112, 18102]",33077
"[14254, 15859, 14484]",37805
"[14945, 20336]",84303
"[14793, 15002]",35966
"[16510, 14187]",36512
"[15413, 14186, 15020]",33688
"[15092, 14793]",31116
"[16510, 14187, 14737, 14792]",36240
"[16510, 14187]",36240
"[15281, 16510]",33643
"[14792, 19564]",31477
"[14187, 15206]",31116
"[14187, 15206]",36050
"[17407, 15769]",36035
"[15769, 14961]",36035
"[15769, 15477]",36035
"[15077, 14320, 15363]",35970
"[16510, 14793]",33688
"[16510, 14802]",33688
"[14758, 14456]",36691
"[14934, 14273]",27304
"[14934, 17112, 14954, 14194, 16972]",35760
"[17112, 18102]",30494
"[16510, 14737, 15539]",33688
"[14737, 15539]",33688
"[20212, 15206]",30494
"[15452, 14346]",37805
"[15452, 14346]",32505
"[16588, 14306, 21222]",28208
"[14024, 14793, 14794]",36688
"[16588, 14259]",33575
"[14180, 15466]",29762
"[14180, 15466]",37659
"[14740, 16229]",35982
"[14737, 14713]",36534
"[14737, 14713]",31477
"[14737, 14713]",37002
"[14544, 17889]",84229
"[14937, 14737, 14792]",33688
"[14954, 14964, 14030, 14269, 14273]",32099
"[14954, 14964, 14030, 14269, 14273]",33208
"[16510, 15413, 14793]",36691
"[16510, 14793]",29173
"[16510, 15092]",33688
"[16510, 14275]",36540
"[16510, 14275]",36078
"[16588, 21222]",28208
"[17605, 14736, 14231, 14758]",28849
"[16510, 15176]",37496
"[16510, 15176]",35788
"[14719, 14954, 14190, 14792, 15000]",36691
"[14186, 14793]",96152
"[14186, 14793]",29402
"[14662, 14375]",37743
"[16226, 15363]",35982
"[14287, 19285]",37768
"[14154, 19285]",37768
"[16226, 16753]",35982
"[16226, 16753]",37397
"[16226, 14954, 16972]",33635
"[14945, 14187]",37496
"[14935, 20433]",83989
"[17524, 20336, 15154]",83826
"[17524, 20336, 15154]",32214
"[14808, 18123]",36187
"[14808, 18123]",33675
"[14808, 18123]",37617
"[15277, 14955, 14207, 14320]",30654
"[15277, 14955, 14207, 14320]",35982
"[16588, 14306, 17951]",28208
"[14347, 15539]",36691
"[17545, 15414]",28465
"[14952, 15177]",38242
"[17605, 14737, 14792]",36812
"[17605, 14737, 14792]",33688
"[14737, 14792]",36812
"[15126, 15818]",37573
"[15420, 15501]",28552
"[16468, 14787]",35966
"[16468, 15143, 17958]",35966
"[14184, 15561]",37604
"[14936, 15561]",37604
"[14281, 15561]",37604
"[20336, 19027]",35790
"[16226, 14320]",33440
"[14024, 14791, 21082]",35612
"[14024, 14791, 21082]",99947
"[14024, 14791, 21082]",35966
"[16226, 15077, 14954, 14024]",35970
"[16226, 15077, 14954, 14024]",33294
"[16226, 15077, 14954, 14024]",38290
"[16510, 15092, 14186]",33688
"[16510, 14719, 14954, 14190, 14792, 14793]",36691
"[14719, 14954, 14190, 14792, 14793]",36691
"[14604, 14780, 14791]",28813
"[14604, 14780, 14791]",28465
"[16285, 14954, 14738]",27276
"[16285, 14738, 16972]",27276
"[16510, 14186, 14604]",33688
"[14187, 18054]",33688
"[15805, 14780, 14713]",28465
"[15805, 14780, 14713]",28813
"[16510, 14737, 14758]",29945
"[16510, 14737, 14758]",29194
"[15277, 14662, 14375]",83799
"[16510, 15012]",36906
"[16226, 16753, 14320]",33294
"[16226, 16753, 14320]",38290
"[16226, 16753, 14320]",31676
"[16226, 16753, 14320]",97312
"[16226, 16753, 14320]",37397
"[16226, 16753, 14320]",32213
"[16226, 16753, 14320]",32531
"[14213, 14997]",36691
"[16753, 14954, 14320]",35970
"[14945, 14792]",37412
"[14793, 14347]",35966
"[14954, 14955, 14024, 14275, 18959]",35970
"[14276, 15609]",36035
"[14276, 15609]",33575
"[15971, 14992]",28714
"[15971, 14992]",31008
"[15804, 15012]",35970
"[15002, 15176]",33643
"[16226, 16721]",33634
"[16226, 16721]",35760
"[16226, 16721]",35650
"[17351, 14792, 15206]",84130
"[17711, 21082]",36578
"[17711, 21082]",28849
"[17711, 21082]",36001
"[17711, 21082]",84263
"[17711, 21082]",36416
"[15413, 21679]",36512
"[20502, 14306]",28208
"[15077, 14606, 20212, 14320]",30494
"[14061, 15178]",83999
"[14954, 14604, 14737, 20212, 14868]",33188
"[14144, 14830]",28547
"[14186, 14802, 16517]",37619
"[14186, 14802, 16517]",33688
"[14153, 14223, 15173]",27921
"[16510, 17524]",35786
"[14275, 14608]",36540
"[14030, 14273]",37784
"[15315, 17991]",35727
"[14737, 14792, 17991]",35727
"[17112, 14969, 15781]",35931
"[20477, 20851]",83800
"[14186, 17711]",37781
"[14186, 17711]",36750
"[14186, 17711]",35733
"[14186, 17711]",83865
"[15077, 18959]",33688
"[14969, 15781]",36187
"[15481, 15205]",35773
"[15849, 15491]",29229
"[14954, 14251, 14269]",83923
"[16285, 14738, 16972]",33635
"[16285, 14738, 16972]",35970
"[16285, 14738, 16972]",33188
"[16285, 14738, 16972]",27227
"[16285, 14738, 16972]",33632
"[14139, 16588, 14961, 14323]",28313
"[14139, 16588, 14161, 14961]",28313
"[14139, 16588, 14961, 15127]",28313
"[14738, 16972]",35650
"[14738, 16972]",33077
"[14251, 14975]",97057
"[14194, 14251]",97057
"[17991, 19623]",33653
"[15176, 15574]",36514
"[15176, 15574]",33641
"[15176, 15574]",36927
"[14961, 14297]",36303
"[14780, 21700]",28520
"[20336, 19027]",33653
"[20336, 19027]",36197
"[16510, 14320]",28869
"[16510, 14023]",28869
"[16572, 16469, 14685]",30756
"[16572, 16469, 14685]",37754
"[15148, 20223]",38957
"[16510, 14802, 14792]",31116
"[14604, 14737, 15176]",31116
"[14694, 14186, 14194, 15107, 14275]",31756
"[14694, 14186, 14194, 15107, 14275]",37592
"[15101, 15822]",29041
"[15101, 15822]",35677
"[14186, 14954, 14231, 14604, 14271, 14275, 15481, 15012]",33188
"[14954, 14955, 14024, 14275]",35650
"[15077, 18959]",35970
"[17351, 16510, 14758]",36691
"[14186, 14190]",36000
"[14934, 14024, 14964]",36040
"[14024, 14964, 14975]",36040
"[15077, 14954, 14320]",30494
"[15413, 14186]",36512
"[15441, 15148]",32033
"[14186, 14792]",36822
"[14186, 14792]",36821
"[14186, 14792]",96515
"[14186, 14792]",36901
"[14186, 14792]",96633
"[14186, 14792]",95970
"[14186, 14792]",97234
"[14186, 14792]",32623
"[14186, 14792]",94862
"[15277, 14662, 14987]",37743
"[15440, 15113]",37573
"[14296, 15859]",39188
"[14296, 15859]",84072
"[14296, 15859]",37805
"[17605, 14945]",29375
"[15077, 14024]",32520
"[15289, 14910, 14267, 14286, 20407]",32505
"[16572, 14787]",36688
"[15077, 18959]",33635
"[15077, 18959]",28813
"[15176, 15018]",28465
"[15176, 15018]",28813
"[14338, 18416]",83790
"[14231, 14793]",33688
"[14975, 14373]",32214
"[17351, 14737, 15539]",36691
"[14758, 14793]",32924
"[14758, 14793]",37275
"[14030, 16824]",35612
"[14030, 16824]",33672
"[14030, 16824]",36240
"[16226, 15805, 14964, 20212, 14868]",35760
"[14954, 14955, 14024, 14275, 16230]",35650
"[14954, 16972, 16230]",35650
"[15363, 16230]",35650
"[20336, 15000]",35790
"[20336, 15000]",36121
"[14187, 14794]",31116
"[14187, 14794]",33688
"[14186, 14604]",37196
"[14186, 20509]",37196
"[14231, 15012]",84263
"[14954, 14737, 14792]",31116
"[16510, 14758]",36416
"[16510, 14736, 14758]",36416
"[17605, 14186, 14737]",33688
"[17605, 15413, 14186, 14737]",33688
"[14165, 14961]",84173
"[16226, 15363]",35884
"[16753, 14780, 15149]",28813
"[16753, 14780, 15149]",28465
"[15413, 14186, 14187]",29646
"[15413, 14186, 14187]",96695
"[15413, 14186, 14187]",36765
"[15413, 14186, 14187]",36232
"[15413, 14186, 14187]",96795
"[15413, 14186, 14187]",36875
"[14184, 14602, 14296]",37805
"[14184, 14296]",37805
"[16588, 14299]",94658
"[15501, 17833]",95076
"[15805, 14780, 15149]",33635
"[15805, 14780, 15149]",28813
"[15413, 21683]",37858
"[15769, 15201]",28208
"[14961, 15201]",28208
"[14187, 14793]",33688
"[14934, 16753]",28813
"[14719, 14954, 14793, 15000]",36691
"[17351, 14719, 14954, 14793]",36691
"[16226, 14955, 14024, 14275]",35651
"[15277, 14662]",84131
"[14186, 14758, 15020]",36000
"[15501, 15201]",28208
"[15770, 15201]",28208
"[16226, 15092, 14024, 14608, 14791]",35884
"[14187, 15176]",36514
"[15477, 14284]",37805
"[15477, 14284]",33658
"[14719, 14186]",29646
"[14945, 15413]",29646
"[17585, 14238]",39820
"[16226, 15563]",29078
"[15413, 14186, 15002]",31756
"[15413, 14186, 15002]",36314
"[14213, 17211]",33688
"[14213, 17211]",36540
"[17351, 17211]",33688
"[17351, 17211]",36540
"[14504, 14186, 14231, 14758]",29945
"[14504, 14186, 14231, 14758]",36004
"[14504, 14186, 14231, 14758]",29402
"[14186, 14231, 14758]",29945
"[14186, 14231, 14758]",36004
"[14186, 14231, 14758]",29402
"[14184, 15040]",37743
"[14789, 14780, 14794]",28465
"[16226, 16972]",33294
"[14783, 14298]",35953
"[14783, 14298]",35761
"[14200, 15609]",37659
"[14153, 14181]",35970
"[14153, 14181]",35767
"[14184, 14326, 15566]",37805
"[16588, 15501, 15201]",28208
"[15425, 16741]",39828
"[15425, 14980]",39828
"[14187, 17355]",33688
"[16510, 14954]",31477
"[16510, 14954]",37002
"[16510, 14954]",36534
"[16588, 14293]",28208
"[16588, 15198]",28208
"[20212, 16972]",94757
"[20212, 16972]",95114
"[20212, 16972]",98797
"[20212, 16972]",83857
"[20212, 16972]",83855
"[20212, 16972]",94959
"[20212, 16972]",37924
"[20212, 16972]",94719
"[20212, 16972]",36344
"[20212, 16972]",94836
"[20212, 16972]",99089
"[20212, 16972]",39846
"[20212, 16972]",84304
"[20212, 16972]",28502
"[20212, 16972]",94742
"[20212, 16972]",98663
"[20212, 16972]",32319
"[20212, 16972]",38268
"[20212, 16972]",27950
"[20212, 16972]",27610
"[20212, 16972]",95316
"[20212, 16972]",38290
"[20212, 16972]",96948
"[20212, 16972]",98662
"[20212, 16972]",32213
"[17605, 14186, 14190, 14231]",29945
"[16511, 15176]",28869
"[14969, 15781]",35953
"[16510, 15206]",36712
"[15413, 14736]",36621
"[14186, 14802, 14275]",37694
"[15413, 14802]",36078
"[16572, 14794]",35966
"[15289, 15205]",33643
"[14975, 14713]",28465
"[14817, 15176]",36691
"[16510, 14190]",36416
"[15289, 14882]",35548
"[14792, 15205]",33688
"[14954, 15539]",36691
"[17605, 14186, 14802]",33688
"[14153, 14713]",28465
"[16510, 14802]",36824
"[16510, 14802]",32623
"[20336, 14758]",36514
"[15077, 14186, 14954, 14604, 14275, 14606, 20212, 14320]",30494
"[20336, 14794]",35790
"[20377, 20496]",84088
"[15092, 14945]",33688
"[14281, 14793]",35966
"[15477, 14297]",29664
"[14793, 14373]",36534
"[14793, 14373]",31477
"[14793, 14373]",32623
"[14028, 14641]",33605
"[15277, 14662, 15038]",37743
"[14945, 14186, 14737]",36634
"[17351, 14792, 15176]",36691
"[16226, 14954, 14955, 14024, 14275]",35650
"[16226, 15363]",35650
"[16226, 15363]",32531
"[15452, 14981]",37753
"[15452, 14981]",37805
"[14981, 14286]",37753
"[14981, 14286]",37805
"[15143, 15206]",35966
"[15143, 15206]",36688
"[15149, 15344]",28465
"[14275, 15344]",36078
"[16510, 14153]",35786
"[16510, 14153]",36712
"[16510, 14153]",32214
"[16510, 14153]",83826
"[16510, 14153]",98171
"[16510, 14153]",84303
"[16510, 14153]",36979
"[16510, 14153]",97230
"[14277, 15572]",36691
"[14793, 14373]",36863
"[14793, 14373]",31756
"[14945, 14608]",36540
"[17693, 16285, 15416, 14251, 14738, 16972]",38011
"[17545, 14713]",28520
"[17545, 14713]",28813
"[17605, 14794]",36050
"[17605, 14186, 14794]",36050
"[17360, 14964, 14251, 14269]",35650
"[15284, 15366]",37722
"[15413, 14186, 14793]",33688
"[16510, 15000]",36492
"[16510, 15000]",36710
"[16510, 17728, 14954]",33188
"[16588, 14293, 14306, 15501]",28208
"[14935, 15456]",37805
"[14955, 14914, 15154]",35790
"[15762, 14276]",36035
"[14694, 14954, 14275, 14793]",36691
"[14737, 14792, 15002]",36691
"[14607, 15012]",35966
"[16510, 15413, 14793]",36540
"[16510, 15413, 14793]",36535
"[16510, 15413, 14793]",36526
"[16510, 15413, 14793]",33713
"[16510, 14186, 14758]",29945
"[14154, 14287]",39532
"[14503, 17112, 14954, 14955, 14194, 14780, 14275, 14320]",35852
"[16510, 14231, 20336]",97230
"[14793, 14449]",33688
"[16753, 15414]",28465
"[14954, 15276]",31116
"[15077, 15206]",30494
"[14934, 14964, 14269]",27502
"[14969, 15781]",37744
"[15781, 14991]",37744
"[16510, 14802, 14737]",33688
"[15082, 14223]",28313
"[14028, 14281]",35966
"[14186, 14802]",36621
"[14186, 14802]",37694
"[15133, 15168]",36693
"[15133, 15168]",94636
"[17545, 15414, 18959]",39434
"[17545, 15414, 18959]",83852
"[17545, 15414, 18959]",83862
"[17545, 15414, 18959]",83853
"[17545, 15414, 18959]",98797
"[17545, 15414, 18959]",83857
"[17545, 15414, 18959]",83855
"[20336, 14794]",32214
"[20336, 14794]",35742
"[20336, 14794]",35465
"[14934, 17112, 14154, 14954, 14964, 14028, 14269, 20212, 14607]",30494
"[14192, 15116]",83840
"[14945, 14187]",29646
"[14954, 16972]",36540
"[15474, 14794]",36691
"[16572, 17728, 14277]",36691
"[15805, 14713]",28813
"[15077, 14320, 18102]",30494
"[15077, 18102]",30494
"[14216, 15201]",28208
"[15840, 15201]",28208
"[14503, 16226, 14955, 14194, 14320]",30654
"[14241, 14244]",37765
"[14963, 14241]",37765
"[17112, 14604, 14780, 14791, 18102]",28520
"[14802, 15206]",33688
"[14945, 15805, 14780]",28465
"[14945, 15805, 14780]",28813
"[14945, 15805, 14780]",37576
"[14945, 15805, 14780]",84277
"[15413, 14737, 18959]",31477
"[15413, 14737, 18959]",36534
"[15413, 14737, 18959]",37002
"[14140, 14161]",83764
"[14140, 14161]",33658
"[16510, 14186, 14231]",29402
"[16510, 14186, 14231]",29945
"[15077, 14024, 20212, 15612]",30494
"[14599, 14034]",30491
"[14192, 14956]",30449
"[14541, 15137]",36243
"[14792, 14456]",36691
"[14181, 14184, 14218, 15853, 14326]",37805
"[14969, 15781]",83824
"[17360, 14738, 16972]",28813
"[17360, 14738, 16972]",28520
"[14934, 17360, 14964, 20212, 16972]",28520
"[14934, 17360, 14964, 20212, 16972]",28813
"[14934, 17360, 14964, 20212, 16972]",35852
"[14934, 17360, 14964, 20212, 16972]",35650
"[14934, 17360, 14964, 20212, 16972]",33077
"[14934, 17360, 14964, 20212, 16972]",35982
"[14934, 17360, 14954, 14964, 16972]",28520
"[14934, 17360, 14954, 14964, 16972]",28813
"[14934, 17360, 14954, 14964, 16972]",35852
"[14934, 17360, 14954, 14964, 16972]",35650
"[14934, 17360, 14954, 14964, 16972]",33077
"[14934, 17360, 14954, 14964, 16972]",35982
"[20212, 15363]",30494
"[14186, 14604, 14774]",29173
"[14544, 15148]",94658
"[14968, 14793]",36688
"[14968, 14793]",36691
"[14945, 15413, 14186]",36765
"[14945, 15413, 14186]",36875
"[15077, 15363]",30494
"[16510, 14736, 14758, 14794]",84263
"[15474, 14997]",36772
"[14802, 15012]",33688
"[15769, 14944]",33575
"[15769, 14944]",37175
"[15761, 19447]",37766
"[15761, 19447]",37691
"[15277, 20851]",83800
"[16226, 15804]",36298
"[16510, 15539]",33643
"[14836, 15609]",37659
"[16753, 15414]",28520
"[15077, 14373]",32909
"[17605, 17351]",36512
"[14954, 19250, 14975]",33643
"[14954, 19250, 14975]",32520
"[14954, 19250, 14975]",99829
"[14954, 16972]",84160
"[14954, 16972]",35884
"[14954, 16972]",32531
"[14663, 14954, 16972]",84160
"[14663, 14954, 16972]",35884
"[14663, 14954, 16972]",32531
"[16572, 14024, 14376]",35966
"[15836, 14276]",36035
"[19663, 19671]",29614
"[14297, 14306]",37743
"[14186, 14604, 15344]",35630
"[14186, 14604, 15344]",29173
"[14186, 14604, 15344]",36567
"[15419, 16991]",35983
"[15419, 15325]",35983
"[14024, 14269]",32520
"[14668, 15201]",28208
"[14186, 14792]",36691
"[16226, 15077, 14954, 14955, 14024, 14275]",35884
"[17584, 14194]",38024
"[16510, 15474, 14997]",33688
"[15474, 14997]",33688
"[16753, 14792]",35966
"[14030, 14606]",30494
"[16510, 15414]",33643
"[14024, 14964, 14975]",27247
"[14024, 14964, 14251]",27247
"[14792, 15176]",36691
"[14969, 15781]",35761
"[14793, 14373]",36691
"[14793, 14373]",36050
"[14793, 14373]",35966
"[15420, 15804]",37722
"[14736, 14190, 14758, 14793]",96152
"[14736, 14190, 14758, 14793]",29402
"[14736, 14190, 14758, 14793]",29945
"[14736, 14190]",96152
"[14736, 14190]",29945
"[15413, 14186, 17040]",33686
"[14187, 14231]",28849
"[17605, 14975]",37619
"[14969, 15781]",33590
"[16510, 16753, 14024, 14793]",97007
"[15285, 14297]",37722
"[14945, 15176]",36514
"[14945, 15176]",33641
"[14945, 15176]",36927
"[14187, 15176]",36050
"[16285, 20212, 16972]",37570
"[16285, 20212, 16972]",35970
"[16285, 20212, 16972]",30494
"[16285, 20212, 16972]",32520
"[16285, 14738, 16972]",30494
"[16285, 15805, 20212]",33635
"[16510, 20336]",32214
"[16572, 15143, 15176]",35966
"[16510, 14275]",31477
"[17347, 15496]",83976
"[16226, 14954, 14964, 14251, 16972]",35970
"[16226, 14954, 14964, 14251, 16972]",35651
"[16226, 14954, 14964, 14251, 16972]",35650
"[16226, 14954, 14964, 14251, 16972]",35982
"[14024, 15367]",33590
"[14024, 15367]",28536
"[20336, 19027]",32552
"[20336, 19027]",37077
"[20336, 19027]",36783
"[20336, 19027]",32939
"[20336, 19027]",96734
"[20336, 19027]",37233
"[20336, 19027]",37537
"[20336, 19027]",39610
"[20336, 19027]",96412
"[20336, 19027]",37322
"[20336, 19027]",96648
"[20336, 19027]",94871
"[20336, 19027]",37489
"[20336, 19027]",35701
"[20336, 19027]",96649
"[20336, 19027]",37294
"[20336, 19027]",37432
"[15414, 15206]",28813
"[15414, 15206]",28502
"[15414, 15206]",28465
"[14187, 17355]",36514
"[14187, 17355]",33641
"[14187, 17355]",36862
"[14187, 17355]",33188
"[14187, 17355]",36927
"[14187, 17355]",28426
"[14963, 14610]",38242
"[15414, 18959]",33635
"[15077, 20212, 16972]",30494
"[14186, 14802]",35979
"[14194, 20441]",29078
"[16588, 20502]",28208
"[14276, 14302]",33618
"[14276, 14302]",33698
"[14737, 14320, 14793]",38386
"[14737, 14792]",33672
"[15413, 14187]",33672
"[14719, 14186, 14190]",33672
"[15455, 14977]",35760
"[15455, 14977]",28520
"[15455, 14977]",28813
"[14945, 15413, 14736]",33045
"[14945, 15413, 14736]",36959
"[14945, 15413, 14736]",36875
"[14503, 14975]",35852
"[14206, 14790]",83851
"[14758, 15572]",28849
"[14758, 15572]",33045
"[14231, 20336]",33672
"[14231, 20336]",35696
"[14231, 20336]",36612
"[14604, 14608]",33672
"[14604, 14608]",35696
"[14604, 14608]",36612
"[14604, 14608]",33188
"[14954, 14955, 14275]",33672
"[14954, 14955, 14275]",35696
"[14954, 14955, 14275]",36612
"[14954, 14955, 14275]",33188
"[14186, 14758, 17040]",29945
"[20336, 15596]",32214
"[20336, 15596]",84143
"[20336, 15596]",84303
"[16510, 14186, 14802]",33688
"[15277, 14484]",83800
"[14249, 15781]",83897
"[14019, 14950]",37811
"[15288, 14135]",33653
"[17351, 16510, 14758, 14793]",36691
"[15477, 14297]",36187
"[15176, 15206]",35970
"[14186, 15176]",31107
"[16588, 14551]",28208
"[14186, 20336, 14792]",33653
"[16588, 15620]",29107
"[16510, 15176]",36838
"[15077, 17728, 14320]",30494
"[14503, 14955, 14194, 14207, 15805, 14024, 14780, 14275, 14764]",35852
"[14604, 14737]",35966
"[16226, 16753, 15363]",35982
"[16226, 16753, 15363]",37397
"[16753, 15002]",33643
"[14770, 14379]",83824
"[14695, 21067]",36538
"[14695, 21067]",36812
"[14695, 21067]",35771
"[14695, 21067]",36688
"[14695, 21067]",36540
"[14737, 14792, 15176]",33653
"[20336, 17356]",32214
"[14187, 14347]",33688
"[14186, 14604, 21067]",29173
"[16285, 14954, 14975]",28921
"[14184, 14296, 15536]",37805
"[14184, 14296, 15859]",37805
"[15536, 15566, 15859]",37805
"[15859, 14484]",37805
"[15176, 15206]",35884
"[14737, 14792, 17711]",31116
"[17605, 16510, 14231]",36634
"[17605, 16510, 14231]",37619
"[16510, 14736, 14231]",36634
"[16510, 14736, 14231]",37619
"[16510, 14231]",36634
"[16510, 14231]",37619
"[15277, 14662, 14382]",37743
"[16226, 15077, 15804]",35970
"[16226, 15077, 15804]",32531
"[16226, 15077, 15804]",37647
"[14186, 14737, 14792]",31107
"[14161, 15093, 15836]",28313
"[14161, 15093, 15836]",83779
"[15271, 14186, 14190]",31756
"[14737, 14793]",36750
"[14662, 15859]",37805
"[14758, 18959]",36512
"[14758, 18959]",96795
"[15413, 14190]",35612
"[15781, 17128]",94571
"[15876, 14030, 14273]",37785
"[14030, 14273]",37785
"[15077, 14030, 20212]",30494
"[14961, 15620]",35641
"[14802, 21683]",33688
"[17360, 15805, 14738]",33635
"[17360, 15805, 14738]",35970
"[17360, 15805, 14738]",35852
"[14954, 16972]",32214
"[15277, 14579, 14662]",37805
"[15277, 14579, 14662]",37743
"[14297, 16215]",35930
"[14231, 15857]",96152
"[14231, 15857]",31380
"[14231, 15857]",97015
"[14209, 15600]",32505
"[14209, 15600]",37805
"[14181, 14209, 14218]",33128
"[14181, 14209, 14218]",37805
"[14184, 14326, 15536]",37805
"[14194, 15887]",29078
"[14737, 15344]",36617
"[14737, 15344]",36534
"[14737, 15344]",96633
"[14737, 15344]",37967
"[14737, 15344]",96515
"[14737, 15344]",95970
"[14737, 15344]",97234
"[14737, 15344]",94862
"[14737, 15344]",32623
"[14737, 14792]",37619
"[14186, 14792]",36534
"[14186, 14792]",37619
"[14186, 14792]",31477
"[14186, 14792]",37002
"[15413, 14186, 14802]",33688
"[15077, 18959]",90237
"[15077, 18959]",96479
"[15077, 18959]",37077
"[15077, 18959]",37422
"[15077, 18959]",96654
"[15077, 18959]",36802
"[15077, 18959]",37079
"[15077, 18959]",36783
"[15077, 18959]",32939
"[15077, 18959]",99089
"[15077, 18959]",94871
"[15077, 18959]",96524
"[15077, 18959]",37489
"[15077, 18959]",94959
"[15077, 18959]",35701
"[15077, 18959]",37294
"[15077, 18959]",37432
"[20478, 14961]",37752
"[14961, 14484]",37752
"[14737, 14373]",32214
"[14737, 14373]",84303
"[14737, 14373]",83826
"[14737, 14373]",84149
"[14737, 14373]",84150
"[17360, 15077, 14251, 14975, 20212]",30494
"[17360, 15077, 14251, 14975, 20212]",96948
"[14186, 14190, 14793]",36750
"[16510, 14187, 14024, 14793]",35966
"[14737, 14792]",31107
"[17605, 14737, 14792]",31107
"[14186, 14187, 15012]",37655
"[14276, 14369]",36035
"[17351, 14277, 15000]",36691
"[15316, 15859]",37805
"[14785, 15859]",37805
"[14737, 14792, 15665]",35612
"[14737, 14792, 15665]",33688
"[14737, 14792, 15665]",35732
"[15428, 14713]",28520
"[17583, 14194]",38024
"[15413, 15025]",35612
"[14187, 15481]",31477
"[17351, 16510, 14737]",36691
"[14954, 14955, 14789, 14780, 14791, 14320, 14794]",35852
"[16510, 20336, 15481]",36712
"[16510, 20336, 15481]",32214
"[16510, 20336, 15481]",84303
"[14954, 14955, 14024, 15414, 14275]",35884
"[14817, 15000]",36691
"[14241, 14244]",83917
"[17351, 14954, 14275, 14792]",36691
"[14954, 14275, 14792, 14456]",36691
"[17351, 14954, 14275, 14792, 14456]",36691
"[17605, 14231]",84263
"[14187, 15012]",29375
"[17605, 14186, 14737, 15176]",36050
"[14275, 15176]",36634
"[15077, 14738]",30494
"[14740, 16230]",35982
"[14207, 14792]",33688
"[17524, 14868]",36425
"[16226, 14780, 14868]",36425
"[16226, 14780]",36425
"[14194, 14780]",36425
"[15539, 15205]",36691
"[15539, 15205]",31116
"[15539, 15205]",36578
"[15539, 15205]",36512
"[15539, 15205]",36050
"[15539, 15205]",36906
"[15539, 15205]",36540
"[15539, 15205]",29646
"[14737, 14792, 15176]",35727
"[14186, 14954, 14955, 14604, 14737, 20156, 14275]",36492
"[14186, 14954, 14955, 14604, 14737, 20156, 14275]",36780
"[14954, 14955, 14604, 14737]",36492
"[14954, 14955, 14604, 14737]",36780
"[14954, 14955, 14231, 14604, 20336, 14737]",36492
"[14954, 14955, 14231, 14604, 20336, 14737]",36780
"[16510, 14792, 14794]",37619
"[15462, 15781]",36048
"[15413, 14737]",36240
"[15413, 14737]",31477
"[15413, 14737]",36424
"[14231, 17954]",28849
"[15072, 14662, 15038]",37743
"[14231, 17711]",36699
"[16285, 14738, 16972]",28969
"[16285, 14738, 16972]",32319
"[16285, 14738, 16972]",35745
"[15143, 15012]",35966
"[15143, 15012]",36688
"[15143, 15012]",99947
"[15143, 15012]",39751
"[14934, 14954, 14194, 14738, 16972]",33635
"[17605, 15092, 14737]",36750
"[14281, 16721]",35970
"[14281, 16721]",35982
"[14162, 15615]",39589
"[16510, 14736, 14758]",84263
"[15077, 14320, 15206]",30494
"[14954, 19250]",35982
"[17991, 19603]",33653
"[14719, 14954, 14792]",35771
"[17351, 14758, 17355]",36691
"[14954, 14194, 14251, 14975, 14738, 16972]",33635
"[14954, 14194, 14251, 14975, 14738, 16972]",35970
"[17112, 14275, 19284]",36540
"[14604, 14780, 14791, 18102]",28520
"[16226, 15077, 15363]",35970
"[17112, 15805, 14780]",39434
"[17112, 15805, 14780]",83852
"[17112, 15805, 14780]",83862
"[17112, 15805, 14780]",83853
"[17112, 15805, 14780]",98797
"[17112, 15805, 14780]",83857
"[17112, 15805, 14780]",83855
"[17112, 15805, 14780]",29361
"[17605, 16753]",28849
"[14719, 14954, 14190, 14737, 14792, 17711]",36691
"[14281, 14320]",35966
"[15077, 16753, 14320, 18959]",30494
"[14186, 14793]",36812
"[14954, 15481, 20212]",30494
"[14736, 15414]",35874
"[14186, 14231]",29173
"[14186, 14231]",31107
"[14186, 14231]",31477
"[14737, 14792]",36822
"[17351, 14186, 14190, 14758]",29945
"[14186, 14190, 14758]",29945
"[14934, 15805, 14964]",35852
"[14934, 15805, 14964]",28465
"[14934, 15805, 14964]",36496
"[14802, 14737, 17711]",33688
"[16285, 14934, 14954, 14964, 14738]",27304
"[16285, 14934, 14954, 14964, 14738]",28579
"[16285, 14934, 14954, 14964, 14738]",30671
"[16285, 14934, 14954, 14964, 14738]",31730
"[16285, 14934, 14954, 14964, 14738]",27474
"[16285, 14934, 14954, 14964, 14738]",31742
"[16285, 14934, 14954, 14964, 14738]",30664
"[16285, 14934, 14954, 14964, 14738]",30578
"[16285, 14934, 14954, 14964, 14738]",28304
"[16285, 14934, 14954, 14964, 14738]",36457
"[16285, 14934, 14954, 14964, 14738]",38985
"[20203, 20418, 20351]",28714
"[14954, 20212]",30494
"[14964, 14251, 16972]",33027
"[14954, 14964]",33027
"[16510, 20336]",33653
"[14154, 14219]",39609
"[14544, 14739]",33688
"[14544, 15015, 14739]",33688
"[14544, 15015]",33688
"[15015, 14739]",33688
"[14719, 14954, 14793]",37775
"[14954, 14793]",37775
"[14179, 15143]",35966
"[14179, 15143]",36696
"[14179, 15143]",99947
"[14179, 15143]",97007
"[20336, 19027]",28849
"[14836, 14911]",33575
"[14911, 14605]",33575
"[16753, 14024, 14320]",30494
"[16753, 20212]",30494
"[14024, 14975, 14793]",37619
"[14662, 14714, 20254]",37743
"[16510, 14792]",33713
"[16510, 14792]",36078
"[15077, 14320, 15363]",30494
"[14662, 14780]",28465
"[15077, 15206]",36512
"[14194, 14251, 14738, 16972]",94757
"[14194, 14251, 14738, 16972]",98797
"[14194, 14251, 14738, 16972]",83857
"[14194, 14251, 14738, 16972]",83855
"[14194, 14251, 14738, 16972]",84261
"[14194, 14251, 14738, 16972]",39846
"[14194, 14251, 14738, 16972]",35874
"[14194, 14251, 14738, 16972]",38268
"[16753, 15107, 15315, 14275]",33077
"[16510, 15539]",33688
"[14954, 14606, 14320, 19281]",30494
"[14161, 14323]",94658
"[14161, 14323]",83842
"[14161, 14323]",27921
"[17605, 14186, 14802]",36750
"[16226, 15077]",84332
"[16226, 15077]",37856
"[14186, 15176]",36050
"[15176, 20597]",36001
"[14604, 17128]",33188
"[17605, 14186, 14793]",31116
"[14194, 18230]",38024
"[14297, 14407]",29078
"[16753, 16229]",35650
"[14792, 15036]",29945
"[15002, 15205]",33643
"[16588, 14306, 14328]",28208
"[16588, 14306, 17950]",28208
"[15414, 18102]",28813
"[17112, 15414, 18102]",28813
"[17040, 15012]",30827
"[17040, 15012]",31477
"[17040, 15012]",31107
"[17040, 15012]",36534
"[17040, 15012]",37002
"[15277, 15072]",83799
"[16510, 15154]",36492
"[16510, 15154]",32214
"[14277, 15176]",30827
"[14277, 15000]",36691
"[14286, 15201]",28208
"[16510, 14945, 14737, 14792]",33688
"[16510, 19157]",33653
"[16510, 14758, 14792]",37655
"[15284, 14269, 19324]",84168
"[14899, 14238]",37768
"[15419, 20204]",37732
"[15419, 20204]",36015
"[15077, 14954, 14320]",98378
"[15277, 14184, 14662, 15040]",37743
"[15277, 14184, 14662, 15040]",83799
"[15277, 14662, 15235]",37743
"[15277, 14662, 15235]",83799
"[14954, 18102]",96948
"[14196, 14030]",33562
"[14186, 15057]",36691
"[17605, 14231, 18054]",84263
"[15770, 16588, 17950]",28208
"[16753, 15176]",94959
"[16753, 15176]",37924
"[16753, 15176]",94719
"[16753, 15176]",98663
"[16753, 15176]",84251
"[16753, 15176]",84107
"[16753, 15176]",84332
"[16753, 15176]",95316
"[16753, 15176]",98662
"[16753, 15176]",32213
"[15077, 15344]",30654
"[15077, 15344]",28465
"[15077, 15344]",28813
"[14186, 15481, 19491]",31107
"[20336, 18959]",32552
"[20336, 18959]",96479
"[20336, 18959]",96587
"[20336, 18959]",37422
"[20336, 18959]",96654
"[20336, 18959]",36802
"[20336, 18959]",37079
"[20336, 18959]",36783
"[20336, 18959]",32939
"[20336, 18959]",96734
"[20336, 18959]",37233
"[20336, 18959]",37537
"[20336, 18959]",39610
"[20336, 18959]",96412
"[20336, 18959]",37322
"[20336, 18959]",96648
"[20336, 18959]",94871
"[20336, 18959]",37489
"[20336, 18959]",35701
"[20336, 18959]",96649
"[20336, 18959]",94817
"[20336, 18959]",37294
"[20336, 18959]",37432
"[16510, 15413]",33688
"[14179, 17729, 17730, 14667, 17428]",29402
"[14179, 17729, 17730, 14667, 17428]",29375
"[14179, 17729, 17730, 14667, 17428]",35979
"[14737, 14792, 17711]",29375
"[14737, 14792, 17711]",35979
"[14737, 14792, 17711]",29402
"[14737, 14792, 17711]",96152
"[14737, 14792]",35979
"[14737, 14792]",29402
"[14737, 14792]",96152
"[20212, 14320]",98705
"[20212, 14320]",98378
"[15077, 20212, 14320]",98705
"[15077, 20212, 14320]",98378
"[15077, 14945]",33653
"[16226, 14320, 15367]",32213
"[15413, 15205]",36512
"[17605, 14186, 14190, 14737]",36050
"[14736, 14758]",99709
"[14736, 14758]",95970
"[15077, 20212, 14320]",33591
"[15077, 14320, 15206]",96948
"[14231, 14793]",96152
"[14134, 15413]",37858
"[16226, 16721]",35982
"[15176, 18959]",37619
"[14975, 18959]",37619
"[18959, 15012]",37619
"[17605, 14186, 14802, 14737]",36750
"[14975, 15000]",37619
"[16588, 15000]",37619
"[15363, 15033]",37647
"[15363, 15033]",35982
"[15363, 15033]",32531
"[16229, 15033]",37647
"[16229, 15033]",35982
"[16229, 15033]",32531
"[16972, 15033]",37647
"[16972, 15033]",35982
"[16972, 15033]",32531
"[16226, 15363, 15033]",37647
"[16226, 15363, 15033]",35982
"[16226, 15363, 15033]",32531
"[16226, 14740, 15033]",37647
"[16226, 14740, 15033]",35982
"[16226, 14740, 15033]",32531
"[14740, 15033]",37647
"[14740, 15033]",35982
"[14740, 15033]",32531
"[16226, 15033]",37647
"[16226, 15033]",35982
"[16226, 15033]",32531
"[16226, 16753, 15033]",37647
"[16226, 16753, 15033]",35982
"[16226, 16753, 15033]",32531
"[15176, 15033]",37647
"[15176, 15033]",35982
"[15176, 15033]",32531
"[14024, 16574, 14376]",35966
"[14186, 14802, 17711]",33688
"[15277, 14484]",97156
"[14186, 14737]",35718
"[16588, 14306]",36035
"[16510, 14231]",31477
"[16510, 14231]",36534
"[16510, 14231]",32623
"[16753, 14954]",36696
"[16753, 14954]",99947
"[16753, 14954]",97007
"[14934, 17360, 14954, 14964, 14269, 14738]",95114
"[14934, 17360, 14954, 14964, 14269, 14738]",39434
"[14934, 17360, 14954, 14964, 14269, 14738]",83852
"[14934, 17360, 14954, 14964, 14269, 14738]",98797
"[14934, 17360, 14954, 14964, 14269, 14738]",83857
"[14934, 17360, 14954, 14964, 14269, 14738]",94959
"[14934, 17360, 14954, 14964, 14269, 14738]",84261
"[14934, 17360, 14954, 14964, 14269, 14738]",90237
"[14934, 17360, 14954, 14964, 14269, 14738]",94812
"[14934, 17360, 14954, 14964, 14269, 14738]",99089
"[14934, 17360, 14954, 14964, 14269, 14738]",39846
"[14934, 17360, 14954, 14964, 14269, 14738]",28502
"[14934, 17360, 14954, 14964, 14269, 14738]",39209
"[14934, 17360, 14954, 14964, 14269, 14738]",28813
"[14934, 17360, 14954, 14964, 14269, 14738]",98663
"[14934, 17360, 14954, 14964, 14269, 14738]",38268
"[14934, 17360, 14954, 14964, 14269, 14738]",36917
"[14934, 17360, 14954, 14964, 14269, 14738]",95316
"[14934, 17360, 14954, 14964, 14269, 14738]",38290
"[14934, 17360, 14954, 14964, 14269, 14738]",83871
"[14934, 17360, 14954, 14964, 14269, 14738]",98662
"[14934, 17360, 14954, 14964, 14269, 14738]",96277
"[14934, 17360, 14954, 14964, 14269, 14738]",95304
"[14934, 17360, 14954, 14964, 14269, 14738]",95051
"[14934, 17360, 14954, 14964, 14269, 14738]",32213
"[16510, 14792, 14793]",36691
"[14184, 14346]",35790
"[14184, 14346]",83826
"[14184, 14346]",37184
"[14184, 14346]",84149
"[14184, 14346]",36981
"[14184, 14346]",84143
"[14184, 14346]",32214
"[14184, 14346]",84303
"[14184, 14346]",37489
"[14758, 17211]",28849
"[17605, 15539]",36691
"[14736, 20169, 20311]",28849
"[14736, 20169, 20311]",35846
"[14165, 15596]",36704
"[14165, 15596]",95104
"[14165, 15596]",95105
"[14165, 15596]",33643
"[15805, 14780]",28502
"[15805, 14780]",98020
"[14168, 14276, 15609]",35457
"[14168, 14276, 15609]",33575
"[14168, 14276, 15609]",35744
"[14168, 14276, 15609]",36010
"[14187, 14271]",83826
"[14187, 14271]",84149
"[14187, 14271]",39297
"[14187, 14271]",84143
"[14187, 14271]",37487
"[14187, 14271]",84303
"[14187, 14271]",37489
"[15092, 14186, 19027]",37773
"[15092, 14186, 19027]",37775
"[15092, 14186, 19027]",28347
"[15092, 14186, 19027]",94716
"[15092, 14186, 19027]",37774
"[15092, 14186, 19027]",37655
"[14277, 15206]",36691
"[14186, 14802]",37415
"[16588, 14306, 14551]",28208
"[14792, 15205]",31756
"[14792, 15205]",37304
"[14792, 15205]",37592
"[14736, 14758]",36578
"[16229, 15363]",35650
"[14187, 17355]",36512
"[14934, 14964]",27502
"[17605, 15092, 14186]",36812
"[17605, 15092, 14186]",36240
"[17605, 15092, 14186]",31116
"[17605, 15092, 14186]",33688
"[15413, 14802]",84263
"[15094, 14299]",83840
"[14737, 14792, 14761]",35612
"[14737, 14761]",35612
"[15077, 14412]",32531
"[15148, 14323]",38957
"[15012, 14456]",36691
"[14338, 19245]",83790
"[16510, 21082]",32214
"[16510, 21082]",84303
"[14969, 14379]",83812
"[14024, 20212, 14794]",30494
"[16753, 18959]",94959
"[16753, 18959]",37924
"[16753, 18959]",94719
"[16753, 18959]",39209
"[16753, 18959]",98663
"[16753, 18959]",84251
"[16753, 18959]",96718
"[16753, 18959]",84107
"[16753, 18959]",84332
"[16753, 18959]",95316
"[16753, 18959]",38290
"[16753, 18959]",37991
"[16753, 18959]",98662
"[16753, 18959]",95552
"[16753, 18959]",32213
"[14251, 14975]",37570
"[14251, 14975]",33635
"[14251, 14975]",35970
"[14251, 14975]",27277
"[14251, 14975]",30494
"[14251, 14975]",37576
"[15078, 14177]",84052
"[15078, 14177]",84192
"[15078, 17558]",84052
"[15078, 17558]",84192
"[16588, 20517]",28208
"[14194, 14964, 14251, 14738, 16972]",33635
"[14194, 14964, 14251, 14738, 16972]",35970
"[14194, 14964, 14251, 14738, 16972]",27277
"[14194, 14964, 14251, 14738, 16972]",30494
"[14194, 14964, 14251, 14738, 16972]",28813
"[14194, 14964, 14251, 14738, 16972]",37576
"[15000, 18959]",36691
"[15000, 18959]",39751
"[14738, 20212, 16972]",35852
"[14738, 20212, 16972]",28520
"[14738, 20212, 16972]",28813
"[14738, 20212, 16972]",30494
"[20212, 14868]",35852
"[20212, 14868]",28520
"[20212, 14868]",28813
"[20212, 14868]",30494
"[15805, 20212, 14868]",35852
"[15805, 20212, 14868]",28520
"[15805, 20212, 14868]",28813
"[15805, 20212, 14868]",30494
"[14954, 14868]",35852
"[14954, 14868]",28520
"[14954, 14868]",28813
"[14954, 14868]",30494
"[20336, 17991]",35727
"[17351, 14792, 14793]",36691
"[15479, 15166]",37617
"[15414, 18959]",35970
"[16753, 15414]",33294
"[16753, 15414]",38290
"[16753, 16229]",35982
"[17584, 14024]",33654
"[16753, 14606]",35982
"[16226, 15077, 15176]",32213
"[16226, 15176]",32213
"[17351, 15092]",35771
"[16510, 16072]",36035
"[16510, 16072]",35612
"[16510, 15866]",36035
"[16510, 15866]",35612
"[14737, 15176]",36691
"[15413, 14347]",36512
"[14758, 14456]",39750
"[15077, 15414]",94959
"[15077, 15414]",37924
"[15077, 15414]",94719
"[15077, 15414]",84251
"[15077, 15414]",84107
"[15077, 15414]",84332
"[15077, 15414]",36917
"[15077, 15414]",37991
"[15077, 15414]",95051
"[14793, 14727]",32924
"[14793, 14727]",96152
"[14793, 14727]",32541
"[15769, 15609]",36286
"[15769, 15609]",94640
"[15769, 15609]",38388
"[15769, 15609]",30104
"[15769, 15609]",31869
"[15769, 15609]",94687
"[14161, 14223, 14999, 14323]",28313
"[17351, 14736, 14758]",29945
"[16510, 14187]",94973
"[14168, 21913]",37659
"[14186, 14187, 14793]",36812
"[14186, 14187, 14793]",33688
"[16753, 14780, 15149]",83860
"[16753, 14780, 15149]",83857
"[16753, 14780, 15149]",83855
"[16753, 14780, 15149]",83859
"[16753, 14780, 15149]",29361
"[16753, 14780, 15149]",97918
"[16753, 14024]",28813
"[15315, 15230]",35727
"[14758, 14449]",36757
"[14186, 15107]",31116
"[14954, 14964, 14251, 14738, 16972]",35970
"[14954, 14964, 14251, 14738, 16972]",33635
"[14954, 14964, 14251, 14738, 16972]",28813
"[14150, 14981]",94782
"[14150, 14981]",37753
"[16510, 15230]",35786
"[15092, 14792, 14793, 15000]",35771
"[15092, 14792, 14793]",35771
"[14186, 14792, 16036]",36824
"[14186, 14792, 16036]",32623
"[15000, 15896]",36691
"[14231, 17711, 15176]",28849
"[14231, 17711, 15176]",36480
"[14231, 17711, 15176]",36538
"[14971, 14996]",31395
"[14186, 14802, 21683]",33688
"[14223, 14610]",28313
"[17524, 14604, 14780, 20212]",37805
"[15101, 14954]",31116
"[15101, 14954]",29402
"[15101, 14954]",37983
"[15101, 14954]",36540
"[15101, 14954]",32257
"[16226, 14954, 16972, 14791]",35884
"[15761, 15346]",37766
"[16510, 14737, 14792]",35732
"[16510, 14737, 14792]",32623
"[17112, 14954]",30494
"[17112, 15077, 14954]",30494
"[17112, 15077]",30494
"[17112, 15077, 18102]",30494
"[16226, 17112, 14954, 14955, 14024, 14275]",35884
"[16226, 17112, 14719, 14954, 15107, 14024]",35884
"[14793, 16517]",35612
"[15312, 14774, 15822]",28849
"[15312, 14774, 15822]",95048
"[15419, 14318]",37820
"[15413, 14186, 14190, 14737, 14758]",33045
"[15413, 14186, 14190, 14737, 14758]",37595
"[15413, 14186, 14190, 14737, 14758]",36634
"[15413, 14186, 14190, 14737, 14758]",36232
"[15413, 14186, 14190, 14737, 14758]",36875
"[14817, 14277, 14997, 18959]",94716
"[14254, 14346, 15536, 15859]",37805
"[14254, 14346]",37805
"[17605, 14186, 14190, 14793]",36678
"[16753, 15414, 14320]",96948
"[14961, 17356]",33688
"[16510, 14719, 14954, 14190, 14792]",36691
"[14995, 14320, 15367]",30494
"[14186, 14792]",94981
"[14186, 15481]",94981
"[15805, 18102]",28520
"[15425, 14980, 14318]",37161
"[15474, 14449]",36691
"[14186, 14802, 14737]",33688
"[14918, 18123]",36187
"[14954, 16972]",35760
"[14954, 16972]",28465
"[14954, 16972]",30654
"[14954, 16972]",84261
"[14954, 16972]",98020
"[14954, 16972]",37570
"[14954, 16972]",37397
"[14954, 16972]",38290
"[14954, 16972]",33294
"[14954, 16972]",39883
"[14954, 16972]",36917
"[14954, 16972]",35867
"[14954, 16972]",90237
"[15077, 14251, 14975, 16972]",95060
"[15077, 14251, 14975, 16972]",98570
"[15077, 14251, 14975, 16972]",96948
"[16510, 15315]",33653
"[14161, 14999, 14323]",28313
"[14737, 14792, 17991]",33688
"[14186, 15205]",37619
"[14184, 14346]",33077
"[15012, 14449]",36925
"[15012, 14449]",35727
"[14179, 19663]",29614
"[15420, 20442]",37564
"[14186, 14737]",35771
"[18959, 15560]",35970
"[15271, 14190]",29646
"[14802, 14793]",36691
"[14802, 14793]",29402
"[14802, 14793]",29945
"[14802, 14793]",36050
"[14802, 14793]",31477
"[14802, 14793]",35966
"[14275, 14792, 15000]",36691
"[14194, 14024, 15324]",29078
"[14194, 14024, 15982]",29078
"[14194, 14024]",29078
"[16226, 16972, 14794]",35982
"[16226, 16972, 14794]",37397
"[14663, 14954, 16972, 19604]",84263
"[14663, 14954, 16972]",84263
"[14737, 14792, 15020]",33653
"[15077, 15018]",28465
"[15077, 15018]",95114
"[15077, 15018]",28813
"[15077, 15018]",98797
"[15077, 15018]",83857
"[15077, 15018]",83855
"[14954, 14738, 16972]",28207
"[14944, 14215, 14276]",36035
"[14934, 14954, 14194, 14269, 14738]",94757
"[14934, 14954, 14194, 14269, 14738]",39434
"[14934, 14954, 14194, 14269, 14738]",83862
"[14934, 14954, 14194, 14269, 14738]",83853
"[14934, 14954, 14194, 14269, 14738]",98797
"[14934, 14954, 14194, 14269, 14738]",83857
"[14934, 14954, 14194, 14269, 14738]",83855
"[14934, 14954, 14194, 14269, 14738]",29361
"[14934, 14954, 14194, 14269, 14738]",94959
"[14934, 14954, 14194, 14269, 14738]",37924
"[14934, 14954, 14194, 14269, 14738]",94719
"[14934, 14954, 14194, 14269, 14738]",90237
"[14934, 14954, 14194, 14269, 14738]",94812
"[14934, 14954, 14194, 14269, 14738]",39846
"[14934, 14954, 14194, 14269, 14738]",39209
"[14934, 14954, 14194, 14269, 14738]",28813
"[14934, 14954, 14194, 14269, 14738]",98663
"[14934, 14954, 14194, 14269, 14738]",84251
"[14934, 14954, 14194, 14269, 14738]",96718
"[14934, 14954, 14194, 14269, 14738]",84107
"[14934, 14954, 14194, 14269, 14738]",84332
"[14934, 14954, 14194, 14269, 14738]",95316
"[14934, 14954, 14194, 14269, 14738]",38290
"[14934, 14954, 14194, 14269, 14738]",96948
"[14934, 14954, 14194, 14269, 14738]",37991
"[14934, 14954, 14194, 14269, 14738]",98662
"[14934, 14954, 14194, 14269, 14738]",95552
"[14934, 14954, 14194, 14269, 14738]",32213
"[15770, 17832, 15501]",28208
"[14971, 15014]",38437
"[14737, 20324]",37619
"[15094, 14299]",83903
"[14736, 14727]",96152
"[14736, 14727]",98515
"[14736, 14727]",36004
"[14736, 14727]",37896
"[14736, 14727]",98522
"[14937, 14409]",38437
"[14604, 15414, 14780, 15149, 17773]",28465
"[14604, 14780, 15149, 17773]",28465
"[14836, 14944, 14953, 14215]",35930
"[14836, 14944, 14953, 14215]",36035
"[16226, 14954, 14269, 16972]",35650
"[16226, 14954, 14269, 16972]",35982
"[14059, 14153]",36507
"[16510, 20336]",97230
"[16510, 14187, 20336]",97230
"[16510, 14187]",97230
"[14190, 14737, 14792, 14373]",32924
"[14190, 14737, 14792, 14373]",96152
"[14190, 14737, 14792, 14373]",29945
"[16510, 16753]",37619
"[14945, 16753]",37619
"[16753, 15012]",37619
"[15176, 15205]",36906
"[14721, 15484]",33593
"[14955, 14975]",35852
"[14955, 14975]",90237
"[14955, 14975]",35867
"[14955, 14975]",32531
"[14955, 14975]",94707
"[14194, 15666]",29078
"[14140, 14161]",28313
"[14140, 14161]",33575
"[15277, 14184, 14662, 15663]",83799
"[15277, 14662, 15663]",83799
"[16510, 14792, 21070]",36691
"[14954, 16972]",36104
"[14954, 16972]",83907
"[15466, 16036]",99047
"[16510, 14945, 15012]",37619
"[16510, 14737, 15012]",37619
"[16510, 14792, 15012]",37619
"[14187, 14204]",29041
"[15413, 14186]",37858
"[15111, 14963]",36092
"[14963, 14241]",36092
"[20433, 14602]",35528
"[20433, 14602]",97183
"[14662, 20254]",37743
"[15282, 17950]",28208
"[14969, 15781, 14991]",36187
"[14934, 14954]",36344
"[14934, 14954]",36104
"[14934, 14954]",83907
"[14736, 15414, 14758]",28849
"[16572, 17991]",35966
"[17728, 14277]",39858
"[17728, 14277]",97426
"[17728, 14277]",95249
"[16753, 14954, 14320]",98378
"[14945, 14186, 14792]",36691
"[14792, 15665]",31477
"[14792, 15665]",36534
"[14792, 15665]",32623
"[16510, 14997]",37619
"[14997, 15176]",37619
"[14945, 14997]",37619
"[14187, 14997]",37619
"[16226, 15413, 14736, 14604]",35884
"[14190, 14926]",36813
"[14194, 21065]",29078
"[15413, 20288]",36512
"[16510, 15413, 14737]",36691
"[15414, 15018]",33635
"[14152, 14276]",36035
"[16226, 15033]",37397
"[14153, 15012]",35790
"[14153, 15012]",33188
"[14153, 15012]",36540
"[14206, 15207]",33128
"[14719, 14954, 14792, 15000]",35771
"[17351, 14719, 14954, 14792]",35771
"[16510, 15413, 14736, 14758]",33045
"[15413, 14736, 14758, 17711]",33045
"[14736, 14758]",36768
"[14736, 14758]",35724
"[14736, 14758]",39402
"[14792, 21077]",32623
"[15092, 14186, 14802, 15414, 14737, 14792, 14793]",31116
"[15092, 14186, 14802, 15414, 14737, 14792, 14793]",33688
"[14030, 14269]",100010
"[14030, 14269]",32942
"[15077, 14320, 15367]",96948
"[16510, 14736, 14758]",37619
"[15413, 14737, 19031]",39751
"[14792, 15176]",36863
"[14792, 15176]",33642
"[14792, 15176]",36867
"[15277, 14662]",37788
"[14910, 15600]",39696
"[14910, 15547]",39696
"[15289, 15547]",39696
"[15547, 15600]",39696
"[15282, 15283]",28208
"[14997, 15665]",36691
"[15077, 15363]",35970
"[14190, 14320, 14793]",29402
"[14598, 14656]",33658
"[14598, 14656]",28208
"[16229, 14411]",37397
"[16229, 14411]",36917
"[16510, 15205]",36906
"[16753, 14320, 15240]",30494
"[15477, 14297]",29220
"[14186, 14802, 14737, 14792]",35686
"[16753, 15176]",35817
"[16753, 15176]",36514
"[14954, 16972]",37619
"[14954, 16972]",37600
"[14544, 15015]",36050
"[14269, 15563]",29078
"[14719, 14954, 14190, 14275, 14792, 14793]",35771
"[17524, 14954, 14964, 14604, 14975]",33077
"[17605, 14186, 14190, 14737, 14793]",36678
"[17605, 14186, 14190, 14737, 14793]",37809
"[14320, 15363]",27710
"[14736, 14793]",33688
"[14187, 14449]",36881
"[15092, 14954]",33715
"[15092, 14954]",32050
"[15092, 14954]",96641
"[15092, 14954]",96027
"[14306, 20517]",28208
"[17605, 14736, 14231, 14759]",84263
"[14302, 14620]",33618
"[14302, 14620]",33698
"[14186, 14802, 17958]",33688
"[16226, 16558]",35650
"[14736, 14758, 19027]",36881
"[14736, 14758, 19027]",36004
"[14736, 14758, 19027]",95970
"[14736, 14758, 19027]",84263
"[14945, 14758]",36691
"[14997, 20905]",37773
"[14997, 20905]",37775
"[14997, 20905]",37774
"[14997, 20905]",37655
"[16226, 15363]",33294
"[14024, 14273]",37784
"[14737, 15036]",31477
"[14737, 15036]",36691
"[14737, 15036]",32623
"[14737, 15036]",36534
"[14737, 15036]",30827
"[14604, 14780]",28465
"[16226, 15206]",35884
"[20427, 15366]",36253
"[16753, 15414]",35982
"[16753, 15414]",37397
"[17832, 20517]",28208
"[15413, 14186, 14449]",33686
"[15413, 14186, 14449]",33045
"[15413, 14186, 14449]",36706
"[15560, 21073]",35612
"[14176, 21269]",38957
"[14971, 15562]",38436
"[14937, 15562]",38436
"[14945, 14736, 14758]",36634
"[16753, 14780]",98797
"[16753, 14780]",83857
"[16753, 14780]",83855
"[14954, 16972]",33634
"[14792, 15176]",96152
"[14737, 14792, 18959]",37805
"[14737, 14792, 18959]",37974
"[16510, 14758]",84263
"[16468, 15143, 15492, 14320, 14793]",35966
"[14299, 21269]",38957
"[14286, 15562]",38436
"[14184, 15562]",38436
"[16226, 14954, 21676]",33635
"[14024, 14376]",35966
"[14024, 14794, 14376]",35966
"[14945, 15414]",33635
"[14737, 14792, 15560]",30827
"[14737, 14792, 15560]",31477
"[14662, 14714]",83799
"[14662, 14714, 20254]",83799
"[14662, 14714, 20253]",83799
"[14969, 21269]",38957
"[14784, 21269]",38957
"[14216, 21269]",38957
"[14945, 15176]",37668
"[16672, 14543]",28374
"[14158, 14186, 14954]",98983
"[14158, 14186, 14954]",98969
"[16510, 18959]",36712
"[14347, 18959]",37619
"[14975, 14347]",37619
"[15840, 21269]",38957
"[14758, 18959]",36466
"[14737, 14792, 21114]",33688
"[14034, 20469]",33072
"[17558, 14177]",83918
"[14765, 14405]",33653
"[15419, 14030]",33675
"[14320, 14612]",39751
"[14320, 14612]",39531
"[17351, 15000]",35771
"[17351, 15000]",84130
"[14207, 15176]",29194
"[15781, 15179]",33658
"[14138, 14209]",37743
"[14231, 14758]",84263
"[17605, 14737, 15176]",36750
"[17605, 14737, 15176]",36050
"[14737, 14792, 17991]",37651
"[14190, 14231, 21481]",36480
"[17605, 14449]",36581
"[17605, 14449]",36578
"[14297, 20162]",33658
"[16226, 15681]",35650
"[16226, 15681]",35982
"[14263, 14272]",33675
"[16588, 20532]",28208
"[17583, 19671]",29614
"[17583, 19671]",29078
"[15781, 14399]",83812
"[20336, 14761]",32214
"[20336, 14761]",33653
"[17351, 14736, 14758, 14793]",35979
"[16510, 14737]",33502
"[16510, 14737]",37184
"[15474, 21705]",35612
"[15474, 21705]",35650
"[14963, 21705]",35612
"[14963, 21705]",35650
"[14277, 21705]",35612
"[14277, 21705]",35650
"[14213, 15176]",35771
"[15082, 15083]",28313
"[15206, 19281]",96949
"[15206, 19281]",96948
"[16226, 14954, 14955, 14030]",33294
"[16753, 14251, 14975]",30494
"[17351, 15092, 15176]",84130
"[17693, 14738]",27595
"[14954, 19027]",31477
"[14954, 19027]",32623
"[14954, 19027]",37001
"[14954, 19027]",37655
"[14954, 19027]",36534
"[14184, 14662, 15235, 15040]",83799
"[14184, 14662, 15235, 15040]",37743
"[14024, 15025]",35966
"[15413, 14736, 17711]",36959
"[15413, 14736, 17711]",36875
"[14936, 15010]",36694
"[14306, 15674]",29078
"[14216, 15674]",29078
"[15077, 14194, 14207, 14320, 18959]",35852
"[15101, 14954]",33653
"[15101, 14954]",36567
"[15101, 14954]",35633
"[15176, 15574]",99947
"[15176, 15574]",35966
"[14194, 17601]",39524
"[14194, 17601]",39820
"[14694, 14954, 14955, 14231, 20336, 14275]",35696
"[14694, 14954, 14955, 14231, 20336, 14275]",89218
"[14222, 20517]",28208
"[16226, 16753]",35650
"[14187, 14737, 14792]",37974
"[14187, 14737, 14792]",35684
"[17605, 15425]",84263
"[17605, 15425]",39146
"[14737, 14792, 15176]",36953
"[14737, 14792, 15176]",36514
"[14320, 15240]",98705
"[14663, 14954, 16972]",36197
"[14792, 14412]",36691
"[14780, 15206]",35852
"[14780, 15206]",94812
"[14780, 15206]",33077
"[14780, 15206]",35650
"[15077, 14194, 14251]",33635
"[15077, 14194, 14251]",35970
"[15077, 14194, 14251]",28813
"[14503, 16588, 14955, 14780, 14275, 14320]",35852
"[14030, 15025]",35966
"[17605, 14186, 15012]",36050
"[17605, 15012]",36050
"[15413, 14186]",37304
"[15413, 14186]",37411
"[15413, 14186]",28956
"[15413, 14186]",37783
"[14187, 15176]",37974
"[14187, 15176]",35684
"[14662, 14375]",83799
"[14662, 14375]",37805
"[16226, 14954, 14955, 14024, 14275, 15363]",35650
"[14737, 14792, 15176]",36050
"[16588, 14792]",36750
"[16588, 14792]",29375
"[14024, 20212, 15240]",30494
"[14286, 15674]",29078
"[15602, 15603]",35612
"[14736, 14802]",99947
"[14736, 14802]",97007
"[16510, 18102]",32214
"[16510, 18102]",84303
"[16510, 18102]",83826
"[16510, 18102]",84149
"[16510, 18102]",84150
"[18959, 15205]",37619
"[14286, 15600]",32505
"[15452, 15600]",32505
"[14954, 14964, 14251, 16972]",33077
"[14954, 14964, 14251, 16972]",35650
"[14305, 15143, 14996]",35966
"[20336, 18959]",37487
"[20336, 18959]",94658
"[14187, 14802, 14737]",31116
"[18277, 15559]",35641
"[16962, 14736]",28849
"[14945, 16753]",29646
"[14758, 15539, 21498]",36691
"[14954, 14964, 14251, 14738, 16972]",35760
"[16226, 15077, 14954, 14780, 16972]",28921
"[16226, 15077, 14954, 14780, 16972]",98167
"[16226, 15077, 14954, 14780, 16972]",98166
"[14954, 14964, 14251]",28465
"[14954, 14964, 14251]",28813
"[14954, 14964, 14251]",84277
"[14954, 14964, 14251]",30654
"[14954, 14964, 14251]",35982
"[14954, 14964, 14251]",37615
"[14954, 14964, 14251]",35970
"[14954, 14964, 14251]",33077
"[14954, 14964, 14251]",36344
"[20212, 16972, 14868]",35760
"[20212, 16972, 14868]",28465
"[20212, 16972, 14868]",33077
"[20212, 16972, 14868]",35650
"[20212, 16972, 14868]",30494
"[14187, 14802, 14793]",33688
"[16510, 14187, 14802, 14793]",33688
"[14144, 16588, 14721]",33593
"[14144, 16588, 14721]",31393
"[16588, 14721]",33593
"[16588, 14721]",31393
"[14144, 16588]",33593
"[14144, 16588]",31393
"[19250, 16229, 15363]",35982
"[19250, 16229, 15363]",35651
"[14937, 14971]",37604
"[14713, 18102]",28465
"[15413, 16753, 14737]",37148
"[15413, 16753, 14737]",37411
"[14186, 14802, 18959]",37983
"[15072, 14662, 14443]",83799
"[17360, 14251, 15176]",35871
"[17534, 14251, 15176]",35871
"[14944, 14808]",35833
"[15840, 15674]",29078
"[14737, 14792, 19491]",31477
"[16226, 14954, 14955, 14194, 14024, 14780, 14275, 14764, 14320, 14514]",35852
"[14954, 14955, 14194, 14024, 14780, 14275, 14764, 14320, 14514]",35852
"[17351, 14719, 14954, 14190, 14737, 14275, 14792, 14793, 17355]",36691
"[14662, 14714, 15038]",83799
"[14714, 15038]",83799
"[15288, 15315]",33653
"[15288, 15315, 19157]",33653
"[15315, 19157]",33653
"[14954, 19250]",36621
"[14954, 19250]",35686
"[14954, 19250]",37858
"[15769, 14944, 14276]",36035
"[15769, 14944, 14276]",36040
"[15072, 14662, 14382]",83799
"[14737, 14792]",36888
"[16468, 14277, 14997]",97426
"[16468, 14277, 14997]",37775
"[15597, 21091]",83871
"[17170, 14831]",28149
"[14662, 20476]",83799
"[14954, 14955, 14194, 14024, 14780, 14764, 14320]",99701
"[14954, 14955, 14194, 14024, 14780, 14764, 14320]",98604
"[14954, 14955, 14194, 14024, 14780, 14764, 14320]",99923
"[14955, 14194, 14780, 14320]",99701
"[14955, 14194, 14780, 14320]",98604
"[14955, 14194, 14780, 14320]",99923
"[14168, 14215, 21913]",36040
"[14168, 14215, 21913]",36035
"[14186, 14736, 14190]",29402
"[19124, 19281]",98570
"[19124, 19281]",96948
"[14737, 16028]",37773
"[14737, 16028]",37775
"[14737, 16028]",94716
"[14737, 16028]",37774
"[14737, 16028]",37655
"[17584, 14194]",29078
"[16753, 14971, 14995, 14320]",30494
"[16753, 14024, 15597]",37570
"[18277, 15559]",36743
"[14945, 14190]",36416
"[16572, 16468, 17991, 16578]",35966
"[16753, 14024, 14793]",35966
"[15446, 16219]",28194
"[14231, 14793]",36540
"[18098, 14738]",32100
"[18098, 14738]",35745
"[16588, 15598]",28208
"[14975, 15860]",37311
"[16510, 14736, 14190, 21481]",28849
"[14662, 20254]",83799
"[14954, 14964, 14251, 14738, 16972]",98797
"[14954, 14964, 14251, 14738, 16972]",83857
"[14954, 14964, 14251, 14738, 16972]",83855
"[14954, 14964, 14251, 14738, 16972]",94959
"[14954, 14964, 14251, 14738, 16972]",36344
"[14954, 14964, 14251, 14738, 16972]",39846
"[14954, 14964, 14251, 14738, 16972]",84304
"[14954, 14964, 14251, 14738, 16972]",28502
"[14954, 14964, 14251, 14738, 16972]",94742
"[14954, 14964, 14251, 14738, 16972]",28536
"[14954, 14964, 14251, 14738, 16972]",98663
"[14954, 14964, 14251, 14738, 16972]",28542
"[14954, 14964, 14251, 14738, 16972]",38268
"[14954, 14964, 14251, 14738, 16972]",33590
"[14954, 14964, 14251, 14738, 16972]",27610
"[14954, 14964, 14251, 14738, 16972]",38290
"[14954, 14964, 14251, 14738, 16972]",32844
"[14954, 14964, 14251, 14738, 16972]",30402
"[14954, 14964, 14251, 14738, 16972]",96562
"[14954, 14964, 14251, 14738, 16972]",96948
"[14954, 14964, 14251, 14738, 16972]",98662
"[14954, 14964, 14251, 14738, 16972]",95051
"[14954, 14964, 14251, 14738, 16972]",32213
"[14184, 14296, 15859, 14484]",37805
"[14694, 14024, 14793, 15205]",35966
"[14719, 14736, 15414, 14758]",29402
"[17351, 14737, 16028]",84130
"[14154, 14950, 14194, 14269]",29078
"[16510, 20336]",36712
"[14607, 15012]",36906
"[14937, 15446, 14207]",38436
"[14024, 14269, 14273]",38388
"[14024, 14269, 14273]",36040
"[14024, 14269]",38388
"[14024, 14269]",36040
"[15474, 14462]",37619
"[16690, 16262]",28208
"[14955, 14194, 14780, 14914]",35970
"[14955, 14194, 14780, 14914]",36371
"[17991, 14405]",33653
"[15148, 14325]",28899
"[15281, 15893, 15107, 15315, 14275]",35970
"[14667, 14554]",83842
"[14667, 14554]",29614
"[14737, 14792, 15205]",36194
"[15176, 15205]",36937
"[14604, 18102]",94959
"[14604, 18102]",37924
"[14604, 18102]",94719
"[14604, 18102]",39209
"[14604, 18102]",98663
"[14604, 18102]",84251
"[14604, 18102]",84107
"[14604, 18102]",95316
"[14604, 18102]",38290
"[14604, 18102]",96562
"[14604, 18102]",37991
"[14604, 18102]",98662
"[14604, 18102]",95051
"[14604, 18102]",95552
"[14604, 18102]",32213
"[20212, 16972]",35650
"[20212, 16972]",33077
"[20212, 16972]",30494
"[20212, 16972]",35982
"[20212, 16972]",28520
"[14663, 15288, 14186, 20336, 17991]",33653
"[14663, 15288, 17991]",33653
"[14604, 14780, 16495]",35852
"[14604, 14780, 16495]",94812
"[14194, 14604, 14780, 16495]",35852
"[14194, 14604, 14780, 16495]",94812
"[17112, 14738, 20212]",30494
"[14881, 14950]",37888
"[14954, 14955, 14024, 14275, 16230]",35651
"[15078, 14643]",84192
"[14940, 14643]",84192
"[14371, 14413]",35471
"[14181, 20215]",99476
"[14954, 15461]",36691
"[14320, 17886]",94764
"[14320, 17886]",30756
"[14320, 17886]",33593
"[15914, 14302]",33618
"[16226, 15363, 16721]",35884
"[14758, 15597]",36512
"[14024, 14376]",36688
"[14024, 15846]",37805
"[14685, 14235]",94764
"[14685, 14235]",30756
"[15770, 16588, 14385]",36432
"[15770, 16588, 14385]",28208
"[14934, 14794]",94757
"[14934, 14794]",30039
"[15781, 15179]",37805
"[20202, 16352, 16216]",36035
"[20202, 16352, 16216]",33489
"[16510, 14737]",36194
"[16510, 14737]",36798
"[16510, 14737]",96469
"[16510, 14737]",84130
"[16510, 14737]",94693
"[16588, 14685, 14235]",30756
"[16588, 14685, 14235]",94764
"[14934, 14954, 14738, 16972]",94757
"[14934, 14954, 14738, 16972]",39434
"[14934, 14954, 14738, 16972]",94959
"[14934, 14954, 14738, 16972]",37924
"[14934, 14954, 14738, 16972]",94719
"[14934, 14954, 14738, 16972]",84261
"[14934, 14954, 14738, 16972]",90237
"[14934, 14954, 14738, 16972]",99089
"[14934, 14954, 14738, 16972]",39846
"[14934, 14954, 14738, 16972]",28502
"[14934, 14954, 14738, 16972]",39209
"[14934, 14954, 14738, 16972]",28813
"[14934, 14954, 14738, 16972]",98663
"[14934, 14954, 14738, 16972]",84251
"[14934, 14954, 14738, 16972]",96718
"[14934, 14954, 14738, 16972]",84107
"[14934, 14954, 14738, 16972]",84332
"[14934, 14954, 14738, 16972]",95316
"[14934, 14954, 14738, 16972]",38290
"[14934, 14954, 14738, 16972]",37991
"[14934, 14954, 14738, 16972]",98662
"[14934, 14954, 14738, 16972]",95552
"[14934, 14954, 14738, 16972]",32213
"[15038, 15043]",37743
"[15277, 14662, 15038, 15043]",37743
"[14685, 14787, 14235]",30756
"[14685, 14787, 14235]",94764
"[15413, 15602]",28520
"[15781, 15914]",38242
"[15781, 14817]",35771
"[15419, 14599, 14024, 14034]",35831
"[15419, 14599, 14024, 14034]",94600
"[15419, 14599, 14024, 14034]",32926
"[15419, 14599, 14024, 14034]",36836
"[14194, 14764]",36691
"[14194, 14764]",31477
"[14306, 14328]",28208
"[14937, 14208]",84296
"[15206, 15597]",27610
"[14945, 15176]",35790
"[14945, 15176]",32214
"[14945, 15176]",83826
"[15087, 15829]",94658
"[15087, 15829]",84168
"[15082, 15829]",94658
"[15082, 15829]",84168
"[14176, 15829]",94658
"[14176, 15829]",84168
"[16874, 14239, 14315]",37718
"[16874, 14239, 14244]",37718
"[14815, 14060, 14640]",84090
"[14815, 14640]",84090
"[17605, 14186, 14737, 14793]",36050
"[14694, 15025]",36867
"[20478, 14218]",37752
"[15425, 14286]",99989
"[15205, 15602]",36944
"[15205, 15602]",36078
"[15205, 15602]",33045
"[15077, 16753, 14320, 15206]",30494
"[14181, 20215, 15563]",32631
"[14181, 20215, 15563]",98714
"[15501, 20532]",28208
"[15092, 17356]",35771
"[15092, 17356]",39751
"[14685, 14235, 15247]",31596
"[15474, 15596]",36691
"[14297, 14320]",100010
"[14297, 14320]",32505
"[14297, 14320]",37805
"[14954, 14955, 14024, 14604, 14275]",84107
"[14954, 14955, 14024, 14604, 14275]",84251
"[14954, 14955, 14024, 14604, 14275]",29698
"[14954, 14955, 14024, 14604, 14275]",94959
"[16226, 16753]",33635
"[16510, 15205]",33643
"[16285, 14934, 14964, 14251, 14975, 15176]",83924
"[16285, 14934, 14964, 14251, 14975, 15176]",36694
"[16226, 15804]",35982
"[16226, 15804]",37397
"[14184, 14326]",97107
"[14937, 15446]",98239
"[17351, 14186, 14758]",29945
"[14186, 14604, 14737]",29173
"[15455, 14977]",35786
"[17605, 21077]",28849
"[17605, 21077]",36678
"[17605, 21077]",33688
"[17605, 21077]",37655
"[17605, 14231, 21077]",28849
"[17605, 14231, 21077]",36678
"[17605, 14231, 21077]",33688
"[17605, 14231, 21077]",37655
"[14911, 14338]",83790
"[16226, 17303]",38648
"[15176, 19009]",33077
"[15282, 15283]",28552
"[14663, 14954, 16972]",36712
"[14663, 14954, 16972]",32214
"[14663, 14954, 16972]",36492
"[14663, 14954, 16972]",84303
"[14792, 19031]",35612
"[15413, 14737, 19031]",35612
"[14187, 21070]",33688
"[14619, 18413]",27361
"[14604, 14737, 16229, 15363]",35650
"[14184, 14662, 15811, 15040]",37743
"[14184, 15811, 15040]",37743
"[15094, 15116]",38957
"[15413, 14186, 14758, 14793]",36512
"[14911, 18417]",83790
"[14995, 21269]",38957
"[17351, 14186, 14758, 17355]",29945
"[14186, 14793]",30827
"[15288, 15077]",33653
"[14737, 14792]",35840
"[14737, 14792]",36424
"[14789, 14780, 15206]",28465
"[14789, 14780, 15206]",28813
"[14320, 19281, 15367]",30494
"[15419, 21564]",33128
"[14911, 14954, 14738, 16972, 18277]",28520
"[14184, 14662, 15811, 15040]",83799
"[14184, 15235, 15811, 15040]",83799
"[14184, 15235, 15811, 15040]",37743
"[14184, 14662, 15235, 15811, 15040]",83799
"[14184, 14662, 15235, 15811, 15040]",37743
"[14187, 17954]",29375
"[14221, 16375]",84168
"[14221, 16375]",35659
"[14662, 14382, 14714]",37743
"[14382, 14714]",37743
"[14024, 14793, 15574]",36696
"[14024, 14793, 15574]",99947
"[14024, 14793, 15574]",97007
"[16510, 15914]",95670
"[14155, 14802]",33688
"[14934, 14251]",37743
"[15077, 14320, 21679]",30494
"[16226, 14320, 19281]",32213
"[14736, 14792]",29945
"[15277, 14662, 15038]",95034
"[15413, 21091]",36512
"[14963, 14241]",28036
"[14231, 14758]",36416
"[16226, 16753]",33294
"[14789, 14780, 15018]",28465
"[15770, 16588, 14297]",28208
"[17112, 14780, 16972]",28465
"[14320, 14411]",30494
"[15414, 14737]",35624
"[15414, 14737]",36863
"[15414, 14737]",35792
"[15414, 14737]",36533
"[15414, 14737]",36498
"[15414, 14737]",33688
"[15414, 14737]",36766
"[17537, 17539]",36040
"[17537, 17539]",33632
"[15101, 15148]",38242
"[14251, 14382]",37743
"[14934, 14382]",37743
"[20336, 14731]",35790
"[15077, 16753, 14954, 14275, 14320]",30494
"[16510, 16962, 14736, 14190, 21481]",36416
"[14204, 17128]",29041
"[14997, 15351]",36691
"[14134, 14186]",31107
"[14961, 15781]",33695
"[14963, 14241]",36578
"[14963, 14241]",36416
"[14963, 14241]",37810
"[14251, 14975]",94757
"[17605, 14794]",36678
"[14186, 15036]",29375
"[14194, 14251, 14297]",28520
"[14194, 14251, 14297]",30654
"[14194, 14251, 14297]",28813
"[14911, 15653]",83790
"[14758, 14347]",36512
"[15770, 14537]",28208
"[15111, 14918]",37769
"[16510, 14405]",33653
"[16510, 14405]",35727
"[16510, 14765, 14405]",33653
"[16510, 14765, 14405]",35727
"[14765, 14405]",35727
"[15206, 19281]",30494
"[15077, 14320, 15367]",30494
"[14662, 14714]",37743
"[15289, 14910, 15547]",39696
"[14794, 14713]",33635
"[14694, 14954, 14275, 16028]",35771
"[14694, 14954, 14275, 16028]",36691
"[17360, 20212]",28465
"[17360, 20212]",35970
"[17360, 20212]",33077
"[17360, 20212]",30494
"[17360, 20212]",33634
"[17360, 20212]",37570
"[17360, 20212]",33590
"[17360, 20212]",83871
"[17360, 20212]",36344
"[14277, 15000, 15176]",35771
"[14277, 15000, 15176]",39751
"[17524, 15805, 14604, 14780, 14738, 20212, 16972]",28520
"[17524, 15805, 14604, 14780, 14738, 20212, 16972]",30654
"[17524, 15805, 14604, 14780, 14738, 20212, 16972]",35982
"[17524, 15805, 14604, 14780, 14738, 20212, 16972]",33077
"[17524, 15805, 14604, 14780, 14738, 20212, 16972]",35650
"[17524, 15805, 14604, 14780, 14738, 20212, 16972]",36344
"[17524, 15805, 14604, 14780, 14738, 20212, 16972]",30494
"[17524, 15805, 14604, 14780, 14738, 20212, 16972]",28813
"[14206, 14790]",33128
"[16753, 14320, 18959]",30494
"[14155, 14802]",35979
"[14940, 17116]",36075
"[14024, 14376]",99947
"[14024, 14376]",97007
"[14935, 14602]",35543
"[14935, 14602]",35874
"[14995, 14332]",28983
"[15077, 15206]",32531
"[14254, 15536]",37805
"[14604, 14737, 14868]",89218
"[14604, 14737, 14868]",36612
"[14604, 14737, 14868]",37170
"[14604, 14737, 14868]",33715
"[14604, 14737, 14868]",36078
"[14604, 14737, 14868]",39691
"[14604, 14737, 14868]",31883
"[14604, 14737, 14868]",31067
"[14604, 14737, 14868]",37417
"[14604, 14737, 14868]",32552
"[14604, 14737, 14868]",35778
"[14604, 14737, 14868]",37070
"[17536, 14926]",95680
"[16226, 14954, 14964, 14251, 16972]",28465
"[16226, 14954, 14964, 14251, 16972]",28813
"[15176, 14347]",96081
"[17112, 17524, 14868]",35970
"[17112, 14604, 14780]",35970
"[15770, 14385]",33575
"[15770, 14385]",28208
"[14155, 15036]",33688
"[14780, 14791]",35852
"[14780, 14791]",35867
"[14780, 14791]",90237
"[15284, 14739]",37722
"[14216, 15781, 14297, 20270]",33598
"[14945, 14231]",89218
"[14945, 14231]",36748
"[14945, 14231]",33188
"[14945, 14231]",35790
"[16226, 14411]",33635
"[14024, 14791]",99947
"[14024, 14791]",36075
"[14537, 14368]",33618
"[15414, 18959]",95112
"[15414, 18959]",95114
"[16753, 15414]",28502
"[16753, 15414]",32849
"[16753, 15414]",95112
"[16753, 15414]",95114
"[17112, 14737, 14792]",31477
"[17112, 14737, 14792]",30827
"[17112, 14737, 14792]",31107
"[17605, 14405]",30494
"[15413, 14186, 17991]",36867
"[20336, 14758]",99567
"[20336, 14758]",32267
"[20336, 14758]",83935
"[20336, 14758]",36927
"[20336, 14758]",32263
"[17534, 17112, 20212, 18102]",30494
"[17112, 20212, 18102]",30494
"[14604, 14737, 14271, 20212]",33188
"[14606, 14320, 15363]",30494
"[14954, 16028]",37775
"[16588, 14955, 14231, 20336]",39691
"[16588, 15012]",37619
"[14194, 14964, 14251, 20212, 16972]",94757
"[14194, 14964, 14251, 20212, 16972]",98797
"[14194, 14964, 14251, 20212, 16972]",83857
"[14194, 14964, 14251, 20212, 16972]",83855
"[14194, 14964, 14251, 20212, 16972]",94959
"[14194, 14964, 14251, 20212, 16972]",37924
"[14194, 14964, 14251, 20212, 16972]",94719
"[14194, 14964, 14251, 20212, 16972]",36344
"[14194, 14964, 14251, 20212, 16972]",90237
"[14194, 14964, 14251, 20212, 16972]",99089
"[14194, 14964, 14251, 20212, 16972]",39846
"[14194, 14964, 14251, 20212, 16972]",28502
"[14194, 14964, 14251, 20212, 16972]",30222
"[14194, 14964, 14251, 20212, 16972]",27452
"[14194, 14964, 14251, 20212, 16972]",98663
"[14194, 14964, 14251, 20212, 16972]",84251
"[14194, 14964, 14251, 20212, 16972]",38268
"[14194, 14964, 14251, 20212, 16972]",27950
"[14194, 14964, 14251, 20212, 16972]",84107
"[14194, 14964, 14251, 20212, 16972]",33590
"[14194, 14964, 14251, 20212, 16972]",84332
"[14194, 14964, 14251, 20212, 16972]",27610
"[14194, 14964, 14251, 20212, 16972]",95316
"[14194, 14964, 14251, 20212, 16972]",38290
"[14194, 14964, 14251, 20212, 16972]",96562
"[14194, 14964, 14251, 20212, 16972]",96948
"[14194, 14964, 14251, 20212, 16972]",28813
"[14194, 14964, 14251, 20212, 16972]",83871
"[14194, 14964, 14251, 20212, 16972]",35745
"[14194, 14964, 14251, 20212, 16972]",33449
"[14194, 14964, 14251, 20212, 16972]",30543
"[14194, 14964, 14251, 20212, 16972]",98662
"[14194, 14964, 14251, 20212, 16972]",95051
"[14194, 14964, 14251, 20212, 16972]",32213
"[14194, 14964, 14251, 20212, 16972]",32010
"[14379, 14399]",84331
"[14954, 14964, 14251]",33635
"[14954, 14964, 14251]",35852
"[14954, 14964, 14251]",28520
"[14954, 14964, 14251]",35650
"[14954, 14964, 14251]",30494
"[15077, 14251, 14975, 14738, 16972]",96948
"[14541, 14996]",31395
"[14954, 14275]",33593
"[14975, 14401]",37480
"[14975, 14401]",36766
"[17112, 15077, 16753, 14954, 14606, 14320, 19281, 15367]",30494
"[15077, 14030, 14606]",30494
"[14737, 15205]",37619
"[14954, 15107, 15315]",35727
"[17495, 15414]",33635
"[14955, 14737]",31067
"[16226, 16753]",96718
"[14244, 17152]",35790
"[14789, 14780, 14461]",28465
"[14713, 14461]",28465
"[14780, 14461]",28465
"[14537, 16588]",28208
"[16572, 14305, 14408]",35966
"[14954, 14275, 14792, 14793]",36691
"[14320, 15206, 19281]",30494
"[14163, 14944]",37743
"[14163, 14944]",36035
"[20336, 18959]",98797
"[14954, 16028]",35846
"[15413, 14186]",36665
"[14134, 16753, 14320]",30494
"[14604, 14780, 16229]",95316
"[14186, 14187, 14793]",35686
"[14186, 14187, 14793]",97011
"[14186, 14187, 14793]",37338
"[14186, 14187, 14793]",37311
"[14133, 14217]",36253
"[14133, 14217]",37659
"[14736, 14231, 14758]",36881
"[14662, 14714]",29646
"[14737, 14792, 19027]",33688
"[14160, 14981]",36693
"[14736, 14187, 14190]",32924
"[14736, 14187, 14190]",96152
"[14736, 14187, 14190]",36004
"[14736, 14187, 14190]",32541
"[16588, 14961]",35963
"[14737, 14793, 21232]",31116
"[14375, 15846]",37805
"[16753, 14320, 15240]",96948
"[14980, 14273]",37784
"[17584, 14980]",37784
"[17351, 15092, 17355]",36691
"[14662, 14714, 20254]",37805
"[16226, 19324]",37722
"[14186, 14802, 14320]",35612
"[14186, 14802, 14320]",36621
"[14943, 14270]",83799
"[14209, 15547]",32505
"[14286, 15547]",32505
"[16753, 14320, 19281]",30494
"[14376, 15596]",35966
"[19671, 20189]",83776
"[15102, 14302]",37769
"[15428, 14194]",94998
"[15428, 14194]",30990
"[15428, 14194]",39208
"[14186, 14187, 14802]",35686
"[15462, 14269]",35916
"[17605, 14954]",36050
"[17605, 14954]",36678
"[15176, 14373]",39750
"[15176, 14373]",37496
"[14663, 14954, 16972]",31107
"[14663, 14954, 16972]",36512
"[14663, 14954, 16972]",31477
"[14663, 14954, 16972]",36621
"[14663, 14954, 16972]",31116
"[15602, 15603]",33653
"[14663, 14954, 16972, 14405]",37619
"[14663, 14954, 16972, 14405]",33653
"[14663, 14954, 16972]",39667
"[14663, 14954, 16972]",36523
"[14663, 14954, 16972]",29589
"[14663, 14954, 16972]",36186
"[20336, 17656]",32214
"[15501, 17903, 15198]",28208
"[20416, 14484]",83800
"[14758, 19027]",36416
"[20402, 14910, 14286]",32505
"[15289, 20402, 14910, 14267, 14286]",32505
"[15781, 14379]",36187
"[15425, 20336, 17991]",33653
"[15770, 16588, 14303, 15501]",28208
"[14190, 14758]",36512
"[17583, 17584, 17585]",29078
"[14320, 15367]",35650
"[14320, 15367]",33077
"[14954, 16972]",32213
"[15077, 14954]",32213
"[14785, 14291, 14995]",97502
"[16226, 15363, 15654]",35650
"[14694, 14024, 14791, 15025]",99947
"[15012, 14405]",37619
"[15176, 14405]",37619
"[15774, 14546]",39489
"[15805, 14738, 16972]",36809
"[15805, 14738, 16972]",28969
"[15805, 14738, 16972]",27227
"[15805, 14738, 16972]",35457
"[15805, 14738, 16972]",38452
"[16285, 15805, 14738, 16972]",36809
"[16285, 15805, 14738, 16972]",28969
"[16285, 15805, 14738, 16972]",27227
"[16285, 15805, 14738, 16972]",35457
"[16285, 15805, 14738, 16972]",38452
"[15982, 15125, 14314]",36785
"[14817, 14408]",36691
"[15474, 14408]",36691
"[14997, 14408]",36691
"[20212, 16972, 14868]",35982
"[20212, 16972, 14868]",28813
"[16972, 14868]",35650
"[14969, 17226, 14379]",36187
"[14969, 17226, 15781, 14379]",36187
"[20336, 14401]",31067
"[14663, 15288, 14405]",33653
"[16574, 14793]",35966
"[15077, 14738, 20212]",96948
"[14817, 15560]",35771
"[14817, 15560, 21073]",35771
"[16588, 15201, 15013]",28208
"[14780, 15149, 14713]",39434
"[14780, 15149, 14713]",83862
"[14780, 15149, 14713]",83853
"[14780, 15149, 14713]",98797
"[14780, 15149, 14713]",83857
"[14780, 15149, 14713]",83855
"[14780, 15149, 14713]",98020
"[14154, 14598]",36075
"[14154, 14598]",37573
"[14154, 14598]",28780
"[14154, 14598]",39817
"[15277, 16226]",35970
"[14161, 17273]",28313
"[14161, 17273]",83779
"[14231, 21073]",36951
"[17605, 14231]",36951
"[15413, 15205]",31477
"[15413, 15205]",36534
"[15413, 15205]",37002
"[15761, 14579]",37766
"[14155, 15388]",33688
"[16510, 16511]",83997
"[14667, 19663]",29614
"[15324, 14405]",33653
"[14969, 14379]",35766
"[14969, 14379]",36187
"[14147, 15212]",84211
"[16063, 14610]",38957
"[14954, 14194, 14028, 14604, 14780, 15012]",35852
"[14954, 14194, 14028, 14604, 14780, 15012]",35867
"[14954, 14194, 14028, 14604, 14780, 15012]",84107
"[14186, 14793]",38386
"[17605, 14186, 14793]",38386
"[14662, 15038]",37743
"[16322, 14297]",84131
"[15419, 14309, 15496]",84060
"[15419, 14309, 15496]",36450
"[15282, 17950]",36040
"[17605, 15271, 14190]",29589
"[14599, 14024]",33675
"[17360, 14738, 16972]",35760
"[15413, 15205]",31756
"[17832, 16588]",28208
"[16588, 17950]",28208
"[16285, 14975, 14738, 20212, 16972]",89218
"[16285, 14975, 14738, 20212, 16972]",36643
"[16285, 14975, 14738, 20212, 16972]",37070
"[16285, 14975, 14738, 20212, 16972]",35938
"[16285, 14975, 14738, 20212, 16972]",35970
"[16285, 14975, 14738, 20212, 16972]",28873
"[16285, 14975, 14738, 20212, 16972]",33519
"[16285, 14975, 14738, 20212, 16972]",37014
"[16285, 14975, 14738, 20212, 16972]",33643
"[16285, 14975, 14738, 20212, 16972]",33653
"[16285, 14975, 14738, 20212, 16972]",33188
"[16285, 14975, 14738, 20212, 16972]",33715
"[16285, 14934, 15805, 14964, 20212]",38506
"[16285, 14934, 15805, 14964, 20212]",38985
"[16229, 15363]",35884
"[16588, 14817, 15176]",36691
"[14969, 15781]",39798
"[14662, 14382, 15038]",37743
"[14382, 15038]",37743
"[17605, 14190, 14231]",28849
"[16510, 21070]",32214
"[14186, 14737, 14793]",36606
"[15077, 15413, 14186]",33688
"[15077, 15413, 14186]",39751
"[14945, 14187, 14794, 15000, 15002, 15176, 15205, 14405]",35612
"[14663, 14954, 16972]",28520
"[14945, 14758]",36643
"[15805, 14738]",28465
"[15805, 14738]",35852
"[15805, 14738]",28813
"[14792, 15205]",31477
"[15111, 14610]",32149
"[14321, 15193]",28547
"[17351, 17356]",35771
"[17351, 17356]",36000
"[17112, 14188, 14024, 15025]",35966
"[16510, 14737, 14792, 14347]",33688
"[14737, 14792, 14347]",33688
"[14736, 14190, 14231]",36416
"[14736, 14190]",36416
"[16588, 14187]",36691
"[16753, 14320, 15206]",30494
"[14954, 14964, 14251, 16972]",95114
"[14954, 14964, 14251, 16972]",84261
"[14954, 14964, 14251, 16972]",38268
"[14954, 14964, 14251, 16972]",96562
"[14954, 14964, 14251, 16972]",95051
"[16285, 20212, 16972]",35745
"[16285, 20212, 16972]",29973
"[16285, 20212, 16972]",28607
"[16285, 20212, 16972]",32010
"[16285, 20212, 16972]",32587
"[16285, 20212, 16972]",32186
"[16285, 20212, 16972]",29423
"[16285, 20212, 16972]",28853
"[16285, 20212, 16972]",33236
"[16285, 20212, 16972]",29161
"[16285, 20212, 16972]",27582
"[16285, 20212, 16972]",29392
"[16285, 20212, 16972]",36458
"[16285, 14738, 16972]",29973
"[16285, 14738, 16972]",28607
"[16285, 14738, 16972]",32010
"[16285, 14738, 16972]",32587
"[16285, 14738, 16972]",32186
"[16285, 14738, 16972]",29423
"[16285, 14738, 16972]",28853
"[16285, 14738, 16972]",33236
"[16285, 14738, 16972]",29161
"[16285, 14738, 16972]",27582
"[16285, 14738, 16972]",29392
"[16285, 14738, 16972]",36458
"[15331, 14385]",28208
"[14375, 15354]",28536
"[14541, 14305]",31395
"[14793, 14413]",36691
"[17112, 20212, 19281]",30494
"[17112, 20212, 19281]",98570
"[14736, 14190]",37480
"[14736, 14190]",36766
"[14701, 14426]",83851
"[14186, 14275]",36534
"[14934, 14964, 14251, 16972]",33552
"[14934, 14964, 14251, 16972]",32562
"[14934, 14964, 14251, 16972]",31158
"[14934, 14964, 14251, 16972]",36344
"[14298, 14402]",33658
"[14297, 14402]",33658
"[14954, 14320, 19281]",30494
"[15413, 14186, 14190]",36512
"[15413, 14186, 14190]",36959
"[16510, 15176]",36459
"[16510, 15176]",36540
"[16226, 14780, 15363]",32531
"[15425, 21239]",38100
"[15425, 21239]",36015
"[15425, 21239]",36106
"[15201, 15013]",28208
"[15413, 15596]",36512
"[14802, 14793]",35979
"[14320, 19281, 15367, 20158]",30494
"[14738, 16972, 18277]",35760
"[14738, 16972, 18277]",35958
"[14738, 16972, 18277]",27227
"[15462, 14291, 14995]",83889
"[15462, 14291, 14995]",36048
"[15462, 14291, 14995]",97502
"[14786, 14291, 14309, 21506]",83889
"[14786, 14291, 14309, 21506]",36048
"[14786, 14291, 14309]",83889
"[14786, 14291, 14309]",36048
"[14662, 14714]",37805
"[14786, 14883, 14230, 21506]",83889
"[14786, 14230, 14291, 21506]",83889
"[14786, 14230, 14980, 21506]",83889
"[14786, 14883, 14291, 21506]",83889
"[17351, 15474, 14456]",35771
"[15474, 14456]",35771
"[17351, 14456]",35771
"[14793, 14722]",33688
"[15289, 15547]",32505
"[14328, 14385]",33575
"[14328, 14385]",28208
"[14954, 15805, 14604]",28465
"[17108, 14785]",98925
"[17108, 14785]",99098
"[16229, 15363]",35982
"[14275, 15176]",36514
"[14275, 15176]",39751
"[14234, 15620]",35641
"[16285, 14954, 16972]",37722
"[17728, 19663]",27158
"[16226, 14954, 14955, 14030, 19641]",35884
"[16226, 15413, 14954, 14955, 14030]",35884
"[16588, 14686]",30756
"[14206, 14790]",83849
"[15077, 14320, 15351]",30494
"[16753, 14604, 14780, 14791]",28520
"[14954, 19250, 16229]",35982
"[16226, 15654]",37397
"[16226, 15654]",35982
"[14024, 15455, 14266]",99032
"[14024, 14793, 15596]",36688
"[14277, 14412]",33672
"[14277, 14412]",35771
"[15481, 14792, 17355]",31477
"[15413, 15481, 14792, 17355]",31477
"[14911, 14954, 14964, 14251, 14738, 18277]",35852
"[14911, 14954, 14964, 14251, 14738, 18277]",28465
"[14911, 14954, 14964, 14251, 14738, 18277]",28813
"[16588, 14943]",94809
"[16588, 14943]",97008
"[16753, 14320, 15363]",30494
"[14662, 14714]",37765
"[14662, 14714]",98236
"[14945, 15012]",29646
"[14737, 14792, 16818]",37619
"[20212, 19281]",30494
"[16510, 14719, 14954, 14793]",36691
"[17112, 14780, 14713, 21680]",28813
"[15481, 19027]",31477
"[14910, 14247, 15547, 15600]",39696
"[14247, 15547, 15600]",39696
"[14910, 14247, 15600]",39696
"[14910, 15547, 15600]",39696
"[16229, 15363]",35612
"[16226, 15681]",33294
"[16226, 15681]",35884
"[14694, 17524, 15315]",35727
"[15206, 15597]",83871
"[15166, 15797]",37617
"[14209, 14402]",33658
"[14209, 14402]",37805
"[14184, 14326, 14402]",33658
"[14184, 14326, 14402]",37805
"[14737, 21695]",31477
"[14954, 16972]",35612
"[16510, 14802, 14737, 15176]",33688
"[15072, 14662, 14375]",37743
"[15111, 14322]",94551
"[15111, 14322]",30073
"[15187, 15597]",35982
"[16753, 14738, 20212]",30494
"[15308, 14299]",38957
"[15770, 16588, 20520]",28208
"[15315, 20336, 14737, 14792]",33653
"[15277, 14662, 14375]",27361
"[15073, 15840]",94658
"[14186, 14954, 14955, 14604, 14275]",33188
"[14186, 14954, 14955, 14604, 14737]",33188
"[17112, 14186, 14954, 14604, 14737]",33188
"[16510, 14200]",35727
"[14954, 14275, 14792]",37775
"[14954, 14275, 16028]",36691
"[14954, 14275, 16028]",37775
"[14954, 14964, 14251, 14738, 16972, 14713]",95114
"[14954, 14964, 14251, 14738, 16972, 14713]",98797
"[14954, 14964, 14251, 14738, 16972, 14713]",83857
"[14954, 14964, 14251, 14738, 16972, 14713]",83855
"[14954, 14964, 14251, 14738, 16972, 14713]",28813
"[16588, 14259, 15501]",28208
"[17832, 16588, 15501]",28208
"[15770, 16588, 15501]",28208
"[17106, 16473]",36453
"[17106, 16473]",28407
"[14171, 14963]",36893
"[14171, 14963, 14244]",36893
"[14194, 15982, 15324, 14347, 15662]",29078
"[14719, 14736, 14758]",29402
"[17693, 16285]",37722
"[15446, 16222]",38436
"[14251, 14975, 18230]",32520
"[14024, 14964]",94775
"[14162, 15609]",31487
"[14935, 17999]",91609
"[14935, 17999]",37805
"[17584, 14194]",37785
"[14662, 14443]",37743
"[17605, 15205]",36678
"[15042, 14443]",37743
"[14662, 15042, 14443]",37743
"[14024, 15025]",97007
"[17605, 14758]",84263
"[14028, 20339]",37753
"[17605, 15243]",28849
"[15413, 14186, 14269]",84107
"[15413, 14186, 14269]",98341
"[15413, 14186, 14269]",94719
"[15413, 14186, 14269]",84251
"[15413, 14186, 14269]",37992
"[14954, 14955, 14030, 14275]",84107
"[14954, 14955, 14030, 14275]",98341
"[14954, 14955, 14030, 14275]",94719
"[14954, 14955, 14030, 14275]",84251
"[14954, 14955, 14030, 14275]",37992
"[15419, 14332]",36954
"[16510, 14758, 14381]",36538
"[14160, 14981]",32933
"[14160, 14981]",37805
"[17112, 14780]",28520
"[14284, 20162]",33658
"[15477, 20162]",33658
"[16468, 14997, 14412]",35771
"[14694, 14954, 14793]",36104
"[14961, 15674]",29078
"[14298, 15674]",29078
"[14662, 15346, 14382]",83799
"[14737, 14792]",32924
"[14737, 14792]",37017
"[14187, 20597]",33688
"[15077, 14320, 15367]",98705
"[15077, 14320, 15367]",98378
"[16226, 16753, 19281]",35970
"[15077, 16753, 14954]",30494
"[16588, 16262]",28208
"[15101, 14758]",84263
"[15002, 15584]",33641
"[20351, 20429]",36327
"[14528, 15597]",33632
"[14528, 15597]",27610
"[14528, 15597]",83871
"[15420, 14785]",83812
"[14975, 14274]",35686
"[14975, 14274]",37311
"[16510, 18959]",35790
"[15072, 14662]",36241
"[16510, 20336]",84303
"[14969, 14399]",36187
"[14969, 14399]",83812
"[16226, 20906]",35970
"[16226, 20906]",37390
"[16226, 20906]",95316
"[16226, 20906]",99923
"[14836, 14969]",28208
"[14836, 14969]",36286
"[14836, 14969]",35671
"[14180, 14208]",84296
"[14817, 15176]",97426
"[16753, 21075]",35650
"[16753, 21075]",35982
"[16753, 21075]",37397
"[16753, 21075]",35651
"[16753, 21075]",38290
"[16753, 21075]",32531
"[16753, 21075]",32213
"[14194, 14407]",29078
"[14583, 14406]",84211
"[14995, 15367]",30494
"[16510, 14792]",39751
"[17693, 17112, 15413, 14954, 14955, 14024, 14604, 14275, 14738, 20212, 18102]",37135
"[14954, 14868]",33635
"[14954, 14868]",35650
"[14954, 14868, 16578]",33635
"[14954, 14868, 16578]",30494
"[14954, 14868, 16578]",28813
"[14954, 14868, 16578]",35650
"[20393, 16517]",28869
"[20393, 16517]",28553
"[14954, 14955, 14024, 14275]",98341
"[14954, 14955, 14024, 14275]",84107
"[14954, 14955, 14024, 14275]",94719
"[14954, 14955, 14024, 14275]",37992
"[14954, 14955, 14024, 14275]",84251
"[14954, 14955, 14024, 14275]",29698
"[17351, 14736, 14758]",96152
"[14954, 14738, 16972]",35760
"[14190, 16517]",36416
"[16572, 16468, 14208]",97007
"[17112, 14024, 15025]",99947
"[16753, 17991]",37619
"[14187, 14792]",32541
"[14663, 14405]",33653
"[15077, 14251, 14975]",32520
"[15077, 14194, 14251]",32520
"[14194, 14251]",32520
"[14320, 15363, 15367]",30494
"[15413, 14190, 14758, 14793]",36512
"[16226, 16753, 15363]",33634
"[16226, 16753, 15363]",35650
"[14186, 14792]",35791
"[14030, 14376]",35966
"[14969, 15781]",96785
"[14969, 15781]",94655
"[17605, 15036]",36678
"[16510, 14758]",39751
"[14954, 16972]",38709
"[14945, 15413, 14186]",33643
"[14954, 16972, 16229]",33634
"[20503, 15846]",37805
"[16572, 14997]",36035
"[16510, 14792]",33688
"[15413, 14186, 17718]",37651
"[15413, 14186]",37651
"[17351, 14792]",84130
"[15073, 15082, 15087, 15094, 14176, 14177, 14962, 15116, 14299, 14544, 15148]",38957
"[15094, 15148]",38957
"[14194, 15662]",29078
"[14286, 14405]",33653
"[15840, 14405]",33653
"[16334, 14399]",36187
"[14963, 15547]",32505
"[14969, 15781]",36040
"[14188, 14400, 14427]",28714
"[14400, 14427]",28714
"[14992, 14400, 14427]",28714
"[14286, 14400, 14427]",28714
"[15770, 17950]",28208
"[14737, 14792, 17718]",37651
"[14737, 14792]",37651
"[16510, 14792]",39448
"[14194, 14251, 14738, 16972]",28465
"[14194, 14251, 14738, 16972]",28502
"[16226, 14964, 14269]",29182
"[14964, 14030, 14269]",29182
"[15413, 14802, 14793]",33688
"[17351, 14186, 14190, 14758, 17355]",29945
"[17351, 14792]",32924
"[17351, 14792]",96152
"[17351, 14792]",29945
"[14954, 14604, 14914, 15154]",99089
"[14954, 14604, 14914, 15154]",97245
"[14316, 20230]",33618
"[16226, 15363, 14411]",32531
"[14954, 14955, 14024, 14275]",37924
"[14954, 14955, 14024, 14275]",37135
"[15413, 14206]",36512
"[16226, 16753, 14606]",32213
"[14719, 14954, 14792, 14793]",36691
"[16588, 14385]",84173
"[15425, 14188, 14347]",37784
"[14737, 14792, 14449]",33688
"[14802, 14449]",33688
"[14186, 14802, 14449]",33688
"[14793, 17356]",36678
"[14910, 14267, 14286]",39696
"[20402, 14910, 14267, 14286]",39696
"[15289, 20402, 14910, 14267, 14286]",39696
"[16588, 20513]",28208
"[15414, 15597]",38268
"[15414, 15597]",27610
"[14934, 14194]",32520
"[15413, 14186, 17718]",33688
"[14144, 14830]",83749
"[14320, 19281]",33591
"[14320, 19281]",27710
"[14934, 14194, 14251, 18959]",94757
"[14934, 14194, 14251, 18959]",98797
"[14934, 14194, 14251, 18959]",83857
"[14934, 14194, 14251, 18959]",83855
"[14934, 14194, 14251, 18959]",30039
"[14934, 14194, 14251, 18959]",28502
"[14934, 14194, 14251, 18959]",39209
"[14934, 14194, 14251, 18959]",98663
"[14934, 14194, 14251, 18959]",32520
"[14934, 14194, 14251, 18959]",96718
"[14934, 14194, 14251, 18959]",38268
"[14934, 14194, 14251, 18959]",84332
"[14934, 14194, 14251, 18959]",33077
"[14934, 14194, 14251, 18959]",37926
"[14934, 14194, 14251, 18959]",95316
"[14934, 14194, 14251, 18959]",38290
"[14934, 14194, 14251, 18959]",32844
"[14934, 14194, 14251, 18959]",98020
"[14934, 14194, 14251, 18959]",30402
"[14934, 14194, 14251, 18959]",37720
"[14934, 14194, 14251, 18959]",96562
"[14934, 14194, 14251, 18959]",37991
"[14934, 14194, 14251, 18959]",98662
"[14934, 14194, 14251, 18959]",95552
"[14934, 14194, 14251, 18959]",32213
"[14194, 14251, 18959]",32520
"[14194, 14251, 18959]",35760
"[15462, 14230, 14980, 20298]",97502
"[15289, 15462, 14291]",97502
"[20456, 15427, 14185, 14311, 14332]",37549
"[17605, 14793]",29375
"[17605, 14793]",36050
"[14737, 16028]",36691
"[16588, 14793]",36688
"[17351, 14954, 14275, 14792, 17355]",36691
"[16588, 14277, 15176]",30827
"[14186, 14792]",39153
"[14187, 17030]",33688
"[15781, 16667]",39798
"[14184, 14254, 14296, 14484]",37805
"[15413, 15461]",36540
"[15413, 15461]",36078
"[15413, 15461]",36525
"[14793, 15002]",36691
"[14793, 15002]",29945
"[17585, 17601]",84251
"[14945, 15176]",36748
"[17991, 18610]",35966
"[14954, 14251, 20212, 16972]",37496
"[14951, 14426]",33128
"[14714, 20253]",83799
"[14944, 14605]",36035
"[14152, 15836]",36035
"[20212, 14320, 15367]",30494
"[19245, 15653]",83790
"[14758, 14456]",84130
"[15914, 14610]",38957
"[14934, 14964]",37390
"[15770, 17903]",95076
"[14320, 19281]",96948
"[14969, 15781, 14399]",36187
"[14663, 14954, 16972]",99926
"[14663, 14954, 16972]",39746
"[14954, 16972]",99926
"[14954, 16972]",39746
"[14817, 14277, 14997]",36075
"[15125, 17356]",33688
"[16588, 20520]",33575
"[14969, 15781]",30257
"[16469, 16579, 17106]",37754
"[17351, 14792, 17355]",36691
"[14024, 20212, 19281]",30494
"[14846, 14276, 15629]",37800
"[15419, 17376, 14291]",37765
"[14727, 21481]",33688
"[14737, 14792]",37038
"[14190, 14215]",36512
"[16588, 14280]",28208
"[14231, 14792, 14793]",32541
"[14954, 16972, 19604]",33188
"[20336, 14758]",37970
"[14935, 15419, 15302, 14267]",37805
"[15277, 14662, 14714]",83799
"[14792, 17991]",33653
"[14694, 17351, 14792, 15000]",84130
"[15416, 14295]",38054
"[14963, 15846, 21792]",37805
"[15846, 21792]",37805
"[14376, 16721]",35966
"[14347, 14376, 16721]",35966
"[14194, 14024]",33654
"[14024, 14964]",33654
"[16226, 14024]",35650
"[16226, 14024]",35884
"[14719, 14186, 14792]",36000
"[16226, 15077]",33294
"[16226, 16753]",37647
"[15836, 14301]",36035
"[15836, 14301]",39699
"[17991, 18610]",99947
"[16226, 15363]",37397
"[15077, 14237]",33688
"[14662, 14347]",37743
"[14828, 14176, 14610]",38242
"[15413, 20597]",33643
"[15596, 14405]",35727
"[14186, 14802, 14737, 17356]",33688
"[15413, 14736, 14758, 14792]",36512
"[14737, 14792, 20866]",33688
"[16510, 15867, 14231]",84148
"[16510, 15867, 14231]",36700
"[16510, 15867, 14231]",37011
"[16510, 15867, 14231]",84147
"[16510, 15867, 14231]",32214
"[16510, 15867, 14231]",83826
"[16510, 15867, 14231]",84303
"[16510, 15867, 14231]",97230
"[16510, 15867, 14231]",36713
"[16510, 15867, 14231]",36979
"[14955, 15867, 20336, 14737]",84148
"[14955, 15867, 20336, 14737]",36700
"[14955, 15867, 20336, 14737]",37011
"[14955, 15867, 20336, 14737]",84147
"[14955, 15867, 20336, 14737]",32214
"[14955, 15867, 20336, 14737]",83826
"[14955, 15867, 20336, 14737]",84303
"[14955, 15867, 20336, 14737]",97230
"[14955, 15867, 20336, 14737]",36713
"[14955, 15867, 20336, 14737]",36979
"[14267, 17991]",35727
"[14954, 15344]",84107
"[15413, 14792]",36881
"[17524, 14604, 14780, 20212]",35650
"[17112, 14186]",33688
"[17112, 14186]",29173
"[14945, 14275]",29646
"[15116, 14375]",37743
"[15116, 14375]",94658
"[15836, 14297]",35930
"[15836, 14297]",33658
"[20472, 15496]",37765
"[15805, 14791]",35852
"[15805, 14791]",28520
"[15805, 14791]",35867
"[15805, 14791]",35884
"[15805, 14791]",90237
"[14204, 14780]",28465
"[15271, 14758]",38140
"[14758, 16517]",84263
"[14758, 16517]",96355
"[14736, 14737, 14758, 14792]",29402
"[15306, 14405]",33653
"[14963, 14241]",33598
"[14963, 14241]",37718
"[14963, 14241]",84046
"[14963, 14241]",39065
"[15283, 15501]",28208
"[14275, 14320, 14612]",35792
"[14275, 14320, 14612]",36498
"[14275, 14320, 14612]",36533
"[14713, 15018]",95114
"[14713, 15018]",98797
"[14713, 15018]",83857
"[14713, 15018]",83855
"[15277, 14662, 14382]",35584
"[16226, 15077, 14954, 14024, 14275]",35884
"[14770, 39892]",36187
"[14770, 20789]",36187
"[14341, 14405]",33653
"[14379, 16334]",36187
"[14379, 14399]",33575
"[14379, 14399]",36187
"[16226, 14954, 14955, 14024, 14275, 14411]",35970
"[17351, 14719, 14954, 14190, 14792, 17355]",84130
"[14663, 17991]",35727
"[14817, 15176, 15659]",36691
"[14817, 15659]",36691
"[14604, 14737]",31067
"[14186, 14275]",29646
"[15271, 14190]",38140
"[20336, 15036]",89218
"[20336, 15036]",33715
"[14231, 20336, 15036]",89218
"[14231, 20336, 15036]",33715
"[16510, 14190, 14231]",84263
"[16510, 14736, 14190]",84263
"[14954, 14320]",33077
"[14187, 15391]",31116
"[14187, 15391]",33688
"[14186, 14231]",36959
"[14186, 14802]",37651
"[14954, 16972]",27227
"[15413, 14320]",37053
"[15413, 14320]",33045
"[15413, 14320]",96695
"[14504, 15413, 14736, 14320]",37053
"[14504, 15413, 14736, 14320]",33045
"[14504, 15413, 14736, 14320]",96695
"[14269, 14034]",37617
"[15072, 15187]",35982
"[14320, 14376]",35966
"[14975, 15414]",98797
"[14975, 15414]",83857
"[14975, 15414]",83855
"[14975, 15414]",28813
"[14758, 14793]",36194
"[14294, 14330]",83906
"[14294, 14330]",35641
"[16209, 14944]",36035
"[14954, 14964, 14251]",35612
"[16226, 15671]",35970
"[16226, 15671]",35982
"[16226, 15671]",35650
"[16226, 15671]",37135
"[16226, 15363, 15671]",35970
"[16226, 15363, 15671]",35982
"[16226, 15363, 15671]",35650
"[16226, 15363, 15671]",37135
"[14277, 15659]",36691
"[14371, 19348]",30661
"[15893, 14186, 14604]",37070
"[14954, 14604, 15149]",35852
"[14954, 14604]",35852
"[17351, 17355]",35771
"[15427, 14545]",38022
"[15818, 15148]",38957
"[15818, 15148]",28780
"[14780, 15149, 14794]",98797
"[14780, 15149, 14794]",83857
"[14780, 15149, 14794]",83855
"[16285, 20212, 16972]",28921
"[14186, 14954, 14955, 14401]",31067
"[14186, 14954, 14955]",31067
"[15413, 14186, 14954, 14955, 14802]",31067
"[14503, 14320]",37135
"[14503, 14320]",96747
"[14694, 15413, 14793, 18959]",36540
"[17585, 14273]",37784
"[14780, 14401]",95114
"[14190, 14231, 16517, 21481]",84263
"[15092, 15413, 14030, 14608, 15206]",33077
"[15092, 15413, 15363]",33077
"[17534, 14024, 14964, 14251, 14269]",27248
"[15805, 14251, 14975, 20212]",28813
"[15805, 14251, 14975, 20212]",28502
"[14408, 20597]",35966
"[20357, 20254]",35631
"[15462, 14980, 14995]",97502
"[14186, 14604, 14737]",37179
"[14955, 14275, 14320, 15240]",39580
"[17537, 20539]",84087
"[16226, 14954, 14955, 14024, 14275, 15363]",35970
"[15416, 14144]",36063
"[14789, 14780, 15354]",28465
"[14758, 15363]",36691
"[17351, 14792, 15000]",37132
"[15414, 16495]",39007
"[15414, 16495]",32844
"[14713, 21696]",33635
"[17584, 14194]",39820
"[14945, 21070]",29646
"[14153, 14758]",28849
"[20456, 20421]",99989
"[14954, 16972]",28520
"[14187, 21074]",33688
"[14963, 14244]",36893
"[14963, 14244]",36012
"[14217, 14641]",83803
"[15818, 15148]",94658
"[14030, 18417]",84170
"[14964, 14030]",84170
"[15277, 14662, 21294]",83799
"[15481, 15276]",29173
"[14740, 14954, 16972, 15363, 16230]",35982
"[20212, 17773]",99947
"[14186, 14802, 14413]",36621
"[14972, 20336]",32214
"[14838, 15833]",94658
"[15413, 19027]",36512
"[15243, 15391]",33653
"[17495, 14954]",33688
"[14954, 15461]",33688
"[20169, 14809]",95682
"[20169, 14809]",38899
"[14737, 14792, 21090]",36050
"[14186, 14190, 21090]",36050
"[14785, 14216, 14963, 14306, 14408]",99947
"[17351, 17355, 16028]",84130
"[14968, 14323]",28313
"[14968, 14323]",83779
"[14968, 14323]",83778
"[14223, 14968]",28313
"[14223, 14968]",83779
"[14223, 14968]",83778
"[15414, 21696]",28813
"[15187, 15597]",94757
"[15187, 15597]",84261
"[15187, 15597]",99572
"[20478, 14218]",35650
"[15413, 14737, 17711]",31756
"[15077, 16753, 20212, 14320]",30494
"[15077, 16753, 14738, 20212, 14320]",30494
"[15095, 17435]",28495
"[15095, 17435]",83830
"[15769, 14298]",36035
"[15769, 14298]",33658
"[18695, 14399]",83812
"[14503, 15413, 14736, 14320]",94959
"[14298, 16215]",36035
"[16226, 14954, 14955, 14024, 14275]",35651
"[14736, 14190, 21481]",36959
"[14736, 14190, 21481]",36875
"[14736, 14190, 21481]",33045
"[15414, 21707]",28813
"[15414, 21707]",28465
"[15414, 21707]",28502
"[17711, 15391]",84263
"[16753, 14606]",30494
"[15414, 19603, 20905]",33688
"[14783, 14287]",35836
"[16302, 14685]",28737
"[16588, 14231]",36538
"[16588, 14231]",35979
"[15481, 15205]",32214
"[15481, 15205]",84303
"[15481, 15205]",35790
"[15481, 15205]",35778
"[15104, 15501]",28208
"[15077, 20212]",96948
"[14218, 15781]",29646
"[16510, 15413, 14186, 14736, 14737]",36824
"[16510, 15413, 14186, 14736, 14737]",36821
"[16510, 15413, 14186, 14736, 14737]",37002
"[16510, 15413]",36824
"[16510, 15413]",36821
"[16510, 15413]",37002
"[17152, 14315]",37628
"[17152, 14315]",33560
"[17152, 14315]",31477
"[17152, 14315]",31596
"[17152, 14315]",31107
"[17435, 15491]",83830
"[17435, 15491]",30583
"[15042, 14443]",83799
"[15042, 14443]",36253
"[17112, 14793, 15602]",33688
"[14934, 14662, 14251, 14382, 15038]",83799
"[14662, 14251, 14382, 15038]",83799
"[14504, 15413, 14320]",37053
"[14504, 15413, 14320]",33045
"[14504, 15413, 14320]",96695
"[15106, 14245]",97074
"[14162, 15451]",36035
"[14162, 15451]",38928
"[15582, 15999]",33654
"[15582, 15999]",38350
"[14030, 15999]",33654
"[14030, 15999]",38350
"[17351, 14275, 14792, 14793]",36691
"[15602, 15603]",35727
"[14194, 14206, 15982, 14273, 15324, 14347, 15563]",29078
"[14231, 19281]",29173
"[14231, 19281]",33688
"[14544, 14323]",38957
"[14544, 14323]",83760
"[14971, 14305]",31395
"[14024, 16574, 14376, 14408]",35966
"[14320, 15367, 20158]",30494
"[14954, 14955, 14604, 14275, 14608]",32307
"[14954, 14955, 14604, 14275, 14608]",95946
"[14954, 14955, 14604, 14275, 14608]",39005
"[14954, 14955, 14604, 14275, 14608]",36922
"[14150, 14157, 14160, 14182, 14241, 14981, 15199]",33672
"[14150, 14157, 14160, 14182, 14241, 14981, 15199]",29107
"[14954, 14604, 14738]",35852
"[15425, 14282]",31487
"[14024, 14376, 14408]",36696
"[14024, 14376, 14408]",99947
"[14024, 14376, 14408]",97007
"[14935, 14810]",32520
"[14810, 14034]",32520
"[14602, 14810]",32520
"[15413, 14468]",33688
"[14194, 14964, 14251]",35852
"[14194, 14964, 14251]",28465
"[14194, 14964, 14251]",84277
"[14194, 14964, 14251]",28813
"[14194, 14964, 14251]",37570
"[14194, 14964, 14251]",35650
"[14194, 14964, 14251]",33077
"[14194, 14964, 14251]",35982
"[14194, 14964, 14251]",30494
"[14194, 14251]",35852
"[14194, 14251]",28465
"[14194, 14251]",84277
"[14194, 14251]",37570
"[14194, 14251]",35650
"[14194, 14251]",33077
"[14194, 14251]",30494
"[15474, 14997]",97426
"[15474, 14997]",37775
"[15474, 14997]",36798
"[15474, 14997]",94666
"[14503, 14789]",35852
"[14954, 16972]",36748
"[14954, 16972]",33188
"[14934, 15077, 16753, 14964, 16972]",96948
"[14244, 14610]",36325
"[14736, 14758, 16517]",84263
"[14284, 14297]",83898
"[15414, 21700]",28813
"[15414, 21700]",28502
"[14186, 14604]",35686
"[14186, 14604]",97011
"[14186, 14604]",37338
"[14186, 14604]",37311
"[14160, 14993]",84210
"[16962, 14736, 21616]",84263
"[14954, 14604, 14738]",94959
"[14954, 14604, 14738]",37924
"[14954, 14604, 14738]",94719
"[14954, 14604, 14738]",90237
"[14954, 14604, 14738]",99089
"[14954, 14604, 14738]",39209
"[14954, 14604, 14738]",98663
"[14954, 14604, 14738]",84251
"[14954, 14604, 14738]",96718
"[14954, 14604, 14738]",84107
"[14954, 14604, 14738]",95316
"[14954, 14604, 14738]",38290
"[14954, 14604, 14738]",96562
"[14954, 14604, 14738]",37991
"[14954, 14604, 14738]",98662
"[14954, 14604, 14738]",95051
"[14954, 14604, 14738]",95552
"[14954, 14604, 14738]",32213
"[17605, 14456]",28849
"[16285, 15134, 20212, 16972, 14868]",36563
"[16285, 15134, 20212, 16972, 14868]",28969
"[16285, 15134, 20212, 16972, 14868]",35638
"[16285, 15134, 20212, 16972, 14868]",32692
"[14934, 14954, 14964, 16972]",98570
"[14934, 14954, 14964, 16972]",35884
"[14320, 19281, 14411]",30494
"[15781, 14774]",36709
"[15761, 14320]",27626
"[17351, 14719, 14954, 14190, 14275, 14792, 14793, 17355]",36691
"[14956, 15846]",37805
"[14663, 14954, 16972]",33653
"[14663, 14954, 16972]",33215
"[14663, 14954, 16972]",36691
"[14663, 14954, 16972]",33688
"[14663, 14954, 16972]",29646
"[14281, 15654]",35650
"[14286, 15654]",35650
"[14954, 16972]",89218
"[14738, 20212]",89218
"[14275, 14468]",36822
"[14275, 14468]",36514
"[20169, 20667]",38476
"[17351, 14792, 15000]",36691
"[16226, 14954, 14955, 14024, 14275, 15363, 14411]",35970
"[15315, 14449]",39751
"[15315, 14449]",33172
"[14662, 20253]",83799
"[19615, 17992]",36691
"[19615, 17992]",31477
"[19615, 17992]",28849
"[19615, 17992]",31107
"[19615, 17992]",33643
"[14606, 14320]",83934
"[14701, 14426]",33128
"[15781, 15786]",35985
"[15781, 15786]",38078
"[15781, 15786]",35638
"[20336, 18102]",96719
"[20336, 18102]",84143
"[20336, 18102]",37487
"[20336, 18102]",84303
"[20336, 18102]",31067
"[20336, 18102]",37489
"[20336, 18102]",35701
"[20336, 18102]",96482
"[20336, 18102]",37417
"[15082, 15859]",37805
"[15082, 15859]",94658
"[14969, 16334]",36187
"[16226, 14411]",33294
"[16226, 14411]",35651
"[16226, 14411]",35650
"[16588, 14297]",36691
"[16588, 14297]",35771
"[16230, 15033]",35982
"[14954, 14964]",35874
"[15008, 14708]",84130
"[16510, 15002, 19614]",33643
"[16510, 19614]",33643
"[20398, 14185]",36113
"[14154, 14269, 14607, 20158]",30494
"[14802, 20336]",35778
"[17112, 14954, 14793]",36691
"[16510, 14719, 14954, 14190, 14793]",36691
"[14196, 14968]",31524
"[16578, 14408]",35966
"[14794, 16578, 14408]",35966
"[16578, 14408, 15602]",35966
"[14954, 14024, 14030, 14275, 16230, 15681]",35650
"[16226, 14954, 14024, 14030, 14275, 15681]",35650
"[14663, 14954, 16972, 19604]",35727
"[14024, 14376, 15351]",35966
"[14024, 14376, 15596]",35966
"[14024, 14376, 15596]",99947
"[14024, 14376, 15596]",36688
"[14024, 14376, 14408]",35966
"[14231, 14758]",36538
"[14231, 14758]",39751
"[14231, 14758]",36892
"[14231, 14758]",36643
"[14944, 14965]",36035
"[14187, 17991]",33688
"[14186, 15870]",31116
"[14244, 17152]",35966
"[14963, 14241, 14322]",35966
"[15413, 14186, 14187, 14737]",33688
"[14154, 14599, 16753, 14607, 14320, 19281, 20158]",30494
"[14154, 14599, 14607, 14320, 19281, 20158]",30494
"[14154, 14607, 14320, 15367, 20158]",30494
"[16510, 14231]",84150
"[16510, 14231]",33013
"[16510, 14231]",35786
"[16510, 14231]",39154
"[14239, 14244]",35833
"[14244, 14610]",35833
"[19615, 17992]",33688
"[19615, 17992]",31116
"[14713, 21700]",28520
"[17112, 14242]",35650
"[17112, 14242]",33077
"[17112, 14242]",30494
"[15413, 14737, 14792, 17355]",31477
"[15413, 14737, 14792]",31477
"[17351, 14758, 14793]",36000
"[17351, 14758, 14793]",39751
"[15425, 14844]",37835
"[14719, 14954, 14793]",36104
"[14719, 14954, 14793, 21736]",36104
"[14277, 16578]",36772
"[14277, 16581]",36772
"[17351, 15413, 14186]",35964
"[14758, 14793]",36004
"[14758, 14793]",96152
"[15770, 16588]",83885
"[14738, 20212, 16972]",33635
"[14738, 20212, 16972]",30654
"[14713, 15354]",33635
"[14794, 19603]",35982
"[14973, 14408]",99947
"[14973, 14408]",97007
"[14973, 16221]",95075
"[14411, 21075]",35982
"[14411, 21075]",32531
"[17030, 19614]",33688
"[14187, 19614]",33688
"[14789, 14780, 15149, 14794]",28465
"[14789, 14780, 15149]",28465
"[16510, 14758]",36634
"[14963, 14244]",97612
"[14963, 14244]",94715
"[14963, 14244]",37730
"[14558, 14963]",97612
"[14558, 14963]",94715
"[14558, 14963]",37730
"[14195, 14463]",28465
"[14963, 14463]",28465
"[14602, 14463]",28465
"[15205, 19604]",33643
"[16588, 14385]",33593
"[14188, 14400]",28714
"[17351, 14275, 14792]",36691
"[14961, 14284]",83812
"[14961, 14284]",28208
"[14961, 14284]",33695
"[15425, 15822]",32717
"[15425, 15822]",35531
"[15414, 19283]",28813
"[14190, 14775]",83756
"[17991, 16578]",99947
"[14223, 15196]",28313
"[17398, 14736, 14190, 14231]",36512
"[15073, 15082, 14176, 15116, 14299]",28899
"[15073, 15082, 14176, 15116, 14299]",27933
"[15073, 15082, 14176, 15116, 14299]",35915
"[16572, 16468, 14408]",36696
"[16572, 16468, 14408]",97007
"[14780, 16972]",28465
"[15413, 15046]",36512
"[17351, 14758, 14708]",84130
"[14758, 14708]",84130
"[17351, 14708]",84130
"[17112, 15077, 14954, 14320]",30494
"[14171, 14963]",83921
"[14171, 14963]",33045
"[14171, 14963]",31493
"[14171, 14963]",36512
"[15420, 14785]",36187
"[14780, 14713, 19886]",95114
"[14780, 14713, 19886]",39434
"[14780, 14713, 19886]",83852
"[14780, 14713, 19886]",83862
"[14780, 14713, 19886]",83853
"[14780, 14713, 19886]",98797
"[14780, 14713, 19886]",83857
"[14780, 14713, 19886]",83855
"[20336, 14297]",32214
"[14297, 14298]",36187
"[16753, 14320, 14412]",30494
"[15101, 14954, 15481, 17128]",33188
"[14241, 17152]",37788
"[14186, 14737]",36678
"[14155, 14187, 15046]",33688
"[14954, 14737, 14275, 14792, 19027]",37655
"[17991, 15206]",33653
"[17991, 15206]",36197
"[14662, 14714, 15038]",37743
"[14714, 15038]",37743
"[14737, 14792, 19027]",36691
"[14737, 14792, 19027]",31477
"[14737, 14792, 19027]",36578
"[14737, 14792, 19027]",31116
"[14737, 14792, 19027]",29945
"[14187, 15896]",35612
"[14944, 14965]",38928
"[14955, 14231]",33188
"[14954, 14955, 14194, 14024, 14789, 14028, 14604, 14780, 14764, 14320, 14514]",37206
"[15770, 16588, 15501, 14455]",28208
"[15413, 19491]",36881
"[14171, 14241, 14244]",36694
"[15414, 14461]",28465
"[14155, 17992]",33688
"[14817, 14412]",36691
"[17149, 17152]",36075
"[20336, 14761]",89218
"[14231, 20336, 14761]",89218
"[14231, 14761]",89218
"[14737, 14792, 21070]",31116
"[14954, 14320, 15240]",30494
"[14780, 15149]",28813
"[15450, 14587]",36483
"[20427, 15366]",37722
"[17991, 19603]",29173
"[14237, 14320, 19281]",99947
"[15777, 20539]",37710
"[15777, 20539]",33632
"[14737, 14792]",37809
"[14783, 14336]",33593
"[14376, 17781]",35966
"[14376, 17781]",97007
"[14376, 17781]",99947
"[16588, 17833]",28208
"[14174, 14405]",33653
"[14275, 14792]",36691
"[15101, 14954]",36161
"[17605, 14194]",36678
"[17605, 14793]",36678
"[14997, 14462]",35771
"[14817, 15176, 14462]",35771
"[14817, 14462]",35771
"[17351, 15125, 17355, 14462]",35771
"[14277, 14462]",35771
"[17351, 14462]",35771
"[14213, 14462]",35771
"[14320, 15206, 15240]",30494
"[16572, 14408]",35966
"[16572, 16468, 15143]",36696
"[16572, 16468, 15143]",97007
"[14934, 14203]",35761
"[16572, 16468, 15143, 14412]",35966
"[16226, 16285, 17524, 14604, 14780, 20212, 15363]",33077
"[16226, 16285, 17524, 14604, 14780, 20212, 15363]",35650
"[14944, 14605]",35930
"[14765, 17991, 19603]",31247
"[17991, 19603]",31247
"[19603, 20158]",31247
"[16226, 15413, 16753, 14269]",35884
"[16226, 15413, 14186, 14269]",35884
"[16285, 14251, 14269, 14738, 20212]",35982
"[16285, 14251, 14269, 14738, 20212]",28465
"[16285, 14251, 14269, 14738, 20212]",28813
"[16285, 14251, 14269, 14738, 20212]",28502
"[16285, 14251, 14269, 14738, 20212]",33621
"[16285, 14251, 14269, 14738, 20212]",35650
"[16285, 14251, 14269, 14738, 16972]",35982
"[16285, 14251, 14269, 14738, 16972]",28465
"[16285, 14251, 14269, 14738, 16972]",28813
"[16285, 14251, 14269, 14738, 16972]",28502
"[16285, 14251, 14269, 14738, 16972]",33621
"[16285, 14251, 14269, 14738, 16972]",35650
"[16285, 14954, 14251, 14269, 14868]",35982
"[16285, 14954, 14251, 14269, 14868]",28465
"[16285, 14954, 14251, 14269, 14868]",28813
"[16285, 14954, 14251, 14269, 14868]",28502
"[16285, 14954, 14251, 14269, 14868]",33621
"[16285, 14954, 14251, 14269, 14868]",35650
"[16572, 15143]",36696
"[17351, 15597]",37334
"[17351, 15597]",84130
"[14225, 20801]",35465
"[15363, 16230]",35982
"[14216, 14774]",33618
"[14662, 14713, 14401]",28465
"[14662, 14713]",28465
"[14024, 14030, 15025]",97007
"[16753, 14320, 20158]",30494
"[14713, 15597]",37570
"[16226, 16753, 14411]",95316
"[15501, 14385]",33575
"[15501, 14385]",28208
"[14802, 14462]",33688
"[15413, 14462]",33688
"[17042, 14462]",33688
"[19604, 14462]",33688
"[14784, 14187]",33688
"[15111, 14241]",37565
"[15111, 14963, 14241]",37565
"[14963, 14241]",37565
"[15781, 14297]",37805
"[14964, 14251, 14273, 15842]",29646
"[14251, 15176]",29646
"[17042, 21074]",37619
"[17042, 21074]",36004
"[17042, 21074]",96152
"[17042, 21074]",29646
"[17042, 21074]",33643
"[17042, 21074]",33688
"[15846, 15038]",37805
"[14190, 14758]",84263
"[14157, 14182, 14241]",35612
"[14157, 14182, 14241]",36075
"[14780, 14713]",28465
"[14780, 14713]",37570
"[14780, 14713]",28813
"[14780, 14713]",37576
"[16572, 15143]",35966
"[14789, 14780]",95114
"[14789, 14780]",39434
"[14789, 14780]",83852
"[14789, 14780]",83862
"[14789, 14780]",83853
"[14789, 14780]",98797
"[14789, 14780]",83857
"[14789, 14780]",83855
"[15805, 14713]",95114
"[15805, 14713]",39434
"[15805, 14713]",83852
"[15805, 14713]",83862
"[15805, 14713]",83853
"[15805, 14713]",98797
"[15805, 14713]",83857
"[15805, 14713]",83855
"[14503, 14194, 14320]",94959
"[14503, 15413, 14736, 14606]",94959
"[14190, 14231]",36538
"[14190, 14231]",39751
"[14155, 19615]",33688
"[14186, 14793]",29375
"[15474, 15659]",36691
"[15781, 20126]",84168
"[17351, 14408]",84130
"[14297, 14457]",35966
"[14297, 14457]",33680
"[14935, 14457]",35966
"[14935, 14457]",33680
"[14954, 14604]",98797
"[14954, 14604]",83857
"[14954, 14604]",83855
"[15078, 14154, 14182]",37710
"[15078, 14154, 14182]",36075
"[14793, 14739]",99947
"[14231, 15599]",36538
"[15444, 14213]",36691
"[15444, 14213, 14997]",36691
"[14952, 14607]",37768
"[15076, 17220]",94657
"[16672, 14156, 15125, 14709, 14278, 14610]",35840
"[15077, 14320, 14697]",30494
"[14504, 14190]",84263
"[14328, 15013]",84173
"[14328, 15013]",33593
"[17112, 14780, 16972]",39434
"[17112, 14780, 16972]",83852
"[17112, 14780, 16972]",83862
"[17112, 14780, 16972]",83853
"[17112, 14780, 16972]",98797
"[17112, 14780, 16972]",83857
"[17112, 14780, 16972]",83855
"[17605, 14194, 14793]",36678
"[16285, 14954, 19250, 14975]",28921
"[16285, 14954, 19250, 14975]",38911
"[16285, 14954, 19250, 14975]",32520
"[14737, 14792, 19027]",37651
"[15840, 15599]",33672
"[14298, 15599]",33672
"[14186, 21707]",36750
"[14186, 21707]",29375
"[15474, 14462]",35771
"[15761, 15101]",37766
"[14780, 21066]",28465
"[14780, 21066]",39007
"[15602, 15603]",39750
"[15602, 15603]",33672
"[14244, 14322]",37565
"[14228, 14322]",37565
"[14663, 14954, 16972]",37600
"[14663, 14954, 16972]",36867
"[15072, 19604]",33653
"[14737, 14792]",97295
"[15277, 14662, 14375]",37765
"[14277, 17356]",35771
"[15101, 14987]",35786
"[14719, 14954, 14190, 14194]",36691
"[15474, 20905]",36691
"[16226, 14024, 14269]",32099
"[14024, 15496]",84170
"[14184, 14254, 14296, 14326, 14346, 14484]",37805
"[14138, 14218, 15859]",37805
"[14955, 14604, 14737, 20212]",37369
"[14955, 14604, 14737, 20212]",31883
"[14995, 14462]",33672
"[14995, 14462]",39751
"[14962, 14223]",37565
"[14186, 14802, 15597]",33688
"[15597, 15599]",28849
"[14963, 14241, 14244]",37565
"[14241, 14244]",37565
"[14758, 15597]",36691
"[15176, 16028]",37773
"[15176, 16028]",37775
"[15176, 16028]",37774
"[15176, 16028]",37655
"[14152, 14944, 14215]",36035
"[14736, 14758]",36538
"[14736, 14758]",36371
"[16510, 14186, 14792, 15036]",31477
"[16510, 14186, 14792, 15036]",32623
"[16510, 14186, 14792, 15036]",36534
"[14954, 14194, 14251]",98797
"[14954, 14194, 14251]",83857
"[14954, 14194, 14251]",83855
"[14954, 14194, 14251]",28813
"[16572, 14203, 14235]",36063
"[16572, 14203, 14235]",35761
"[15420, 14785, 14702]",36245
"[17605, 14737, 14792]",36050
"[14737, 14793]",37655
"[15176, 14408]",35966
"[17351, 14719, 14954, 14792, 17355, 21540]",96469
"[17351, 14719, 14954, 14792, 17355, 21540]",36194
"[17351, 14719, 14954, 14792, 17355, 21540]",36798
"[17351, 14719, 14954, 14792, 17355, 21540]",84130
"[17351, 14719, 14954, 14792, 17355, 21540]",94693
"[14030, 14376]",36688
"[16226, 16753]",35884
"[14662, 14714]",36241
"[15413, 14186]",33045
"[14786, 14238, 14338, 19245]",83790
"[14194, 14251, 14738, 16972]",35760
"[14194, 14251, 14738, 16972]",30654
"[14194, 14251, 14738, 16972]",35650
"[14194, 14251, 14738, 16972]",33077
"[14194, 14251, 14738, 16972]",35982
"[14194, 14251, 14738, 16972]",83871
"[14992, 19320]",28780
"[15292, 14241, 14244]",83876
"[14738, 20212]",37572
"[14275, 14612]",36535
"[17583, 17584, 17585, 15887]",29078
"[17583, 17584, 17585, 15887]",39524
"[17583, 17584, 17585, 15887]",39820
"[17583, 17584, 17585, 15887]",36035
"[17351, 14719, 14954, 14190, 14793, 17355]",36691
"[14663, 14954, 16972]",29375
"[14663, 14954, 16972]",37137
"[14663, 14954, 16972]",35979
"[14737, 14306]",39751
"[15020, 19604]",33643
"[17417, 14269]",97057
"[14187, 21087]",31116
"[14187, 21087]",33688
"[15416, 15090, 14294]",97489
"[15416, 15090, 14294]",35641
"[15462, 20442]",83889
"[14150, 14963]",35762
"[14150, 14963]",37844
"[16229, 15033]",37397
"[14190, 15461]",29589
"[14190, 15461]",37100
"[14190, 15461]",37805
"[14190, 15461]",37809
"[14186, 14758, 21082]",29945
"[15474, 14997, 15176]",36691
"[17351, 15413, 17355]",36691
"[19615, 17992]",30725
"[14713, 19886]",33635
"[14581, 16036]",32933
"[15344, 19281]",35650
"[15344, 19281]",35884
"[15344, 19281]",32531
"[15344, 19281]",33294
"[15344, 19281]",84107
"[15316, 14607]",83775
"[15104, 15316]",83775
"[14802, 14737, 14792]",33688
"[16588, 15602, 15603]",33653
"[14780, 15149]",83857
"[14780, 15149]",83855
"[14251, 19281]",35760
"[14251, 19281]",32520
"[16588, 14975]",35771
"[16588, 14975]",36812
"[16588, 14975]",36634
"[16588, 14975]",35970
"[16588, 14975]",36906
"[15077, 14606, 14320, 15206]",30494
"[15849, 16741]",39828
"[14019, 14309]",35825
"[14019, 14309]",35999
"[14019, 14309]",28206
"[14019, 14309]",39574
"[15413, 14186]",35607
"[15413, 14186, 14449]",36959
"[15413, 14186, 14449]",35607
"[15288, 15101]",32612
"[15288, 15101]",37002
"[14792, 21693]",32622
"[14277, 15176]",97426
"[14277, 15176]",84130
"[14277, 15176]",95249
"[14277, 15176]",99946
"[14152, 14944, 15836]",36035
"[14663, 14954, 16972]",31756
"[14970, 15667]",37888
"[16846, 15667]",37888
"[14187, 15597]",31116
"[14694, 14186, 14793]",33688
"[14940, 14587]",36948
"[16226, 14954, 16972, 15671]",35982
"[15414, 15354]",28536
"[14184, 14326, 15038]",37743
"[16753, 14320, 19641]",30494
"[15893, 14186, 14604]",36843
"[14186, 14954, 14604, 14737]",36843
"[14186, 14954, 14604, 14737]",37070
"[14216, 15800]",33618
"[14216, 15800]",97053
"[14216, 15800]",33699
"[14954, 14955, 14024]",33294
"[14969, 14399]",36040
"[15002, 15599]",29194
"[14034, 17562]",33675
"[14034, 17562]",37617
"[16226, 14411]",32213
"[15440, 15466]",84046
"[14382, 14714]",83799
"[16226, 14024]",32099
"[16226, 14024]",33208
"[14159, 15254]",33675
"[14215, 14276]",36035
"[15277, 14662, 14714]",37743
"[17417, 14269]",32520
"[14954, 14320, 15367]",96948
"[17728, 19663, 19671]",83776
"[14194, 14273, 14764]",37784
"[14198, 15836]",36035
"[14198, 14200]",36035
"[14737, 14758, 14793]",37017
"[14737, 14758, 14793]",36000
"[14719, 14736, 14758]",37017
"[14719, 14736, 14758]",36000
"[17112, 14186, 14194, 15107, 14275]",31756
"[14154, 15598]",28208
"[16226, 16753, 14450]",35650
"[16226, 14450]",35650
"[14541, 14583]",31395
"[14541, 14583]",84211
"[14934, 14954, 14964, 16972]",28520
"[14934, 14954, 14964, 16972]",37390
"[14934, 14954, 14964, 16972]",33077
"[14934, 14954, 14964, 16972]",37134
"[15107, 15315, 14275, 19603]",33077
"[14181, 14218]",37805
"[14935, 14138]",37805
"[16592, 14774]",83824
"[14783, 14154, 15781]",37768
"[14154, 15781]",37768
"[14138, 15452]",37805
"[14138, 14024]",37805
"[14980, 14291]",36476
"[18312, 14980]",36476
"[14737, 14792]",95313
"[16226, 15363, 15654]",33294
"[16226, 15654]",33294
"[14961, 14215]",28313
"[14961, 14215]",83779
"[14961, 14215]",38242
"[14961, 14215]",35761
"[14961, 14215]",38957
"[14961, 14215]",33572
"[15077, 14954, 14024, 14995, 19281, 15367]",30494
"[15077, 14134, 14320]",30494
"[14168, 14215]",36040
"[14737, 14713]",28465
"[14737, 14713]",28813
"[14737, 14713]",28502
"[16588, 15315]",33653
"[14024, 14028]",36510
"[14024, 14028]",32939
"[14539, 17889]",36483
"[14910, 15547, 15600]",32505
"[15289, 14910, 15547, 15600]",32505
"[16226, 14030]",38961
"[16226, 14030]",33208
"[16226, 14030]",32099
"[14789, 14780, 14791, 21700]",28465
"[14789, 14780, 14791]",28465
"[14186, 14792]",96469
"[14186, 14792]",37512
"[14186, 14792]",36798
"[14186, 14792]",94693
"[14952, 15127, 15590]",28313
"[14952, 15127, 15590]",83779
"[15413, 14186, 15025]",36867
"[15413, 15025]",36867
"[15111, 14241]",37844
"[15111, 14241]",36080
"[14241, 14244]",37844
"[14241, 14244]",36080
"[14713, 15502, 15654]",28520
"[14713, 15654]",28520
"[15414, 15654]",28520
"[16226, 15671]",33294
"[15107, 14024, 14764]",36458
"[14159, 15479]",37617
"[14954, 14964, 14251]",37397
"[14954, 14964, 14251]",35651
"[14954, 14964, 14251]",33294
"[14954, 14964, 14251]",35884
"[14194, 14251, 15536]",28465
"[14194, 14251, 15536]",28813
"[14194, 14251, 15536]",35982
"[14194, 14251, 15536]",37397
"[14194, 14251, 15536]",35651
"[14194, 14251, 15536]",33294
"[14194, 14251, 15536]",35884
"[14194, 14251, 15536]",33077
"[15077, 14194, 14251]",28465
"[15077, 14194, 14251]",35982
"[15077, 14194, 14251]",37397
"[15077, 14194, 14251]",35651
"[15077, 14194, 14251]",33294
"[15077, 14194, 14251]",35884
"[15077, 14194, 14251]",33077
"[14954, 17991]",33653
"[14954, 17991]",36540
"[14758, 14468]",36512
"[14758, 14468]",84263
"[14203, 17884]",37856
"[14203, 14251]",37856
"[14251, 17884]",37856
"[17351, 15092, 15413, 14758]",36691
"[17351, 15092, 15413, 14758]",84130
"[17351, 14277]",36691
"[14736, 14758]",32924
"[14736, 14758]",35895
"[15494, 15600]",32505
"[15474, 15176]",97426
"[14150, 14399]",84331
"[16510, 14186]",36794
"[16510, 14186]",36819
"[16510, 14186]",32623
"[14940, 15104]",84275
"[14154, 14287]",36095
"[19614, 15698]",35970
"[16230, 19614]",35970
"[17112, 18102]",35970
"[14186, 14277, 14792]",96469
"[14186, 14277, 14792]",37512
"[14186, 14277, 14792]",36798
"[14186, 14277, 14792]",94693
"[14276, 16215]",36035
"[14604, 14275]",84107
"[14604, 14275]",94719
"[14604, 14275]",94694
"[14980, 14291]",27365
"[15770, 15501, 14455]",28208
"[16226, 14954, 14955, 14024, 14604, 14275, 15367]",33071
"[20472, 14384, 20254]",33677
"[15000, 15602]",28849
"[14793, 14413]",33688
"[17112, 18102]",35584
"[17112, 18102]",36104
"[17112, 18102]",83754
"[17112, 18102]",27170
"[14843, 16690]",83984
"[16226, 14411]",35982
"[14794, 15176]",97230
"[14187, 14794, 15176]",97230
"[14187, 14794]",97230
"[14954, 15461]",36696
"[14159, 15479]",33675
"[15008, 14456]",36691
"[14780, 15149, 14463]",28465
"[14789, 14780, 15149, 14463]",28465
"[14836, 15451]",36691
"[15012, 17211]",32214
"[15012, 17211]",83826
"[15012, 17211]",84149
"[15012, 17211]",37489
"[15308, 17224]",27248
"[15413, 14737]",37305
"[15417, 14551]",33593
"[14935, 14810]",35543
"[14935, 14810]",39832
"[14935, 14810]",83989
"[14277, 14997, 14462]",36691
"[14954, 14606, 14320]",30494
"[14954, 14606, 14995, 14320]",30494
"[16510, 14817, 14758, 15176]",37775
"[16510, 14817, 14758, 15176]",97426
"[14954, 14964, 14251, 14738, 16972]",32520
"[14954, 14964, 14251, 14738, 16972]",35874
"[14208, 14996]",84275
"[14208, 14996]",39822
"[14208, 14996]",37710
"[14208, 14996]",35742
"[14208, 14996]",36478
"[14208, 14996]",36719
"[14208, 14996]",35446
"[14208, 14996]",35744
"[14208, 14996]",36453
"[14208, 14996]",35775
"[14780, 15149, 15670]",39007
"[14181, 14184, 14210, 14967, 14218, 15130]",37805
"[14184, 15130]",39531
"[14737, 14792]",39153
"[16510, 14737, 14792]",39153
"[15836, 14423]",36035
"[14186, 20513]",35612
"[16226, 14954, 16972, 14411]",35982
"[16226, 14954, 16972, 14411]",33635
"[14194, 14793]",36678
"[19641, 19623]",30494
"[14154, 14320]",39609
"[17351, 15413, 17355]",84130
"[14793, 21503]",29945
"[15077, 15622]",30494
"[15413, 14186]",37053
"[14376, 14408]",99947
"[16753, 14780]",28465
"[16753, 14780]",39434
"[16753, 14780]",28520
"[14910, 15452, 14267, 15547]",39696
"[14910, 14267, 14286, 15547]",39696
"[14156, 15137]",37788
"[14320, 19281]",33672
"[14320, 19281]",35612
"[16511, 16517]",83997
"[16226, 14954, 20212, 16972, 14868]",33621
"[16226, 14954, 20212, 16972, 14868]",28465
"[16226, 14954, 20212, 16972, 14868]",37953
"[16226, 14954, 20212, 16972, 14868]",28502
"[16226, 14954, 20212, 16972, 14868]",28813
"[16226, 14954, 20212, 16972, 14868]",35650
"[14802, 14737, 21118]",33688
"[14737, 14792, 19603]",33688
"[17991, 19603]",33688
"[15414, 19604]",84263
"[17351, 15596]",36691
"[14154, 14954, 14024, 14269, 14607]",94775
"[14019, 14662]",37743
"[14019, 14662]",32619
"[14019, 14662]",36123
"[14019, 14662]",28478
"[14784, 14024]",37617
"[14284, 14298]",38043
"[14382, 14714, 15038]",83799
"[14186, 20336]",36712
"[15087, 14981]",38957
"[15087, 14981]",94658
"[16230, 14411]",35982
"[16230, 14411]",36749
"[14740, 16230]",36749
"[14186, 14802, 14737, 14792]",33688
"[14802, 14737, 14792, 19027]",33688
"[14662, 15040]",37743
"[14154, 14981]",94658
"[14154, 14981]",36075
"[14154, 14981]",37573
"[14239, 14244]",35749
"[14241, 14244]",35749
"[14610, 14322]",38957
"[14154, 14287]",39365
"[17605, 14186, 14190]",36678
"[17605, 17112, 14186, 14793]",36678
"[14382, 15038]",83799
"[16572, 14208, 14997, 17390]",36035
"[19281, 14411]",35970
"[14207, 14794, 15187, 15572]",35982
"[14737, 14792, 15670]",31477
"[14737, 14792, 15670]",30827
"[15082, 16036]",38957
"[14299, 16036]",38957
"[15781, 14399]",35761
"[14180, 15116]",38957
"[14277, 21705]",36691
"[14792, 17356]",29402
"[14194, 15324]",29078
"[14186, 21066]",36678
"[14194, 17601]",32325
"[14881, 14336]",33605
"[16588, 15786]",36690
"[16588, 15786]",35771
"[16753, 19641]",37616
"[16753, 14320, 19641]",37616
"[14541, 14406]",84211
"[14541, 14406]",31395
"[14974, 14737]",35786
"[14974, 14737]",35790
"[15770, 15013]",28208
"[15414, 19615]",28813
"[14934, 15354]",33440
"[14190, 15461, 18680]",83756
"[14190, 15461]",83756
"[14190, 18680]",83756
"[15461, 18680]",83756
"[15038, 15043]",83799
"[14231, 15670]",29402
"[14231, 15670]",29945
"[14277, 15176]",37967
"[14277, 15176]",96516
"[14277, 15176]",97234
"[14277, 15176]",96431
"[14277, 15176]",94862
"[14192, 15620]",35641
"[14141, 15620]",35641
"[14602, 15456]",83993
"[14956, 15620]",35641
"[16226, 16753, 14954, 14955, 14024, 14275]",35884
"[14961, 15781]",35612
"[14719, 14736, 14190, 14758]",96152
"[14780, 15654]",28520
"[14954, 16972]",33077
"[14954, 16972]",35650
"[14954, 16972]",28082
"[14954, 16972]",95050
"[14954, 16972]",38386
"[14954, 16972]",36904
"[14030, 14793, 14408]",99947
"[14604, 14737, 19027]",29173
"[14765, 19614]",28849
"[17351, 14758, 17355]",28849
"[16511, 16517]",28869
"[15444, 14213, 15474, 14817, 14277, 14997, 15176]",36691
"[14945, 15602]",29646
"[14945, 15602]",36634
"[16230, 15671]",35982
"[16230, 15671]",37397
"[15613, 15659]",33688
"[15010, 14399]",83812
"[14969, 15010]",83812
"[14308, 15615]",83803
"[14308, 15615]",35565
"[14024, 19281]",30494
"[14269, 19281]",30494
"[14406, 15684]",84211
"[15137, 14406]",84211
"[14406, 14425]",84211
"[14954, 14964, 14251, 14738, 16972]",28465
"[14954, 14964, 14251, 14738, 16972]",33634
"[14954, 14964, 14251, 14738, 16972]",35982
"[14954, 14964, 14251, 14738, 16972]",35762
"[14954, 14738, 16972]",28465
"[14954, 14738, 16972]",33634
"[14954, 14738, 16972]",35970
"[14954, 14738, 16972]",28813
"[14954, 14738, 16972]",35982
"[14954, 14738, 16972]",35762
"[14969, 15781, 17276]",36187
"[14969, 15781, 17276]",33575
"[14969, 15781, 17276]",83923
"[14686, 14277]",37754
"[14127, 14758, 15000]",35612
"[14758, 15000]",35612
"[15413, 20212]",33294
"[15462, 14291, 14995, 19566]",33601
"[15462, 14291, 14995, 19566]",36048
"[15462, 14291, 14995, 19566]",83889
"[14277, 14412]",36691
"[14277, 14412]",37334
"[16226, 15654, 14450]",35982
"[16226, 15654, 14450]",37397
"[16226, 15654, 14450]",36917
"[16230, 14450]",35982
"[16230, 14450]",37397
"[16230, 14450]",36917
"[16230, 15654, 14450]",35982
"[16230, 15654, 14450]",37397
"[16230, 15654, 14450]",36917
"[15413, 14186, 14408]",31756
"[15413, 14186, 14408]",36863
"[15413, 14186, 14408]",37006
"[15413, 14186, 14408]",28956
"[15413, 14186, 14408]",37411
"[14244, 14322]",36063
"[15413, 19283]",99174
"[14216, 15010]",35670
"[15413, 14207]",30725
"[14765, 14405, 19614]",33653
"[14719, 14793]",35771
"[17351, 14792]",35771
"[14186, 15036]",36050
"[20336, 15481]",33188
"[20336, 15481, 20586]",33188
"[20336, 20586]",33188
"[14954, 15481, 20586]",33188
"[16510, 14231, 20336]",33188
"[16510, 20336]",33188
"[16510, 20336, 15481]",33188
"[14792, 14413]",33653
"[15077, 16753]",28813
"[15077, 16753]",28465
"[16588, 14737, 14792]",35732
"[14737, 14792, 21692]",31107
"[14737, 14792, 21692]",33672
"[14328, 15201]",33593
"[16510, 19604]",36712
"[14154, 15774]",97051
"[14186, 14190, 14758, 17042]",96152
"[17832, 15013]",28208
"[14347, 18959]",28849
"[14187, 21066]",33688
"[17351, 19604]",37619
"[17351, 19604]",36691
"[17351, 19604]",29945
"[17351, 19604]",29402
"[17351, 19604]",28849
"[17605, 19604]",37619
"[17605, 19604]",36691
"[17605, 19604]",29945
"[17605, 19604]",29402
"[17605, 19604]",28849
"[17112, 14780, 16972, 17773]",28465
"[14155, 15092]",33688
"[16572, 14408]",99947
"[15073, 15082, 14176, 15116, 14299, 15148]",94658
"[15073, 15082, 14176, 15116, 14299, 15148]",38035
"[15087, 14177, 15211]",94658
"[15087, 14177, 15211]",38035
"[15176, 15613]",39750
"[14539, 15856]",36483
"[14539, 15856]",83903
"[14719, 14954, 14793]",94693
"[14719, 14954]",94693
"[14940, 14332]",35868
"[14024, 17422]",37784
"[14385, 14551]",28208
"[16578, 15036]",35966
"[16588, 14186]",36050
"[17417, 15829]",84168
"[15781, 14399]",39798
"[15781, 14399]",28208
"[14275, 17893]",36078
"[14207, 14794, 15187]",35982
"[15008, 17355]",84130
"[15008, 17355]",36691
"[15277, 14194, 14251]",28465
"[19603, 14411]",35760
"[15092, 15413, 19604]",37619
"[15092, 15413, 19604]",36691
"[15092, 15413, 19604]",36540
"[15092, 15413, 19604]",36512
"[15092, 15413, 19604]",29173
"[15413, 19604]",37619
"[15413, 19604]",36691
"[15413, 19604]",36540
"[15413, 19604]",36512
"[15413, 19604]",29173
"[15413, 14793, 19604]",37619
"[15413, 14793, 19604]",36691
"[15413, 14793, 19604]",36540
"[15413, 14793, 19604]",36512
"[15413, 14793, 19604]",29173
"[14231, 19604]",37619
"[14231, 19604]",36691
"[14231, 19604]",36540
"[14231, 19604]",36512
"[14231, 19604]",29173
"[16753, 20212, 19604]",30494
"[14544, 15148]",38957
"[16468, 14213]",37775
"[14277, 15659]",37775
"[14882, 15547, 15600]",39696
"[20472, 14980]",36266
"[14579, 20472]",36266
"[14251, 15176]",36040
"[16087, 20228]",31107
"[14186, 14190, 14758]",36004
"[14186, 14190, 14758]",96152
"[14320, 15670]",30494
"[16510, 19604]",32214
"[14186, 14802, 14737, 14449]",33688
"[15770, 16588, 15373]",28208
"[15770, 16588, 15201]",28208
"[16510, 14736, 14190, 14231]",84263
"[17351, 14737, 14793, 17355]",36691
"[15849, 15491]",36026
"[15849, 15491]",83830
"[17040, 15036]",31477
"[14934, 14194, 14964]",33437
"[14187, 21500]",33688
"[15205, 15602]",29194
"[17524, 14604, 14780, 20212]",37653
"[15289, 14910, 15547]",84022
"[14320, 20158, 15670]",30494
"[15077, 14320, 15670]",30494
"[14320, 19641, 15367, 15670]",30494
"[16753, 14320, 15670]",30494
"[14995, 14320, 19281, 15670]",30494
"[14995, 14320, 15240, 15670]",30494
"[14320, 15367, 20158, 15670]",30494
"[14320, 15367, 15670]",30494
"[15077, 14995, 14320, 15367, 15670]",30494
"[16226, 14954, 14955, 14024, 15414]",35884
"[16226, 14954, 14955, 14024, 15414]",33294
"[16226, 14954, 14955, 14024]",35884
"[16226, 14954, 14955, 14024]",33294
"[16510, 20336]",35795
"[14153, 14952]",37565
"[15107, 15012]",37390
"[17351, 15474, 14793, 17355]",84130
"[17351, 15474, 14793, 17355]",97426
"[15102, 14316]",33618
"[16510, 19604]",36937
"[16226, 15413, 14186, 14736, 14954, 14955, 14024, 14604, 14737, 14275, 16972, 14608, 18277]",95316
"[16226, 15413, 14186, 14736, 14954, 14955, 14024, 14604, 14737, 14275, 16972, 14608, 18277]",84160
"[16226, 15413, 14186, 14736, 14954, 14955, 14024, 14604, 14737, 14275, 16972, 14608, 18277]",99923
"[14954, 16972, 18277, 15563]",95316
"[14954, 16972, 18277, 15563]",84160
"[14954, 16972, 18277, 15563]",99923
"[14954, 16972]",95316
"[14954, 16972]",99923
"[15481, 15205]",31107
"[14382, 14714, 15038]",37743
"[14945, 15413, 18959]",36881
"[17605, 14186, 14737, 21087]",36678
"[17605, 21087]",36678
"[14320, 19135]",83934
"[14758, 19007]",36512
"[15092, 15413, 14187]",33688
"[15077, 16753, 14320]",96948
"[16510, 14761]",31477
"[15077, 14411]",32531
"[14186, 14802, 19621]",30725
"[15602, 19603]",35727
"[15602, 15603, 19603]",35727
"[15603, 19603]",35727
"[14127, 20336, 14758]",36891
"[14127, 20336, 14758]",36927
"[20336, 14758]",36891
"[15095, 14978]",28495
"[15095, 14978]",83830
"[14186, 14758, 17042]",36000
"[14503, 15413, 14736]",94959
"[14186, 14758, 14793]",39153
"[15288, 20478]",83800
"[16588, 14961]",31756
"[19604, 14450]",33294
"[19604, 14450]",37397
"[19604, 14450]",83868
"[19604, 14450]",32531
"[19604, 14450]",37647
"[19604, 14450]",32213
"[19604, 14450]",30494
"[19604, 14450]",33077
"[19604, 14450]",90237
"[19604, 14450]",38290
"[19604, 14450]",84160
"[19604, 14450]",36298
"[15416, 14198, 15856]",37753
"[14207, 15599]",29194
"[15413, 14186, 19604]",36867
"[15413, 14186, 19604]",31756
"[15413, 19604]",36867
"[15413, 19604]",31756
"[14194, 14338]",36187
"[16510, 14737, 14792, 19614]",33688
"[14737, 14792, 19614]",33688
"[20254, 20851]",83800
"[16572, 16468, 15143, 16581]",35966
"[17524, 14604, 14780, 20212]",95316
"[16226, 14467]",35650
"[15414, 14461]",28813
"[15414, 14461]",28502
"[14737, 14792, 19614]",37651
"[15602, 15603]",35695
"[14694, 15271]",36678
"[15077, 14964]",36836
"[15077, 14964]",33225
"[15077, 14964]",33027
"[15597, 15659]",83871
"[16753, 16230]",35982
"[16067, 15479]",37617
"[20628, 15419, 20402, 14286]",28714
"[15419, 20402, 14286]",28714
"[14604, 14275]",35786
"[14604, 14275]",84148
"[14604, 14275]",83826
"[14604, 14275]",32214
"[14604, 14275]",39299
"[14604, 14275]",37489
"[14604, 14275]",35701
"[14604, 14275]",37011
"[14604, 14275]",36986
"[17583, 17584, 14194]",29078
"[15414, 15474]",35771
"[14155, 21503]",33688
"[16962, 14231]",36480
"[17583, 14194]",39524
"[14206, 20336]",32214
"[14954, 16972]",39613
"[14954, 16972]",37385
"[17351, 14793, 17355]",84130
"[14954, 14275, 14792]",84130
"[15344, 19491]",28465
"[15344, 19491]",84261
"[15344, 19491]",28813
"[15344, 19491]",30039
"[15344, 19491]",39124
"[14186, 14320]",35612
"[14770, 14969, 15781]",36187
"[14770, 15781]",36187
"[14167, 14185, 16991, 14318]",37171
"[14167, 14185, 16991, 14318]",36322
"[14218, 15853, 15846]",37805
"[15474, 15240]",36691
"[15867, 20530]",35573
"[15867, 20530]",32327
"[16285, 14194, 14604, 14320]",33635
"[16285, 14194, 14604, 14320, 15563]",33635
"[14184, 14296, 15846, 14484]",37805
"[14736, 15599]",36001
"[15206, 15597]",33590
"[15206, 15597]",32520
"[15206, 15597]",28465
"[15206, 15597]",38911
"[14793, 21077]",33688
"[14793, 21077]",35979
"[15100, 14607]",37768
"[17434, 15095, 17435, 16792, 15466, 15779, 14978, 15491]",29229
"[17112, 14954, 14961, 15481]",31883
"[17112, 14954, 14961, 15481]",37658
"[17112, 14954, 14961, 15481]",33643
"[17112, 14954, 14961, 15481]",33519
"[17112, 14954, 14961, 15481]",28873
"[17112, 14954, 14961, 15481]",37170
"[17112, 14954, 14961, 15481]",33188
"[17112, 14954, 14961, 15481]",37070
"[17112, 14954, 14961, 15481]",89218
"[17112, 14954, 14961, 15481]",36078
"[17112, 14954, 14961, 15481]",36748
"[17112, 14954, 14961, 15481]",33715
"[16230, 15671]",33294
"[14694, 14950]",35970
"[19603, 15613]",94694
"[18959, 19604]",35771
"[14213, 18959, 19604]",35771
"[15781, 14774]",97053
"[15781, 14774]",37710
"[14783, 14785, 15104, 14216, 14963, 19571]",38024
"[14382, 15038]",36253
"[14382, 15038]",83924
"[14944, 14298, 16215]",36035
"[14297, 16215]",36035
"[15414, 19603, 15654]",37656
"[15414, 19603, 15654]",84277
"[15414, 19603, 15654]",28502
"[15414, 19603, 15654]",28813
"[15414, 19603, 15654]",39007
"[15414, 19603, 15654]",39124
"[15414, 19603]",37656
"[15414, 19603]",84277
"[15414, 19603]",28502
"[15414, 19603]",28813
"[15414, 19603]",39007
"[15414, 19603]",39124
"[14612, 15036]",36078
"[14612, 15036]",35781
"[17711, 15602]",28849
"[15002, 19603]",33653
"[16226, 14320, 15240]",32213
"[15125, 14034, 14456]",84130
"[20962, 15125, 14456]",84130
"[15125, 14456]",84130
"[14411, 19615]",35884
"[14411, 19615]",33294
"[15598, 15847]",28208
"[14231, 14606]",29945
"[14154, 14709, 14610, 14320]",37627
"[14154, 14709, 14610, 14320]",33628
"[14154, 14709, 14610, 14320]",96574
"[14411, 19615]",33688
"[14411, 19615]",36691
"[14411, 19615]",36512
"[14186, 14793]",33672
"[14150, 14399]",36187
"[15474, 14817, 15176]",36691
"[15474, 14817, 15176]",37775
"[17376, 14980]",83886
"[14382, 15846]",37805
"[14382, 15846]",37743
"[14714, 20253]",37743
"[14714, 20253]",37805
"[15111, 14322]",94657
"[17152, 14322]",94657
"[14030, 14376]",99947
"[16226, 14954, 14955, 14024, 14275, 16972]",35650
"[14792, 15599]",37017
"[14792, 15599]",36000
"[14792, 15599]",39751
"[14954, 14320, 15367]",30494
"[20402, 14910, 14247, 14267, 14309, 15600, 21594]",84022
"[14910, 14247, 14267, 14309, 20407, 15600]",84022
"[15289, 20402, 14910, 14247, 14267, 14309, 20407, 21594]",84022
"[15413, 14186, 14802, 14737]",37651
"[14599, 20126]",37722
"[14738, 16972, 21500]",37570
"[14606, 14320, 15240]",30494
"[17718, 14462]",33688
"[17718, 14462]",39751
"[15111, 17152, 14315]",36507
"[17889, 15188]",33593
"[15413, 14737]",98883
"[14780, 15338]",28465
"[14780, 15338]",33634
"[14194, 14273, 14764]",28158
"[14194, 14273, 14764]",37785
"[20336, 14758]",84263
"[20336, 15154]",32214
"[20336, 15154]",83826
"[15107, 14024, 14275, 15363]",29993
"[14186, 14608, 14792]",37070
"[16874, 20667]",37765
"[16874, 14861]",37765
"[14954, 16972]",37694
"[16753, 20212, 14320, 19281]",37616
"[14194, 15842]",28465
"[14934, 15842]",28465
"[17112, 15804, 14780, 15670]",28465
"[14154, 14287]",36075
"[14154, 14287]",97553
"[14154, 14061]",36075
"[14154, 14061]",97553
"[14154, 14236]",36075
"[14154, 14236]",97553
"[17729, 15135]",29387
"[17729, 15135]",29614
"[14963, 14241, 14244, 14322]",37769
"[15201, 15013]",33575
"[17351, 14954, 14737, 14275, 14792, 14793]",36691
"[15077, 14194, 14028, 14780, 14791, 18959]",39580
"[15077, 14194, 14028, 14780, 14791, 18959]",28465
"[15077, 14194, 14028, 14780, 14791, 18959]",33634
"[16226, 19623]",33635
"[14382, 14714, 20253]",83799
"[14186, 14737, 14608, 14792]",31107
"[14216, 14963, 15613]",94694
"[14579, 14995]",97502
"[14954, 17991]",35966
"[14231, 19603]",37619
"[14231, 19603]",36512
"[14231, 19603]",33643
"[14231, 19603]",33688
"[14231, 19603]",36480
"[14231, 19603]",98993
"[15012, 19603]",37619
"[15012, 19603]",36512
"[15012, 19603]",33643
"[15012, 19603]",33688
"[15012, 19603]",36480
"[15012, 19603]",98993
"[15077, 14320, 15363]",36040
"[14606, 14320, 15363]",36040
"[14934, 14964]",28465
"[14934, 14964]",35651
"[14934, 14964]",35982
"[14934, 14964]",33077
"[14934, 14964]",28813
"[14934, 14964]",37570
"[14934, 14964]",37135
"[17585, 14273]",37785
"[14028, 14030, 14273]",37785
"[14793, 17042]",36867
"[15893, 14186, 14604]",37027
"[15893, 14186, 14604]",35792
"[15893, 14186, 14604]",31477
"[14737, 14792]",37027
"[14737, 14792]",39448
"[15893, 14186, 14604]",39448
"[14184, 15017]",97156
"[16468, 14408]",35966
"[17407, 14991]",33658
"[17407, 14991]",39798
"[14961, 14991]",33658
"[14961, 14991]",39798
"[14789, 14780]",28465
"[17583, 14194, 15982, 14347]",29078
"[14154, 14253]",95464
"[14186, 14792]",36824
"[16285, 14934, 14964, 14251, 20212, 16972]",28921
"[16285, 14934, 14964, 14251, 20212, 16972]",33003
"[15597, 15033]",83871
"[16226, 15413, 14186, 14320, 14411]",35970
"[16226, 15413, 14186, 14320]",35970
"[16226, 15413, 14186, 14320, 15670]",35970
"[17351, 14737, 14792, 17355]",37334
"[16510, 14737, 14792]",37334
"[14184, 14326, 15846, 14428]",27248
"[19604, 20905]",33688
"[19604, 20905]",33653
"[19604, 20905]",31247
"[14793, 19604]",37364
"[14793, 19604]",96394
"[16588, 14737, 14792]",36824
"[14969, 15781]",35766
"[14802, 19604]",33688
"[14792, 19604]",31477
"[15077, 20212, 16972, 15240]",30494
"[15135, 19663]",83923
"[15125, 14997, 14462]",36691
"[17042, 19604]",36004
"[17042, 19604]",96152
"[17042, 19604]",33688
"[17042, 19604]",36863
"[17042, 19604]",36959
"[14954, 14269, 14273, 14347]",27626
"[14269, 14347]",27626
"[15096, 15455, 14320]",31116
"[15096, 14320]",31116
"[16226, 16753, 14411]",32531
"[16574, 14408]",36688
"[14186, 14792]",37017
"[20336, 15036]",29173
"[19604, 14450]",33688
"[14954, 14955, 14024, 14275]",33294
"[14954, 14955, 14024, 14275]",35884
"[14719, 14792]",36691
"[17356, 14449]",36538
"[17356, 14449]",36643
"[17356, 14449]",37858
"[17356, 14449]",33688
"[14196, 14284]",84122
"[14024, 14793, 14408]",36688
"[17585, 14273]",28158
"[19604, 14450]",36678
"[15283, 14328]",28208
"[14259, 15129, 14306, 16587, 17833]",28208
"[14969, 14399]",28208
"[14954, 16972]",33642
"[14954, 16972]",36691
"[14954, 16972]",32924
"[14954, 16972]",31116
"[14954, 16972]",28344
"[14408, 21705]",37773
"[14408, 21705]",97426
"[14408, 21705]",37775
"[14408, 21705]",37774
"[14408, 21705]",95249
"[14408, 21705]",37655
"[14270, 14821]",94764
"[14270, 14821]",38928
"[14150, 15292]",37788
"[15413, 14186]",38386
"[14157, 14287]",36691
"[14954, 14320]",30494
"[14161, 14223, 14999, 14323, 15001]",28313
"[14161, 14223, 14999, 14323, 15001]",83779
"[14206, 14024]",33348
"[14024, 14273]",33348
"[17558, 14182]",33606
"[17558, 14182]",31237
"[17583, 17111, 17534, 17360]",28552
"[14185, 14980]",91614
"[14185, 14980, 20254]",91614
"[17112, 14737, 14793]",31477
"[15414, 14713, 21500]",33635
"[14737, 14792, 19027]",35792
"[14411, 15654]",32531
"[14503, 15206]",37805
"[16226, 14604, 14737, 14608, 14320, 15670]",35884
"[16285, 14934, 14269]",29161
"[16588, 14275]",36691
"[16588, 14275]",35771
"[14977, 15316, 14295, 14320]",36691
"[15082, 14176]",38242
"[14944, 15338]",33003
"[14944, 15338]",29761
"[17903, 15201]",28208
"[14813, 17832, 14222, 20278]",28208
"[14209, 14254, 14326, 14347, 18959, 15536, 14484]",37805
"[14209, 14254, 14326, 14484]",37805
"[14165, 14259, 16587, 20278, 17833]",28208
"[16468, 14213, 15474, 14817, 14997]",36691
"[16468, 14213, 15474, 14817, 14997]",35771
"[14320, 15363, 15240]",30494
"[14167, 16991]",33306
"[15413, 14186, 14802, 14737, 14792, 19603]",33688
"[15413, 14186, 14802, 14737, 14792]",33688
"[20402, 14910, 14267, 14286]",99848
"[14934, 14194, 14656]",32520
"[14758, 14793]",84263
"[14207, 15134]",30039
"[14817, 20866]",36691
"[15855, 14168]",29345
"[17407, 15077]",33635
"[17040, 15036, 19615]",36538
"[17040, 15036, 19615]",35771
"[17040, 19615]",36538
"[17040, 19615]",35771
"[15036, 19615]",36538
"[15036, 19615]",35771
"[14196, 14216]",95491
"[14196, 14216]",37765
"[14899, 14588]",37768
"[16962, 14186]",36678
"[14231, 14793]",36004
"[14190, 14758]",96152
"[14190, 14758]",36004
"[14190, 14758]",29945
"[15036, 17992]",32623
"[14184, 14326, 15846]",37805
"[14899, 14991]",37768
"[14309, 20284]",96273
"[20351, 14309]",96273
"[15092, 15413, 14186, 14802, 14793]",33688
"[14934, 14194, 14964]",28465
"[14934, 14194, 14964]",35982
"[14934, 14194, 14964]",28813
"[17112, 15077, 20212]",27710
"[17112, 20212]",27710
"[15092, 14186, 14231, 14604, 14737]",37196
"[15092, 14186, 14231, 14604, 14737]",33688
"[15092, 14186, 14231, 14604, 14737]",36514
"[15092, 14186, 14231, 14604, 14737]",36824
"[15413, 21679]",31477
"[14737, 14792, 19615]",33688
"[15020, 19616]",33643
"[20262, 14882, 20265]",37574
"[14171, 14245]",37754
"[14963, 14241]",37754
"[14275, 14281, 15492, 14793, 16578]",35966
"[14320, 14794, 15597]",35852
"[16588, 14373]",33643
"[16588, 14373]",37160
"[14187, 14463]",33688
"[15077, 16753, 14320, 19641]",30494
"[14024, 14413]",31116
"[16285, 15414, 20212, 16972]",32256
"[16285, 15414, 20212, 16972]",28813
"[16588, 14297]",35966
"[14186, 14802]",36812
"[14186, 19603]",36691
"[14954, 19603]",36691
"[14275, 19603]",36691
"[14244, 17152]",35680
"[15459, 14322]",35680
"[17152, 14322]",35680
"[14024, 15479]",33675
"[14785, 14911, 14238, 14338]",83790
"[14785, 14238, 14338, 19245]",83790
"[14408, 14761]",97007
"[19604, 15230]",33672
"[14792, 17356]",29945
"[14792, 17356]",96152
"[14186, 14737, 14792]",97293
"[14186, 14737, 14792]",97295
"[14737, 14792]",97293
"[14184, 14326, 15034]",94660
"[14785, 14185, 20254]",37717
"[16588, 14954, 14190, 14275]",36691
"[16588, 15444]",36691
"[16572, 14408]",36688
"[15414, 19614]",28813
"[15302, 15450]",33128
"[15302, 15450]",37835
"[15808, 14206]",33128
"[16511, 15563]",83997
"[14231, 20336]",89218
"[15413, 14793]",89218
"[15414, 19604]",28849
"[14954, 14604, 19281]",37496
"[14954, 14604, 19281]",37390
"[15292, 15321]",29800
"[14737, 14792, 19491]",31116
"[16972, 14411]",35982
"[16972, 14411]",37397
"[14792, 17042]",36004
"[14792, 17042]",96152
"[14154, 14291, 15245]",83916
"[14963, 14610]",96229
"[14963, 14610]",36075
"[17728, 16753, 14320, 15240]",95987
"[16753, 14995, 14320]",30494
"[17407, 14135, 14961, 14297, 14987, 14298]",28208
"[17407, 14135, 14961, 14297, 14987, 14298]",35761
"[14961, 14297, 14298]",28208
"[14961, 14297, 14298]",35761
"[17407, 14135, 14961, 14297, 14987]",33658
"[14155, 14802]",36812
"[15536, 15846]",37805
"[14780, 14791, 15857]",28465
"[14780, 14791]",28465
"[16510, 17030]",33688
"[14954, 14955, 14194, 14024, 14789, 14604, 14780, 14764, 14791, 14320, 14794]",33634
"[14737, 14792, 19614]",31116
"[14965, 15135]",29387
"[14691, 15135]",29387
"[20203, 20418]",28714
"[14272, 14034]",37617
"[15271, 14758, 14792]",36415
"[15271, 14758, 14792]",29375
"[15271, 14758, 14792]",35995
"[15271, 14758, 14792]",33672
"[15271, 14758, 14792]",36395
"[15271, 14758, 14792]",36240
"[15271, 14758]",36415
"[15271, 14758]",29375
"[15271, 14758]",35995
"[15271, 14758]",33672
"[15271, 14758]",36395
"[15271, 14758]",36240
"[17152, 14322]",37788
"[14244, 17152]",37788
"[14244, 14610]",37788
"[14780, 15149, 21700]",28520
"[14780, 15149, 21700]",29863
"[14780, 15149, 21700]",28502
"[14780, 15149, 21700]",32256
"[14780, 15149, 21700]",39434
"[17351, 15474, 17355, 14412]",35771
"[14945, 15670]",33635
"[14945, 15670]",28465
"[15312, 14876]",33316
"[14202, 14809, 14301]",38899
"[14202, 14809, 14301]",95682
"[14793, 14413]",36812
"[14713, 21500]",28465
"[15365, 14408]",99947
"[15365, 14408]",97007
"[14954, 14024, 14269, 14276]",94779
"[14024, 14269, 14276, 15324]",94779
"[14024, 14964, 14269, 14276]",94779
"[19603, 19623]",35612
"[14241, 14244, 14322]",35624
"[19604, 14467]",84107
"[15413, 14469]",35966
"[15413, 14469]",33688
"[15413, 14469]",36691
"[14940, 14198]",29793
"[15077, 15413, 14186, 14320]",35884
"[16753, 14320]",36825
"[14604, 14738, 20212, 14608, 14320, 14514]",94959
"[14606, 14320, 19281]",33591
"[15781, 14379, 14399, 15610]",83824
"[14379, 14399, 15610]",83824
"[15781, 14379, 14399]",83824
"[16226, 14269]",35659
"[16226, 14269]",36478
"[15414, 19604]",33688
"[18755, 14287]",28780
"[14954, 14964, 14251, 16972]",38708
"[14969, 15781, 15610]",83824
"[14969, 15781, 15610]",33575
"[14969, 15781, 15610]",39798
"[14320, 15367, 14411]",30494
"[15126, 14583]",28780
"[14737, 14792, 19604]",30827
"[14737, 14792, 19604]",36822
"[15474, 14817, 14277, 14997, 14412]",36691
"[19615, 17992]",35884
"[14719, 14954]",35771
"[14954, 14793]",35771
"[14186, 14190, 14737]",36678
"[14599, 14381]",37888
"[14599, 14266]",37888
"[15111, 15459]",33599
"[14408, 15659]",99947
"[14408, 15659]",97007
"[14408, 15659]",99581
"[15092, 15413, 14758, 16028]",37655
"[15420, 14785, 14786, 15462, 15144]",28374
"[16226, 14024]",39715
"[16226, 14024]",36123
"[14954, 14964, 14251, 16972]",28502
"[14954, 14964, 14251, 16972]",37397
"[14954, 14964, 14251, 16972]",35982
"[14954, 14964, 14251, 16972]",36917
"[14954, 14964, 14251, 16972]",37615
"[14954, 14964, 14251, 16972]",83871
"[14954, 14964, 14251, 16972]",33590
"[14954, 14964, 14251, 16972]",28536
"[14954, 14964, 14251, 16972]",98570
"[17584, 14194, 17883]",29078
"[14971, 14410]",38436
"[14971, 14410, 15642]",38436
"[14736, 14231]",37858
"[14231, 14758]",33686
"[14945, 14794, 18959, 15613]",33188
"[14945, 15002, 15176, 15012, 15205, 15020]",33643
"[15413, 14186, 14792]",35624
"[14275, 14281, 15492, 14793, 16578]",36688
"[16226, 14945]",29646
"[14161, 14223, 14999]",38242
"[20402, 14910, 14267, 15494]",32505
"[15289, 14910, 14267, 15494]",32505
"[15108, 14301]",36035
"[14206, 15207]",83849
"[15501, 20517]",28208
"[14231, 14792, 14793]",29402
"[14231, 14792, 14793]",96152
"[14713, 21500]",28502
"[14713, 21500]",94835
"[14713, 21500]",37570
"[14713, 21500]",28813
"[14713, 21500]",83871
"[15090, 14656]",35641
"[16588, 15038]",37743
"[16588, 15038]",33575
"[16588, 15038]",33489
"[14296, 15034, 15038]",37743
"[14296, 15034, 15038]",37805
"[14184, 14296, 15038]",37743
"[14184, 14296, 15038]",37805
"[14954, 14964, 14251, 16972]",28465
"[14954, 14964, 14251, 16972]",36344
"[14954, 14964, 14251, 16972]",37647
"[14954, 14964, 14251, 16972]",35612
"[14954, 14964, 14251, 16972]",32844
"[14954, 14964, 14251, 16972]",98020
"[14954, 14964, 14251, 16972]",30402
"[14954, 14964, 14251, 16972]",37720
"[14954, 14955, 14275]",29173
"[14275, 14468]",29173
"[14969, 15781, 16667]",36187
"[14737, 14792, 14065]",33688
"[14186, 14802, 14737, 14792, 14793]",33688
"[16230, 15748]",35651
"[15036, 17992]",31477
"[15036, 17992]",36534
"[15036, 17992]",36498
"[17042, 19615]",29945
"[17042, 19615]",96152
"[17042, 19615]",33688
"[17042, 19615]",29646
"[16753, 20586]",33188
"[16510, 14802, 19603]",33688
"[14187, 19603]",33688
"[15092, 15413, 14758, 16028]",36691
"[14793, 19604]",33688
"[15101, 14954, 14604, 14975]",35612
"[15292, 14269]",33609
"[16226, 15363, 15671]",37647
"[16226, 15363, 15671]",33294
"[16226, 15363, 15671]",37397
"[16226, 15363, 15671]",38290
"[14023, 15666]",94889
"[15277, 14758]",29646
"[14320, 15367, 15240]",30494
"[14186, 14802, 14737, 14320]",33688
"[15836, 14297]",32785
"[15092, 15413, 14186, 14802, 14792]",33688
"[14371, 14413]",30661
"[14954, 20212, 16972]",28520
"[14954, 20212, 16972]",28813
"[14954, 20212, 16972]",30654
"[14954, 20212, 16972]",35982
"[14954, 20212, 16972]",33077
"[14954, 20212, 16972]",35650
"[14954, 20212, 16972]",83871
"[14954, 20212, 16972]",30494
"[14789, 14780, 15240]",28465
"[17360, 14954, 14964, 14251, 14738, 16972]",38011
"[17360, 14954, 14964, 14251, 16972]",38011
"[16510, 14736, 14190, 14231]",28849
"[14954, 14277]",35771
"[14954, 14277]",39751
"[17653, 14275]",36078
"[17653, 14275]",32529
"[17653, 14275]",36535
"[17653, 14275]",33520
"[17653, 14275]",28344
"[17653, 14275]",94892
"[17653, 14275]",33713
"[17653, 14275]",33708
"[17653, 14275]",36459
"[17653, 14275]",37427
"[15092, 14277, 14997]",36691
"[14186, 19604]",36050
"[14186, 19604]",29375
"[14186, 19604]",37554
"[14186, 19604]",37552
"[14186, 19604]",37567
"[14186, 19604]",36133
"[14186, 19604]",36606
"[14758, 19604]",36416
"[14758, 19604]",36951
"[16468, 14213, 15659]",36691
"[16468, 14213, 15659]",36194
"[16468, 14213, 15659]",94716
"[14449, 19615]",31116
"[14449, 19615]",33653
"[14449, 19615]",36678
"[14449, 19615]",36691
"[14449, 19615]",36881
"[14449, 19615]",28849
"[14449, 19615]",36959
"[14449, 19615, 17992]",31116
"[14449, 19615, 17992]",33653
"[14449, 19615, 17992]",36678
"[14449, 19615, 17992]",36691
"[14449, 19615, 17992]",36881
"[14449, 19615, 17992]",28849
"[14449, 19615, 17992]",36959
"[14969, 14379, 14399]",35761
"[14155, 14187]",33688
"[14251, 14975, 15206]",32520
"[15308, 21679]",27248
"[14882, 14247, 15547, 15600]",84022
"[14882, 14247, 15547, 15600]",39696
"[14882, 15547, 15600]",84022
"[15289, 14882, 15547, 15600]",84022
"[15289, 14882, 15547, 15600]",39696
"[14802, 14737, 14792, 19604]",33688
"[15596, 15230]",37668
"[15596, 15230]",97338
"[15596, 15230]",28429
"[15596, 15230]",32909
"[19615, 17992]",36621
"[16226, 14604, 14737, 14608]",35651
"[16226, 14604, 14737, 14608]",35884
"[14401, 15597]",83871
"[14244, 17152]",36784
"[16226, 15363]",95316
"[14953, 14969, 15781]",36035
"[14954, 14955, 14024]",35884
"[20336, 14758]",97313
"[20336, 14758]",37871
"[14186, 14604, 14737]",97313
"[14186, 14604, 14737]",36891
"[14186, 14604, 14737]",37871
"[14937, 17220]",38437
"[14793, 21763]",29945
"[14231, 16028]",37496
"[14231, 20336, 14975, 14794]",33054
"[14662, 14714, 15038]",37765
"[14792, 17356]",33688
"[15277, 14218]",83800
"[14793, 14411]",37305
"[14793, 14411]",84263
"[17605, 14411]",37305
"[17605, 14411]",84263
"[15176, 14411]",37305
"[15176, 14411]",84263
"[14792, 14411]",37305
"[14792, 14411]",84263
"[19604, 14411]",37305
"[19604, 14411]",84263
"[16226, 16753, 15681]",95316
"[16226, 16753]",95316
"[16753, 16230, 15681]",95316
"[16753, 16230]",95316
"[15101, 14286]",32505
"[14910, 15101]",32505
"[14241, 14244, 14322]",39825
"[14241, 14244, 14322]",37565
"[14736, 14758]",37017
"[14736, 14231, 14758]",36416
"[14954, 14275, 19614]",84130
"[14954, 14275, 19614]",37775
"[17351, 17355, 19614]",84130
"[17351, 17355, 19614]",37775
"[17351, 14737, 14793, 17355, 19614]",84130
"[17351, 14737, 14793, 17355, 19614]",37775
"[17351, 14793, 17355, 19614]",84130
"[17351, 14793, 17355, 19614]",37775
"[15425, 14250, 14980]",37785
"[17605, 14737]",35732
"[17605, 14737]",32623
"[17605, 14737]",36534
"[17605, 16510, 14737]",35732
"[17605, 16510, 14737]",32623
"[17605, 16510, 14737]",36534
"[17605, 16510]",35732
"[17605, 16510]",32623
"[17605, 16510]",36534
"[17605, 19604]",35732
"[17605, 19604]",32623
"[17605, 19604]",36534
"[14736, 14792]",29402
"[14186, 14758]",38386
"[14293, 15598]",36040
"[14293, 15598]",28208
"[17991, 21695]",35727
"[15413, 14186, 19604]",31477
"[14158, 14785, 14954]",98983
"[16545, 14320]",27202
"[14231, 14468]",32214
"[14231, 14468]",36078
"[14231, 14468]",35738
"[14231, 14468]",36824
"[14231, 14468]",36621
"[14231, 14468]",99652
"[14231, 14468]",29173
"[14231, 14468]",37273
"[14231, 14468]",36881
"[14231, 14468]",36480
"[14231, 14468]",36514
"[15413, 14186, 14194]",37983
"[15413, 14186, 14194]",36621
"[16226, 15654, 15681]",35650
"[16230, 15654, 15681]",35650
"[15413, 14758, 14793]",39153
"[14320, 19641, 15367, 19603]",30494
"[19641, 19603]",30494
"[16545, 15483]",36398
"[15077, 15597]",33077
"[15077, 15597]",35650
"[14154, 15774]",97553
"[20212, 16972, 21079]",28465
"[15849, 15450]",39828
"[15111, 14241]",39261
"[14940, 14241]",39261
"[14320, 15367, 19615]",30494
"[15367, 19615]",30494
"[14737, 14792, 19604]",35727
"[14030, 14309]",84014
"[14277, 14413]",36691
"[18959, 19604]",33643
"[18959, 19604]",35624
"[14910, 14882, 14309, 14445]",84022
"[14188, 15496]",37784
"[14663, 14954, 16972, 19604]",33653
"[14186, 14758, 14793]",38386
"[14736, 14793, 14516]",29945
"[17605, 14153, 14186]",36678
"[14187, 17356]",31116
"[15602, 15603, 19604]",35727
"[14154, 15089]",28206
"[16226, 14954, 14955, 14024, 14275, 15363, 14467]",35650
"[17991, 19603]",33172
"[17360, 14964, 14251, 14738, 16972]",35982
"[17360, 14964, 14251, 14738, 16972]",28813
"[17360, 14964, 14251, 14738, 16972]",94836
"[14954, 14964, 14251, 14738, 16972]",94836
"[14792, 19615]",36691
"[14198, 20502]",98651
"[14320, 19281, 15670]",30494
"[14737, 14792, 21498]",33688
"[15772, 14736]",33188
"[14719, 21616]",29646
"[15770, 16588, 14455]",28208
"[14737, 14792, 19604]",35738
"[14737, 14792, 19604]",37038
"[14503, 14604, 14269, 14275]",29161
"[14503, 14604, 14320]",94959
"[14503, 14194, 14604, 14320]",94959
"[16753, 16230, 19614]",33294
"[15413, 14186, 14467]",36959
"[15413, 14186, 14467]",35607
"[15413, 14186, 14467]",33045
"[15413, 14186, 14467]",36643
"[15474, 15659]",37334
"[14604, 14780, 15149, 14791, 15263]",32849
"[14789, 14604, 14780, 14791, 15263]",32849
"[17605, 14186, 14758, 14793]",38386
"[14186, 14604]",32257
"[17605, 14186, 14737, 21087]",36750
"[14297, 15352]",84131
"[14218, 20545]",37805
"[16496, 20161]",38024
"[14194, 20161]",38024
"[14186, 19604]",31107
"[15020, 19604]",28582
"[15020, 19604]",36078
"[18959, 19604]",31116
"[18959, 19604]",33688
"[15271, 14719, 21616]",29646
"[17583, 15101, 15982]",39820
"[15101, 15982]",39820
"[19615, 17992]",39751
"[19615, 17992]",33653
"[19615, 17992]",36512
"[14954, 14955, 14194, 14604, 20156]",38640
"[14186, 14737, 14792]",38640
"[16028, 15230]",35612
"[16588, 14408]",35966
"[14969, 15781]",31047
"[15654, 15671]",35982
"[15654, 15671]",37397
"[15654, 15671]",35650
"[16511, 16517]",29229
"[16511, 16517]",95733
"[14694, 14954, 14793]",36691
"[14186, 14792]",33672
"[14186, 14792]",36643
"[14954, 14269, 14273]",94775
"[16874, 14610]",94551
"[15292, 14154, 15774, 15459]",35565
"[15292, 14154, 15774, 15459]",35938
"[14371, 14401]",30661
"[14817, 14277, 14997]",37773
"[14817, 14277, 14997]",97426
"[14817, 14277, 14997]",37775
"[14817, 14277, 14997]",37774
"[14817, 14277, 14997]",95249
"[14817, 14277, 14997]",37655
"[14153, 19603]",32214
"[14980, 14291, 14995, 20445]",36048
"[14291, 14995, 20445]",36048
"[14980, 14291, 20445]",36048
"[14241, 14287]",29177
"[14846, 15599]",84263
"[14218, 14296]",37805
"[15774, 14241]",33563
"[15073, 15082, 15087, 15094, 14539, 14176, 14177, 14962, 15116, 14607, 14299]",83903
"[15073, 15082, 15087, 15094, 14539, 14176, 14177, 14962, 15116, 14607, 14299]",94658
"[15073, 15082, 15087, 15094, 14539, 14176, 14177, 14962, 15116, 14607, 14299]",36483
"[15073, 15082, 15087, 15094, 14539, 14176, 14177, 14962, 15116, 14607, 14299]",36693
"[15073, 15082, 15087, 15094, 14539, 14176, 14177, 14962, 15116, 14607, 14299]",36075
"[15073, 15082, 15087, 15094, 14539, 14176, 14177, 14962, 15116, 14607, 14299]",37710
"[15073, 15082, 15087, 15094, 14539, 14176, 14177, 14962, 15116, 14607, 14299]",83917
"[16753, 19641]",30494
"[17351, 15474, 15659]",36691
"[17351, 15659]",36691
"[15008, 15659]",36691
"[14186, 14802, 14737, 19614]",33688
"[14277, 15659]",97426
"[15413, 14793, 17893]",36078
"[16510, 15781, 19614]",35792
"[14297, 14690]",33658
"[14954, 16972]",35651
"[15893, 14954, 14955, 14024, 14604, 14275, 14914]",29993
"[14186, 19604]",31756
"[14969, 14399]",83824
"[14969, 14399]",33575
"[14969, 14399]",35764
"[15010, 15019]",36694
"[14244, 17152]",35669
"[14244, 14610]",35669
"[14793, 14449]",29375
"[14793, 14449]",35979
"[16226, 16510]",38640
"[16226, 16510]",37119
"[16226, 16510]",32514
"[16226, 16510]",98187
"[15413, 14737]",36867
"[15413, 14737]",31756
"[15413, 14737]",37006
"[15413, 14737]",28956
"[15413, 14737]",37411
"[20336, 19603]",35790
"[14789, 16495]",28465
"[14789, 16495]",33635
"[14213, 14412]",97426
"[14213, 14412]",37775
"[14213, 14412]",95249
"[16510, 14758]",32214
"[14765, 15654]",28520
"[17524, 14954, 14737, 14738]",37655
"[16226, 14954, 14955, 14030, 14275, 14411]",35884
"[14954, 14738]",28465
"[15602, 15603]",33688
"[16588, 14945]",29646
"[14320, 14612]",36078
"[14881, 15868]",31524
"[14969, 15781]",39269
"[15781, 14399]",39269
"[17351, 15474, 14462]",97426
"[17351, 15474, 14462]",84130
"[17351, 14462]",97426
"[17351, 14462]",84130
"[14275, 14608, 17893]",39751
"[14608, 17893]",39751
"[14955, 14231, 17893]",39751
"[14275, 17893]",39751
"[15781, 14399]",84270
"[14969, 15781]",84270
"[15419, 20418]",28714
"[15414, 15263]",28520
"[14411, 21500]",35982
"[14411, 21500]",37397
"[16285, 14954, 14964, 14975, 16972]",28921
"[14758, 17042]",32924
"[14758, 17042]",96152
"[14758, 17042]",36004
"[17112, 18102]",32319
"[14972, 15154]",35786
"[14972, 15154]",32214
"[17991, 19603]",30494
"[17991, 19603]",35970
"[16226, 14411]",32531
"[17351, 14719, 14954, 17355]",36194
"[17351, 14719, 14954, 17355]",36798
"[17351, 14719, 14954, 17355]",84130
"[17351, 14719, 14954, 17355]",94693
"[17351, 14719, 14954, 17355]",96469
"[17534, 17360, 14024, 14251, 14975]",35871
"[14940, 14963, 14241]",36187
"[14940, 14963]",36187
"[14955, 14737]",39297
"[14955, 14737]",83826
"[14955, 14737]",36986
"[14955, 14737]",35701
"[14955, 14737]",84149
"[14955, 14737]",32214
"[14955, 14737]",84148
"[14955, 14737]",84143
"[14955, 14737]",84147
"[14955, 14737]",84151
"[14955, 14737]",84152
"[14955, 14737]",33037
"[14955, 14737]",39154
"[14955, 14737]",98177
"[14955, 14737]",98176
"[14955, 14737]",98178
"[14955, 14737]",32261
"[14955, 14737]",98175
"[14955, 14737]",97262
"[15602, 15603]",39297
"[15602, 15603]",83826
"[15602, 15603]",36986
"[15602, 15603]",35701
"[15602, 15603]",84149
"[15602, 15603]",32214
"[15602, 15603]",84148
"[15602, 15603]",84143
"[15602, 15603]",84147
"[15602, 15603]",84151
"[15602, 15603]",84152
"[15602, 15603]",33037
"[15602, 15603]",39154
"[15602, 15603]",98177
"[15602, 15603]",98176
"[15602, 15603]",98178
"[15602, 15603]",32261
"[15602, 15603]",98175
"[15602, 15603]",97262
"[15413, 14713]",36512
"[14024, 14793, 14408]",35966
"[14954, 14275, 14793]",37655
"[14954, 16972]",35874
"[15420, 15781]",33572
"[15420, 15781]",28313
"[17832, 14328]",38720
"[14030, 16036]",36544
"[14185, 15125, 14980]",91614
"[14150, 14154, 14061, 14238, 14241, 14287, 15532]",39825
"[16229, 15363, 14411]",35982
"[16230, 14411]",37647
"[16572, 17351, 14817, 14277, 14997, 17355]",35771
"[15474, 14412]",35771
"[16226, 15413, 14736, 14320, 14411]",35884
"[16226, 14954]",29078
"[14719, 14954, 14792, 14401]",36691
"[15856, 14981]",94782
"[17584, 20161]",36265
"[14320, 15240]",30494
"[19604, 20905]",39746
"[16510, 21744]",32214
"[14276, 15480]",30491
"[14910, 14911]",32505
"[14286, 14309]",38047
"[14024, 15324]",39127
"[16226, 14955, 14604, 14737, 15149, 14608, 14320, 14411]",35650
"[15101, 15914]",94658
"[15101, 15914]",38242
"[14824, 16473]",37754
"[17495, 19604]",36959
"[14215, 14072]",36286
"[14662, 14714, 20253]",37743
"[14662, 14714, 20253]",37765
"[16226, 16753]",39127
"[16226, 16753]",97920
"[16226, 16753]",83844
"[17351, 14467]",84130
"[14954, 16972]",98604
"[15414, 21079]",28813
"[14934, 17360, 14964, 20212, 16972, 14868]",35982
"[14371, 16036]",30661
"[14141, 14144, 14153, 14192, 14956, 14234, 14979, 18277]",35641
"[19614, 20905]",36691
"[14192, 14610]",35915
"[15419, 20204]",35983
"[14802, 14737, 19604]",33688
"[14186, 14194, 15107, 14275]",36867
"[15271, 14186, 14190, 14194, 15107, 14275]",36867
"[15462, 15473, 14309]",97502
"[14786, 14291, 14995]",97502
"[15413, 14186, 21713]",36959
"[15413, 14186, 21713]",37619
"[15413, 14186, 17042]",36959
"[15413, 14186, 17042]",37619
"[14152, 14276]",37171
"[14217, 20339]",35790
"[14138, 14181]",37805
"[14160, 15056]",37805
"[17605, 17356]",33688
"[14945, 14736, 14758]",29646
"[20212, 19615, 17992]",30494
"[14161, 14223]",28313
"[14662, 14714]",35565
"[14737, 14792, 19616]",31477
"[14793, 19604]",36678
"[15077, 14320, 19641, 15367]",30494
"[16588, 15201]",33575
"[16588, 15201]",83885
"[14736, 14758, 15351]",28849
"[14736, 14758, 15351]",29945
"[15413, 14737, 14347]",29173
"[14954, 14964, 14975, 16972]",28465
"[14954, 14964, 14975, 16972]",35852
"[14954, 14964, 14975, 16972]",90237
"[14954, 14964, 14975, 16972]",33077
"[14954, 14964, 14975, 16972]",30494
"[14954, 14964, 14975, 16972]",38290
"[14954, 14964, 14975, 16972]",33294
"[14954, 14964, 14975, 16972]",39883
"[14954, 14964, 14975, 16972]",32531
"[14954, 14964, 14975, 16972]",36917
"[14954, 14964, 14975, 16972]",28969
"[14954, 14964, 14975, 16972]",98570
"[19603, 19548]",33653
"[17991, 17422, 19603]",33653
"[17889, 16036]",84229
"[14187, 14802]",84263
"[14190, 14739]",84263
"[14194, 16972, 14868]",35970
"[14881, 15868]",37731
"[14881, 15868]",36136
"[14881, 15868]",28149
"[14881, 15868]",35761
"[14881, 15868]",39697
"[17351, 14186, 14758, 17042]",29945
"[17351, 14186, 14758, 17042]",96152
"[17495, 16753, 20212]",30494
"[20339, 15468]",36138
"[14964, 14975]",33077
"[14964, 14975]",28813
"[14964, 14975]",84261
"[14964, 14975]",30039
"[14964, 14975]",39846
"[14964, 14975]",83871
"[14964, 14975]",27610
"[14964, 14975]",37390
"[16230, 19614, 15681]",35970
"[16226, 16230, 15681]",35970
"[16226, 19614, 15681]",35970
"[14185, 17347, 14545]",84173
"[15277, 14662]",97156
"[14602, 15469]",33567
"[16226, 16753, 19615]",35970
"[16226, 15363, 19615]",35970
"[14411, 19615]",35970
"[14604, 21763]",33688
"[16588, 14306]",27230
"[16510, 15036, 19615]",29173
"[16510, 15036, 19615]",29945
"[15036, 19615]",29173
"[15036, 19615]",29945
"[14758, 19604]",37655
"[14792, 19604]",37655
"[14980, 14291]",28140
"[19353, 15349]",39873
"[17398, 15284, 15563, 15662]",39873
"[15563, 15666]",39873
"[15781, 14379]",39873
"[16226, 14450]",32531
"[15856, 14544]",33593
"[15856, 14544]",28313
"[14297, 14298]",35761
"[16226, 15413, 14186, 14736, 14780, 14320, 15670]",35651
"[14186, 14737, 14758, 14792]",29402
"[14277, 15176]",36691
"[15277, 15597]",83871
"[16572, 16468, 14787, 15143, 16581]",35966
"[17991, 19604]",33653
"[16635, 14216, 14774, 14768]",35612
"[16635, 14216, 14774, 14768]",97053
"[16635, 14216, 14774, 14768]",33699
"[17112, 14954, 14738, 14713]",28813
"[14794, 19620]",35852
"[17042, 14462]",37619
"[17042, 14462]",28849
"[17042, 14462]",32531
"[17042, 21713]",37619
"[17042, 21713]",28849
"[17042, 21713]",32531
"[14980, 14318]",35530
"[14736, 14758, 19603]",29945
"[14945, 14231]",36701
"[15477, 14298]",29664
"[17351, 14758, 14793]",36691
"[14945, 15781]",29646
"[14969, 15781]",28208
"[14940, 14023]",32304
"[17112, 14954, 15414, 14738, 20212, 16972]",28465
"[17112, 14954, 15414, 14738, 20212, 16972]",28813
"[17112, 14954, 15414, 14738, 20212, 16972]",30654
"[15413, 14186, 14320, 16230]",35650
"[16588, 15093]",38928
"[15414, 14463]",28465
"[16226, 14719, 14954, 14955, 14024]",35884
"[14186, 14793]",36678
"[15893, 14963]",38024
"[16226, 14954, 14955, 14024, 14275, 20866]",35884
"[15419, 14230]",84079
"[14910, 14882, 14247, 14309, 15600]",84022
"[14910, 14882, 14247, 14309, 15600]",39696
"[14910, 14882, 14247, 14309, 14445]",84022
"[14910, 14882, 14247, 14309, 14445]",39696
"[15289, 14910, 14247, 14445]",84022
"[15289, 14910, 14247, 14445]",39696
"[15289, 14910, 14882, 15600]",84022
"[15289, 14910, 14882, 15600]",39696
"[14910, 14882, 14309, 15600, 14445]",84022
"[14910, 14882, 14309, 15600, 14445]",39696
"[16510, 14737, 14792]",31116
"[14786, 20442]",28374
"[14954, 14028, 14347]",29182
"[15781, 14309]",35966
"[14954, 15134, 16972, 14868]",28921
"[16226, 14780, 15363]",35884
"[14662, 20253]",33489
"[14783, 14785, 15104, 14215, 14963, 17422]",37785
"[14783, 14785, 15104, 14215, 14963, 17422]",37784
"[14186, 14737, 14793]",36050
"[14599, 17259]",33675
"[14153, 15413, 20215]",38386
"[20288, 16036]",35764
"[19615, 17992]",36906
"[14969, 14399]",39798
"[15474, 14462]",36691
"[14213, 14277, 14412]",36691
"[14186, 19603]",36678
"[17605, 19603]",36678
"[17584, 14194, 17422]",37784
"[14935, 14185, 14188, 17347, 14295, 20254]",37784
"[15769, 14347]",38388
"[14737, 14792, 19604]",31477
"[14190, 14320]",29229
"[16510, 14320]",29229
"[14277, 14758]",36691
"[16226, 15413, 14736]",35884
"[15092, 21763]",36691
"[14186, 14604, 19603]",33688
"[14954, 19604]",37655
"[15781, 14991]",39798
"[15101, 14184, 15455, 14972, 20336, 14274, 15914, 14299, 14992, 14317]",32214
"[14662, 14382, 14714]",83799
"[14662, 14382, 14714]",29646
"[14662, 14714, 15038]",29646
"[14188, 14604]",33635
"[14188, 14604]",28520
"[14188, 14604]",28465
"[15840, 15104, 21787]",35871
"[15419, 15450, 15872]",36448
"[15419, 15450, 15872]",36007
"[15419, 15450, 15872]",36198
"[15111, 14963]",35465
"[14963, 14244]",35465
"[14024, 14320]",36691
"[14024, 14320]",35966
"[14186, 19604]",36678
"[16592, 14969]",83824
"[19615, 14471]",28849
"[19615, 14471]",36512
"[19615, 14471]",37619
"[14190, 14737]",36678
"[14924, 15574]",99652
"[14997, 19604, 14462]",33688
"[14997, 19604, 14462]",36691
"[19604, 14462]",36691
"[15613, 15659]",33188
"[15613, 15659]",35612
"[20212, 14320, 15578, 15670]",30494
"[14758, 14413]",36538
"[14793, 21763]",33688
"[15572, 15020]",94757
"[15572, 15020]",84261
"[15572, 15020]",99572
"[15893, 14954, 14604, 14737]",37421
"[14610, 15542]",94658
"[15077, 15671]",35970
"[15893, 14954, 14604, 14737, 20212, 14868]",36804
"[14186, 14802, 19604]",36621
"[14186, 14802, 14793]",37311
"[19615, 17992]",35966
"[17042, 15377]",33688
"[15377, 17718]",33688
"[14944, 14298]",36035
"[14944, 14298]",33658
"[16468, 14024, 14376]",35966
"[14977, 14320]",99032
"[15596, 15599, 17356]",33688
"[15596, 15599, 17356]",36867
"[15596, 15599, 17356]",83865
"[17042, 15584]",33641
"[15154, 17128]",83826
"[14954, 14955, 14024, 14604, 15315, 14275]",29993
"[14954, 14955, 14024, 15315]",29993
"[14738, 16972, 15363]",35852
"[14738, 16972, 15363]",28465
"[14738, 16972, 15363]",39580
"[14934, 14194, 14251, 15536]",32520
"[16753, 14320, 15206, 19281]",30494
"[14937, 14413]",30661
"[14881, 15321]",33605
"[15092, 14277]",36691
"[14686, 14277]",30756
"[16510, 15377]",33688
"[14975, 17903]",28552
"[14320, 15367, 20158, 19615]",30494
"[20158, 19615]",30494
"[15414, 14113]",28465
"[15414, 14113]",28813
"[14113, 20158]",28465
"[14113, 20158]",28813
"[15413, 14186, 14737, 19614]",36867
"[15413, 14186, 14737]",36867
"[14024, 14376, 15365]",97007
"[14024, 14964]",33400
"[14954, 14955, 14024, 14275, 20866]",84107
"[15414, 19615]",37775
"[19604, 15230]",33643
"[15176, 15230]",33643
"[14275, 14608]",36078
"[20336, 15481, 15659]",36710
"[14231, 15036]",36710
"[14737, 19491]",36710
"[14320, 15176, 15659]",36710
"[15176, 15388]",36710
"[14954, 19603]",36710
"[15176, 15659]",36710
"[15427, 14185, 18313, 20207, 14545]",99989
"[15427, 14185, 18313, 20207, 14545]",37787
"[14024, 14794, 14411]",35852
"[15414, 19604]",36197
"[15414, 19604]",35727
"[14765, 14405, 19604]",33653
"[15479, 16036]",37617
"[15413, 14737]",37655
"[19615, 21503]",36937
"[19615, 21503]",28455
"[19615, 17992]",36937
"[19615, 17992]",28455
"[19615, 17992]",33686
"[19615, 17992]",36634
"[19615, 17992]",29646
"[19615, 17992]",33045
"[19615, 17992]",36232
"[14940, 17152]",33598
"[14838, 14558, 14244, 17152]",33598
"[17605, 14467]",36678
"[14284, 15822]",31144
"[14792, 21741]",36691
"[14792, 21741]",35737
"[14792, 21741]",37775
"[14167, 15273, 16991]",37171
"[14167, 15273, 16991]",36322
"[14167, 15273, 16991]",37844
"[15277, 15281]",33653
"[15277, 15281]",33643
"[15414, 15030]",33635
"[16510, 17991, 19603]",36712
"[15292, 15774]",36075
"[14663, 14954, 16972]",33643
"[20336, 14758, 19027]",37475
"[20336, 14758, 19027]",32263
"[20336, 14758, 19027]",97338
"[20336, 14758, 19027]",84035
"[20336, 14758, 19027]",28426
"[20336, 14758, 19027]",36514
"[20336, 14758, 19027]",37491
"[20336, 14758, 19027]",32267
"[20336, 14758, 19027]",83935
"[20336, 14758, 19027]",99907
"[20336, 14758, 19027]",99579
"[20336, 14758, 19027]",32197
"[20336, 14758, 19027]",27660
"[20336, 14758, 19027]",32433
"[20336, 14758, 19027]",32875
"[14218, 15846]",37805
"[15846, 14484]",37805
"[14320, 15240, 15670]",30494
"[17991, 19603]",36691
"[17360, 14954, 14964, 14251, 16972]",36344
"[17360, 14954, 14964, 14251, 16972]",28969
"[17360, 14954, 14964, 14251, 16972]",27859
"[15781, 15010]",39414
"[15781, 15010]",35761
"[15781, 15010]",35670
"[15781, 15010]",35766
"[14969, 15781]",39414
"[14969, 15781]",35670
"[16226, 14320, 15354]",83934
"[14789, 14780, 15149, 16495]",28465
"[14806, 14321]",28547
"[14737, 14792, 19604]",36534
"[14737, 14792, 19604]",36170
"[14737, 14792, 19604]",35732
"[16510, 14413]",33643
"[16510, 14413]",36541
"[16510, 14413]",33688
"[16510, 14413]",36665
"[14604, 14738, 15363]",35650
"[14216, 15781]",37659
"[14194, 14251]",29078
"[14954, 15346]",36514
"[17583, 17584, 17883, 15563]",32325
"[16510, 15107]",36713
"[14024, 15025]",99947
"[15414, 19604]",28465
"[17991, 19603]",95114
"[14719, 14954, 14190, 14793]",36691
"[14719, 14954, 14758, 14793]",36691
"[15654, 19614]",35982
"[15654, 19614]",83868
"[15654, 19614]",37397
"[14152, 14944, 14691, 16690]",36035
"[14152, 14944, 16690]",36035
"[14269, 14546]",37768
"[14546, 14320]",37768
"[15292, 15111]",33558
"[14604, 14780, 15149, 14791]",94812
"[14272, 14034]",33675
"[17584, 14194]",37784
"[14196, 14216]",29081
"[14196, 14216]",84034
"[14881, 20641]",38281
"[14177, 14968, 15126]",28547
"[17991, 19603]",35727
"[14663, 14954, 16972]",37809
"[14663, 14954, 16972]",94981
"[14663, 14954, 16972]",35605
"[14663, 14954, 16972]",35776
"[14663, 14954, 16972]",36270
"[15602, 15603, 19604]",33653
"[14738, 16972]",37135
"[14738, 16972]",94959
"[15413, 14737, 19027]",35616
"[15084, 14545]",35873
"[15084, 14545]",84071
"[14604, 14737]",99947
"[14541, 14971]",31395
"[14541, 14971]",37604
"[17885, 19603]",36004
"[15416, 14287]",38512
"[15416, 14287]",37754
"[17885, 19603]",96152
"[14969, 14379, 14399, 16667]",33618
"[17991, 19603]",96355
"[15774, 14709]",36075
"[16285, 14934, 17360, 14154, 14171, 14194, 14964, 14251, 14975, 14269, 20212, 16972, 14607, 17883, 14868]",28921
"[16285, 14934, 17360, 14154, 14171, 14194, 14964, 14251, 14975, 14269, 20212, 16972, 14607, 17883, 14868]",32520
"[15413, 14186]",36875
"[14604, 21763]",31477
"[14954, 16972]",29402
"[14954, 16972]",31756
"[14954, 16972]",36634
"[14817, 15176, 14412]",37775
"[14817, 15176, 14412]",97426
"[16226, 15429, 14719, 14954, 14024]",35884
"[16226, 15429, 14719, 14954, 14024, 20278]",35884
"[15429, 14719, 14954, 14024]",35884
"[15429, 14719, 14954, 14024, 20278]",35884
"[14736, 14758]",96152
"[14736, 14758, 19603]",96152
"[14736, 14758, 19603]",29402
"[17991, 19603]",29945
"[17991, 19603]",96152
"[17991, 19603]",29402
"[14159, 14269, 15479]",96932
"[14758, 19614]",84263
"[17434, 20418, 14320]",36026
"[16510, 19603, 15057]",37002
"[16510, 19603, 15057]",31477
"[16510, 19603, 15057]",36534
"[16510, 19603]",37002
"[16510, 19603]",31477
"[16510, 19603]",36534
"[14194, 14399]",29078
"[15077, 16753, 14320, 20158]",30494
"[15344, 21700]",35970
"[14691, 14276]",36040
"[16510, 14765, 19614]",28849
"[14954, 14275, 14792, 15597]",94693
"[14954, 16972]",37311
"[15077, 14251]",28465
"[15077, 14251]",35982
"[15077, 14251]",30039
"[15077, 14251]",35884
"[15077, 14251]",33294
"[15077, 14251]",32520
"[15077, 14251]",32531
"[15077, 14251]",38290
"[15077, 14251]",28813
"[15077, 14251]",83871
"[15077, 14251]",37570
"[15077, 14251]",37397
"[16230, 15654]",33294
"[17584, 17422]",37785
"[15781, 15679]",33598
"[15781, 15679]",27859
"[15781, 15679]",35638
"[14719, 14954, 14190]",36798
"[14719, 14954, 14190]",96469
"[14719, 14954, 14190]",37512
"[14719, 14954, 14190]",94693
"[15299, 20157, 14279]",37830
"[14150, 14241]",33593
"[14503, 16226, 15429, 14955, 14194, 14207, 14604, 14780, 14320]",35852
"[14503, 16226, 15429, 14955, 14194, 14207, 14604, 14780, 14320]",35867
"[14503, 16226, 15429, 14954, 14955, 14194, 14789, 14604, 14780, 14764, 14320]",35852
"[14503, 16226, 15429, 14954, 14955, 14194, 14789, 14604, 14780, 14764, 14320]",35867
"[14503, 16226, 15429, 14954, 14194, 14030, 14780, 14275, 14320, 14919]",35852
"[14503, 16226, 15429, 14954, 14194, 14030, 14780, 14275, 14320, 14919]",35867
"[14503, 16226, 15429, 14954, 14194, 14030, 14780, 14275, 14919]",35852
"[14503, 16226, 15429, 14954, 14194, 14030, 14780, 14275, 14919]",35867
"[14780, 16972, 15149, 14919]",35852
"[14780, 16972, 15149, 14919]",35867
"[14186, 15036]",36678
"[15036, 19615]",36678
"[16036, 15891]",33575
"[16036, 15891]",36214
"[16036, 15891]",37564
"[16036, 15891]",27348
"[16036, 15891]",33564
"[16036, 15891]",35431
"[14158, 14287]",28861
"[15425, 15462, 14309]",33601
"[15413, 15101, 14186]",31756
"[16226, 14954, 14955, 14030, 14275, 15698]",35970
"[16226, 14954, 14955, 14030, 14275, 15698]",35884
"[16226, 14954, 14955, 14030, 14275, 15698]",33294
"[14154, 14287]",38899
"[14154, 14287]",95682
"[14780, 14299]",28465
"[14251, 14975, 21500]",32520
"[14606, 14320, 19281]",30494
"[14937, 14971]",38436
"[19614, 21695]",28465
"[17040, 15036]",99947
"[17040, 15036]",97007
"[17040, 15036]",37986
"[15474, 14817, 14277, 14997, 14412]",37775
"[14628, 14954, 14955, 14194, 14030, 14780, 14275, 14764, 14320, 14514]",33621
"[14628, 14954, 14955, 14194, 14030, 14780, 14764, 14320, 14514]",33621
"[14628, 14954, 14955, 14194, 14207, 14789, 14030, 14780, 14275, 14764, 16972, 14320, 14514]",33621
"[16545, 16065]",27202
"[17524, 14186, 14604, 14780, 20212, 14320, 16230]",32531
"[14186, 14412]",36540
"[14186, 14412]",28849
"[14186, 14412]",36050
"[14186, 14412]",31756
"[14186, 14412]",31477
"[14737, 14412]",36540
"[14737, 14412]",28849
"[14737, 14412]",36050
"[14737, 14412]",31756
"[14737, 14412]",31477
"[15042, 14443]",37805
"[16510, 20336]",39691
"[19615, 21745]",33688
"[19615, 21745]",36240
"[16226, 16753, 15240]",35651
"[16226, 16753, 15240]",35970
"[14320, 19281, 15654]",30494
"[14186, 14802, 14737]",36621
"[20402, 14910, 14267, 14286, 14309]",39696
"[17351, 14186, 14758, 19604]",29945
"[19604, 15243, 15391]",33653
"[15077, 14320, 14411]",30494
"[16753, 14320, 19603]",37616
"[14954, 16972]",29646
"[16753, 14320, 19604]",30494
"[16468, 14277, 14412]",36691
"[16468, 14277, 14412]",37334
"[14963, 14241, 14610]",35966
"[19604, 20905]",33672
"[19604, 20905]",33697
"[19604, 20905]",33700
"[19604, 20905]",36812
"[19604, 20905]",36854
"[19604, 20905]",35785
"[19604, 20905]",36643
"[19604, 20905]",35777
"[19604, 20905]",35833
"[19604, 20905]",35835
"[19604, 20905]",36612
"[17351, 14719, 14954, 14793, 17355]",36691
"[14277, 15143]",36691
"[15876, 14024, 14764]",37785
"[15243, 15391]",35727
"[14297, 14399]",35680
"[14758, 15599]",36416
"[16226, 16753, 14954, 14955, 14024, 14604, 14275]",33071
"[16226, 16753, 14954, 14955, 14024, 14604, 14275]",35651
"[14019, 14030]",37633
"[14019, 14030]",97225
"[14995, 15019]",97053
"[14604, 14320]",29161
"[16572, 16468, 14213]",36691
"[14758, 15230]",37619
"[14758, 15230]",36691
"[14758, 15230]",95250
"[14758, 15230]",36001
"[14758, 15230]",36195
"[14758, 15230]",39748
"[14758, 15230]",39838
"[14758, 15230]",35978
"[14758, 15230]",36506
"[14758, 15230]",35964
"[20905, 19616]",35732
"[20905, 19616]",37002
"[20905, 19616]",36534
"[15840, 15602, 15603]",33653
"[15176, 15230]",28640
"[14737, 14792]",32541
"[16753, 14320, 15240]",37616
"[14194, 14738, 16972]",33634
"[14194, 14738, 16972]",28520
"[14194, 14738, 16972]",28813
"[14194, 14738, 16972]",83871
"[14194, 14738, 16972]",35970
"[14194, 14738, 16972]",30494
"[14194, 14738, 16972]",32213
"[14503, 14954, 14955, 14024, 14275]",35970
"[14503, 15413, 14736, 14320]",35970
"[14787, 14408]",35966
"[17991, 19603]",36050
"[14736, 14190, 14231]",36512
"[15413, 14758]",36757
"[14024, 14269]",37785
"[17991, 19603]",36001
"[17991, 19603]",36514
"[17991, 19603]",36195
"[16588, 20518]",28208
"[14954, 16972]",35852
"[18695, 14969]",83812
"[20336, 15002]",32214
"[14963, 17152]",97810
"[15111, 17152]",97810
"[14792, 14408]",36691
"[16510, 14155]",33688
"[14878, 20227, 20263, 20215]",35871
"[14736, 14737, 14758, 14792, 14793]",29945
"[14736, 14758, 14793]",29945
"[14737, 14792]",29945
"[14154, 19603]",35966
"[14194, 20336]",36425
"[14792, 17042]",36000
"[14158, 14408]",97007
"[14758, 15230]",36416
"[14758, 15230]",36757
"[14216, 14341]",33575
"[15510, 15822]",31144
"[15284, 14791]",37722
"[17605, 19616]",36678
"[14954, 14275, 14792]",37655
"[14954, 14275, 14792]",35771
"[19615, 17992]",35612
"[17991, 19603]",94668
"[14597, 14273, 14338]",36132
"[14597, 14273, 14338]",32986
"[14597, 14273, 14338]",32987
"[14597, 14273, 14338]",94779
"[16572, 16468, 14277, 15659]",36691
"[15414, 15654]",28813
"[14997, 14412]",36194
"[14997, 14412]",36691
"[14216, 14265, 14341, 15800]",33618
"[14802, 14737, 14792, 19027, 19603]",33688
"[14963, 14244]",39532
"[14186, 14802, 14604]",33688
"[15474, 14817, 14277, 14997, 17355]",84130
"[15474, 14817, 14277, 14997, 17355]",97426
"[17351, 15474, 14817, 14277, 14997, 17355, 14412]",84130
"[17351, 15474, 14817, 14277, 14997, 17355, 14412]",97426
"[14030, 14273]",94775
"[14411, 15654]",35982
"[14954, 16972, 15363]",35982
"[14158, 14785, 14954]",35771
"[14158, 14785, 14954]",94716
"[14158, 14785, 14954]",37655
"[15413, 14736, 15363]",35884
"[14937, 14371]",30661
"[16226, 14954, 14955, 14024, 14275, 14713]",35884
"[15077, 14954, 14320, 20158]",30494
"[14320, 15680]",30494
"[20502, 14711]",83916
"[15312, 17422]",37784
"[14400, 15045]",28714
"[15414, 19616]",39007
"[15092, 14954, 14758]",36691
"[14251, 17422]",37785
"[14794, 15377]",33688
"[15414, 14713]",28465
"[19603, 19283]",33688
"[21499, 19603]",33688
"[14024, 18230]",27692
"[15087, 14299]",84019
"[15770, 14551]",28208
"[15501, 14551]",28208
"[14954, 14737, 14275, 14792, 14713, 19604]",35737
"[14954, 14737, 14275, 14792, 14713, 19604]",37773
"[14954, 14737, 14275, 14792, 14713, 19604]",97426
"[14954, 14737, 14275, 14792, 14713, 19604]",37775
"[14954, 14737, 14275, 14792, 14713, 19604]",36772
"[14954, 14737, 14275, 14792, 14713, 19604]",37774
"[14954, 14737, 14275, 14792, 14713, 19604]",95249
"[14954, 14737, 14275, 14792, 14713, 19604]",37655
"[14954, 14275, 14792, 14713, 19604]",35737
"[14954, 14275, 14792, 14713, 19604]",37773
"[14954, 14275, 14792, 14713, 19604]",97426
"[14954, 14275, 14792, 14713, 19604]",37775
"[14954, 14275, 14792, 14713, 19604]",36772
"[14954, 14275, 14792, 14713, 19604]",37774
"[14954, 14275, 14792, 14713, 19604]",95249
"[14954, 14275, 14792, 14713, 19604]",37655
"[15413, 14713]",36766
"[15413, 14713]",36540
"[14662, 20253]",29646
"[14024, 14411]",32520
"[17991, 19603]",36937
"[15002, 15205]",36937
"[17112, 14024, 15025]",97007
"[15179, 15536, 15846]",37805
"[14274, 15179, 15846]",37805
"[14274, 15536, 15846]",37805
"[14945, 15101]",29646
"[16230, 15033]",32213
"[15481, 19604]",29173
"[16753, 19604]",37496
"[16753, 19604]",33688
"[14954, 19615]",28849
"[14954, 19615]",31477
"[14954, 19615]",36102
"[14663, 19604]",36906
"[14186, 14802, 15391]",31116
"[14606, 14320]",33591
"[16588, 14320]",30494
"[15836, 14298]",38928
"[16753, 14320, 19641, 19281]",30494
"[14719, 21616]",95491
"[16226, 15363, 14450]",32531
"[15770, 15201]",35761
"[15302, 15450, 14844]",37835
"[14260, 14287]",39702
"[15077, 14320, 20158]",30494
"[20336, 14456]",32214
"[17991, 19603]",95056
"[17991, 19603]",36925
"[14954, 14275, 14792]",32617
"[14954, 14737, 14275, 14792]",32617
"[15413, 14737]",35771
"[15481, 21763]",29173
"[14186, 14802]",35686
"[14328, 15201]",28208
"[14964, 14269]",38388
"[15413, 14758]",36766
"[16510, 19614]",28849
"[15072, 19604]",33045
"[14216, 15781]",33618
"[14216, 15781]",35670
"[17991, 19603]",33643
"[14694, 16226, 16753, 14186, 14737, 14780, 14320]",35884
"[14694, 16226, 16753, 14186, 14737, 14780, 14320]",32531
"[14694, 16226, 16753, 14186, 14737, 14780, 14320]",90237
"[14694, 16226, 16753, 14186, 14737, 14780, 14320]",38290
"[14969, 14991]",33598
"[14969, 14991]",39798
"[14969, 14991]",28208
"[14784, 14217]",38035
"[14737, 14793]",99947
"[14737, 14793]",97007
"[14186, 14190, 14793]",37566
"[14186, 14190, 14793]",98577
"[15429, 14719, 14954, 14024, 14604, 20866]",37135
"[16230, 15654]",35884
"[15413, 14186, 19614]",31756
"[15413, 14186, 19614]",96606
"[15413, 14186, 19614]",36867
"[16226, 14964]",36836
"[15413, 14186, 17353]",36959
"[16753, 15654]",35651
"[16753, 15654]",33294
"[16753, 15654]",95316
"[16753, 15654]",38290
"[14737, 15240]",37655
"[15414, 15654]",28465
"[14954, 14024, 14273]",38961
"[14213, 14817, 14277, 14997]",36691
"[14713, 19604]",39007
"[14954, 15363]",35852
"[14954, 15363]",28520
"[14954, 15363]",28813
"[14954, 15363]",35650
"[14954, 15363]",33077
"[14954, 15363]",33294
"[14954, 15363]",38290
"[14954, 15363]",36953
"[14954, 15363]",32531
"[14954, 15363]",96512
"[14954, 15363]",90237
"[14954, 15363]",84276
"[14186, 14190, 14793, 19615]",36050
"[19615, 17992]",97426
"[19615, 17992]",84094
"[14737, 14792, 19604]",29402
"[15092, 15413, 14186, 14802, 14737, 14792, 14793]",33688
"[19604, 21695]",99947
"[19604, 21695]",33688
"[14275, 20801]",36194
"[14275, 20801]",99367
"[16588, 15822]",33593
"[14320, 15654]",27710
"[15477, 14690]",33658
"[15477, 14690]",35953
"[14935, 14299]",32601
"[14935, 14299]",37852
"[14186, 14793]",32924
"[16226, 16753, 14954, 14955, 14024, 14275, 19615]",35884
"[16226, 14954, 14955, 14024, 14275, 19615]",35884
"[17991, 19603]",36750
"[14297, 20162]",36604
"[20227, 20263]",35871
"[20227, 20263]",35760
"[15077, 16753, 14186, 14954, 14604, 14275, 14606, 20212, 14320, 19281, 20158]",30494
"[14662, 15038, 15043]",37743
"[15107, 15315, 14275, 19603]",29993
"[17351, 15092, 15413, 14186, 14758]",36691
"[19604, 15230]",29646
"[14215, 15312]",36286
"[14328, 15201]",36242
"[19615, 17992]",84263
"[16468, 15474, 14277, 14412]",36691
"[16468, 15474, 14277, 14412]",37334
"[15413, 14758]",37619
"[14963, 16874, 14241, 14244]",83916
"[15466, 20336]",36699
"[15292, 14154, 14182, 14320, 15178]",36221
"[14024, 14376, 15036]",99947
"[14024, 14376, 15036]",36683
"[14024, 14376, 15036]",97007
"[14024, 14376]",36683
"[14153, 14709]",38038
"[17351, 14719, 14954, 14793]",84130
"[15176, 21719]",36514
"[19615, 17992]",30827
"[19615, 17992]",36888
"[19615, 17992]",35738
"[14408, 19614]",99947
"[20212, 16972]",28465
"[20212, 16972]",29893
"[20212, 16972]",35746
"[20212, 16972]",35457
"[15077, 14780, 16972]",32531
"[14186, 14275]",37170
"[14186, 14955, 14190, 14737, 14275]",37170
"[14186, 14955, 14190, 14737, 14275]",29646
"[14186, 14955, 14231, 14604, 14737, 14275]",37170
"[14186, 14955, 14231, 14604, 14737, 14275]",29646
"[14945, 15413, 14186, 14736, 14275]",37170
"[14945, 15413, 14186, 14736, 14275]",29646
"[14792, 19604]",94716
"[20336, 19604]",32214
"[14954, 14269]",94687
"[16226, 14954, 14955, 14024, 14604, 14275]",35884
"[14713, 19615]",36050
"[14178, 14952]",39750
"[14178, 14952]",37565
"[14154, 14287]",28861
"[15315, 14275]",33355
"[14802, 15572]",33688
"[14802, 15572]",36621
"[14802, 15572]",31756
"[14802, 15572]",31477
"[14802, 15572]",37002
"[14802, 15572]",32061
"[14802, 15572]",35919
"[14802, 15572]",31107
"[20158, 19614]",33688
"[14320, 15367, 19603]",30494
"[18610, 19614]",97007
"[16510, 19614, 20905]",37619
"[16510, 19614, 20905]",37600
"[19604, 15036]",36691
"[14934, 15354]",36344
"[15101, 17991, 19603]",36578
"[17991, 19603]",36578
"[15129, 15602, 15603]",33653
"[14736, 14758]",29646
"[15413, 14186, 21713]",33045
"[15413, 14186, 21713]",35607
"[15413, 14186, 21713]",35650
"[14954, 19604]",37619
"[14954, 19604]",31477
"[14954, 19604]",32623
"[14954, 19604]",36534
"[14963, 14241]",35624
"[15419, 15302]",35573
"[14954, 14964, 14251]",35874
"[14918, 15868]",33618
"[15893, 15107, 15315, 14275, 19603]",33077
"[15002, 19616]",36937
"[15002, 19616]",37247
"[15002, 19616]",36906
"[14719, 14954, 14737, 14275, 14792]",37655
"[14945, 14347]",29646
"[16510, 14737, 14792, 19614]",31477
"[16510, 14737, 14792, 19614]",36534
"[16510, 14737, 14792, 19614]",36498
"[15413, 14802, 14793, 19603]",33688
"[15413, 14802, 14793, 19603]",35686
"[15413, 14802, 14793, 19603]",31116
"[15413, 14802, 14793, 19603]",37311
"[15413, 14802, 14793]",35686
"[15413, 14802, 14793]",31116
"[15413, 14802, 14793]",37311
"[14963, 14610]",36221
"[14794, 21095]",33715
"[14794, 21095]",32050
"[14794, 21095]",27964
"[14150, 15292, 14154, 15774, 14244, 17152, 14977, 14320, 14322]",95554
"[14150, 14154, 15774, 14244, 17152, 14977, 14320, 14322]",94551
"[14587, 14980, 17347]",36538
"[14587, 14980, 17347]",36095
"[14587, 14980, 17347]",28158
"[14980, 17347]",36538
"[14980, 17347]",36095
"[14980, 17347]",28158
"[14275, 15670]",36078
"[17351, 14708]",84263
"[16572, 15143, 14793, 14376]",35966
"[14995, 15025]",35966
"[14995, 14793]",35966
"[17112, 14780, 21680]",28465
"[15413, 14186, 19615, 17992]",33686
"[14168, 14338]",84331
"[14954, 16972]",37924
"[14954, 16972]",37992
"[14954, 16972]",94959
"[14954, 16972]",84107
"[15477, 14297, 14690]",33658
"[15413, 14467]",35649
"[14059, 14060]",36469
"[16962, 14231]",28849
"[15292, 14019]",96956
"[14154, 14182, 14287]",36045
"[14154, 14182]",36045
"[14275, 19604]",36078
"[14737, 14792, 15659]",31477
"[14737, 14792, 15659]",36534
"[14737, 14792, 15659]",37002
"[14604, 14737, 15481]",29173
"[14936, 14167, 14291]",28983
"[15419, 14167, 14291]",28983
"[14127, 14318]",39692
"[14954, 14604, 14737, 20212, 14868]",30835
"[14828, 14027]",38957
"[14154, 14241]",36075
"[14963, 14241]",35565
"[14241, 14244]",35565
"[14954, 14194]",36748
"[14225, 18123]",36187
"[14225, 18123]",94980
"[16226, 14604, 14737, 14608, 15654]",35884
"[14412, 14456]",39750
"[14412, 14456]",37496
"[15176, 14456]",39750
"[15176, 14456]",37496
"[15602, 14456]",39750
"[15602, 14456]",37496
"[14194, 14251, 14297]",28465
"[14606, 15597]",83871
"[14780, 15654]",28465
"[14793, 16578]",97007
"[15176, 15659]",36514
"[16753, 14954]",30494
"[17991, 19603]",36197
"[16588, 14187]",35979
"[15413, 14186, 14604, 14608, 14320, 14514]",84107
"[17524, 14604, 14780, 20212, 19620]",35884
"[17407, 16687]",35761
"[17407, 16687]",35764
"[17728, 14190, 14758]",36881
"[14190, 14758]",36881
"[14612, 19616]",99174
"[14298, 15201]",28208
"[14298, 15201]",33658
"[14187, 15602]",35686
"[14187, 15602]",31116
"[15413, 14186, 14737]",37053
"[19615, 17992]",37070
"[14162, 14944, 14215]",37800
"[14758, 17353]",39750
"[16962, 14792]",29945
"[16962, 14792]",96152
"[14251, 15019]",97053
"[14934, 15019]",97053
"[14154, 15101, 14963, 14241, 14709]",36691
"[14154, 15101, 14963, 14241, 14709]",36194
"[14792, 15602]",32622
"[15602, 15613]",33688
"[14309, 14318]",36442
"[16588, 17936]",28208
"[14954, 16972]",35966
"[14280, 15201]",36035
"[14280, 15201]",28208
"[14280, 15201]",33593
"[14267, 15494]",37753
"[14267, 15494]",36241
"[14160, 14267]",37753
"[14160, 14267]",37805
"[14160, 14267]",32505
"[14160, 14267]",36241
"[15602, 15603]",30494
"[15111, 14244]",30491
"[14954, 19604]",33653
"[15414, 15018]",28465
"[15414, 15018]",28813
"[15414, 15018]",95114
"[14186, 15107]",33688
"[16510, 15539]",35732
"[16510, 15539]",36534
"[16510, 15539]",32623
"[14758, 17353]",36959
"[14793, 15670]",33688
"[17991, 19603]",38386
"[14793, 15025]",35963
"[14793, 15025]",99947
"[15413, 14186, 19603]",33686
"[17991, 19603]",33686
"[15866, 14610]",94658
"[15077, 14954]",98344
"[17991, 19603]",36512
"[14954, 16972]",37647
"[14186, 14190, 15316, 15134, 14607, 14792, 14320, 19603]",39613
"[14954, 15481, 15054, 17774]",33188
"[14196, 14275]",36078
"[14187, 14802]",36959
"[14269, 14297]",33658
"[14154, 14287]",28831
"[14154, 14287]",31533
"[14154, 14287]",33013
"[14154, 14287]",97482
"[14736, 14758]",33686
"[14736, 14758]",33045
"[14736, 14758]",36232
"[14935, 15456]",38087
"[14935, 15456]",35974
"[14935, 15456]",95007
"[17351, 14792]",94716
"[17351, 14792]",36194
"[15840, 14713]",28465
"[15840, 14713]",28813
"[16753, 15891, 16230]",83868
"[14758, 21763]",29646
"[15176, 15659]",36078
"[15425, 14332]",33609
"[19603, 19604, 19614]",37305
"[19603, 19614]",37305
"[15425, 15461]",39208
"[16510, 14737, 14792, 19603]",33688
"[14955, 14194, 14764, 14320]",35852
"[14969, 15781, 14399]",35953
"[14969, 14399]",35953
"[15848, 14182, 14709]",37845
"[15848, 14182, 14709]",84192
"[15848, 14709]",37845
"[15848, 14709]",84192
"[17360, 14954, 14964, 14975, 16972]",28921
"[14198, 15321]",94551
"[20336, 14277]",35790
"[14155, 15377]",33688
"[17524, 14954, 14604]",35650
"[17524, 14954, 14604]",33077
"[17524, 14604, 14780, 20212]",33077
"[17351, 14792, 17355, 19614]",84130
"[17893, 19604]",36078
"[14737, 14792, 19604]",37002
"[16588, 15536]",36242
"[16588, 15536]",37805
"[20401, 14876]",38998
"[20401, 18216]",38998
"[16063, 15148]",38957
"[14945, 14412]",39007
"[14945, 14412]",96747
"[15856, 14544]",28208
"[14802, 14737]",36854
"[14802, 14737]",35785
"[14802, 14737]",35833
"[14802, 14737]",35553
"[14802, 14737]",33672
"[14802, 14737]",33700
"[14802, 14737]",35610
"[17351, 15563, 17355]",36691
"[14231, 14792, 19604]",35630
"[16226, 14411, 15654]",95316
"[19603, 20597]",33643
"[14612, 17991, 19603]",36078
"[16874, 20667]",35964
"[16874, 20667]",31756
"[16874, 16067, 14861]",35964
"[16874, 16067, 14861]",31756
"[14231, 20336, 15205]",36540
"[14231, 20336, 15205]",37496
"[15010, 15019]",29402
"[15010, 15019]",29945
"[15010, 15019]",29646
"[15010, 15019]",36512
"[15010, 15019]",35894
"[15010, 15019]",96152
"[15010, 15019]",29194
"[15010, 15019]",39402
"[15010, 15019]",36959
"[15176, 15230]",36944
"[14231, 17042]",36004
"[14231, 17042]",96152
"[16574, 15143]",35966
"[16230, 14411]",83868
"[14737, 19614]",36691
"[14194, 18230]",39524
"[15602, 19604]",35727
"[15452, 20269]",37805
"[14961, 15496]",37765
"[19615, 17992]",31756
"[15804, 15413, 14738, 20866]",35970
"[15459, 14977]",30449
"[15459, 14977, 14610]",30449
"[19604, 14411]",35982
"[19604, 14411]",32531
"[15176, 14761]",36691
"[15176, 14761]",31477
"[19615, 17992]",36739
"[19615, 17992]",37179
"[19615, 17992]",36738
"[19615, 17992]",37108
"[19615, 17992]",37075
"[15391, 14471]",29194
"[14320, 19281, 20158]",96948
"[20212, 16972]",35760
"[17583, 15365]",29078
"[16226, 15092, 14954, 14024, 14604]",38186
"[15414, 19615]",37135
"[17351, 14213, 14737, 14277, 14793, 17355]",36691
"[14969, 14399]",35766
"[14969, 14399]",35431
"[19671, 19603]",35727
"[19671, 19603]",33653
"[17991, 19671, 19603]",35727
"[17991, 19671, 19603]",33653
"[15036, 14449]",36691
"[15036, 14449]",36001
"[15036, 14449]",36195
"[15036, 14449]",35978
"[15036, 14449]",36506
"[14802, 14737, 21763]",31116
"[14963, 14245]",27933
"[15292, 14241]",84226
"[14412, 15391]",31116
"[15596, 19614]",36867
"[15596, 19614]",33643
"[15596, 19614]",33688
"[15596, 19614]",99947
"[15596, 19614]",37655
"[15596, 19614]",31477
"[15596, 19614]",30827
"[15596, 19614]",29646
"[15596, 19614]",29945
"[15596, 19614]",96152
"[15596, 19614]",28849
"[15596, 19614]",36050
"[15596, 19614]",37668
"[15596, 19614]",29402
"[17991, 19603]",35704
"[15020, 19603]",33643
"[20454, 14253, 20358]",37549
"[20454, 14253, 20358]",38355
"[17991, 19603]",28455
"[17991, 19603]",37327
"[17991, 19603]",94637
"[14802, 14737, 14371]",31116
"[14802, 14737, 14371]",33688
"[14802, 14737, 14371]",37619
"[14802, 14737, 14371]",37311
"[14737, 14792, 14371]",31116
"[14737, 14792, 14371]",33688
"[14737, 14792, 14371]",37619
"[14737, 14792, 14371]",37311
"[16510, 14802, 14737, 19614]",33688
"[14765, 14405, 19614]",33688
"[19604, 20905]",35970
"[19604, 20905]",37496
"[19614, 21695]",36867
"[17583, 17398, 16285, 14385, 18102]",28552
"[16334, 14399]",83812
"[16334, 14399]",83824
"[16334, 14399]",84331
"[14273, 15496]",37784
"[14030, 14975]",84237
"[14030, 14975]",28851
"[17112, 15077, 16753, 14954, 20212, 14320, 20158]",30494
"[14969, 15781]",35669
"[14969, 15781]",37786
"[14969, 15781]",35910
"[14969, 15781]",97829
"[14969, 15781]",35431
"[14737, 14792]",95884
"[14186, 14190]",37017
"[14663, 14954, 16972]",29945
"[14663, 14954, 16972]",36001
"[14663, 14954, 16972]",36578
"[14663, 14954, 16972]",36416
"[20336, 15008]",36691
"[20336, 15008]",36492
"[16753, 14954, 19604]",30494
"[15901, 14690]",33658
"[14765, 19614]",36881
"[14207, 14794]",35982
"[17152, 14322]",84263
"[14244, 17152]",84263
"[14737, 14412]",36678
"[14190, 15461]",97265
"[14190, 15461]",37578
"[14190, 15461]",94981
"[15840, 14551]",28208
"[14286, 15846]",37805
"[14286, 15846]",32505
"[15596, 19616]",33643
"[15077, 14954, 14320]",33591
"[14765, 17030]",33688
"[17991, 19603]",29646
"[17991, 19603]",37600
"[20336, 14516]",36927
"[20336, 14606, 14516]",36927
"[16972, 19604, 14411]",35982
"[14218, 15859]",37805
"[19615, 17992]",36480
"[19615, 17992]",36541
"[19615, 17992]",37496
"[19615, 17992]",36538
"[14737, 19614]",37655
"[14737, 19614]",37775
"[14737, 19614]",36772
"[16226, 14954, 14955, 14194, 14604, 14030, 14780, 14608, 14320]",36724
"[14780, 15018]",28465
"[15462, 14980, 14291, 14995]",97502
"[17106, 16473]",37754
"[14190, 21763]",84263
"[19615, 17992]",36678
"[19615, 17992]",29402
"[15761, 14163]",37766
"[20336, 15036]",36712
"[16753, 19615]",36425
"[16753, 19615]",95552
"[20336, 14758]",32214
"[20336, 14758]",36699
"[20336, 14758]",37487
"[20336, 14758]",35790
"[20336, 14758]",39691
"[20336, 14758]",35612
"[20336, 14758]",36492
"[14286, 17428]",84131
"[16285, 14975]",37701
"[16285, 14975]",39140
"[16352, 14881]",33605
"[14587, 16036]",36483
"[15077, 14024, 20212, 20158]",30494
"[14213, 14817, 14277, 14997]",36772
"[17991, 19603]",99253
"[15474, 14817, 14277, 14997, 14412]",35771
"[19604, 19283, 21695]",31116
"[14736, 14190, 14231, 21481]",84263
"[15597, 16721]",83871
"[14024, 14251]",94779
"[16028, 19604]",36691
"[14154, 15774]",37788
"[14765, 14405]",94770
"[14973, 19604]",37655
"[14973, 19604]",36691
"[16874, 20667]",39825
"[14954, 14604, 14738]",35884
"[14954, 14738]",35884
"[14161, 14223]",97059
"[14190, 14231, 17711, 21481]",84263
"[14736, 14190, 14231, 17711, 21481]",84263
"[14216, 15019]",83824
"[19615, 17992]",37592
"[15450, 15309, 15872]",36448
"[14954, 14320, 15240]",27710
"[15419, 20402, 14286]",35831
"[15419, 20402, 14286]",97180
"[20402, 14286, 14995]",35831
"[20402, 14286, 14995]",97180
"[15302, 15450]",37870
"[14154, 18179, 14287]",97158
"[14154, 18179, 14287]",38078
"[14154, 18179, 14287]",97153
"[14154, 14287]",97158
"[14154, 14287]",38078
"[14154, 14287]",97153
"[15176, 15230]",37496
"[14969, 15781, 19604]",36050
"[14934, 14964, 14975]",35852
"[14934, 14964, 14975]",28465
"[14934, 14964, 14975]",38186
"[14934, 14964, 14975]",35982
"[14934, 14964, 14975]",35884
"[14934, 14964, 14975]",32531
"[14934, 14964, 14975]",28813
"[14934, 14964, 14975]",37576
"[14934, 14964, 14975]",36917
"[14934, 14964, 14975]",30039
"[14934, 14964, 14975]",96948
"[14934, 14964, 14975]",28306
"[14934, 14954, 14975]",35852
"[14934, 14954, 14975]",28465
"[14934, 14954, 14975]",38186
"[14934, 14954, 14975]",35982
"[14934, 14954, 14975]",35884
"[14934, 14954, 14975]",32531
"[14934, 14954, 14975]",28813
"[14934, 14954, 14975]",37576
"[14934, 14954, 14975]",36917
"[14934, 14954, 14975]",30039
"[14934, 14954, 14975]",96948
"[14934, 14954, 14975]",28306
"[17991, 19603]",36944
"[14940, 14610]",37788
"[14918, 18123]",28052
"[14918, 18123]",39426
"[14918, 18123]",37786
"[15201, 14551, 15847]",28208
"[14231, 21763]",32541
"[14320, 14713]",33440
"[14320, 14713]",83934
"[14975, 14072]",29275
"[15092, 21763]",37655
"[15078, 15532]",84275
"[14802, 14737, 19603]",31116
"[17991, 19603]",31116
"[19604, 15033]",33688
"[19604, 15033]",39751
"[20212, 19603]",28813
"[14954, 16972, 19603]",28813
"[16226, 15413, 15363, 19603]",35884
"[15413, 14186, 19604]",36959
"[15413, 14186, 19604]",37619
"[15413, 14186, 19604]",36875
"[14024, 14737, 15025]",35963
"[15414, 19604]",36512
"[15413, 14186]",36766
"[15413, 14186]",37655
"[15413, 14186]",28849
"[14802, 14737]",36766
"[14802, 14737]",37655
"[14802, 14737]",28849
"[14186, 19603]",38386
"[16588, 15501, 14551]",28208
"[14158, 14785, 14954]",37578
"[14158, 14785, 14954]",97039
"[16510, 19614]",36867
"[16572, 16468, 17351, 14719, 14954, 14213, 14817, 14277, 14997, 14792, 17355]",35771
"[15308, 20270]",35799
"[14379, 16334]",83812
"[16230, 15654, 19614]",33294
"[16230, 15654, 19614]",35884
"[16230, 15654, 19614]",38290
"[15082, 14544]",38957
"[19614, 20905]",35771
"[16510, 14213, 15474, 14817, 19614]",35771
"[15474, 19614, 14462]",35771
"[15474, 19614]",35771
"[14765, 19614]",96152
"[15598, 19614]",96152
"[14186, 14190, 19614]",96152
"[16753, 14320, 17991, 19603]",30494
"[19615, 17992]",99924
"[14277, 15176]",36168
"[14719, 14954, 14955, 14194, 14789, 14028, 14030, 14780, 14764, 14514]",32076
"[14719, 14954, 14955, 14194, 14789, 14028, 14030, 14780, 14764, 14514]",35852
"[14719, 14954, 14955, 14194, 14789, 14028, 14030, 14780, 14764, 14514]",36710
"[14719, 14955, 14194, 14789, 14028, 14030, 14764, 14514]",32076
"[14719, 14955, 14194, 14789, 14028, 14030, 14764, 14514]",35852
"[14719, 14955, 14194, 14789, 14028, 14030, 14764, 14514]",36710
"[15474, 14456]",36691
"[16753, 14320, 19281, 20158]",37616
"[15020, 19616]",29646
"[19604, 15230]",36514
"[19604, 15230]",35630
"[20212, 19603]",30494
"[16672, 14245]",36483
"[16672, 14245]",38038
"[14736, 14190, 21481]",36001
"[14737, 14713]",35771
"[14376, 14408]",97007
"[14376, 14408]",39751
"[14030, 14320]",32231
"[14030, 14320]",95295
"[14212, 14551]",28208
"[14283, 14551]",28208
"[14286, 14551]",28208
"[14030, 18799]",32099
"[14789, 14780, 15857]",28465
"[14694, 17112, 14954, 14737, 14275, 14792]",36691
"[14694, 17112, 14954, 14737, 14275, 14792]",37655
"[14954, 16972]",36881
"[14954, 16972]",96152
"[16753, 15594]",39208
"[16753, 15594]",84107
"[16753, 15594]",33077
"[14954, 14738, 16972]",33632
"[14954, 14738, 16972]",30494
"[14954, 14738, 16972]",27610
"[14954, 14738, 16972]",96948
"[14954, 14738, 16972]",83871
"[14954, 14738, 16972]",27626
"[17351, 14997, 17355, 14412]",35771
"[17351, 14997, 17355, 14412]",35835
"[17991, 19603]",95316
"[14269, 14320]",36949
"[19615, 21695]",36906
"[19615, 21695]",36937
"[15363, 16230]",32531
"[14765, 19614]",30494
"[19604, 15230]",36925
"[14320, 20158, 15654]",30494
"[15077, 14320, 20158, 15654]",30494
"[17040, 15036]",35792
"[19245, 15201, 21661]",83802
"[19245, 21661]",83802
"[15596, 19603]",36691
"[15413, 14793, 19615]",36867
"[15413, 14793, 19615]",31756
"[19615, 17992]",37651
"[15282, 15598]",28208
"[14737, 14792]",35732
"[19604, 15230]",29945
"[15413, 14736, 19614]",95316
"[15413, 14736, 19614]",83868
"[14954, 14194, 14024, 14604, 20866]",84107
"[14411, 15240]",32531
"[14186, 14190, 14737]",36830
"[14196, 15002]",33643
"[15078, 14156]",29107
"[15078, 14156]",33293
"[15078, 14156]",97027
"[14150, 14160]",35612
"[15414, 14449]",35982
"[15414, 14449]",83871
"[14954, 14604, 14919, 15176]",35867
"[14793, 14408]",99947
"[15331, 14435]",28552
"[15010, 14399]",33618
"[14926, 19604]",36512
"[14926, 19604]",36881
"[19604, 14411]",36578
"[19604, 14411]",28849
"[19604, 14411]",36480
"[19604, 14411]",35858
"[17991, 19603]",37412
"[17991, 19603]",36314
"[17991, 19603]",36186
"[17991, 19603]",35966
"[17991, 19603]",96745
"[17991, 19603]",35630
"[16510, 16511]",32877
"[17040, 19615]",33688
"[15036, 19615]",33688
"[15331, 14435]",28208
"[15283, 15331]",28208
"[17728, 14408]",35966
"[17728, 14408]",99581
"[14765, 19614]",33688
"[15413, 14737, 19614]",33688
"[15598, 19614]",33688
"[16510, 19614]",33688
"[14802, 14737, 19614]",33688
"[15901, 19614]",33688
"[14793, 19614]",33688
"[15414, 21696]",28465
"[15414, 21696]",95113
"[15289, 14910, 15547, 15600]",39696
"[15289, 14910, 15547, 15600]",84022
"[20402, 14267]",39696
"[20402, 14267]",84022
"[20402, 14267]",32505
"[14954, 16972]",96948
"[15413, 14954, 14738]",35852
"[14275, 19614]",31107
"[15602, 15603]",36712
"[19604, 19620]",95316
"[14186, 14190, 14793]",36678
"[15363, 19603]",33077
"[15092, 15413, 19615]",33688
"[15599, 19604]",29646
"[14792, 21763]",37655
"[15413, 14186, 14802, 14737, 14792]",31116
"[16226, 14604, 14737, 14608, 15033]",35884
"[16226, 14604, 14737, 14608, 15033]",84160
"[14736, 14758, 21763]",96152
"[14794, 15176]",35786
"[14794, 15176]",36712
"[16226, 20212, 15363]",35970
"[16588, 14328]",30756
"[16588, 14328]",33593
"[16588, 14328]",35504
"[15176, 15659]",97230
"[15176, 15659]",36699
"[15176, 15659]",36712
"[15176, 15659]",36979
"[15176, 15659]",32214
"[15176, 15659]",83826
"[17991, 19603]",31477
"[17991, 19603]",36534
"[17991, 19603]",32623
"[17991, 19603]",37014
"[14719, 14954, 14792]",37655
"[14719, 14954, 14792]",98934
"[14719, 14954, 14792, 19615]",36691
"[14719, 14954, 14792, 19615]",37655
"[14719, 14954, 14792, 19615]",98934
"[15092, 14758]",37655
"[14955, 20336]",89218
"[14793, 19604]",36944
"[14793, 19604]",35704
"[14792, 14413]",35686
"[16226, 19604]",33294
"[16510, 14765, 19614]",31477
"[16510, 14765, 19614]",36534
"[16510, 14765, 19614]",32623
"[16226, 15413]",35650
"[16226, 15413, 19603]",35650
"[16753, 14604, 14737, 14608]",95316
"[14610, 15029]",38957
"[14610, 15029]",38242
"[14610, 15029]",83903
"[16510, 14186, 14737, 14792, 19604]",31107
"[17351, 14761]",84130
"[17605, 19603]",35718
"[17605, 19603]",36834
"[17605, 19603]",98983
"[17605, 19603]",94956
"[17605, 19603]",36466
"[17605, 19603]",29375
"[17356, 15377]",33688
"[15413, 14737, 14758, 19614]",37655
"[14154, 14287]",94782
"[15597, 21722]",83871
"[15597, 21722]",27610
"[14154, 14287]",97051
"[16510, 14758, 19615]",84263
"[16510, 14758, 19615]",36541
"[16510, 14758, 19615]",36881
"[14758, 19615]",84263
"[14758, 19615]",36541
"[14758, 19615]",36881
"[16753, 15240]",30494
"[17991, 19603, 14413]",33688
"[15474, 14412]",97426
"[15474, 14412]",37775
"[15474, 14412]",95249
"[17351, 14411]",35771
"[17351, 14411]",36691
"[14780, 19603]",28465
"[15271, 14758]",29589
"[16510, 19603]",29646
"[17524, 15154]",32214
"[15078, 14546]",37710
"[15414, 15263]",28465
"[15414, 15263]",28502
"[15414, 15263]",32849
"[14184, 14746]",39751
"[14992, 14746]",39751
"[14954, 14955, 14194, 14024, 14780, 14275, 14764, 20158]",35866
"[14955, 14024, 20158]",35866
"[14954, 14604, 14738]",30494
"[14251, 15176]",27859
"[14251, 15176]",84332
"[14964, 14251]",27859
"[14964, 14251]",36040
"[14186, 14190, 14737]",36050
"[15176, 15659]",37398
"[15176, 15659]",32552
"[15176, 15659]",37432
"[20336, 14758]",35630
"[17991, 19603]",36867
"[14379, 14399]",83824
"[14379, 14399]",35764
"[14186, 14412]",36678
"[17605, 14412]",36678
"[15414, 15654, 19616]",39007
"[15377, 14449]",33688
"[15474, 19604]",36691
"[16510, 14737, 14792, 19614]",35792
"[14963, 14241, 14244]",35833
"[14963, 14244]",35833
"[14765, 19614]",36691
"[14765, 19614]",97426
"[20486, 19245]",36035
"[19603, 21763]",35612
"[14154, 14287]",33128
"[14154, 14287]",35641
"[14154, 14287]",99528
"[14954, 16972]",32553
"[14954, 16972, 14868]",84277
"[14954, 16972, 14868]",35852
"[14954, 16972, 14868]",30039
"[14954, 16972, 14868]",35874
"[14954, 16972, 14868]",32849
"[15077, 15425, 14954, 14320]",33591
"[15092, 15413, 14802, 14737, 14793]",36812
"[15092, 15413, 14802, 14737, 14793]",33700
"[15092, 15413, 14802, 14737, 14793]",35610
"[15092, 15413, 14802, 14737, 14793]",35833
"[15092, 15413, 14802, 14737, 14793]",33672
"[15092, 15413, 14802, 14737, 14793]",35553
"[15092, 15413, 14802, 14737, 14793]",36854
"[15092, 15413, 14802, 14737, 14793]",35785
"[15363, 16230, 15654]",35982
"[15363, 16230, 15654]",37397
"[16230, 15654]",35982
"[16230, 15654]",37397
"[17991, 19603]",36678
"[19604, 21763]",39750
"[19604, 21763]",36867
"[19604, 21763]",96152
"[14185, 20254]",37717
"[14185, 20254]",35749
"[17991, 19603]",36004
"[17991, 19603]",84130
"[19615, 17992]",35718
"[14405, 16230]",36298
"[14405, 16230]",33635
"[14320, 19281, 20158]",30494
"[14663, 14954, 16972, 19604]",35777
"[14663, 14954, 16972, 19604]",33688
"[14663, 14954, 16972, 19604]",31477
"[14663, 14954, 16972, 19604]",36691
"[14663, 14954, 16972, 19604]",36514
"[14663, 14954, 16972, 19604]",30494
"[14663, 14954, 16972]",35777
"[14663, 14954, 16972]",36514
"[14663, 14954, 16972]",30494
"[15010, 19729]",97202
"[14251, 15176]",83924
"[17351, 15092, 19616]",36691
"[14737, 19603]",36691
"[14737, 14792]",37552
"[14954, 19603]",28465
"[14954, 19603]",28813
"[19603, 15230]",29646
"[17991, 19603]",33641
"[14411, 15654]",37397
"[20336, 21763]",35727
"[16226, 15413, 14736]",95316
"[16226, 15413, 14736, 19614]",35884
"[16226, 15413, 14736, 19614]",95316
"[14134, 15240]",33672
"[14134, 15240]",35970
"[16468, 14213, 14412]",35771
"[15092, 15413, 14186]",36691
"[20503, 14436]",27647
"[20336, 18959, 19604]",32214
"[20336, 18959, 19604]",35790
"[15602, 19615]",36001
"[15602, 19615]",28849
"[15602, 19615]",36578
"[14291, 14995]",83889
"[14291, 14995]",33601
"[16028, 19615]",37775
"[14975, 14449]",36459
"[14975, 14449]",27275
"[15413, 15659]",83826
"[15413, 15659]",37184
"[15413, 15659]",98177
"[15413, 15659]",94667
"[15413, 15659]",84149
"[15413, 15659]",84147
"[15413, 15659]",32552
"[15413, 15659]",36492
"[15413, 15659]",35790
"[15413, 15659]",35778
"[15413, 15659]",36782
"[15413, 15659]",33519
"[15413, 15659]",36031
"[15413, 15659]",37398
"[15413, 15659]",33502
"[15413, 15659]",32214
"[15413, 15659]",35786
"[15413, 15659]",36712
"[15413, 15659]",31067
"[15413, 15659]",94871
"[15413, 15659]",39301
"[15413, 15659]",33672
"[15413, 15659]",33053
"[15413, 15659]",97365
"[15413, 15659]",33054
"[15413, 15659]",35789
"[15413, 15659]",96035
"[15413, 15659]",98173
"[15413, 15659]",36736
"[15413, 15659]",96690
"[15413, 15659]",38294
"[15413, 15659]",99682
"[15602, 15659]",83826
"[15602, 15659]",37184
"[15602, 15659]",98177
"[15602, 15659]",94667
"[15602, 15659]",84149
"[15602, 15659]",84147
"[15602, 15659]",32552
"[15602, 15659]",36492
"[15602, 15659]",35790
"[15602, 15659]",35778
"[15602, 15659]",36782
"[15602, 15659]",33519
"[15602, 15659]",36031
"[15602, 15659]",37398
"[15602, 15659]",33502
"[15602, 15659]",32214
"[15602, 15659]",35786
"[15602, 15659]",36712
"[15602, 15659]",31067
"[15602, 15659]",94871
"[15602, 15659]",39301
"[15602, 15659]",33672
"[15602, 15659]",33053
"[15602, 15659]",97365
"[15602, 15659]",33054
"[15602, 15659]",35789
"[15602, 15659]",96035
"[15602, 15659]",98173
"[15602, 15659]",36736
"[15602, 15659]",96690
"[15602, 15659]",38294
"[15602, 15659]",99682
"[16510, 19614]",29646
"[14934, 17112, 14964, 15563]",28465
"[14934, 17112, 14964, 15563]",35852
"[14934, 17112, 14964, 15563]",28813
"[14934, 17112, 14964, 15563]",39579
"[14934, 17112, 14964, 15563]",37570
"[14934, 17112, 14964, 15563]",35650
"[14934, 17112, 14964, 15563]",33077
"[14934, 17112, 14964, 15563]",33635
"[15425, 19604]",36691
"[15425, 19604]",36001
"[15425, 19604]",36195
"[15425, 19604]",39748
"[15425, 19604]",39838
"[15425, 19604]",35978
"[15425, 19604]",36506
"[15425, 19604]",35964
"[14963, 14610]",94658
"[14980, 14334, 20254]",36416
"[14334, 20254]",36416
"[14320, 20158, 15240]",30494
"[14194, 15982, 17883, 15563, 14407]",29078
"[17112, 15804, 14780, 14791]",28465
"[15857, 15654]",28465
"[17711, 17991, 19603]",36578
"[17112, 15092, 15413]",30494
"[14713, 19604]",36701
"[14713, 19604]",35862
"[14713, 19604]",37496
"[14713, 19604]",35851
"[17605, 14412]",36578
"[17605, 14412]",36581
"[16468, 15474, 14412]",35771
"[14954, 16972]",98661
"[14736, 14758, 14793, 19614]",29945
"[14736, 14758, 14793, 19614]",96152
"[14194, 14206, 15982, 14273, 15324, 14347, 15662]",29078
"[17583, 19571]",38024
"[16510, 19603]",32214
"[19603, 19604]",37619
"[14412, 18119]",36512
"[14412, 18119]",33653
"[15092, 15413, 14186, 14802, 14737]",33688
"[17351, 14456]",84263
"[17605, 14456]",84263
"[15036, 19615]",35624
"[14297, 14528, 16036]",83934
"[14937, 16072]",94980
"[14969, 15781]",33618
"[17991, 19603]",36540
"[20336, 15134]",35786
"[20336, 15134]",32214
"[14934, 14283, 14475]",33575
"[14934, 14283, 14475]",28208
"[14954, 14604, 14780, 16972, 14320, 15563]",35852
"[14954, 14604, 14780, 16972, 14320, 15563]",30654
"[14150, 15774]",30491
"[14968, 14610]",36063
"[14968, 14610]",28313
"[14250, 14271]",83893
"[14271, 14992]",83893
"[14736, 14758, 21763]",29945
"[15020, 19616]",33688
"[15020, 19616]",36867
"[14167, 14320]",28983
"[14758, 20905]",36691
"[20402, 14910, 14882, 14267, 15600]",39696
"[20402, 14910, 14247, 14267, 14286]",39696
"[20402, 14910, 14882, 14267, 14286]",39696
"[14910, 14882, 14267, 14309, 15494]",39696
"[16226, 14467]",38290
"[16510, 19604, 15391]",28849
"[16510, 19604, 15391]",37619
"[16991, 21933]",36578
"[14320, 19620]",35852
"[14935, 14185, 14188, 17347, 20254]",37784
"[14185, 14188, 17347, 20254]",37784
"[16510, 15057]",31107
"[16510, 15057]",30827
"[15277, 14714, 15038]",83799
"[20212, 14320, 20158]",30494
"[15077, 20212, 14320]",30494
"[15020, 17356]",33680
"[15020, 17356]",94644
"[15020, 17356]",29061
"[19615, 17992]",36959
"[14253, 20358]",33229
"[20265, 20480]",35584
"[17112, 17944]",83824
"[17112, 17944]",37786
"[17112, 17944]",84331
"[15781, 14399]",37617
"[14758, 19603]",37655
"[16588, 14944, 14961]",38928
"[16753, 20158]",30494
"[14954, 14964, 14269]",29182
"[14954, 14024, 14964, 14269]",29182
"[15201, 15847]",28208
"[15201, 15847]",35761
"[14194, 17883]",36158
"[14504, 14736, 14231]",36416
"[17605, 19616]",36050
"[17605, 19616]",29375
"[14231, 20336]",36540
"[14231, 20336]",35782
"[14231, 20336]",35781
"[16226, 14194, 14914]",36425
"[16226, 16753, 14194, 14914]",36425
"[16226, 20336]",36425
"[14154, 15493]",39532
"[14154, 15493]",97565
"[14154, 15493]",83917
"[14154, 15493]",33598
"[14154, 15493]",83942
"[16572, 14954, 14275, 14277, 14793]",36691
"[16572, 14954, 14275, 14277, 14793]",36772
"[17605, 14412, 19616]",36678
"[16588, 15198, 15201]",28208
"[14758, 15000]",35835
"[16753, 14320, 19281, 20158]",30494
"[15602, 15613]",33653
"[15602, 15613]",35727
"[14663, 20905]",33643
"[17042, 19603]",30725
"[14030, 15781]",37754
"[14737, 14792, 19616]",30827
"[14802, 14320]",37232
"[14186, 14604, 14737, 19615]",36678
"[14186, 14604, 14737, 19615]",33688
"[14186, 14604, 14737, 19615]",29173
"[14186, 19615]",36678
"[14186, 19615]",33688
"[14186, 19615]",29173
"[14186, 14604, 19615]",36678
"[14186, 14604, 19615]",33688
"[14186, 14604, 19615]",29173
"[14186, 14604, 14737, 19615, 17992]",36678
"[14186, 14604, 14737, 19615, 17992]",33688
"[14186, 14604, 14737, 19615, 17992]",29173
"[14186, 14802, 14737, 19615]",36678
"[14186, 14802, 14737, 19615]",33688
"[14186, 14802, 14737, 19615]",29173
"[14737, 14792, 19615]",36678
"[14737, 14792, 19615]",29173
"[15283, 15331]",33489
"[16067, 14861]",84122
"[20336, 15597]",35786
"[20336, 15597]",32214
"[14275, 14792]",37038
"[19604, 15230]",37038
"[14954, 14194, 14758]",36194
"[14954, 14194, 14758]",36772
"[15413, 14186, 14737, 19671]",36867
"[15413, 14186, 14737, 19671]",36906
"[15413, 14186, 14737, 19671]",28956
"[15413, 14186, 14737, 19671]",31756
"[15413, 14186, 14737]",36906
"[15413, 14186, 14737]",28956
"[15413, 14186, 14737]",31756
"[17991, 19603]",31756
"[16226, 15748]",38290
"[16226, 15748]",33294
"[16226, 15748]",35884
"[14320, 15367]",96948
"[14034, 20470]",33072
"[14034, 20470]",39872
"[17991, 19603]",37738
"[19603, 15057]",35732
"[19603, 15057]",37937
"[19603, 15057]",36534
"[16226, 16753, 15654]",32531
"[16510, 19614]",30827
"[16028, 15230]",36535
"[16028, 15230]",33520
"[16028, 15230]",36078
"[16028, 15230]",37619
"[17042, 19603]",33688
"[17991, 19603]",35898
"[17537, 20539]",98899
"[17537, 20539]",99934
"[14206, 14790]",36372
"[14738, 16972, 14713]",28465
"[15008, 14412]",84130
"[15008, 14412]",36691
"[15474, 14462]",36195
"[17991, 19603]",97007
"[15654, 15671]",83868
"[15036, 19615]",31756
"[15596, 19604]",37305
"[15596, 19604]",31756
"[15461, 15622]",37738
"[15461, 15622]",36197
"[15461, 15622]",36698
"[20336, 14411]",32214
"[14320, 15654]",30494
"[14924, 15179]",28208
"[14924, 15179]",36010
"[14924, 15179]",83764
"[19603, 15243, 15391]",33653
"[19603, 15243, 15391]",36197
"[19603, 15243, 15391]",33707
"[17991, 19603, 19604]",36691
"[17112, 18102]",32186
"[14024, 14251]",94687
"[14662, 14382, 14714, 15038]",100002
"[17991, 19603, 20905]",33643
"[14213, 15474, 14817, 14277, 14997]",97426
"[14213, 15474, 14817, 14277, 14997]",37775
"[14213, 15474, 14817, 14277, 14997]",36772
"[14208, 19603]",99947
"[14208, 19603]",97007
"[14208, 19603]",35966
"[16510, 14231, 20336]",36701
"[15599, 19614]",28849
"[14719, 14954, 14792]",84130
"[14244, 17152]",36075
"[15413, 14186, 19603]",31756
"[15413, 17042]",36621
"[15479, 18799]",33675
"[15201, 20513]",28208
"[15847, 20513]",28208
"[15836, 14298]",83898
"[14765, 19614]",37775
"[20336, 21763]",32214
"[14320, 15367, 15654]",30494
"[14969, 15781]",36312
"[15010, 15019]",33618
"[15010, 15019]",33598
"[15010, 15019]",83824
"[14789, 14604, 14780, 15485]",28465
"[14228, 14322]",35669
"[14792, 17040]",37253
"[14792, 17040]",37038
"[17040, 15036]",37253
"[17040, 15036]",37038
"[17991, 19603]",99947
"[17991, 19603]",37619
"[17524, 14911, 14604, 14780]",30494
"[14911, 20212]",30494
"[15413, 19615]",36512
"[19603, 15057]",35966
"[19603, 15057]",30827
"[14272, 14458]",37617
"[14792, 17991, 19603]",33688
"[20866, 17356]",33688
"[14737, 14792, 14761]",35792
"[14793, 19616]",36867
"[16855, 14177, 14587]",36483
"[17598, 17991, 19603]",31116
"[17598, 17991, 19603]",29173
"[14030, 15324]",84043
"[14186, 14190, 14792]",37017
"[14186, 14190, 14792]",29375
"[16226, 14954, 14269, 14738, 16972]",32319
"[16226, 14954, 14269, 14738, 16972]",28813
"[16226, 14954, 14269, 14738, 16972]",35460
"[16226, 14954, 14269, 14738, 16972]",28969
"[16226, 14954, 14269, 14738, 16972]",33552
"[16226, 17112, 14954, 14269, 16972]",32319
"[16226, 17112, 14954, 14269, 16972]",28813
"[16226, 17112, 14954, 14269, 16972]",35460
"[16226, 17112, 14954, 14269, 16972]",28969
"[16226, 17112, 14954, 14269, 16972]",33552
"[16285, 14954, 20212, 16972]",32319
"[16285, 14954, 20212, 16972]",28813
"[16285, 14954, 20212, 16972]",35460
"[16285, 14954, 20212, 16972]",28969
"[16285, 14954, 20212, 16972]",33552
"[16285, 14954, 16972]",32319
"[16285, 14954, 16972]",28813
"[16285, 14954, 16972]",35460
"[16285, 14954, 16972]",28969
"[14186, 14792, 21763]",36691
"[15107, 19603]",33077
"[15781, 14379]",39269
"[14969, 15781, 14991]",39269
"[14154, 15774]",37171
"[16276, 15425]",84088
"[14954, 15107, 19603]",36701
"[14954, 15107, 14758, 19603]",36701
"[14758, 19603]",36701
"[14954, 15107, 14758]",36701
"[15804, 14780, 14405]",36458
"[14954, 14955, 14604, 14030, 14275, 19603]",84107
"[14940, 14643]",29107
"[17351, 14186, 14758]",37619
"[15563, 19603]",28465
"[15563, 19603]",35982
"[15563, 19603]",35970
"[15563, 19603]",28813
"[15077, 14320, 20158, 15670]",96948
"[15205, 19284]",33643
"[14154, 14182]",36137
"[14980, 14332]",32178
"[14980, 14332]",33306
"[14980, 14332]",28158
"[14980, 14332]",37758
"[14980, 14332]",36785
"[14150, 16874, 14241, 14244]",39825
"[16510, 19604]",31477
"[14954, 14738, 14713]",39580
"[14954, 14738]",39580
"[20866, 14407]",94959
"[17495, 19603]",35966
"[15804, 15413, 14738, 20866]",33077
"[15804, 15413, 14738, 20866]",35650
"[16972, 15363]",35970
"[16972, 15363]",35762
"[16972, 15363]",98970
"[16972, 15363]",35769
"[16972, 15363]",27277
"[16972, 15363]",33672
"[16972, 15363]",35763
"[16972, 15363]",94998
"[16972, 15363]",30990
"[16972, 15363]",32282
"[16972, 15363]",94997
"[16972, 15363]",39208
"[16972, 15363]",96512
"[14737, 14792, 19614]",30827
"[16322, 15817]",37752
"[14186, 14275]",29945
"[14186, 14275]",28849
"[14186, 14275]",36102
"[14186, 14275]",31477
"[14186, 14275]",36168
"[14186, 14275]",31107
"[14186, 14275]",32623
"[15271, 14186]",29945
"[15271, 14186]",28849
"[15271, 14186]",36102
"[15271, 14186]",31477
"[15271, 14186]",36168
"[15271, 14186]",31107
"[15271, 14186]",36534
"[15271, 14186]",32623
"[16753, 14320, 20866]",30494
"[19604, 19620]",35651
"[14758, 21763]",36959
"[16226, 15363, 15654]",35982
"[14793, 15613]",33688
"[14793, 15613]",31116
"[14186, 21763]",38386
"[16226, 14954, 14868]",35852
"[16226, 14954, 14868]",28465
"[16226, 14954, 14868]",35982
"[16226, 14954, 14868]",33077
"[16226, 14954, 14868]",35650
"[16226, 15805, 20212, 14868]",35852
"[16226, 15805, 20212, 14868]",28465
"[16226, 15805, 20212, 14868]",35982
"[16226, 15805, 20212, 14868]",33077
"[16226, 15805, 20212, 14868]",35650
"[16226, 14738, 20212, 16972]",35852
"[16226, 14738, 20212, 16972]",28465
"[16226, 14738, 20212, 16972]",35982
"[16226, 14738, 20212, 16972]",33077
"[16226, 14738, 20212, 16972]",35650
"[15413, 14320, 15363]",33077
"[14737, 14792, 19615]",37655
"[14320, 15240]",27710
"[14154, 14182, 14287]",94782
"[19671, 19603, 19604]",35727
"[19671, 19603, 19604]",33653
"[15413, 14186, 14604, 14320, 14514]",84107
"[15413, 14186, 14604, 14320, 14514]",94959
"[16226, 14780, 15363, 14450]",32531
"[17729, 19671]",83776
"[17729, 19671]",29614
"[14179, 19671]",83776
"[14179, 19671]",29614
"[14765, 19614]",35727
"[14765, 14405, 19614]",35727
"[15654, 14463]",28465
"[14944, 14168]",36035
"[14944, 14240]",36035
"[14793, 18416]",33688
"[14802, 14320, 19604]",84263
"[14736, 14802, 14320, 19604]",84263
"[19641, 19620]",35852
"[14604, 14737, 14608, 15205]",37496
"[15414, 19603]",36748
"[15414, 19603]",37173
"[15414, 19603]",36540
"[16226, 19604]",32213
"[14373, 15596]",36944
"[14373, 15596]",32909
"[14373, 15596]",37668
"[14373, 15596]",36704
"[14373, 15596]",95104
"[14373, 15596]",97371
"[14945, 15230]",36944
"[14945, 15230]",32909
"[14945, 15230]",37668
"[14945, 15230]",36704
"[14945, 15230]",95104
"[14945, 15230]",97371
"[14802, 14737, 18416, 19604]",33688
"[14186, 14802, 18416, 19604]",33688
"[14737, 14792, 18416, 19604]",33688
"[20789, 21617, 20803, 20806]",36469
"[14186, 14802, 19604]",33688
"[15176, 15206]",35786
"[15176, 15206]",97230
"[14141, 14153, 14993, 18277, 14610, 15559]",38035
"[14141, 14153, 14993, 18277, 14610, 15559]",36694
"[19603, 19604]",33653
"[19603, 19604]",33688
"[19603, 19604]",36678
"[19603, 19604]",36867
"[19603, 19604]",33643
"[15474, 14277, 14412]",97426
"[15474, 14277, 14412]",37775
"[14164, 16674]",28552
"[15596, 19603]",97413
"[15596, 19603]",28455
"[15596, 19603]",94884
"[15596, 19603]",94638
"[15596, 19603]",37327
"[19616, 15391]",36512
"[20212, 14320]",36253
"[19603, 15057]",36959
"[14694, 14737, 14793, 19604]",37655
"[21676, 15036]",36691
"[15474, 14462]",36822
"[17351, 14277, 17355, 14412]",36691
"[17351, 14277, 17355, 14412]",97426
"[17351, 14277, 17355, 14412]",84130
"[14945, 15599]",29646
"[17605, 14411]",36050
"[17605, 14411]",36678
"[19603, 14411]",36050
"[19603, 14411]",36678
"[17605, 14954, 19616]",30846
"[14154, 14158]",28861
"[15781, 14399]",36040
"[15781, 14399]",33598
"[17042, 19604]",36678
"[15143, 17991, 19603]",35771
"[15143, 17991, 19603]",36691
"[15143, 17991, 19603]",37334
"[15077, 16753, 14320, 19641, 19281, 15367, 20158, 15240]",30494
"[14231, 21763]",29173
"[17356, 19603]",29375
"[15078, 14245, 14977]",27202
"[15781, 17891]",35638
"[15781, 17891]",31116
"[19603, 14462]",36678
"[15201, 15013]",35761
"[15413, 14186]",37592
"[17112, 14780, 16972, 15149, 15670]",28465
"[14186, 14802, 14737, 19604]",33688
"[15419, 15302, 15450, 14844]",37835
"[15419, 15302, 15450, 14844]",36007
"[15419, 15302, 15450, 14844]",37710
"[15302, 15450, 14844]",36007
"[15302, 15450, 14844]",37710
"[14770, 14510, 14774]",84331
"[17605, 19604]",36382
"[14241, 14244]",94658
"[14241, 14244, 14610]",94658
"[17605, 15596]",36678
"[17605, 15596]",99924
"[16753, 14320, 20158, 15240]",30494
"[14955, 14604, 14737]",37483
"[14955, 20156, 14275]",37483
"[15419, 20402, 14286]",33377
"[15419, 20402]",97180
"[15419, 20402]",33377
"[14277, 15659]",37001
"[16753, 14320, 19281]",37616
"[16753, 14320]",37616
"[15096, 15455, 14320]",36643
"[14186, 14736, 14190, 14758]",36000
"[16588, 14277, 14462]",30827
"[16588, 14277, 14462]",31477
"[14277, 14462]",30827
"[14277, 14462]",31477
"[14411, 20158]",32213
"[14411, 20158]",28306
"[15971, 19330]",37791
"[15971, 19330]",36366
"[15971, 19330]",97193
"[14954, 17883]",32520
"[14954, 17883]",35760
"[14194, 14251]",35760
"[15597, 19603]",33077
"[16226, 21619]",36425
"[16226, 14194, 21619]",36425
"[14194, 21619]",36425
"[16588, 15038]",28208
"[16578, 19603]",35966
"[16578, 19603]",36696
"[17042, 19614]",33688
"[16226, 14411]",32520
"[14213, 15474, 14817, 14277, 14997, 14412]",97426
"[14213, 15474, 14817, 14277, 14997, 14412]",37775
"[14213, 15474, 14817, 14277, 14997, 14412]",99581
"[14213, 15474, 14817, 14277, 14997, 14412]",95249
"[17605, 19615]",36050
"[17605, 19615]",36750
"[17605, 19615]",37619
"[15770, 16588]",36187
"[16588, 17903]",36187
"[17991, 19603]",39460
"[17991, 19603]",36813
"[16510, 19614, 15057]",30827
"[16510, 19614, 15057]",36888
"[14765, 14761]",31477
"[14765, 19614, 14761]",31477
"[16226, 14411]",38290
"[16226, 14411]",98663
"[16226, 14411]",98662
"[17653, 14275, 17893]",36078
"[16510, 14736, 14190, 19614, 21481]",36538
"[16510, 14736, 14190, 19614, 21481]",39751
"[16510, 14736, 14190, 19614, 21481]",36581
"[16510, 14736, 14190, 19614, 21481]",36951
"[14238, 15781]",29078
"[14238, 15781]",35761
"[15101, 15781]",29078
"[15101, 15781]",35761
"[15414, 19616]",28465
"[14194, 14251, 15563]",35760
"[14793, 14408]",35966
"[16226, 15077]",32220
"[15413, 14186]",39153
"[15414, 21737]",83859
"[15414, 21737]",37373
"[15414, 21737]",39007
"[15451, 15615]",37659
"[19615, 17992]",37303
"[16753, 14320, 14411]",96948
"[16753, 14320, 14411]",30494
"[14231, 14758, 15870]",36416
"[16226, 16753, 14411]",36425
"[19615, 17992]",29173
"[14792, 17042]",29945
"[15030, 15602]",33688
"[14320, 14449]",35852
"[14024, 14376, 14462]",35966
"[14792, 21763]",29945
"[14792, 21763]",96152
"[17991, 19603]",32214
"[14411, 15654]",33635
"[16510, 14758]",36541
"[14954, 15481, 14412]",89218
"[14954, 15481, 14412]",33519
"[14954, 15481, 14412]",33715
"[14954, 15481, 14412]",33188
"[14954, 15481, 14412]",31067
"[14954, 15481, 14412]",97230
"[14954, 14231, 20336, 15481, 14412]",89218
"[14954, 14231, 20336, 15481, 14412]",33519
"[14954, 14231, 20336, 15481, 14412]",33715
"[14954, 14231, 20336, 15481, 14412]",33188
"[14954, 14231, 20336, 15481, 14412]",31067
"[14954, 14231, 20336, 15481, 14412]",97230
"[14231, 20336, 14412]",89218
"[14231, 20336, 14412]",33519
"[14231, 20336, 14412]",33715
"[14231, 20336, 14412]",33188
"[14231, 20336, 14412]",31067
"[14231, 20336, 14412]",97230
"[14231, 20336]",33519
"[14231, 20336]",33715
"[14231, 20336]",97230
"[14789, 14780, 15654]",28465
"[19603, 14467]",36578
"[15599, 19603]",28849
"[15599, 19603]",84263
"[15599, 19603]",36578
"[14154, 15104, 15111, 14610]",95285
"[15466, 15134]",38911
"[15466, 15134]",28921
"[17605, 15413, 14186, 14737, 19616]",37651
"[16588, 15462]",95682
"[14184, 15017, 20254]",97156
"[14194, 14780]",35884
"[14196, 14298]",37765
"[14196, 14298]",98236
"[14196, 14298]",39692
"[14298, 14308]",37765
"[14298, 14308]",98236
"[14298, 14308]",39692
"[16510, 14736, 14190, 14231, 21481]",84263
"[16510, 14736, 14190, 14231, 19614, 21481]",84263
"[14150, 14157, 15459, 14241]",94782
"[15002, 15596]",33643
"[19614, 14463]",28465
"[14267, 15494]",99719
"[14954, 14604, 14738]",36425
"[14980, 14291]",35985
"[14737, 14792, 21763]",36691
"[19603, 14467]",33688
"[19603, 14467]",36678
"[19603, 14467]",29646
"[15654, 16495]",39007
"[17524, 14604, 14737, 14780, 20212, 14608, 14450]",35884
"[14604, 14737, 14608, 14450]",35884
"[15413, 14737, 14793, 19614]",36867
"[15613, 15054, 15683]",33688
"[15054, 15683]",33688
"[14194, 15982, 15324]",39524
"[17584, 14194]",39524
"[14737, 14792, 14793, 15036]",31477
"[14737, 14792, 14793, 15036]",36534
"[14737, 14792, 14793, 15036]",36498
"[14320, 15176, 15659]",35852
"[14320, 15659]",35852
"[17040, 15036]",33643
"[15036, 19615]",33643
"[14792, 19615]",37655
"[18959, 15036]",36691
"[17351, 14954, 14275, 14792, 17355, 19603]",36691
"[14954, 14275, 14792, 19603]",36691
"[15416, 14952]",37565
"[15416, 14952]",39750
"[14314, 17301]",84058
"[16226, 16753, 14194]",96718
"[15781, 15010]",35953
"[17351, 14792, 19604]",84130
"[17351, 14792, 19604]",36691
"[17351, 14792, 17355, 19604]",84130
"[17351, 14792, 17355, 19604]",36691
"[17351, 14792, 17355]",84130
"[14186, 14190, 14792]",32541
"[14297, 20162]",83824
"[15477, 14297]",83824
"[14408, 15654]",99947
"[14408, 15654]",97007
"[14408, 15654]",99581
"[14408, 19604]",35966
"[14347, 15602, 15603]",33653
"[17112, 15893, 14955, 15107, 14024, 14604, 14275, 15363]",33077
"[14719, 14954, 14792, 14412]",36691
"[14719, 14954, 14792, 14412]",35835
"[14719, 14954, 14792, 14412]",35771
"[14758, 19614]",37655
"[14940, 15111, 14244, 14315, 15667]",33593
"[14182, 14244, 17152, 14315]",33593
"[15077, 16753, 14954, 14606, 14320]",30494
"[14662, 14484]",83800
"[14186, 14802, 19604]",37694
"[14024, 14793, 21679]",99947
"[14792, 17042]",32541
"[15201, 17373]",38388
"[16301, 15414, 14780, 14320]",39007
"[16301, 15414, 14780]",39007
"[17351, 14792, 17042]",29945
"[17991, 14401, 19603]",30899
"[14320, 15597, 19281]",30494
"[14194, 14030]",97027
"[14758, 21763]",37655
"[14736, 14190]",36004
"[16510, 19615]",29646
"[15413, 14758]",33045
"[15413, 14758]",35607
"[15073, 15082, 14176, 15116, 14299, 15148]",38957
"[14954, 14194, 14251, 14738, 16972, 14868]",84277
"[14954, 14194, 14251, 14738, 16972, 14868]",28465
"[14954, 14194, 14251, 14738, 16972, 14868]",38883
"[14954, 14194, 14251, 14738, 16972, 14868]",35852
"[14954, 14194, 14251, 14738, 16972, 14868]",84276
"[14954, 14194, 14251, 14738, 16972, 14868]",39580
"[14954, 14194, 14251, 14738, 16972, 14868]",95112
"[14954, 14194, 14251, 14738, 16972, 14868]",95114
"[14954, 14194, 14251, 14738, 16972, 14868]",90237
"[14954, 14194, 14251, 14738, 16972, 14868]",29863
"[14954, 14194, 14251, 14738, 16972, 14868]",35867
"[14954, 14194, 14251, 14738, 16972, 14868]",39171
"[14954, 14194, 14251, 14738, 16972, 14868]",37570
"[17583, 14194]",32325
"[19603, 14462]",29646
"[20336, 17224]",32214
"[20336, 17224]",37487
"[14154, 14182, 14287]",36046
"[14154, 14182, 14287]",35748
"[14154, 14182, 14287]",36075
"[14154, 14182]",36046
"[14154, 14182]",94782
"[14154, 14182]",35748
"[14154, 14182]",36075
"[15413, 14737, 14792, 14761]",31477
"[15413, 14737, 14792, 14761]",36534
"[15413, 14737, 14792, 14761]",32623
"[16753, 14320, 15654]",30494
"[14185, 14971, 19603]",29646
"[14185, 14971, 19603]",84263
"[16226, 14450]",35982
"[16226, 14450]",37397
"[14024, 14251, 14347]",94775
"[14024, 14251, 14347]",27859
"[14934, 14024, 14273, 14347]",94775
"[14934, 14024, 14273, 14347]",27859
"[14024, 14347]",94775
"[14024, 14347]",27859
"[14024, 14964, 14347]",94775
"[14024, 14964, 14347]",27859
"[14934, 14024, 14347]",94775
"[14934, 14024, 14347]",27859
"[14024, 14273, 14347]",94775
"[14024, 14273, 14347]",27859
"[14954, 14024, 14347]",94775
"[14954, 14024, 14347]",27859
"[14186, 14792]",29375
"[14604, 14738, 20212]",35650
"[14954, 14604, 14738]",35650
"[17832, 16588, 15781]",28208
"[16588, 15781, 15198]",28208
"[14786, 19616]",36691
"[14786, 15781, 19616]",36691
"[14980, 14318]",37785
"[14980, 14318]",28158
"[16226, 15413, 16753, 14736, 14320]",95316
"[14738, 20212, 19281]",30494
"[14320, 15597]",29161
"[14792, 17042, 18418]",28849
"[14792, 17042, 18418]",33643
"[15596, 18418]",28849
"[15596, 18418]",33643
"[19614, 20917]",31756
"[15413, 14186, 14802, 14737, 14792, 19615]",33688
"[15419, 14332]",33593
"[15092, 19614]",33688
"[14195, 20207]",33588
"[14195, 20207]",37511
"[14195, 20207]",32985
"[15291, 14709]",83924
"[15291, 14709]",38121
"[14216, 15781]",39414
"[14216, 15781]",31047
"[14216, 15781]",39547
"[14277, 14412]",37775
"[15036, 19615]",35966
"[17351, 15092, 17355]",84130
"[16510, 19614]",36750
"[17991, 19603]",37655
"[14154, 15774, 15101, 14245, 14709]",97579
"[15781, 14297]",35966
"[17351, 17355, 19615]",36691
"[15781, 14297]",97105
"[15563, 19614]",36696
"[15563, 19614]",35966
"[16285, 20212, 16972]",35852
"[16468, 14277, 14997, 15659]",36691
"[17141, 16962, 14231]",27626
"[16230, 15654, 15748]",35982
"[15596, 19615]",33642
"[19603, 15057]",32623
"[19603, 15057]",37001
"[19603, 15057]",37178
"[15020, 19616]",31107
"[14882, 14247, 14309, 15600, 14445]",84022
"[14935, 15502]",35873
"[14935, 15502]",35543
"[14935, 15502]",28465
"[14935, 15502]",35439
"[14935, 15502]",33216
"[14244, 14610]",28313
"[14186, 14802, 14737, 15230]",33688
"[14737, 14792, 19603]",35718
"[15312, 14297]",37604
"[15312, 14297]",36696
"[16510, 16511, 16517]",83997
"[16510, 16511, 16517]",27202
"[20336, 17991, 19603]",84263
"[19615, 21503]",33688
"[20472, 14977]",38355
"[14024, 14320, 14793]",36688
"[16226, 15363, 15654]",32531
"[16302, 14685]",27326
"[17605, 19604]",30827
"[14789, 14780, 14463]",28465
"[15654, 14450]",35982
"[14954, 19604]",29646
"[14954, 19604]",33688
"[14954, 19604]",31756
"[14911, 21661]",36040
"[16226, 16753, 14186, 14954, 14955, 14604, 14780, 14275, 14320]",35884
"[16226, 16753, 14186, 14954, 14955, 14604, 14780, 14275, 14320]",99923
"[16226, 16753, 14186, 14954, 14955, 14604, 14780, 14275, 14320]",35970
"[14320, 15176]",35612
"[14188, 20204, 14318]",35983
"[14792, 19604]",36691
"[14244, 14322]",36075
"[14954, 14194, 14964, 14251, 18959]",35760
"[14954, 14194, 14964, 14251, 18959]",94757
"[14954, 14194, 14964, 14251, 18959]",84261
"[14954, 14194, 14964, 14251, 18959]",28813
"[14954, 14194, 14964, 14251, 18959]",32531
"[14954, 14194, 14964, 14251, 18959]",33294
"[14954, 14194, 14964, 14251, 18959]",35884
"[14954, 14194, 14964, 14251, 18959]",35650
"[14954, 14194, 14964, 14251, 18959]",32520
"[16226, 14964, 18283]",33225
"[14940, 14189]",39702
"[14940, 14189]",83918
"[14940, 14189]",83976
"[14940, 14189]",37768
"[14940, 14189]",99403
"[14940, 14189]",33680
"[14940, 14189]",33249
"[14940, 14189]",97054
"[14713, 15654]",28465
"[14736, 14758]",36004
"[17360, 20212, 16972]",28813
"[17360, 20212, 16972]",37570
"[17360, 20212, 16972]",30494
"[17360, 20212, 16972]",33634
"[17360, 20212, 16972]",35650
"[17360, 20212, 16972]",33077
"[14954, 20212, 16972]",37570
"[14954, 20212, 16972]",33634
"[14954, 14955, 14024, 14275, 20866]",94719
"[14758, 19616]",36539
"[15474, 15572, 14412]",37775
"[15474, 15572, 14412]",97426
"[15572, 14412]",37775
"[15572, 14412]",97426
"[14251, 16972, 15363]",35852
"[14251, 16972, 15363]",37134
"[14251, 16972, 15363]",35970
"[15439, 14685]",37754
"[14954, 14792]",36691
"[16226, 16753, 14450]",32531
"[14940, 15480]",30449
"[17728, 19671]",29614
"[15563, 19614]",36867
"[15563, 19614]",31756
"[19614, 15701]",36867
"[19614, 15701]",31756
"[19614, 14761]",36867
"[19614, 14761]",31756
"[19671, 14408]",99947
"[19671, 14408]",37619
"[19671, 14408]",99581
"[14792, 19615, 17992]",36867
"[14792, 17992]",36867
"[15363, 15654]",32531
"[14737, 14792, 19615]",36691
"[19603, 19604]",28849
"[19603, 19604]",33045
"[19603, 19604]",31756
"[19603, 19604]",31477
"[19603, 19604]",29945
"[19603, 19604]",35732
"[19603, 19604]",32623
"[19603, 19604]",36534
"[14792, 17042]",28849
"[14792, 17042]",33045
"[14792, 17042]",31756
"[14792, 17042]",31477
"[14792, 17042]",33643
"[14792, 17042]",33653
"[14792, 17042]",35732
"[14792, 17042]",32623
"[14792, 17042]",36534
"[15413, 14737]",28849
"[15413, 14737]",29945
"[15413, 14737]",33643
"[15413, 14737]",33653
"[15413, 14737]",35732
"[15413, 14737]",32623
"[15413, 14737]",36534
"[15413, 14186]",29945
"[15413, 14186]",33643
"[15413, 14186]",33653
"[15413, 14186]",35732
"[15413, 14186]",32623
"[15413, 14186]",36534
"[16510, 15413, 14737]",28849
"[16510, 15413, 14737]",33045
"[16510, 15413, 14737]",31756
"[16510, 15413, 14737]",29945
"[16510, 15413, 14737]",33643
"[16510, 15413, 14737]",33653
"[16510, 15413, 14737]",35732
"[16510, 15413, 14737]",32623
"[14411, 15654]",94723
"[14411, 15654]",35612
"[15597, 15654]",39007
"[14817, 14277, 14997, 19615]",36691
"[14186, 14802]",36511
"[14186, 14802]",37002
"[14504, 15413, 14320]",38386
"[14504, 15413, 14320]",39751
"[14504, 15413, 14320]",35565
"[14737, 14792]",37655
"[14411, 14467]",32531
"[14213, 14277]",36194
"[14213, 14277]",84130
"[14034, 15375]",97055
"[20336, 19603]",28849
"[15240, 15670]",33520
"[15240, 15670]",36459
"[15240, 15670]",28582
"[15240, 15670]",89218
"[15240, 15670]",36540
"[14228, 14241]",35453
"[14228, 14241]",35753
"[14714, 15038]",83923
"[14961, 15477]",29664
"[14153, 15431]",37768
"[15654, 14467]",35650
"[14267, 15494, 15056]",99719
"[14267, 15494, 15056]",37805
"[16230, 15033]",33294
"[15092, 14186]",35686
"[16753, 14320, 19281]",32531
"[20360, 20351]",36322
"[20360, 20351]",84009
"[20360, 20351]",37848
"[15377, 14761]",31116
"[15452, 14207, 14267]",32505
"[14188, 14980, 19604]",36512
"[14217, 14276]",37659
"[14186, 14793, 19603]",36050
"[15414, 15030]",94757
"[15414, 15030]",84261
"[14269, 14320]",97051
"[16226, 14964]",33491
"[16226, 14954, 14955, 14030, 14275, 14450]",83868
"[16226, 14954, 14955, 14030, 14275]",83868
"[16028, 19604]",36540
"[16028, 19604]",33520
"[16028, 19604]",36535
"[16028, 19604]",32529
"[16572, 14277]",36691
"[14277, 14412, 15654]",35771
"[14625, 16473]",30756
"[14954, 16972]",36621
"[14954, 16972]",30725
"[14954, 16972]",36511
"[14954, 16972]",33045
"[14954, 16972]",33688
"[14954, 16972]",37297
"[14954, 16972, 19603]",36621
"[14954, 16972, 19603]",30725
"[14954, 16972, 19603]",37694
"[14954, 16972, 19603]",36511
"[14954, 16972, 19603]",33045
"[14954, 16972, 19603]",31477
"[14954, 16972, 19603]",33688
"[14954, 16972, 19603]",37297
"[14954, 16972, 17991, 19603]",36621
"[14954, 16972, 17991, 19603]",30725
"[14954, 16972, 17991, 19603]",37694
"[14954, 16972, 17991, 19603]",36511
"[14954, 16972, 17991, 19603]",33045
"[14954, 16972, 17991, 19603]",31477
"[14954, 16972, 17991, 19603]",33688
"[14954, 16972, 17991, 19603]",37297
"[14186, 14793]",94686
"[17042, 15377]",37619
"[17112, 14954, 14320, 19281]",30494
"[16285, 14954, 14975, 14738]",32186
"[14190, 14737]",29402
"[15111, 17152]",36075
"[15111, 17152]",94782
"[15413, 14737]",36823
"[15413, 14737]",96788
"[15413, 14737]",36829
"[15413, 14737]",96669
"[15413, 14737]",96438
"[15413, 14737]",37303
"[15413, 14737]",96532
"[15413, 14737]",96759
"[15413, 14737]",96758
"[15413, 14186]",36823
"[15413, 14186]",96788
"[15413, 14186]",36829
"[15413, 14186]",36867
"[15413, 14186]",96669
"[15413, 14186]",96438
"[15413, 14186]",37303
"[15413, 14186]",96532
"[15413, 14186]",96759
"[15413, 14186]",96758
"[14737, 21695]",29173
"[14154, 14194, 14028, 14269, 14780, 14607, 16558]",35852
"[14254, 14484]",37805
"[14152, 14668]",83923
"[15036, 20905]",36534
"[15036, 20905]",97299
"[15036, 20905]",96223
"[15036, 20905]",96334
"[15036, 20905]",97300
"[15036, 20905]",37297
"[15036, 20905]",83816
"[15036, 20905]",37423
"[15036, 20905]",37967
"[15036, 20905]",39465
"[14940, 14269, 14320]",39818
"[14940, 14269, 14320]",36263
"[15804, 14604, 15414, 14780, 16972, 15149, 14791, 14713, 15654]",28520
"[14691, 14276]",36035
"[14152, 14691]",36035
"[14030, 15483, 14309]",29229
"[14030, 14309]",29229
"[14024, 14737, 14376, 15025]",35966
"[14277, 14412]",31477
"[14028, 14030]",32384
"[16510, 19615, 17992]",29646
"[14186, 14604, 14737]",35616
"[14411, 19284]",35884
"[14411, 19284]",32531
"[16874, 16067, 14861]",36187
"[16874, 20667]",36187
"[14713, 15654]",35612
"[15414, 15654]",35612
"[15077, 14320, 15240]",30494
"[16226, 14030, 14269]",38961
"[16226, 14954, 14030, 14269]",38961
"[16226, 14954, 14955, 14024, 14275]",35612
"[17605, 19616]",32970
"[14186, 14802, 14737, 15377]",33688
"[14802, 14737, 19615]",33688
"[15377, 21503]",33688
"[15377, 17030]",33688
"[14737, 14792, 19603]",37809
"[14737, 14792, 19603]",29375
"[14737, 14792, 19603]",36678
"[14737, 14792, 19603]",39613
"[15077, 14954]",32520
"[16226, 16753, 14411]",35884
"[16226, 18283]",94687
"[16226, 18283]",36604
"[14802, 14737]",36240
"[16226, 14024, 14975, 14269]",38506
"[16226, 14024, 14975, 14269]",39413
"[14168, 14215]",83924
"[14254, 15859]",31144
"[15654, 15670]",35884
"[15654, 15670]",28465
"[15654, 15670]",35650
"[15596, 19604]",35727
"[14182, 17152]",94782
"[14194, 14251]",35970
"[15419, 14318]",35983
"[15419, 20414]",36954
"[14955, 14194, 14024, 14789, 14780, 16558]",35852
"[14503, 14955, 14194, 14024, 14789, 14780, 16558]",35852
"[14737, 14792, 19615, 17992]",33688
"[14792, 17042, 19616]",96152
"[14792, 17042, 19616]",36004
"[16226, 14030, 18283]",38961
"[16226, 14030, 18283]",32099
"[18416, 19604]",33688
"[15856, 14221]",33680
"[19615, 20597]",29646
"[19616, 15391]",36772
"[19616, 15391]",37655
"[15243, 15391]",36712
"[15243, 15391]",83826
"[15243, 15391]",84147
"[15243, 15391]",84303
"[15243, 15391]",32214
"[15602, 15603]",32622
"[15602, 15603]",27275
"[14186, 14802, 14737, 15036]",33688
"[15292, 15104]",99934
"[19604, 20905]",31756
"[14154, 14182]",38476
"[14154, 14182]",33512
"[14154, 15774, 14182, 14287]",38476
"[14154, 15774, 14182, 14287]",33512
"[16753, 16230, 15654]",33294
"[14604, 14737, 19603]",36514
"[14604, 14737, 19603]",99652
"[14412, 15391]",84263
"[14737, 14792, 14761]",33672
"[19615, 17992]",37655
"[19615, 17992]",36696
"[19615, 17992]",36004
"[15077, 14954, 14320]",98714
"[14940, 14023]",39821
"[17108, 14940, 14023]",39821
"[14954, 14964, 14975, 14738, 16972]",32520
"[14954, 14964, 14975, 14738, 16972]",35760
"[15111, 14963]",36699
"[14184, 14218, 14326, 14484]",37805
"[14181, 14184, 14218, 14326]",37805
"[14218, 15846, 14484]",37805
"[14181, 14218, 15846]",37805
"[19604, 15391]",33688
"[15036, 19615]",35786
"[15036, 19615]",33045
"[15057, 15863]",31477
"[15057, 15863]",37655
"[15057, 15863]",36867
"[14385, 15847]",28208
"[14971, 19604]",36050
"[14971, 19604]",36678
"[14971, 19604]",35612
"[14971, 19604]",32924
"[14971, 19604]",37619
"[14971, 19604]",37554
"[14971, 19604]",37781
"[17042, 19603, 15057]",32924
"[17042, 19603, 15057]",36004
"[17042, 15057]",32924
"[17042, 15057]",36004
"[15292, 14320]",84192
"[14167, 16991]",83828
"[19604, 14462]",35979
"[14376, 14408, 15680]",99947
"[14376, 14408, 15680]",97007
"[14376, 14408, 15680]",36696
"[17991, 15563, 19603]",33653
"[15781, 14399]",83824
"[16588, 14320]",33653
"[16588, 14320]",31116
"[16588, 14320]",36691
"[16226, 15748]",32531
"[16226, 14954, 16972]",95316
"[14030, 15483, 14309]",30583
"[14030, 15483, 14309]",83830
"[14030, 14309]",30583
"[14030, 14309]",83830
"[15391, 15683]",33688
"[15781, 15010]",36187
"[15417, 14144]",83916
"[14736, 14758, 15599]",84263
"[16588, 14686]",83952
"[15597, 19604]",35612
"[15597, 19604]",35760
"[14969, 15010]",33618
"[14780, 14791]",28520
"[14954, 16972]",28502
"[14954, 16972]",37655
"[14954, 16972]",36766
"[16226, 16753, 14954, 14955, 14024, 14275, 14713, 20866, 14411]",35884
"[19663, 19671]",83776
"[14127, 14546, 14320]",36785
"[14954, 16972]",37390
"[15002, 15020]",36240
"[14758, 14792]",36004
"[14758, 14792]",29945
"[14758, 14792]",37002
"[15413, 14793]",36078
"[14154, 14238]",32950
"[14154, 14238]",36147
"[14737, 15036]",99947
"[14945, 15230]",29646
"[15101, 16721]",37570
"[15597, 16721]",37570
"[15302, 15450]",35573
"[14510, 16296]",83924
"[14503, 14628, 14954, 14955, 14194, 14024, 14789, 14030, 14780, 14275, 14764, 14320]",35867
"[14503, 15429, 14628, 14954, 14955, 14194, 14024, 14789, 14030, 14780, 14275, 14764, 14608, 14320]",35867
"[14503, 14954, 14955, 14194, 14024, 14789, 14030, 14780, 14764, 14320]",35867
"[14503, 14954, 14955, 14194, 14024, 14789, 14030, 14780, 14764]",35867
"[14604, 14737, 14608]",29993
"[15243, 15391]",84263
"[15243, 15391]",36757
"[14940, 15292]",97051
"[14186, 14275]",36004
"[14277, 14462]",37348
"[14663, 19616]",36678
"[14663, 19616]",99947
"[14663, 14408, 19616]",36678
"[14663, 14408, 19616]",99947
"[15413, 14926, 14792]",36512
"[15413, 14186, 14926, 14792]",36512
"[18102, 19604]",36050
"[15781, 15010]",39798
"[15847, 14475]",97071
"[15414, 15654]",39124
"[17112, 14030]",84170
"[14231, 14612]",89218
"[19616, 21726]",33045
"[19616, 21726]",35607
"[14991, 15148]",38957
"[14207, 15030]",99572
"[14207, 15030]",30039
"[19616, 21726]",99947
"[19616, 21726]",99581
"[19616, 21726]",97069
"[14030, 14376, 14462]",37619
"[16230, 15654]",36425
"[14944, 14215]",36035
"[14944, 14215]",33658
"[16510, 14462]",32214
"[16510, 14462]",35790
"[14997, 14412]",35612
"[15822, 15352]",31144
"[14612, 15036]",36540
"[14612, 15036]",39750
"[14954, 16972, 15363]",84107
"[14954, 14737, 14275, 14792]",37655
"[17040, 15036]",37775
"[14954, 17991, 19603]",97007
"[16510, 19614]",33653
"[17991, 15596, 19603]",33653
"[17545, 14461]",28465
"[14954, 16972]",37170
"[16572, 16471]",30756
"[14736, 14231, 14758]",84263
"[14034, 20358]",36045
"[14663, 14954, 16972]",37065
"[17351, 19614]",36691
"[14277, 19614]",36691
"[14736, 14758]",36539
"[15271, 14186]",37002
"[16510, 19603, 19604, 19614]",33653
"[16510, 19603, 19604, 19614]",37600
"[16510, 19603, 19604, 19614]",31116
"[19603, 19604]",37600
"[19603, 19604]",31116
"[19603, 19604, 19614]",33653
"[19603, 19604, 19614]",37600
"[19603, 19604, 19614]",31116
"[19604, 19615]",33653
"[19604, 19615]",37600
"[19604, 19615]",31116
"[19615, 17992]",37600
"[15420, 15452, 14230, 14980, 14291, 14309, 14995, 21506]",97502
"[15420, 14230, 14980, 14291, 14995, 21506]",97502
"[14780, 15149, 16495]",28465
"[15877, 14539]",36483
"[14188, 16991, 18590]",35525
"[14188, 16991, 18590]",84306
"[14202, 14959, 14327]",33598
"[20336, 20215]",32214
"[14408, 19604]",97007
"[15126, 15818]",29296
"[15126, 15818]",36447
"[15126, 15818]",28780
"[19604, 14462]",32214
"[17991, 19603]",36078
"[14954, 14320, 19603, 15240]",96948
"[16226, 16753, 14194]",36425
"[14154, 14287, 14320]",99934
"[14320, 15367, 20158]",95060
"[17991, 19603]",36416
"[14299, 15232]",83903
"[16572, 14793, 19603]",99947
"[16572, 14793, 19603]",36696
"[16572, 14793, 19603]",97007
"[14975, 14269]",28547
"[15414, 15654]",37656
"[15414, 15654]",84277
"[15414, 15654]",39580
"[15414, 15654]",83769
"[15493, 17273]",83842
"[15418, 15102]",33618
"[14412, 21095]",89218
"[17584, 17585]",37784
"[17584, 17585]",28158
"[14207, 15670]",29194
"[14207, 15670]",39255
"[15456, 17999]",91609
"[15456, 17999]",37805
"[15414, 15654, 14463]",39007
"[15414, 15654, 14463]",37576
"[15781, 15010]",33598
"[15781, 15010]",84119
"[14347, 18119]",36643
"[15092, 14954, 17042]",32307
"[15092, 14954]",32307
"[15413, 14793, 17042]",28344
"[15413, 14793]",28344
"[17991, 15596, 19603]",83816
"[17991, 15596, 19603]",36888
"[17991, 15596, 19603]",97421
"[14604, 14608, 15230]",36748
"[15094, 14598, 14320]",35530
"[15094, 14598, 14320]",36050
"[15094, 14598, 14320]",31116
"[15094, 14598, 14320]",36512
"[15414, 15654]",28502
"[15414, 15654]",32844
"[15781, 15030]",35982
"[15596, 19604]",36004
"[14154, 14607]",33688
"[15271, 14190, 14758]",96048
"[15271, 14190, 14758]",96529
"[15271, 14190, 14758]",32970
"[15271, 14190, 14758]",36911
"[15077, 14954, 14320, 20158]",95986
"[14291, 14995, 20372]",97502
"[14291, 20372]",97502
"[16972, 14608]",28465
"[16972, 14608]",28813
"[15599, 19603]",29646
"[14937, 15013]",28208
"[16588, 15201, 20521]",28208
"[15111, 20315]",36694
"[14802, 15596]",33688
"[14802, 15596]",36867
"[14802, 15596]",30725
"[16578, 14470]",35966
"[14320, 19281, 15367, 20158]",96948
"[14194, 14961]",29078
"[14376, 15057]",99947
"[14408, 15057]",99947
"[14408, 15698]",97007
"[14408, 15698]",99947
"[14155, 14187, 17356, 15377]",33688
"[15077, 14320, 15367, 20158]",30494
"[14184, 14326, 15846]",35871
"[14184, 14326, 15846]",37672
"[14184, 14326, 15846]",37809
"[14296, 15344]",35760
"[15419, 14980]",37784
"[15414, 14713]",28813
"[14954, 14793]",36104
"[17950, 14475]",28208
"[17950, 14475]",33593
"[16226, 14604, 14737, 14608, 14450]",35884
"[16226, 14604, 14737, 14608, 14450]",35982
"[16226, 14604, 14737, 14608, 14450]",37397
"[16226, 14604, 14737, 14608, 14450]",38290
"[17407, 14168, 16690, 14308]",37334
"[17407, 14168, 16690, 14308]",35874
"[17407, 14168, 16690, 14308]",35970
"[17407, 14168, 16690, 14308]",36540
"[16690, 14308]",37334
"[16690, 14308]",35874
"[16690, 14308]",35970
"[16690, 14308]",36540
"[20212, 16972]",35852
"[20212, 16972]",84277
"[20212, 16972]",84276
"[20212, 16972]",36917
"[20212, 16972]",32531
"[20212, 16972]",90237
"[20212, 16972]",39883
"[17351, 14737, 14792, 17355]",36691
"[16510, 14802, 14737, 14792, 19614]",33688
"[16572, 14376, 14761]",35966
"[20336, 19603]",32214
"[16753, 14954, 16972]",30494
"[16588, 14194]",29078
"[15596, 19603]",33641
"[15596, 19603]",36514
"[15036, 19491]",39750
"[15036, 19491]",37496
"[15419, 14167]",28983
"[17360, 14954]",28465
"[17360, 14954]",28813
"[17360, 14954]",32520
"[14241, 17152]",36080
"[15081, 14196]",37765
"[14411, 15671]",35982
"[19604, 15230]",35817
"[19604, 15230]",35704
"[14347, 14765, 19614]",36001
"[20336, 15670]",84303
"[20336, 15670]",32214
"[14765, 19614]",36078
"[14738, 16972, 14868]",28465
"[15134, 15597]",83871
"[15134, 15597]",36231
"[15530, 15597]",83871
"[16352, 14881]",33598
"[19604, 14462]",36712
"[14802, 19604]",36712
"[15429, 14186, 14954, 14955, 14231, 14604, 15315, 20336, 14737, 14275, 14608, 20586]",30835
"[14738, 20212, 14868]",30835
"[15243, 15391]",97069
"[14186, 19604]",39462
"[14719, 14954, 14737, 14792]",36691
"[17398, 14954, 16972]",99947
"[17605, 14186, 14190, 19603]",32541
"[15414, 14780, 14713, 15654]",28465
"[15413, 14186, 14320, 14514, 19603]",37133
"[16226, 15363, 15681]",35884
"[15602, 15603]",36944
"[19615, 17992]",37053
"[14215, 15847]",28208
"[14215, 15847]",36286
"[20336, 14462]",37496
"[14231, 20336, 14462]",37496
"[17991, 19603]",33188
"[17991, 19603]",36701
"[14934, 14174, 14194]",38024
"[17112, 14780, 16972, 14463]",28465
"[15271, 15413, 14186, 14190, 19604]",35624
"[17605, 16962]",28849
"[17108, 15414]",28465
"[17108, 15414]",28813
"[16753, 15563]",33294
"[14950, 15316]",32243
"[14940, 15292]",35612
"[19614, 14468]",29173
"[15057, 14467]",99947
"[19604, 15670]",33688
"[19604, 15670]",28849
"[14793, 15670]",28849
"[16753, 19615]",36512
"[16753, 19615]",36881
"[16753, 19615]",36766
"[17991, 15563, 19603]",36512
"[14737, 14792, 15036]",37711
"[16510, 14736, 14758, 19604]",84263
"[19603, 21707]",33688
"[19603, 21707]",35979
"[20126, 14700]",38024
"[20336, 19603]",36712
"[16226, 19604]",38290
"[14737, 14792, 15036]",37038
"[14411, 15654]",32213
"[19604, 15654]",33688
"[19604, 15654]",35612
"[14758, 15654]",36691
"[14758, 15654]",35612
"[15321, 14610]",36691
"[20169, 15321]",36691
"[16588, 14186]",31107
"[14736, 14758]",36691
"[17605, 14792]",36678
"[15597, 15263]",96793
"[14738, 20212, 16972]",35760
"[14738, 20212, 16972]",28465
"[14738, 20212, 16972]",35982
"[17407, 20218]",28262
"[15077, 15654]",99923
"[15077, 15654]",95316
"[15077, 15654]",98604
"[16226, 14954, 16972, 15363]",35982
"[19604, 15230]",37694
"[15596, 19614]",31756
"[14558, 14244, 14610]",37710
"[15391, 15054]",31116
"[15391, 15054]",37496
"[14912, 15134]",29761
"[14277, 14997]",36772
"[15425, 14195, 20207]",99850
"[15425, 14195, 20207]",33593
"[15425, 14195, 20207]",99989
"[15425, 14195, 20207]",36040
"[15425, 14195, 20207]",33575
"[15425, 14195, 20207]",28478
"[15425, 14195, 20207]",35638
"[14147, 14235]",36322
"[15597, 15602]",28849
"[15597, 15602]",36881
"[15474, 14462]",97426
"[19604, 15036]",33045
"[15096, 15316, 14737, 14607, 14792, 14320]",29945
"[20402, 14910, 14247, 14267, 14286, 15494]",37805
"[20402, 14910, 14247, 14267, 14286, 15494]",32505
"[20402, 14910, 14247, 14267, 15494]",37805
"[20402, 14910, 14247, 14267, 15494]",32505
"[15302, 20569]",37870
"[15344, 19603]",37619
"[15344, 17991, 19603]",37619
"[14940, 14244]",36578
"[14940, 14244]",36416
"[14940, 14244]",33688
"[14940, 14322]",36578
"[14940, 14322]",36416
"[14940, 14322]",33688
"[14347, 15267]",39873
"[14347, 15267]",39872
"[15419, 14347]",37691
"[15419, 14347]",37828
"[19603, 19604, 19614, 19615, 19616]",36867
"[15596, 19603]",36906
"[15596, 19603]",33643
"[15243, 15391]",36298
"[15419, 14347]",39873
"[14194, 14320, 14794]",35852
"[17398, 15563]",39873
"[17398, 15612]",39873
"[20169, 17221]",27670
"[15419, 14347, 15563]",39873
"[14785, 14969, 15781, 14297, 15010]",39873
"[15419, 14347]",100015
"[14503, 17534]",94959
"[14713, 20866]",35650
"[17351, 15474, 17355]",84130
"[17351, 14758, 17355]",84130
"[16226, 14450]",84332
"[15761, 15419]",39873
"[15761, 14347]",39873
"[15761, 15419, 14347]",39873
"[14802, 14737, 19604]",35686
"[15419, 14347]",36080
"[14579, 14347]",37828
"[15419, 14347, 15662]",39873
"[14961, 14215, 15781]",39873
"[14961, 14215]",39873
"[14961, 15781]",39873
"[14215, 15781]",39873
"[14202, 14217]",38899
"[14975, 19615]",33688
"[15419, 20204]",33474
"[14027, 15493]",29924
"[15774, 14320]",38215
"[15774, 14320]",30449
"[14194, 19615]",37232
"[16510, 19614]",35727
"[19604, 14468]",29173
"[17605, 14186]",37552
"[17605, 14186]",35718
"[14024, 14028]",39873
"[14347, 14466]",39873
"[14412, 19616]",37655
"[14412, 19616]",97426
"[14412, 19616]",84130
"[14971, 15189]",83996
"[14971, 15189]",37604
"[16226, 15413, 14186]",36678
"[14503, 15413, 14736]",37133
"[15856, 14610]",39873
"[15856, 14610]",39872
"[15856, 14610]",33390
"[15856, 14610]",37828
"[15419, 14347]",39733
"[15125, 14758, 14456]",84130
"[14186, 14793, 19614]",31116
"[14186, 14802, 19614]",31116
"[14737, 14793]",98577
"[15419, 14347]",35552
"[15419, 14347]",33594
"[15477, 14297, 15901]",28208
"[14186, 19604]",39613
"[14937, 15446, 14971]",97895
"[14186, 14736, 14190, 14758]",29945
"[14186, 14802, 14604, 14737, 14792, 15036]",36812
"[14186, 14802, 14604, 14737, 14792, 15036]",33688
"[14186, 14802, 14604, 14737, 14792, 19615]",36812
"[14186, 14802, 14604, 14737, 14792, 19615]",33688
"[15413, 14793]",36867
"[15413, 14793]",31756
"[14954, 14955, 20156]",33715
"[15092, 14954, 20156]",33715
"[14213, 14997]",83952
"[14213, 14997]",36940
"[14213, 14997]",33593
"[14347, 14407]",38435
"[14347, 14407]",39873
"[17360, 20212, 16972, 15563]",35760
"[20212, 16972, 15563]",35760
"[15477, 15901]",33658
"[14206, 20336]",84303
"[15455, 17236, 17237]",99032
"[15666, 15267]",39873
"[14186, 14955, 15154, 15622]",31067
"[14186, 14955, 15154]",31067
"[14503, 15413, 14604, 14320]",94959
"[14146, 16635, 14510, 14774]",39873
"[16635, 14510, 14774]",39873
"[14969, 15781, 14991]",83824
"[16510, 14792, 19614]",37655
"[15563, 15267]",39873
"[15148, 17903]",38957
"[15302, 14844, 20569]",37835
"[15302, 20569]",37835
"[14024, 14975, 14269]",28772
"[17991, 15596, 19603]",28455
"[17991, 15596, 19603]",97413
"[17991, 15596, 19603]",38821
"[17991, 15596, 19603]",37327
"[17991, 15596, 19603]",94638
"[17991, 15596, 19603]",33643
"[15077, 14320, 15670]",96948
"[14320, 15670]",96948
"[16226, 15654]",38290
"[17991, 19603]",33519
"[17991, 19603]",95979
"[17991, 19603]",37427
"[17991, 19603]",30846
"[17991, 19603]",32552
"[19604, 15036]",31477
"[17351, 14737, 14793, 17355]",84130
"[14206, 14347]",39873
"[14206, 14347]",37828
"[17524, 15154, 15670]",32214
"[16510, 15670]",32214
"[16226, 19604, 14411]",36425
"[16226, 19604, 14411]",37496
"[14604, 14737, 15654, 19614]",29173
"[15654, 19614]",29173
"[16753, 14954, 14955, 14030, 14275]",94694
"[15179, 21287]",35802
"[16510, 15377]",37232
"[19604, 15230]",37655
"[15584, 15596]",36514
"[17605, 14758, 14792, 14793]",36678
"[14186, 19604]",36196
"[14186, 19604]",36828
"[17351, 19604, 14708]",36480
"[17351, 19604, 14708]",36004
"[17351, 19604, 14708]",96152
"[17351, 19604, 14708]",29402
"[17351, 19604, 14708]",33045
"[17351, 19604, 14708]",35607
"[17351, 14736, 14758, 19604, 14708]",36480
"[17351, 14736, 14758, 19604, 14708]",36004
"[17351, 14736, 14758, 19604, 14708]",96152
"[17351, 14736, 14758, 19604, 14708]",29402
"[17351, 14736, 14758, 19604, 14708]",33045
"[17351, 14736, 14758, 19604, 14708]",35607
"[17351, 14736, 14758, 14708]",36480
"[17351, 14736, 14758, 14708]",36004
"[17351, 14736, 14758, 14708]",96152
"[17351, 14736, 14758, 14708]",29402
"[17351, 14736, 14758, 14708]",33045
"[17351, 14736, 14758, 14708]",35607
"[16226, 19603, 14467]",37647
"[15462, 14980, 14309]",97502
"[15414, 15654]",39007
"[16753, 15748]",95316
"[14024, 14269]",35874
"[16226, 15413, 14186, 14320]",95316
"[15867, 15230]",29646
"[15867, 15230]",37765
"[14954, 14737, 14275, 14758, 14792, 19604]",37655
"[14954, 14737, 14275, 14758, 14792, 19604]",37775
"[14736, 14190, 14231, 14758]",36416
"[15596, 19614]",97007
"[15596, 19614]",36696
"[15450, 14215]",35612
"[15450, 14215]",37828
"[15413, 14186, 19615]",38386
"[15481, 20212]",31883
"[16510, 15036]",84263
"[14186, 20336, 19603]",36541
"[15761, 15419]",35552
"[14376, 14700]",99947
"[15419, 14184, 14346, 14347]",39873
"[15419, 14184, 14346, 14347]",37828
"[15419, 14184, 14346, 14347]",100015
"[14023, 16511]",35823
"[14450, 19615]",36425
"[14405, 14467]",30749
"[14405, 14467]",36944
"[14405, 14467]",37509
"[14405, 14467]",95104
"[14405, 14467]",36704
"[14347, 17991, 19603]",33653
"[14347, 19603]",33653
"[17991, 19603]",36715
"[15285, 14247]",39873
"[15762, 15836]",36035
"[14836, 14582]",36035
"[15099, 14962]",32033
"[14802, 14737, 19615]",31116
"[20412, 20249]",37844
"[14737, 14792]",32970
"[17991, 15596, 19603]",29646
"[14604, 14737, 19615]",29173
"[14604, 14737, 19615]",31116
"[14944, 16853]",33593
"[14944, 16853]",36035
"[15077, 14320, 20158]",33591
"[14320, 15563]",37828
"[14320, 15563]",33390
"[14320, 15563]",37691
"[14320, 15563]",37827
"[14320, 15563]",35831
"[14320, 15563]",35553
"[14964, 20336]",37487
"[14964, 20336]",84303
"[15414, 20866]",84107
"[15413, 14186, 14190]",33045
"[15413, 19614]",37983
"[15413, 19614]",33688
"[14610, 15667]",38957
"[14610, 15667]",38242
"[14610, 15667]",28899
"[14761, 14462]",37775
"[14761, 14462]",97426
"[14761, 14462]",36772
"[14848, 14528]",83934
"[17229, 15855]",29345
"[19604, 15036]",31107
"[19604, 15036]",36665
"[14200, 14202, 14327]",33598
"[14200, 14202, 14327]",36499
"[20405, 15862]",35592
"[15176, 15602]",36713
"[15176, 15602]",36712
"[16588, 14317]",38928
"[16588, 14317]",28208
"[16588, 14317]",36694
"[14317, 17903]",38928
"[14317, 17903]",28208
"[14317, 17903]",36694
"[15414, 15602, 15654]",39007
"[15414, 15602, 15654]",32844
"[14320, 15267]",39873
"[15101, 15316, 14320, 15267]",39873
"[15877, 14320, 15267]",39873
"[14934, 14320, 15267]",39873
"[14320, 21792, 15267]",39873
"[14320, 15349, 15267]",39873
"[14320, 18576, 15267]",39873
"[15144, 14450]",35584
"[14737, 14792, 19604]",36678
"[14024, 14338]",39873
"[15284, 15267]",39873
"[15563, 15267]",39872
"[15414, 16495]",28502
"[15414, 16495]",28813
"[15414, 16495]",37570
"[15020, 19603]",35727
"[15285, 14662]",39873
"[14737, 14792]",36824
"[14737, 14792]",37297
"[14737, 14792]",36819
"[14737, 14792]",97300
"[18756, 15035]",38957
"[14792, 17042]",29402
"[14972, 15029]",36483
"[14761, 14456]",31477
"[20402, 14910, 14267, 14286, 14298]",39696
"[16588, 15450]",39873
"[15073, 16588]",39873
"[17351, 19604]",36000
"[17351, 19604]",37017
"[17351, 19604]",96152
"[16510, 19614]",37967
"[16510, 19614]",36534
"[16510, 19614]",32623
"[15363, 19604]",29993
"[15363, 19604]",37496
"[15243, 15391]",95056
"[15243, 15391]",36925
"[14402, 15654]",28465
"[14402, 15654]",35982
"[14402, 15654]",37390
"[17351, 19604, 14708]",36691
"[17351, 19604, 14708]",84130
"[17351, 19604, 14708]",35742
"[14253, 14291]",83953
"[17605, 14736, 14190, 14231, 21481, 19616]",84263
"[14961, 14320]",35970
"[14194, 20336, 14411]",36425
"[14194, 20336, 14411]",35650
"[14545, 14332]",84122
"[14338, 16667]",39873
"[14184, 15034, 14428]",37805
"[14184, 15034, 14428]",32505
"[15034, 14428]",37805
"[15034, 14428]",32505
"[19604, 15230]",35792
"[19604, 15230]",36824
"[19604, 15230]",36000
"[19604, 15230]",36424
"[19604, 15230]",35773
"[19604, 15230]",36618
"[19604, 15230]",37900
"[19604, 15230]",33697
"[16753, 14269, 15670]",96948
"[14347, 14462]",36691
"[14277, 14412]",35612
"[15474, 14412]",35612
"[14785, 14291, 14995]",83889
"[16226, 15333]",38388
"[15474, 14412]",36691
"[15243, 15391]",33688
"[14221, 14656]",33680
"[15982, 15014]",38436
"[14150, 14241]",94782
"[14150, 14241]",35546
"[14150, 14241]",36661
"[15774, 15111]",94782
"[15774, 15111]",35546
"[15774, 15111]",36661
"[14269, 14774]",39873
"[14269, 14774]",39733
"[14269, 14774]",35765
"[15419, 15425]",39873
"[16226, 14954, 14955, 14024, 14275, 14450]",35884
"[14911, 14286, 21661]",36040
"[14934, 14911, 21661]",36040
"[14954, 15781, 14758, 15599]",36416
"[14954, 15781, 14758, 15599]",37619
"[20339, 20254]",33677
"[15413, 14275, 14793, 19603]",36540
"[14992, 15698]",39750
"[14992, 15698]",35760
"[14992, 15698]",33294
"[14992, 15698]",35650
"[14992, 15698]",35884
"[14992, 15698]",37427
"[14992, 15698]",28344
"[14992, 15698]",97324
"[14992, 15698]",36621
"[14992, 15698]",33519
"[14286, 15698]",39750
"[14286, 15698]",35760
"[14286, 15698]",33294
"[14286, 15698]",35650
"[14286, 15698]",35884
"[14286, 15698]",37427
"[14286, 15698]",28344
"[14286, 15698]",97324
"[14286, 15698]",36621
"[14286, 15698]",33519
"[20478, 14484]",35651
"[20478, 14484]",37752
"[16753, 20642]",28813
"[15597, 15674]",83871
"[15597, 15674]",27626
"[14308, 19566]",97072
"[14308, 19566]",39692
"[15316, 16036]",39873
"[15377, 14462]",31116
"[14190, 14793]",29945
"[14190, 14793]",36231
"[14190, 14793]",35849
"[17351, 17355, 19614]",39750
"[14765, 14405, 19614]",39750
"[14765, 19614]",39750
"[14935, 14163, 15748]",35651
"[14602, 14995, 15748]",35651
"[16510, 14761]",35792
"[16510, 14761]",36533
"[16510, 14761]",35777
"[16510, 14761]",33672
"[16510, 14761]",35773
"[16510, 14761]",37900
"[16510, 14761]",33697
"[16510, 14761]",36824
"[16510, 14761]",36424
"[16510, 14761]",36408
"[16510, 14761]",35840
"[16510, 14761]",35744
"[16510, 14761]",35446
"[16510, 14761]",36240
"[15496, 16036]",83976
"[14685, 14024]",95075
"[16588, 14954]",36691
"[17605, 19616]",84263
"[14599, 14034]",37888
"[14983, 14034]",37888
"[14663, 17991, 19603]",35727
"[15597, 15670]",83871
"[14347, 15602]",36232
"[14347, 15602]",36959
"[14347, 15602]",33686
"[14347, 15602]",33045
"[14737, 14792, 19615]",32541
"[14024, 14347]",29078
"[14024, 14347]",35639
"[14277, 14758]",97426
"[14737, 14792]",35718
"[15654, 14467]",35884
"[15654, 14467]",95316
"[14141, 18277]",83917
"[14141, 18277]",99810
"[14024, 14376, 14761]",36688
"[16753, 15414]",37647
"[16753, 15414]",96562
"[16753, 15414]",96948
"[16226, 14740]",37397
"[14207, 14794, 15187, 15572]",30039
"[15036, 19615]",36867
"[19641, 15367]",30494
"[16226, 14604]",98714
"[17605, 17711]",84263
"[17605, 14231, 17711]",84263
"[16226, 14320, 19611]",83934
"[16226, 14320, 19611]",29935
"[17351, 17355]",84130
"[17351, 17355]",37232
"[15419, 14347]",33390
"[16352, 16216]",37765
"[16352, 16216]",94774
"[16352, 16216]",38035
"[17585, 15267]",39873
"[17883, 15267]",39873
"[14186, 14737, 14758]",37775
"[14186, 14737, 14758]",37655
"[14934, 14028]",35916
"[14298, 15847]",28208
"[14298, 15847]",33658
"[16588, 15856]",39873
"[14598, 14656]",28313
"[14579, 14662, 14347]",39873
"[17991, 19603]",39297
"[15654, 15670]",95316
"[16226, 15413, 14736, 15670]",95316
"[16226, 15363, 15670]",95316
"[16226, 15363, 15670, 15681]",95316
"[16226, 14411, 15670]",95316
"[16226, 15670, 15681]",95316
"[16226, 16753, 15670]",95316
"[14954, 16972]",36425
"[17991, 19603, 14468]",29173
"[14604, 14737, 19614]",29173
"[15413, 14186, 14802, 14737, 14792, 19614]",33688
"[15419, 14466]",35584
"[15419, 14466]",39873
"[14277, 14462]",36691
"[15094, 15174]",97074
"[15094, 15174]",36967
"[20336, 15036]",32214
"[20336, 15036]",37487
"[17991, 19603]",29375
"[15420, 14980, 14291, 14995]",97502
"[14619, 16671]",27361
"[14619, 16671]",27859
"[14186, 14604, 14737, 19614]",29173
"[19604, 15698]",36678
"[19603, 15057]",36535
"[16226, 15363, 14450]",32213
"[14955, 14231, 20156, 14608]",33715
"[14955, 20156, 14275, 14608]",33715
"[14955, 20156, 14608]",33715
"[14955, 14231, 20336]",33715
"[14955, 14231, 15599]",33715
"[14106, 21540]",84087
"[14106, 21540]",35646
"[14154, 14269, 14607, 16230]",94687
"[19604, 15036]",35727
"[19603, 19604, 19614, 19615, 19616]",35620
"[19603, 19604, 19614, 19615, 19616]",37305
"[14954, 14955, 14604, 15315, 14275, 14320]",33077
"[14737, 19604, 15036]",99924
"[14934, 15805, 14964, 14738, 16972]",28813
"[14934, 15805, 14964, 14738, 16972]",27610
"[14934, 15805, 14964, 14738, 16972]",35457
"[14934, 15805, 14964, 14738, 16972]",35958
"[14934, 15805, 14964, 14738, 16972]",28969
"[14934, 15805, 14964, 14738, 16972]",29161
"[15036, 19615]",35732
"[19604, 15230]",37809
"[19604, 15230]",32535
"[20288, 20298, 20214]",37171
"[14737, 14792]",35738
"[14737, 14792]",36665
"[15452, 15462, 14291]",97502
"[15462, 15473, 14291, 14995]",97502
"[15143, 18988]",39873
"[15143, 18988]",37828
"[14024, 14273]",36041
"[14024, 14273]",37659
"[14024, 14273]",38039
"[14024, 14273]",27859
"[14306, 14385]",28208
"[14719, 14954, 14817, 16581, 19603]",36691
"[17351, 14736, 14758, 19614]",29945
"[17351, 14736, 14758, 19614]",96152
"[14411, 14450, 15748]",32531
"[14836, 14030]",33678
"[14836, 14030]",38388
"[15428, 14758]",37655
"[14024, 14793, 14457]",99947
"[14024, 14269, 14376, 14457]",99947
"[14918, 16550]",27751
"[15444, 14213, 14817, 14277, 14997]",36691
"[14213, 14997]",39858
"[14954, 14320, 15367, 20158]",30494
"[14964, 14251]",32520
"[14964, 14251]",33634
"[15002, 15020]",36612
"[17111, 15267]",39873
"[17111, 15267]",39733
"[16844, 15483]",95488
"[16302, 14208]",27326
"[14186, 14736, 14190, 14758]",36004
"[15377, 21087]",33688
"[16510, 15413, 14186, 19614]",36959
"[15413, 14186, 19614]",36959
"[15462, 14291]",33601
"[15462, 14291]",83889
"[15462, 14291]",97502
"[15462, 14291]",29945
"[15462, 14291]",36048
"[19604, 15036]",37655
"[21566, 16517]",36260
"[21566, 16517]",28668
"[21566, 16517]",28869
"[14411, 14450, 14467]",35982
"[17112, 14780, 15149]",28520
"[14780, 15654, 16495]",28520
"[15414, 15654, 16495]",28520
"[14154, 14266, 14269, 16232]",84168
"[14154, 14266, 14269, 16232]",35659
"[15030, 19620]",35852
"[15781, 15010]",95414
"[14466, 15267]",39873
"[14291, 15144, 19566]",83889
"[14291, 15144, 19566]",84039
"[14291, 15144, 19566]",29945
"[14291, 15144, 19566]",97502
"[15092, 15413, 14802, 14231, 15481]",31107
"[15420, 14839, 17197, 21408]",83889
"[15420, 14839, 17197, 21408]",97502
"[15420, 14291, 14995]",83889
"[15420, 14291, 14995]",97502
"[14177, 15148]",83903
"[14177, 15148]",38957
"[19604, 19616]",37305
"[19604, 19616]",31756
"[17495, 19604]",35727
"[14206, 15207, 15022]",83849
"[19615, 15698]",36881
"[14790, 14426]",83849
"[17729, 20189]",29614
"[17729, 20189]",84275
"[14737, 17991, 15025, 19603]",97007
"[14792, 15036, 19615]",36691
"[15450, 14347]",39873
"[21056, 19614]",29646
"[17495, 14954, 17991, 19604]",37619
"[14426, 14739]",37784
"[17112, 14738, 16972, 14713]",28813
"[14599, 15450, 14347]",39873
"[14599, 14347]",39873
"[14954, 16972]",33715
"[14954, 16972]",33519
"[14954, 16972]",33520
"[14954, 16972]",28873
"[14954, 16972]",36527
"[15416, 14952]",97074
"[15425, 15010]",39873
"[14828, 14910, 14882, 14247, 15600]",84022
"[14412, 15243, 15391]",33653
"[14412, 15243, 15391]",39751
"[14758, 14708]",36691
"[15414, 16230, 15654]",33294
"[14194, 15982, 15324]",29265
"[17727, 17728]",29265
"[14154, 14182]",36691
"[15302, 15450]",84267
"[15302, 15450]",84024
"[15302, 15450]",97162
"[15302, 20569]",84267
"[15302, 20569]",84024
"[15302, 20569]",97162
"[14466, 15267]",39733
"[17524, 21616]",39746
"[15425, 15450]",39873
"[19604, 15230]",37232
"[15419, 14579, 14305]",39873
"[16510, 14604, 14737, 19614]",29173
"[17585, 15563]",39873
"[17585, 15563]",37828
"[14802, 14737, 14792]",37651
"[14802, 14737, 14792]",31116
"[17435, 14677]",28495
"[15292, 14320]",97579
"[17495, 17991, 19604]",37619
"[16510, 15413, 14737, 19614]",37655
"[16226, 14934]",94687
"[14954, 14024]",94687
"[14736, 14190, 14793, 19604, 15230, 21481]",29945
"[14024, 14376, 15036]",35966
"[19614, 14462]",35966
"[19614, 14462]",99947
"[15078, 14981]",36678
"[17335, 21616]",33688
"[14162, 14202]",35639
"[14162, 14202]",94965
"[14162, 14202]",84138
"[15856, 14338]",39873
"[16226, 14411, 15654]",35982
"[14694, 14954, 14275, 14761]",36691
"[14954, 14275, 14761]",36691
"[14737, 14792, 14761]",36691
"[14792, 14761]",36691
"[14320, 18583]",99831
"[14320, 18583]",94962
"[14320, 18583]",29887
"[14719, 14954, 14737, 14792]",37655
"[20456, 14185, 14205, 18313, 14332]",37787
"[19604, 15230]",36538
"[14737, 14792, 19614]",35833
"[14737, 14792, 19614]",36854
"[14737, 14792, 19614]",35785
"[16510, 14190, 14231, 21481]",28849
"[16510, 14190, 14231, 21481]",84263
"[17605, 14190, 14231, 21481]",28849
"[17605, 14190, 14231, 21481]",84263
"[15450, 14347, 15563]",39873
"[15450, 14347, 15563]",35552
"[16753, 14320, 20158, 15670]",30494
"[14320, 14466, 15267]",39873
"[14320, 14697]",39873
"[14794, 14359]",28780
"[17351, 14758, 19604, 14708]",36691
"[17351, 14758, 19604, 14708]",84130
"[17605, 14231, 14405]",84263
"[16226, 14954, 14024, 14275, 15654, 15681]",35884
"[14954, 16972, 15363]",95316
"[14954, 16972, 15363]",99923
"[14954, 16972, 15363]",84160
"[14954, 16972, 15363]",35970
"[14954, 16972, 15363]",36425
"[16226, 16230]",33294
"[16226, 16230]",38290
"[14954, 14955, 14024, 14604, 14275]",94719
"[14954, 14955, 14024, 14604, 14275]",37992
"[14954, 14955, 14024, 14604, 14275]",37653
"[14954, 14955, 14024, 14604, 14275, 15671]",94719
"[14954, 14955, 14024, 14604, 14275, 15671]",37992
"[14954, 14955, 14024, 14604, 14275, 15671]",37653
"[14954, 14955, 14024, 14604, 14275, 15671]",84107
"[14954, 14955, 14024, 14604, 15414, 14275]",94719
"[14954, 14955, 14024, 14604, 15414, 14275]",37992
"[14954, 14955, 14024, 14604, 15414, 14275]",37653
"[14954, 14955, 14024, 14604, 15414, 14275]",84107
"[14186, 14792]",32541
"[14024, 14964, 15822]",95843
"[14024, 14964, 14269, 15822]",95843
"[14024, 14793, 14376]",35966
"[14024, 14376, 14761]",35966
"[15377, 15388]",33688
"[20336, 17991, 19603]",32214
"[20336, 17991, 19603]",84303
"[20336, 17991, 19603]",36712
"[19615, 17992]",29945
"[14061, 14541]",37171
"[14969, 15781, 14297, 14298]",33598
"[14320, 15666, 15267]",39873
"[14320, 15666]",39873
"[16226, 14604, 14737, 14608]",95316
"[16226, 14604, 14737, 14608, 15681]",95316
"[14736, 14190, 14793]",96152
"[14736, 14190, 14793]",37002
"[14154, 15316, 14607, 14320, 17991]",36621
"[14412, 19616]",36691
"[14347, 14412]",36691
"[15563, 15662]",29078
"[14995, 14320, 15367, 15670]",30494
"[14995, 14320, 15367, 15670]",96948
"[16226, 16230, 15654]",35982
"[16226, 16230, 15654]",37397
"[16581, 16473]",38512
"[14685, 16473]",38512
"[14736, 14190]",37002
"[14736, 14190]",36511
"[14736, 14190]",31477
"[14736, 14190]",36001
"[14736, 14190]",36102
"[19604, 15230]",97007
"[14196, 19603, 19604, 19616]",35620
"[14196, 19603, 19604, 19616]",37305
"[19603, 19604, 19616]",35620
"[19603, 19604, 19616]",37305
"[14758, 19604]",36691
"[14186, 14737]",37809
"[19281, 15367]",96948
"[19604, 15670]",84263
"[14186, 14190, 14737, 19604]",36678
"[14737, 14792, 19604]",36050
"[14737, 14792, 19604]",99924
"[14737, 14792, 19604]",98577
"[14737, 14792, 19604]",35718
"[14737, 14792, 19604]",94956
"[14737, 14792, 19604]",36834
"[17991, 19603, 15863]",37305
"[19604, 15230]",31107
"[19604, 15230]",27810
"[14412, 15391]",36480
"[14412, 15391]",35686
"[14412, 15391]",36881
"[15419, 14188, 14318]",35983
"[17584, 15666]",29078
"[17112, 14954, 14868]",28465
"[17112, 14954, 14868]",35852
"[17112, 14954, 14868]",28813
"[17112, 14738, 20212, 16972]",28465
"[17112, 14738, 20212, 16972]",35852
"[17112, 14738, 20212, 16972]",28813
"[14030, 14269]",98535
"[19886, 15654]",35874
"[19886, 15654]",39007
"[19886, 15654]",32844
"[14911, 14238, 14338]",83790
"[20433, 15044]",33216
"[14954, 14320, 15670]",30494
"[17584, 14024, 14273]",37785
"[17351, 14277, 14456]",36691
"[17351, 14277, 14456]",84130
"[17351, 14277, 14456]",97426
"[17351, 14277, 14456]",95249
"[15413, 14186, 14737, 19616]",36867
"[15413, 14186, 14737, 19616]",31756
"[15413, 14186, 14737, 19616]",96606
"[14954, 14964, 14975]",28465
"[14954, 14964, 14975]",35852
"[14954, 14964, 14975]",28502
"[14954, 14964, 14975]",28813
"[14954, 14964, 14975]",35650
"[14954, 14964, 14975]",33077
"[14954, 14964, 14975]",30494
"[14954, 14964, 14975]",83871
"[14934, 17360, 14964]",28465
"[14934, 17360, 14964]",35852
"[14934, 17360, 14964]",28502
"[14934, 17360, 14964]",28813
"[14934, 17360, 14964]",35650
"[14934, 17360, 14964]",33077
"[14934, 17360, 14964]",30494
"[14934, 17360, 14964]",83871
"[14934, 14954, 14964]",28465
"[14934, 14954, 14964]",35852
"[14934, 14954, 14964]",28502
"[14934, 14954, 14964]",28813
"[14934, 14954, 14964]",35650
"[14934, 14954, 14964]",33077
"[14934, 14954, 14964]",30494
"[14934, 14954, 14964]",83871
"[15413, 14736]",37053
"[19615, 14467]",33688
"[14954, 14277]",36691
"[16226, 14194, 15748]",96716
"[16226, 15429, 14719, 14954, 14024, 15748]",84161
"[14176, 15104]",28899
"[14176, 15104]",27933
"[14176, 15104]",95275
"[14176, 15104]",35808
"[15474, 14456]",97426
"[15474, 14456]",95249
"[15474, 14456]",37775
"[15474, 14456]",36772
"[17598, 19616]",35727
"[17598, 19616]",96606
"[15367, 19603]",37904
"[15367, 19603]",99253
"[15187, 15602, 15603]",35727
"[14581, 14275]",36078
"[14581, 14275]",35782
"[14581, 14275]",39750
"[15077, 14320, 20158]",84156
"[14154, 14024, 15316, 14269, 14607, 19641]",39127
"[14579, 14466]",39873
"[17042, 14462]",96152
"[16753, 14954, 14955, 14024, 14275]",84107
"[14794, 14470]",97007
"[14963, 18277]",83906
"[14024, 14407]",29078
"[15271, 14190, 14758]",37805
"[15271, 14190, 14758]",37374
"[20402, 16588, 14910, 14267, 14286]",32505
"[20402, 16588, 14910, 14267, 14286]",39696
"[20402, 16588, 14910, 14267, 14286]",100002
"[20402, 14910, 14267, 14286]",100002
"[15363, 16230]",33294
"[14835, 14347]",31417
"[17991, 19603]",33077
"[14192, 14979, 18277]",35641
"[15602, 15603]",37668
"[14271, 15914]",84088
"[15462, 14992]",84016
"[15092, 15413, 14802, 14231, 15481]",37619
"[14954, 15363]",28465
"[14954, 15363]",35982
"[14954, 15363]",37570
"[15781, 14338]",83812
"[19604, 15230]",33653
"[19604, 15230]",35727
"[15250, 15263]",37570
"[15413, 19604]",30990
"[15413, 19604]",32282
"[15596, 19603]",36541
"[15596, 19603]",36578
"[15596, 19603]",35880
"[15596, 19603]",36416
"[15596, 19603]",36757
"[15596, 19603]",28849
"[15413, 14186, 14802, 14737, 19603]",33688
"[14185, 14980]",37785
"[17991, 19603]",35773
"[16285, 16232]",84168
"[14207, 14794, 15187, 15572]",99572
"[15474, 14817]",35771
"[15474, 14817]",39751
"[15082, 15456]",38957
"[19604, 15230]",36766
"[19604, 15230]",33686
"[19604, 15230]",37017
"[14604, 14737, 14608, 19603]",33077
"[16510, 14186, 14737, 14792]",31107
"[14320, 15670]",33591
"[14320, 15670]",27710
"[15413, 14736]",84107
"[14213, 14817, 14277, 14997]",97426
"[14213, 14817, 14277, 14997]",37775
"[14154, 17229, 15316]",38668
"[15413, 14186, 14802, 14737, 15887, 19603]",31116
"[14737, 15481, 20212]",30230
"[14737, 15481, 20212]",36782
"[15020, 19604]",36937
"[17991, 15020]",33653
"[15474, 20866]",36691
"[19614, 20597]",36232
"[19614, 20597]",36875
"[19614, 20597]",36691
"[19614, 20597]",36514
"[19614, 20597]",31477
"[19614, 20597]",36881
"[19614, 20597]",36078
"[19614, 20597]",36196
"[19614, 20597]",35966
"[17351, 14792, 17042]",96152
"[17351, 14792, 17042]",36004
"[17605, 15243]",84263
"[14954, 16972, 15654]",28520
"[14954, 16972, 15654]",35852
"[14954, 16972, 15654]",28813
"[14954, 16972, 15654]",35650
"[14954, 16972, 15654]",30494
"[14150, 14164]",94782
"[14150, 14164]",97805
"[14736, 14758]",35791
"[14736, 14758]",37038
"[14736, 14758]",36678
"[14736, 14758]",36706
"[14736, 14758]",37655
"[14736, 14758]",35624
"[14736, 14758]",35792
"[16510, 14737, 14792, 14793]",35791
"[16510, 14737, 14792, 14793]",37038
"[16510, 14737, 14792, 14793]",36678
"[16510, 14737, 14792, 14793]",36706
"[16510, 14737, 14792, 14793]",33045
"[16510, 14737, 14792, 14793]",37017
"[16510, 14737, 14792, 14793]",37655
"[16510, 14737, 14792, 14793]",29646
"[16510, 14737, 14792, 14793]",35624
"[16510, 14737, 14792, 14793]",35792
"[16510, 14737, 14792, 14793]",36000
"[14190, 14758, 19614]",36951
"[14190, 14758, 19614]",36416
"[14737, 14792, 14761]",31477
"[14737, 14792, 14761]",36534
"[14737, 14792, 14761]",37002
"[16510, 14737, 14792, 14761]",31477
"[16510, 14737, 14792, 14761]",36534
"[16510, 14737, 14792, 14761]",37002
"[15597, 15671]",37135
"[15597, 15671]",98665
"[15597, 15671]",94723
"[15597, 15671]",95051
"[14186, 14802, 15377]",33688
"[14154, 15100, 20212, 14607]",30494
"[16753, 14450]",35651
"[14291, 19566, 20372]",97502
"[14291, 19566, 20372]",84039
"[15324, 20427]",37616
"[16741, 15914]",39828
"[14347, 15666]",28764
"[14213, 14973, 14271, 14656]",36194
"[14320, 19641, 15654]",35852
"[14320, 19641, 15654]",35651
"[14940, 14150]",31596
"[15148, 15232]",38957
"[14230, 14980, 15144, 21506]",97502
"[15425, 14980, 15144, 21506]",97502
"[17558, 14156, 14177]",83918
"[14954, 14737, 14275, 14792, 19604]",36691
"[14954, 14737, 14275, 14792, 19604]",35771
"[14954, 14737, 14275, 14792, 19604]",36194
"[14954, 14737, 14275, 14792, 19604]",36772
"[14954, 14737, 14275, 14792, 19604]",37655
"[14954, 14737, 14275, 14792, 19604]",97426
"[14954, 14737, 14275, 14792, 19604]",84130
"[14954, 14275, 14792]",36194
"[14954, 14275, 14792]",36772
"[14954, 14275, 14792]",97426
"[14868, 14450]",35650
"[15354, 16443]",28813
"[14793, 19603]",36678
"[19615, 17992]",37765
"[19615, 17992]",98236
"[14186, 14737, 14793, 19604]",29375
"[14186, 14737, 14793, 19604]",37225
"[14320, 19641, 15367]",30494
"[14231, 20336]",28849
"[15010, 15019, 16667]",38096
"[16226, 14194, 14320, 14450]",36425
"[17991, 19603]",36621
"[17991, 19603]",36511
"[15414, 14794]",28465
"[14950, 15316]",39873
"[15584, 15596]",99652
"[14911, 14964, 14231]",29173
"[14971, 14406]",84173
"[14971, 14406]",33593
"[15596, 19604]",36512
"[15804, 15414, 14780, 15149, 15654]",28465
"[15654, 16721]",35852
"[14793, 15671]",36678
"[15654, 14450]",37397
"[17728, 20189]",29614
"[17728, 20189]",83776
"[15081, 15558]",37765
"[16510, 14761]",36534
"[16510, 14761]",32623
"[16510, 14761]",37711
"[16510, 14761]",37258
"[20789, 21617]",36187
"[16226, 14450]",32213
"[16226, 14450]",35846
"[15414, 15671]",35650
"[15414, 15671]",33077
"[15414, 15671]",30494
"[15414, 15671]",33634
"[14792, 14412]",37655
"[14737, 14412]",37655
"[14945, 14405]",36512
"[14154, 14881]",83897
"[14154, 14881, 16036]",83897
"[17601, 19571]",39524
"[15414, 15654]",37570
"[14185, 20580]",37777
"[14185, 20580]",91614
"[15101, 15316]",39873
"[15230, 19616]",35778
"[15474, 14467]",30827
"[15474, 14467]",31477
"[14238, 14321]",31667
"[14604, 14737, 19614, 14468]",29173
"[19604, 15036]",36512
"[16510, 19614, 15670]",29646
"[15143, 14462]",36691
"[15143, 14462]",39751
"[14275, 14468]",36535
"[16226, 16753]",38290
"[16230, 15748]",38290
"[19671, 20189]",29614
"[19671, 20189]",84275
"[16588, 15847]",28208
"[16588, 15847]",35761
"[15774, 14546]",37768
"[14186, 14802, 14737, 15046]",33688
"[17351, 14954, 14275, 14792, 17355]",35771
"[17351, 14954, 14275, 14792, 17355]",84130
"[15474, 15599]",31477
"[15474, 15599]",37711
"[15010, 14399]",35766
"[15010, 14399]",83824
"[15876, 14347]",37785
"[14269, 15597, 16473]",97057
"[15414, 16036]",38882
"[20336, 15036]",37655
"[14024, 14992]",31008
"[14719, 14954, 14758, 14792, 14793]",36691
"[15083, 16855]",83903
"[14785, 20472, 17197]",83889
"[14785, 20472, 17197]",83976
"[14785, 17197, 19650]",83889
"[14785, 17197, 19650]",83976
"[20336, 14758]",36416
"[14186, 14802, 14737]",30725
"[14185, 14332]",37549
"[14269, 15597]",95120
"[15413, 14736]",35884
"[14971, 15134]",28921
"[19604, 15230]",36888
"[14213, 14817, 14277, 14997]",37334
"[14184, 14992]",84130
"[14186, 14190, 14793, 15698]",95001
"[17351, 14186, 14736, 14190, 14758]",36000
"[17351, 14186, 14736, 14190, 14758]",96152
"[17351, 14186, 14736, 14190, 14758]",29402
"[14663, 19604]",35727
"[14954, 16972]",33672
"[14954, 16972]",27277
"[14709, 14610]",36050
"[19604, 15036]",36888
"[15425, 14030]",83888
"[15425, 14030]",36045
"[14737, 14792, 14793, 15036]",36824
"[17605, 16510, 16962, 14231]",84263
"[17495, 14758, 19604]",36691
"[16550, 17076]",39873
"[15654, 15748]",35982
"[15654, 15748]",37397
"[15474, 14462]",39751
"[15344, 15391]",39746
"[16226, 15413, 14736]",35650
"[14186, 14737, 14792, 14793]",37038
"[17398, 15847]",97076
"[15020, 14412, 19616]",36937
"[14190, 14231, 16517]",84263
"[14190, 14231, 16517]",36538
"[15414, 20866]",94719
"[15413, 14186, 14320]",33077
"[14792, 15187]",36195
"[14792, 15187]",35773
"[14792, 15187]",37002
"[14792, 15187]",36498
"[14792, 15187]",31477
"[14792, 15187]",35792
"[14792, 15187]",28849
"[14792, 15187]",36538
"[14792, 15187]",36102
"[14792, 15187]",36098
"[15176, 17991, 15596, 19603, 15230]",33643
"[17351, 14737, 14792, 17355]",29402
"[17351, 14793]",84130
"[15312, 14792]",36194
"[15312, 14792]",35846
"[14737, 14792, 16232]",32541
"[14539, 14196]",83903
"[14178, 20336]",32214
"[14954, 14024]",38961
"[16226, 16753, 14954, 14955, 14024, 14275, 15748]",35650
"[16226, 16753, 14954, 14955, 14024, 14275, 15748]",35884
"[14802, 14737, 15683]",33688
"[19604, 15036]",84263
"[16753, 15698]",37390
"[17585, 15876, 17422]",37785
"[17585, 17422]",37785
"[16226, 14964]",94775
"[14963, 15002]",37619
"[15036, 19615]",37655
"[16753, 14024, 16230, 14411, 15654]",84157
"[15413, 19491]",36512
"[14186, 14190, 14792, 19603]",32541
"[15077, 20158]",30494
"[16352, 14196, 16844, 15868]",33593
"[14347, 18119]",36001
"[16226, 14604, 14737, 14608, 19604]",35884
"[14152, 14168]",36694
"[15036, 19615]",36959
"[15036, 19615]",36683
"[15474, 14412]",36050
"[17605, 14412]",36691
"[17605, 14412]",36050
"[14277, 14412]",36050
"[14168, 15395]",38096
"[14269, 14607, 16232]",95212
"[14269, 14607, 16232]",35659
"[14736, 14758]",36480
"[16545, 16065, 15483]",28278
"[14758, 19615, 17992]",36959
"[14758, 19615, 17992]",37053
"[14758, 19615, 17992]",32542
"[14758, 19615, 17992]",33045
"[14758, 19615, 17992]",35607
"[19615, 17992]",32542
"[19615, 17992]",35607
"[15510, 15352]",31144
"[15388, 14456]",36691
"[17337, 14607]",99993
"[15596, 17282]",36514
"[15462, 14230, 14980, 14291, 14309, 14995, 21506]",97502
"[15462, 14230, 14980, 14291, 21506]",97502
"[15077, 14954, 14320, 20158]",33591
"[14736, 14758, 19614]",96152
"[15125, 20502, 14456]",84130
"[17558, 14177]",33609
"[14186, 15036]",30827
"[14802, 14737, 19604, 15230]",33688
"[14186, 14802, 14737]",36240
"[15010, 15019, 16667]",33618
"[15596, 19603]",36937
"[19604, 15230]",30827
"[16226, 16753, 15670]",35884
"[16226, 16753, 15670]",37647
"[14598, 14656]",37722
"[14598, 14656]",36075
"[15414, 20866]",28520
"[19604, 15230]",35979
"[17351, 14456]",29945
"[15292, 14320]",97051
"[14944, 16699]",36035
"[15292, 15111, 16874, 14244, 17152, 14610]",36075
"[15292, 15111, 16874, 14244, 17152, 14610]",36063
"[16226, 14954]",35884
"[14186, 14792, 19604]",32541
"[15101, 20866]",84263
"[17583, 17422]",28552
"[15077, 14954, 17883]",32520
"[21616, 14275]",29646
"[19604, 15230]",37316
"[19604, 15230]",36195
"[14186, 14802, 14604, 14737, 14792]",33688
"[15284, 16588]",37722
"[17351, 14793]",36194
"[15230, 19615, 17992]",29646
"[15413, 14186, 14737]",84130
"[17991, 19603]",36748
"[17991, 19603]",89218
"[17991, 19603]",33715
"[17991, 19603]",37496
"[17991, 19603]",37170
"[17991, 19603]",28873
"[14954, 14955, 14194, 14024, 14269, 14780, 14764, 14320]",35852
"[14954, 14955, 14194, 14024, 14269, 14780, 14764, 14320]",35867
"[14954, 14955, 14194, 14024, 14269, 14780, 14275, 14764, 14320]",35852
"[14954, 14955, 14194, 14024, 14269, 14780, 14275, 14764, 14320]",35867
"[19604, 15243, 15391]",35727
"[14828, 14882, 14247, 14309, 15600]",84022
"[14828, 14910, 14882, 14247, 14309, 21594]",84022
"[14964, 17029]",29182
"[19604, 15230]",33172
"[17991, 19603]",84263
"[14970, 14983]",37888
"[14017, 20418, 14237]",33567
"[20418, 14237, 18583]",33567
"[20418, 14237]",33567
"[16574, 14277]",37038
"[16574, 14277]",94809
"[16574, 14277]",30783
"[14231, 14792]",32541
"[15474, 14708, 15659]",36772
"[15474, 14708, 15659]",84130
"[14708, 15659]",36772
"[14708, 15659]",84130
"[14973, 16221]",35639
"[14954, 16972, 16230, 14450]",37397
"[16230, 15748]",32213
"[16230, 15748]",35982
"[16230, 15748]",33294
"[15804, 20866]",28465
"[17112, 15804, 14780, 14791, 14463]",28465
"[17536, 14114]",84087
"[15111, 14963]",83917
"[20169, 14963]",83917
"[14785, 14291]",97502
"[14789, 14780, 15654]",28813
"[14808, 15563]",83824
"[16226, 16753, 14954, 14955, 14024, 14275, 14713, 14450]",35884
"[15501, 14528]",83934
"[15501, 14528]",35765
"[15501, 14528]",27626
"[15414, 19604]",33077
"[15078, 14150, 14154, 14287]",37710
"[15078, 14150, 14154, 14287]",37788
"[17112, 14975, 15134, 18102]",28921
"[17112, 14975, 15134, 18102]",33003
"[14802, 14737, 19604]",36050
"[14802, 14737, 19604]",31116
"[14737, 14792, 19604]",31116
"[14190, 14737, 19604]",36050
"[14190, 14737, 19604]",31116
"[15036, 16721]",37001
"[15036, 16721]",37655
"[15036, 16721]",31477
"[14790, 15207]",83849
"[14196, 14318]",33598
"[14196, 14318]",35909
"[14196, 14318]",35465
"[14196, 14318]",35742
"[14196, 14318]",36478
"[14196, 14318]",35761
"[19604, 15036]",29945
"[14954, 19615, 17992]",30725
"[15600, 14445]",32505
"[14910, 14882, 14267, 14286]",83809
"[20402, 14910, 14267, 14286]",83809
"[14955, 14231, 14604, 20336, 14271]",28873
"[14188, 14980]",33628
"[16230, 14467]",33294
"[14186, 14737]",37552
"[16226, 14954, 14955, 14024, 14604, 14275, 15367]",35884
"[16226, 14954, 14955, 14024, 14604, 14275, 15367]",35650
"[16226, 14954, 14955, 14024, 14604, 14275, 15367]",90237
"[16226, 14954, 14955, 14024, 14604, 14275, 15367]",84156
"[16226, 14954, 14955, 14024, 14604, 14275, 15367]",35651
"[14758, 20866]",37655
"[16226, 14194, 15367, 14450]",36425
"[19603, 15250]",27610
"[19603, 15250]",83871
"[16588, 14168, 14306]",30756
"[14168, 14306]",30756
"[15893, 14737]",36196
"[14954, 14024, 14030, 14275]",35884
"[17991, 19603, 15698]",32552
"[17991, 19603, 15698]",33519
"[17991, 19603, 15698]",95979
"[17991, 19603, 15698]",37427
"[17991, 19603, 15698]",30846
"[15474, 14758, 20866]",36691
"[16588, 15822]",28208
"[16672, 15818, 15520]",27967
"[14291, 15144]",97502
"[14737, 14792, 19604]",36750
"[14737, 14792, 19604]",35606
"[14794, 14359]",38281
"[16962, 15599]",36538
"[20336, 15481, 15659]",33188
"[17351, 14277, 14412]",84130
"[14196, 14227]",31477
"[14196, 14227]",36824
"[14196, 14227]",35732
"[14196, 14227]",36534
"[14196, 14227]",32623
"[15425, 14188]",84005
"[14794, 15176, 17356, 14412, 15036]",32214
"[14612, 15205]",37241
"[19604, 15230]",36678
"[16753, 14320, 19281, 15367, 20158]",30494
"[14231, 20336, 14462]",89218
"[14231, 20336, 14462]",39751
"[14231, 20336]",39751
"[14276, 15201]",37618
"[14276, 15201]",29946
"[14737, 14792, 14793]",37711
"[14737, 14792, 14793]",36824
"[14192, 18277]",35641
"[15413, 14186, 14196]",36512
"[15413, 14186, 14196]",29646
"[15413, 14186, 14196]",36959
"[15413, 14186, 14196]",33045
"[14954, 16972]",36512
"[14954, 16972]",28849
"[14954, 16972]",36794
"[14954, 16972]",37858
"[14954, 16972]",36538
"[14954, 16972]",35792
"[15289, 20402, 14267, 15494]",39696
"[14713, 15654, 16721]",36809
"[14713, 15654, 16721]",28813
"[14713, 15654, 16721]",83871
"[14713, 15654, 16721]",28465
"[14713, 15654, 16721]",37570
"[15316, 14384]",83949
"[15316, 14384]",33596
"[15316, 14384]",28374
"[14802, 14737]",35686
"[14602, 15034, 21800]",37805
"[15452, 21800]",37805
"[15856, 15052]",36483
"[17351, 16028, 14708]",36691
"[14954, 16972, 14320]",95316
"[14231, 14793]",32541
"[15010, 15019]",97053
"[15010, 15019]",35612
"[14401, 15622]",37738
"[14401, 15622]",27563
"[14401, 15622]",30899
"[14401, 15622]",36240
"[14401, 15622]",39626
"[14401, 15622]",36197
"[14401, 15622]",36382
"[20336, 19604, 15036]",32214
"[14961, 14277]",37775
"[14961, 14277]",97426
"[14961, 14277]",36772
"[14945, 19603]",32939
"[15804, 15413, 14738, 20866]",35884
"[15804, 15413, 14738, 20866]",37135
"[17524, 14604, 14780, 20212]",35884
"[17524, 14604, 14780, 20212]",37135
"[15474, 14817, 14277, 14997, 15659]",97426
"[15474, 14817, 14277, 14997, 15659]",37775
"[14024, 18410]",29935
"[16510, 14945, 14954, 19614]",37496
"[16510, 14945, 14954, 19614]",29646
"[16510, 14945, 14954, 19614]",36710
"[16510, 14945, 14954, 19614]",36701
"[16510, 14945, 14954, 19614]",83869
"[14969, 15781, 14399]",33598
"[14969, 15781, 14399]",36312
"[15781, 14338]",33598
"[15781, 14338]",35953
"[15781, 14338]",83824
"[15781, 14338]",36312
"[15781, 14338]",35669
"[15781, 14338]",38040
"[14338, 14399]",33598
"[14338, 14399]",35953
"[14338, 14399]",83824
"[14338, 14399]",83812
"[14338, 14399]",36312
"[14338, 14399]",35669
"[14338, 14399]",38040
"[14127, 15002, 15176, 15584]",99652
"[14127, 15002, 15176, 15584]",36514
"[14127, 15002, 15176, 15584]",33641
"[14127, 15002, 15176, 15584]",36927
"[16510, 19614]",35880
"[16510, 19614]",36757
"[16510, 19614]",36004
"[16510, 19614]",36881
"[16510, 19614]",36764
"[16510, 19614]",36767
"[14737, 14792, 19604, 15036]",37655
"[14737, 14792, 19604, 15036]",35771
"[14737, 14792, 19604, 15036]",36691
"[14604, 14320, 15597]",29161
"[14186, 14190, 14737]",37809
"[14186, 14190, 14737]",35719
"[14186, 14190, 14737]",39667
"[14186, 14758, 14793]",37514
"[14971, 14583]",31395
"[14971, 14583]",84211
"[16753, 14320, 19281]",96948
"[14954, 14275, 14792, 19614]",37655
"[14997, 16578]",94716
"[14997, 16578]",97426
"[14997, 16578]",37773
"[14997, 16578, 14462]",94716
"[14997, 16578, 14462]",97426
"[14997, 16578, 14462]",37773
"[14213, 14462]",94716
"[14213, 14462]",97426
"[14213, 14462]",37773
"[15596, 19603]",99947
"[15596, 19603]",37619
"[14736, 19603]",36541
"[14736, 19603]",36797
"[14736, 19603]",36762
"[15413, 15363]",33077
"[14154, 14287]",35840
"[16468, 14305, 15143]",99927
"[14954, 16972]",94707
"[14944, 14369]",36035
"[14213, 14817, 14277, 14997]",35771
"[15781, 15010]",97053
"[15781, 15010]",33699
"[14347, 15602]",36512
"[14194, 19620]",35852
"[15414, 15654, 14463]",28465
"[17112, 15125, 15863]",37655
"[17112, 15125, 15863]",36691
"[17524, 15201]",36701
"[14954, 15481, 15201]",36701
"[15474, 14997, 14462]",36691
"[15474, 14997, 14462]",97426
"[15474, 14997, 14462]",37775
"[14713, 15250]",37570
"[19604, 15036]",33172
"[19604, 15036]",35898
"[14975, 14269]",93493
"[14694, 17112, 14186, 14954, 14955, 14194, 14737, 15481]",31067
"[14694, 17112, 14186, 14954, 14955, 14194, 14604, 14737, 15481]",31067
"[14299, 14544]",38957
"[14954, 16972]",96562
"[15413, 14793]",37592
"[15292, 16874, 14241, 14244, 14322]",28841
"[14154, 15132, 14287]",37872
"[14154, 15132, 14287]",39636
"[14154, 14287]",37872
"[14154, 14287]",39636
"[14604, 14320, 15654]",29161
"[14159, 15479]",39638
"[14376, 14408]",29589
"[14376, 14408]",36415
"[14376, 14408]",36678
"[14376, 14408]",36834
"[14376, 14408]",98577
"[14376, 14408]",33653
"[14376, 14408]",33688
"[14376, 14408]",29173
"[14376, 14408]",37196
"[16226, 15363, 15698]",33294
"[15474, 15391]",37775
"[14412, 15391]",37448
"[14412, 15391]",37297
"[15414, 15654]",95114
"[14910, 14247, 15600, 14445]",39696
"[14910, 14247, 15600, 14445]",37805
"[14737, 15025, 19604]",97007
"[14320, 15578, 16878]",31107
"[14320, 15578, 16878]",38386
"[14320, 16878]",31107
"[14320, 16878]",38386
"[15474, 15391]",36195
"[15474, 15391]",39750
"[15414, 15654, 14463]",28813
"[14954, 14868]",30654
"[15414, 20866, 15654]",29863
"[15414, 15654]",29863
"[14663, 14954, 16972, 19604]",37311
"[14663, 14954, 16972, 19604]",35686
"[14663, 14954, 16972, 19604]",37338
"[14663, 14954, 16972]",37311
"[14663, 14954, 16972]",35686
"[14663, 14954, 16972]",37338
"[15876, 14297]",28158
"[14217, 15558]",38436
"[14277, 21087]",36691
"[14964, 14030]",37688
"[14969, 15781, 15010]",83812
"[16226, 16753, 14791]",35884
"[15413, 14186, 16232]",38386
"[20427, 20503]",36040
"[20427, 20503]",83848
"[15282, 15283, 15501]",28208
"[16588, 15781]",33512
"[14954, 14737, 14275, 14792]",36691
"[14954, 14737, 14275, 14792]",36512
"[14954, 16972]",39667
"[14954, 16972]",37809
"[14954, 16972]",36050
"[14954, 16972]",36678
"[14954, 16972]",35718
"[17351, 15092, 14708]",84130
"[20429, 15914]",97464
"[14604, 14608]",36748
"[16588, 15201]",33489
"[14194, 14991]",29078
"[14154, 15774, 14610]",94782
"[14154, 15774, 14610]",35966
"[14154, 14182]",35966
"[16226, 14194, 14450]",36425
"[15474, 14761]",36691
"[14737, 14792]",36618
"[16468, 14817]",35771
"[16468, 14817]",36772
"[16468, 14817]",97426
"[16468, 14817]",37775
"[14186, 18959]",39613
"[14186, 18959]",98983
"[14186, 18959]",36834
"[14186, 18959]",35718
"[14186, 18959]",94956
"[19603, 19604]",35727
"[20429, 14739]",38035
"[14298, 15901]",84331
"[15413, 14186]",33686
"[14738, 20212, 16972]",32520
"[15654, 15698]",35650
"[15654, 15698]",35884
"[15654, 15698]",33294
"[14215, 14030]",100008
"[19615, 21503]",36004
"[14955, 14231, 14791]",36701
"[14954, 14251, 17883]",32520
"[14954, 14964, 14251, 15597]",32520
"[14954, 16972, 15363]",37397
"[14154, 14287]",36252
"[14061, 15559]",39818
"[15344, 15698]",95316
"[15344, 15698]",37390
"[15344, 15698]",96747
"[14287, 15559]",37768
"[14802, 14737, 14792, 19603]",31116
"[14025, 19604]",37412
"[14954, 16972]",37070
"[14954, 16972]",36739
"[16510, 14792, 14468]",31477
"[14141, 15312]",35641
"[14141, 15101]",35641
"[15769, 15847]",36286
"[15769, 14381, 15847]",36286
"[16226, 14024, 14216, 15781, 14347]",30256
"[14954, 14737, 14275, 14793, 19604]",37655
"[14954, 14737, 14275, 14793, 19604]",36691
"[14737, 14793, 19604]",37655
"[14737, 14793, 19604]",36691
"[14251, 14273]",95681
"[14269, 14320]",37730
"[15413, 14186, 19615]",36232
"[15413, 14186, 19615]",33045
"[15413, 14186, 19615]",37053
"[14291, 20372]",35584
"[14503, 14954, 14955, 14194, 14024, 14789, 14780, 14764, 14320, 15654]",35866
"[15477, 14298]",29220
"[15982, 20336, 14709, 15818]",32214
"[14954, 14024, 14964, 14251, 14269, 14347]",29182
"[14945, 14231, 15622]",29646
"[15271, 21616]",33688
"[15271, 21616]",36971
"[15271, 21616]",37037
"[15271, 21616]",36578
"[15271, 21616]",36540
"[17351, 14708]",36757
"[17351, 14708]",36539
"[17351, 14708]",36416
"[15419, 15125]",84060
"[15125, 15496]",84060
"[14992, 14457]",35966
"[14992, 14457]",97007
"[14992, 14457]",36696
"[14184, 14457]",35966
"[14184, 14457]",97007
"[14184, 14457]",36696
"[14802, 15748]",36425
"[14802, 15748]",37496
"[14719, 14954, 14792, 19604]",36691
"[19616, 14467]",37305
"[16226, 16753, 20866]",35884
"[14030, 14251]",28764
"[16468, 14470]",35704
"[19603, 15230]",32622
"[20336, 19284]",83826
"[20336, 19284]",84149
"[20336, 19284]",32214
"[20336, 19284]",84303
"[15781, 15010]",97478
"[14969, 15781]",97478
"[16572, 16468, 16578, 16581]",99947
"[14685, 14235]",28714
"[14305, 14376]",35966
"[14802, 14737, 14792, 17991, 19603]",33688
"[14017, 14320]",95427
"[14017, 14320]",38284
"[17112, 14789, 14780, 19886, 21680, 15670]",39007
"[14186, 14737, 14793, 19604]",36678
"[14186, 14737, 14793, 19604]",36050
"[14980, 20372]",97502
"[15111, 15667]",36691
"[19603, 19604]",96152
"[16226, 14738, 16972, 18277]",35760
"[16226, 14738, 16972, 18277]",28465
"[16226, 14738, 16972, 18277]",35852
"[16226, 14738, 16972, 18277]",35467
"[16226, 14738, 16972, 18277]",95609
"[16226, 14738, 16972, 18277]",28813
"[16226, 14738, 16972, 18277]",28502
"[16226, 14738, 16972, 18277]",27275
"[16226, 14738, 16972, 18277]",33425
"[16226, 14738, 16972, 18277]",99887
"[16226, 14738, 20212, 16972, 18277]",35760
"[16226, 14738, 20212, 16972, 18277]",28465
"[16226, 14738, 20212, 16972, 18277]",35852
"[16226, 14738, 20212, 16972, 18277]",35467
"[16226, 14738, 20212, 16972, 18277]",95609
"[16226, 14738, 20212, 16972, 18277]",28813
"[16226, 14738, 20212, 16972, 18277]",28502
"[16226, 14738, 20212, 16972, 18277]",27275
"[16226, 14738, 20212, 16972, 18277]",33425
"[16226, 14738, 20212, 16972, 18277]",99887
"[16226, 16972]",35760
"[16226, 16972]",28465
"[16226, 16972]",35852
"[16226, 16972]",35467
"[16226, 16972]",95609
"[16226, 16972]",28813
"[16226, 16972]",28502
"[16226, 16972]",27275
"[16226, 16972]",33425
"[16226, 16972]",99887
"[16226, 15748]",98662
"[16226, 15077, 14954, 14964, 14251, 16972, 14320]",28921
"[16226, 15077, 14954, 14964, 14251, 16972, 14320]",33003
"[16226, 15077, 14954, 14964, 14251, 16972, 14320]",38911
"[15481, 15276, 14468]",29173
"[16588, 15840, 14217, 14298]",37765
"[17605, 16510]",93465
"[17605, 16510]",29402
"[14762, 14691]",37659
"[14463, 15263]",28465
"[15289, 14910, 15600, 14445]",39696
"[15289, 14910, 15600, 14445]",32505
"[15289, 14910, 15452, 15600]",39696
"[15289, 14910, 15452, 15600]",32505
"[14277, 14412]",97426
"[14277, 14462]",97426
"[15804, 14780, 14713]",28465
"[15804, 14780, 14713]",28813
"[19603, 15230]",37496
"[14765, 14405]",35760
"[14765, 14405]",36704
"[14765, 14405]",35792
"[14765, 14405]",36538
"[14765, 14405]",35900
"[14765, 14405]",33688
"[14765, 14405]",35786
"[14765, 14405]",30494
"[14765, 14405]",33533
"[14765, 14405]",32622
"[20866, 15599]",29646
"[15201, 15847]",97046
"[14793, 21503]",33688
"[14963, 14610]",83906
"[16510, 14792, 19614]",33688
"[14030, 15666]",39127
"[15876, 14284]",28158
"[14244, 14315]",38762
"[14244, 14315]",32615
"[17351, 17355]",35760
"[17351, 17355]",36538
"[17351, 17355]",35624
"[17351, 17355]",36706
"[17351, 17355]",37582
"[17351, 17355]",36812
"[17351, 17355]",37858
"[17351, 17355]",35792
"[17351, 17355]",36688
"[17351, 17355]",36382
"[14194, 19330]",94889
"[14176, 15201]",38957
"[14176, 14297]",38957
"[16510, 14737]",31477
"[16510, 14737]",35686
"[15277, 17112, 14792]",33713
"[14186, 14793]",37017
"[16468, 14213, 14277, 14997, 16581]",36691
"[14213, 14277, 14997]",36691
"[16753, 14338]",30494
"[14780, 19886, 15654]",28465
"[15289, 14910, 14267, 14286]",39696
"[16301, 14964, 14251, 14780, 15654]",28813
"[16301, 14964, 14251, 14780, 15654]",28502
"[14024, 14320]",37659
"[17605, 14207]",36050
"[17605, 14207]",36678
"[16753, 14320, 15670]",32717
"[16753, 15670]",30494
"[16753, 15670]",32717
"[15096, 15578]",36691
"[15096, 15455]",36691
"[21616, 14347]",29646
"[15419, 14269]",30661
"[15176, 15659]",39298
"[16753, 16230]",38290
"[15414, 15602]",28502
"[15414, 15602]",27275
"[15414, 15602]",28543
"[14298, 14338]",36187
"[14528, 15666]",83934
"[15596, 19614]",31116
"[16753, 15654]",32531
"[14935, 14992]",35535
"[17524, 14604, 14780, 20212, 15654]",35884
"[17356, 14412]",32541
"[14297, 20288]",28262
"[14297, 20288]",36040
"[15072, 15597]",33590
"[14963, 14610]",38957
"[15292, 14320]",99906
"[15292, 14320]",31237
"[14277, 14462]",37711
"[14277, 14462]",96852
"[15452, 14291, 20372]",97502
"[14186, 16801]",35732
"[14186, 16801]",38035
"[14034, 19330]",36045
"[20336, 17128]",32214
"[14250, 14992]",35535
"[14250, 14992]",35533
"[17351, 14719, 14954, 14793, 17355]",84130
"[16226, 14719, 14954, 14955, 14024, 15748]",35884
"[16753, 15748]",99923
"[16753, 15748]",98604
"[16753, 15698]",99923
"[16753, 15698]",98604
"[16753, 15698]",95316
"[16230, 19604, 21121]",36867
"[15077, 14954, 15501]",28465
"[15077, 14954, 15501]",35852
"[15077, 14954, 15501]",28813
"[15077, 14954, 15501]",28502
"[14997, 16581]",36691
"[20351, 14291]",39696
"[14286, 14291]",39696
"[20360, 14291]",39696
"[15425, 14579, 15312]",37735
"[19603, 20905]",33672
"[19603, 20905]",37017
"[19603, 20905]",32924
"[19603, 20905]",29402
"[14954, 14955, 14024, 14275, 16230]",33294
"[16753, 16230]",33294
"[17351, 14737, 14792, 14793, 17355]",36691
"[14719, 14954]",36691
"[16226, 14954, 16972, 17613]",36694
"[15077, 16753, 14320, 15670]",30494
"[14737, 14793]",37775
"[17351, 15092, 14758]",84130
"[15414, 15654]",38883
"[19604, 15230]",36294
"[16510, 14187]",37619
"[14954, 14780, 14738, 16036]",35766
"[14954, 14780, 14738]",35766
"[14954, 14320, 19281]",96948
"[17351, 14792, 17355]",33672
"[14736, 14758]",36581
"[14736, 14516]",29945
"[20351, 20429]",97464
"[14186, 14737, 14793, 19604]",95001
"[15289, 15600, 14445]",39696
"[14177, 14299]",83903
"[14177, 14299]",99866
"[14177, 14299]",83840
"[14177, 14299]",27933
"[14177, 14299]",84204
"[14177, 14299]",95043
"[14320, 15666]",83934
"[15230, 19615]",33686
"[14934, 14604, 14320]",39170
"[16588, 15847]",36242
"[16588, 14306]",36242
"[16588, 14306]",28208
"[16588, 14306, 15847]",36242
"[16588, 14306, 15847]",28208
"[14963, 14610]",32316
"[17229, 15316]",39873
"[15104, 14963]",32503
"[17585, 14030, 14269]",33702
"[14030, 14269]",33702
"[15002, 15205, 14412, 15036, 15230]",33643
"[15002, 15205, 14412, 15036, 15230]",36824
"[15002, 15205, 14412, 15036, 15230]",30749
"[15002, 15205, 14412, 15036, 15230]",37334
"[15002, 15205, 14412, 15036, 15230]",35738
"[14244, 15667]",37717
"[20866, 15670]",39007
"[14202, 14301]",36035
"[14202, 14301]",38899
"[19604, 20194]",39208
"[14969, 15781, 15010]",33618
"[14030, 14347]",37688
"[14030, 14347]",36041
"[14196, 19604]",36078
"[14196, 19604]",33713
"[14196, 19604]",32529
"[14154, 15101, 14182, 15316, 14709, 14320]",36719
"[15413, 14186, 19604]",33045
"[14196, 15856]",35727
"[15020, 19604]",37600
"[15020, 19604]",36906
"[14152, 14944]",36035
"[15316, 14607, 14792, 14320]",36004
"[14254, 14428, 15664]",37805
"[16226, 15363, 15748]",32213
"[17042, 19604]",99924
"[15425, 14318]",84183
"[16588, 14217, 14298, 15747]",28921
"[14785, 14963, 14219, 14259, 14544, 15747]",28921
"[14597, 14030]",33194
"[14194, 14030]",33194
"[17605, 15243, 18119]",84263
"[17605, 18119]",84263
"[15876, 15201]",28158
"[15781, 14399]",84331
"[15315, 17991, 19603, 19604]",39746
"[15855, 14996]",29345
"[14934, 15799]",36344
"[16226, 14194, 14411]",35650
"[14182, 15111]",36634
"[14182, 17152]",36634
"[17605, 14737, 14792]",39613
"[14231, 20336, 16028]",37496
"[17042, 15054]",33688
"[17042, 15054]",39751
"[14186, 14802, 14737, 19615, 17992]",33688
"[15597, 14456]",37655
"[15597, 14456]",36691
"[15201, 15847]",37659
"[19603, 20158]",36766
"[15474, 14817, 14277, 14997]",97426
"[15474, 14817, 14277, 14997]",37775
"[15413, 14186, 19615, 17992]",36959
"[15781, 15377]",33688
"[15284, 14186, 14190, 19603]",38386
"[15284, 14186, 14190, 19603]",39153
"[15284, 14186, 14190, 19603]",39161
"[14186, 14190, 19603]",38386
"[14186, 14190, 19603]",39153
"[14186, 14190, 19603]",39161
"[15413, 14186, 19603]",38386
"[15413, 14186, 19603]",39153
"[15413, 14186, 19603]",39161
"[17558, 14299]",39709
"[17558, 15116]",39709
"[17558, 15148]",39709
"[15082, 17558]",39709
"[17558, 15035]",39709
"[17558, 14177]",39709
"[14793, 17042]",33688
"[14133, 20298]",84137
"[17584, 14024]",32464
"[14320, 16036]",29646
"[15312, 14876]",38998
"[15312, 14876]",84200
"[15312, 14308]",37765
"[14022, 15809]",38024
"[17584, 17422]",37784
"[14604, 14737]",37395
"[14604, 14737, 19614]",37395
"[14297, 20162]",33598
"[14297, 20162]",84119
"[14195, 14332]",35584
"[14954, 16972]",36694
"[14186, 14802, 14737]",32612
"[14186, 14802, 14737]",36511
"[14323, 15001]",28313
"[14323, 15001]",97059
"[14323, 15001]",35508
"[14323, 15001]",33575
"[14323, 15001]",29446
"[14323, 15001]",33572
"[14758, 15863]",36001
"[14964, 15121]",93493
"[14213, 14817, 14277, 14997]",39858
"[14297, 20162]",97478
"[14297, 20162]",35953
"[19604, 15863]",37655
"[15289, 14772, 14828, 20402, 14910, 14882, 14247, 14309, 15600, 21594]",39696
"[15289, 14772, 14828, 20402, 14910, 14882, 14247, 14309, 15600, 21594]",84022
"[15100, 15774, 14607]",37768
"[16510, 14954, 19604]",31477
"[15077, 14954, 14320, 20158]",96635
"[16285, 14251, 14975]",36861
"[16285, 14251, 14975]",33551
"[16226, 16753, 15563, 15363]",35970
"[15414, 14113, 15654]",28502
"[15414, 14113]",28502
"[14954, 14194, 14758]",36691
"[19641, 20866, 15654]",35852
"[15425, 20204]",35983
"[16226, 14954, 14955, 14024, 14275, 15363]",33294
"[14297, 14298]",83942
"[14407, 17422]",37785
"[14836, 14369]",36035
"[14171, 14963]",36442
"[14171, 14963]",94715
"[14152, 14240, 14276]",37171
"[15078, 14154, 15774]",36075
"[19604, 14412]",32529
"[15413, 15670]",36078
"[15413, 14758, 14793]",38386
"[16510, 15036]",36824
"[17351, 14736, 14758, 19604]",29402
"[17351, 14736, 14758, 19604]",36004
"[14185, 14188, 14980, 14291, 14408]",99947
"[14713, 15654]",36809
"[14275, 14792]",30827
"[16226, 15363, 15748]",32531
"[14411, 14450]",35982
"[14411, 14450]",37397
"[14297, 16036]",36187
"[15077, 14719, 16753, 14186, 14954, 14604, 20212, 14320, 19281, 20158]",30494
"[15077, 14719, 16753, 14186, 14954, 14604, 20212, 14320, 19281, 20158]",98570
"[15077, 14719, 16753, 14186, 14954, 14604, 20212, 14320, 19281, 20158]",95986
"[16588, 15201]",37765
"[16588, 15501]",37765
"[17558, 15774]",97426
"[15077, 14320, 19641, 19281, 15367]",30494
"[15530, 16216]",33512
"[15077, 14320, 19641, 19281, 15367, 15670]",30494
"[15414, 21500]",28502
"[19614, 15863]",33464
"[19614, 15863]",97417
"[19614, 15863]",36829
"[19614, 15863]",96360
"[19614, 15863]",36823
"[19614, 15863]",97324
"[19614, 15863]",36909
"[17351, 17355, 14708]",36691
"[14030, 14992]",31008
"[14161, 15877]",36710
"[14161, 15877]",39704
"[14954, 14955, 14194, 14207, 14780, 14764, 16972, 14320, 15030]",35867
"[14955, 14194, 14207, 14780, 14764, 14320]",35867
"[14320, 15366]",83934
"[14528, 15366]",83934
"[16226, 14024, 15363, 16230]",33294
"[16226, 14954, 14955, 14024, 14275, 16230]",33294
"[14882, 14267, 14286, 15547, 15600]",39696
"[14150, 14656]",36544
"[15082, 14656]",36544
"[15077, 14320, 20158]",27710
"[14320, 20158, 15654]",33591
"[14320, 20158, 15654]",27710
"[14954, 16972]",99947
"[14945, 17711]",28849
"[14945, 17711]",36766
"[14938, 14309]",83917
"[15876, 15914]",28158
"[17646, 15111, 14963, 14241, 14244]",36080
"[17646, 15111, 14963, 14241, 14244]",33063
"[14190, 14758]",36416
"[15271, 15413]",37592
"[14662, 14466]",32351
"[14662, 14320]",32351
"[14133, 14217, 14668]",36432
"[14952, 20336]",32214
"[16578, 14467]",35966
"[17128, 19604]",33688
"[17128, 19604]",31116
"[14694, 16226, 17653, 16753, 14954, 14955, 14030, 14275]",35884
"[14694, 16226, 16753, 14954, 14955, 14030, 14275]",35884
"[14186, 14793]",37552
"[14954, 16972]",37135
"[14269, 15597, 15670]",96948
"[19616, 14468]",33464
"[15092, 14954, 14758]",37655
"[16226, 15413, 14186, 14604, 14737, 14780, 14608, 14320]",35651
"[14194, 15116]",29078
"[14320, 19641, 19281, 15367, 20158]",30494
"[15597, 15674]",32520
"[14275, 14608, 15205, 15670]",33715
"[14275, 14608, 15205, 15670]",36859
"[14275, 14608, 15205, 15670]",33520
"[14275, 14608, 15205]",33715
"[14275, 14608, 15205]",36859
"[14275, 14608, 15205]",33520
"[14954, 14737, 14275, 14758, 14792, 19604, 15036]",37655
"[14663, 14954, 16972]",39750
"[14663, 14954, 16972]",28849
"[20402, 14910, 14267, 14286]",97171
"[15289, 14910, 14267, 15494]",39696
"[15289, 14910, 14267, 15494]",97171
"[20336, 14761]",36712
"[14194, 14030]",32619
"[14030, 15349]",32619
"[14612, 15205, 16028]",36078
"[14024, 14269]",83788
"[15092, 15413, 14758, 16028]",99946
"[14736, 14190]",84263
"[15781, 14297]",36187
"[15781, 14297]",35953
"[15494, 15846]",99719
"[15413, 14186, 19604, 19615]",36959
"[20336, 15154]",39293
"[20336, 15154]",37487
"[20336, 15154]",36983
"[20336, 15154]",36986
"[16226, 14954, 14955, 14024, 14275]",33294
"[14719, 14954, 14737, 14758, 14793]",37655
"[14164, 14587]",38478
"[14186, 14275]",37975
"[14250, 14484]",83800
"[14964, 15563, 14413]",33225
"[14964, 15563, 14413]",36836
"[15036, 21087]",84130
"[15036, 21087]",37775
"[14802, 15377]",37232
"[19603, 19615]",36539
"[15914, 15586]",39828
"[14186, 14194, 14604, 20156]",36843
"[14694, 14719, 14186, 14194, 20156]",36843
"[15100, 14607]",99047
"[15201, 14402]",37805
"[14737, 14792]",36240
"[14737, 14792, 19604]",37655
"[17693, 17112, 14738, 18102]",32186
"[17693, 17112, 14738, 18102]",30089
"[14587, 15611]",36483
"[14154, 15774, 15111]",35546
"[14154, 15774, 15111]",37565
"[14154, 15774, 15111]",36075
"[14150, 14154, 15774]",35546
"[14150, 14154, 15774]",37565
"[14150, 14154, 15774]",36075
"[15425, 15501]",28208
"[17605, 16510, 14190, 14758, 17711]",84263
"[15078, 15880]",33677
"[20215, 15053]",35871
"[20288, 20298]",27425
"[14738, 16972, 14713, 15654]",28465
"[14738, 16972, 14713, 15654]",28813
"[15077, 14320, 15367]",33591
"[15092, 15413, 14758, 16028]",37775
"[15333, 14475]",33593
"[15333, 14475]",36040
"[14202, 15111]",36375
"[15419, 15084, 14980, 14318]",84071
"[16226, 15748]",35651
"[16285, 14975, 20158]",28921
"[16588, 15462]",38476
"[16588, 15462]",33512
"[15143, 14462]",37655
"[15010, 15019]",35766
"[15413, 14793]",32529
"[15413, 14793]",94892
"[14186, 14604]",35630
"[14785, 15781]",36538
"[14598, 14656]",83903
"[14954, 16972, 14713]",36809
"[15414, 20866, 15654]",28465
"[14954, 14955, 14194, 14024, 14780, 14764, 14320, 16558, 19620, 15654]",35866
"[14954, 14955, 14194, 14024, 14780, 14764, 14320, 15654]",35866
"[16991, 14980]",96881
"[14275, 15481, 14792]",31477
"[14980, 14995, 14318]",28983
"[14338, 15010]",33598
"[14955, 14275]",39779
"[14955, 14275]",96191
"[16588, 14277]",30756
"[14277, 15201]",30756
"[14186, 14604, 15344]",36514
"[17991, 19603]",28849
"[16226, 18283]",28764
"[16226, 18283]",35852
"[17605, 16510, 15243]",84263
"[15077, 14320, 19281, 15367, 20158]",30494
"[20336, 14462]",35786
"[21500, 18406]",27610
"[16183, 14277]",30756
"[16183, 14277]",38512
"[14186, 14737]",31107
"[14934, 20642]",36344
"[14944, 14369]",37894
"[14194, 14277]",99843
"[14184, 14218, 20336, 15853]",36712
"[15414, 14791, 15654]",33635
"[15414, 14791, 15654]",28520
"[15414, 14791, 15654]",29863
"[14186, 14737]",35833
"[14186, 14737]",33688
"[14961, 14308]",37765
"[14961, 14308]",98614
"[14961, 14308]",83803
"[14961, 14308]",38035
"[14154, 14287]",38512
"[14154, 14182, 14287]",38512
"[17351, 15092, 15413, 14758, 16028]",84130
"[15413, 14186, 19615]",36765
"[16588, 14306]",84173
"[16588, 14306]",35761
"[14399, 20714]",36187
"[14186, 14802, 14737, 19604]",84130
"[15413, 15324, 20427]",36881
"[15414, 15654, 18406]",28465
"[14457, 14470]",35966
"[14457, 14470]",97007
"[14457, 14470]",99947
"[15413, 15363]",29993
"[14407, 19330]",94889
"[15414, 19603]",35788
"[14194, 19603]",35788
"[15413, 14186, 19615]",36959
"[14190, 14758]",37017
"[14190, 14758]",29402
"[15230, 19615]",29646
"[15654, 15748]",33294
"[14793, 16581, 14470]",35966
"[14793, 16581, 14470]",99947
"[14793, 16581, 14470]",39751
"[14793, 16581]",35966
"[14793, 16581]",99947
"[14793, 16581]",39751
"[16991, 14286]",37604
"[15654, 14450]",32531
"[15302, 15450]",35602
"[17584, 14194, 14024, 15563, 14407]",32123
"[14194, 14024]",32123
"[15413, 14462]",36078
"[15413, 14462]",94807
"[15413, 14462]",36535
"[14408, 14457]",36696
"[14721, 14385]",36242
"[14721, 14385]",33593
"[16753, 14780, 16230, 15748]",32531
"[14954, 16972]",36828
"[14954, 16972]",97423
"[14954, 16972]",96574
"[16226, 15654]",35970
"[15414, 14713, 15654]",28465
"[14793, 14376, 14408]",99947
"[15413, 15363]",35970
"[14277, 14412]",98935
"[15474, 14412]",98935
"[15201, 14551, 15847]",38035
"[14954, 14955, 14231, 14604, 20336, 14737, 14275, 15481, 14608]",30835
"[14954, 14955, 14231, 14604, 20336, 14737, 14275, 15481, 14608]",33188
"[15781, 14774]",35639
"[15781, 14774]",39508
"[17351, 14736, 14758, 19604]",96152
"[17351, 14736, 14758, 19604]",29945
"[17351, 14736, 14758, 19604]",84130
"[17030, 15054, 15683]",37747
"[17030, 15054, 15683]",31531
"[17030, 15054, 15683]",37604
"[15282, 15331]",28552
"[14503, 14628, 14954, 14955, 14194, 14789, 14780, 14764, 14320, 14794, 19641, 19620]",35852
"[14503, 14628, 14954, 14955, 14194, 14789, 14780, 14764, 14320, 14794, 19641, 19620]",35867
"[18283, 21763]",29646
"[16510, 16028]",35771
"[16510, 16028]",39751
"[16230, 15748]",37397
"[16753, 16230, 15748]",35982
"[16753, 16230, 15748]",37397
"[16226, 15363, 15681, 15748]",95316
"[14161, 19603]",33688
"[14503, 14194, 14780, 14320, 16558, 19620, 15654]",35866
"[16523, 20149]",94774
"[16226, 15363]",35970
"[16226, 15363]",37647
"[19663, 20189]",83776
"[19663, 20189]",29614
"[15474, 15176, 14462]",36691
"[15344, 14727]",84107
"[15344, 14727]",94719
"[15344, 14727]",37924
"[15344, 14727]",37135
"[15804, 14780, 18406]",39007
"[14937, 17220]",97895
"[15092, 14186, 14802, 14604, 14737, 14759]",33688
"[15111, 15667]",37565
"[16468, 14470]",35966
"[15840, 14963]",33688
"[14291, 14995, 20372]",33601
"[16510, 19614]",36634
"[15781, 14991]",33598
"[14024, 15822]",31144
"[17270, 21287]",38957
"[16226, 14954, 14955, 14030, 14791]",35884
"[14737, 14792, 19604]",36691
"[15354, 15597]",27664
"[17558, 14177]",29107
"[17558, 14177]",35846
"[14954, 14964, 14251]",32520
"[15597, 14408]",99947
"[15597, 14408]",97007
"[15481, 14792]",29173
"[14186, 14802, 14737, 17030]",33688
"[16572, 14470]",35966
"[14320, 19281]",95986
"[15413, 14462]",97007
"[14277, 14462]",97007
"[14213, 14462]",97007
"[14817, 14462]",97007
"[14457, 14470]",36696
"[14186, 14190]",29646
"[14737, 15025]",99947
"[14595, 14320]",39600
"[14737, 14792, 19604, 19330]",37655
"[14780, 15149, 15654]",33635
"[14780, 15149, 15654]",28520
"[17585, 17422]",35812
"[16226, 15748]",31676
"[14882, 14247, 14309, 15600, 14445]",39696
"[15010, 15019, 16667]",37549
"[14954, 16972]",37496
"[16510, 14802]",31116
"[16510, 14802]",37232
"[14024, 14964]",39127
"[16753, 15748]",35884
"[19604, 15230]",29375
"[19604, 15230]",36416
"[14269, 17945]",33400
"[20212, 15612]",30494
"[14954, 14964, 14251, 16972, 17883, 14868]",28520
"[14954, 14964, 14251, 16972, 17883, 14868]",35852
"[14954, 14964, 14251, 16972, 17883, 14868]",28813
"[14954, 14964, 14251, 16972, 17883, 14868]",28502
"[14954, 14964, 14251, 16972, 17883, 14868]",35970
"[16226, 14194, 14207, 14964]",32520
"[14309, 18583]",36243
"[14309, 18583]",36076
"[14309, 18583]",99100
"[14190, 14775]",30627
"[15414, 14713, 15654]",83769
"[15477, 14297, 14298, 14690]",29664
"[15477, 14297, 14298, 14690]",38043
"[14186, 14802, 14737, 19604]",37651
"[14663, 14954, 16972]",33640
"[14663, 14954, 16972]",33045
"[14663, 14954, 16972]",35894
"[14663, 14954, 16972]",35895
"[14945, 15020]",36937
"[14376, 15025, 14408]",99947
"[17524, 14954, 14955, 14024, 14604, 14780, 14275, 20212, 15698]",35970
"[17524, 14954, 14955, 14024, 14604, 14780, 14275, 20212, 15698]",84107
"[17524, 14954, 14955, 14024, 14604, 14780, 14275, 20212, 15698]",94719
"[17524, 14954, 14955, 14024, 14604, 14780, 14275, 20212, 15698]",37992
"[14954, 14955, 14024, 14275, 15698]",35970
"[14954, 14955, 14024, 14275, 15698]",84107
"[14954, 14955, 14024, 14275, 15698]",94719
"[14954, 14955, 14024, 14275, 15698]",37992
"[15413, 14186, 14802, 15414, 14737, 14792, 19615]",33688
"[14024, 14269]",33400
"[15455, 14977]",36944
"[16226, 14450]",38290
"[16226, 14954, 14955, 14024]",38290
"[14940, 14587]",35966
"[16285, 17417, 15829, 15366, 20126]",37722
"[16285, 17417, 15829, 15366, 20126]",36197
"[16285, 17417, 15829, 15366, 20126]",33653
"[16285, 17417, 15829, 15366, 20126]",37738
"[16285, 17417, 15829, 15366, 20126]",29375
"[16285, 17417, 15829, 15366, 20126]",84168
"[17605, 14186]",36133
"[17605, 14186]",37567
"[17605, 14186]",36750
"[14954, 16972]",94775
"[14954, 16972]",29182
"[14954, 16972]",33225
"[14954, 16972]",32398
"[16635, 15781]",83824
"[14737, 14792, 19604]",33688
"[14153, 14231, 17711]",84263
"[14954, 14955, 14024, 14030, 14275]",35884
"[16226, 14954, 14194, 14024, 14275, 15681, 15748]",36425
"[17112, 14780, 19886, 15654]",83769
"[14275, 15481, 14792]",37937
"[14275, 15481, 14792]",36534
"[17356, 14412]",32924
"[16226, 15263]",37135
"[14969, 15781, 14991]",38040
"[14955, 14231, 20336]",36701
"[14912, 14338]",83942
"[14912, 14338]",33598
"[14030, 14376, 14408]",99947
"[14030, 14793]",99947
"[17351, 14186, 14736, 14190, 14758, 19604]",84130
"[17351, 14186, 14736, 14190, 14758, 19604]",96152
"[14269, 14338, 14347]",29715
"[14954, 19604]",35727
"[19603, 19604]",35718
"[15597, 18119]",83871
"[14736, 14190]",32541
"[14135, 14506]",33658
"[14135, 14506]",83883
"[14506, 14961]",33658
"[14506, 14961]",83883
"[14786, 14980, 14291]",97502
"[14786, 14980, 14291]",36048
"[14785, 14291, 14995]",36048
"[14150, 14314]",37788
"[14150, 14314]",38121
"[14150, 14314]",36075
"[14182, 14314]",37788
"[14182, 14314]",38121
"[14182, 14314]",36075
"[14943, 14270]",96598
"[14943, 14270]",32847
"[14943, 14270]",37768
"[14943, 14270]",33703
"[14943, 14270]",29614
"[14943, 14270]",84094
"[15621, 14483]",96598
"[15621, 14483]",32847
"[15621, 14483]",37768
"[15621, 14483]",33703
"[15621, 14483]",29614
"[15621, 14483]",84094
"[14943, 14235]",96598
"[14943, 14235]",32847
"[14943, 14235]",37768
"[14943, 14235]",33703
"[14943, 14235]",29614
"[14943, 14235]",84094
"[14270, 15621]",96598
"[14270, 15621]",32847
"[14270, 15621]",37768
"[14270, 15621]",33703
"[14270, 15621]",29614
"[14270, 15621]",84094
"[14944, 14835]",36035
"[14944, 14835]",33658
"[14944, 14297]",36035
"[14944, 14297]",33658
"[14159, 16531]",37617
"[14159, 16531]",33675
"[14789, 14780]",30654
"[14789, 14780]",35970
"[14789, 14780]",28813
"[14789, 14780]",29173
"[14186, 14231]",30654
"[14186, 14231]",35970
"[14186, 14231]",28465
"[14186, 14231]",28813
"[14540, 14030]",29078
"[14540, 14030]",37788
"[14189, 14030]",29078
"[14189, 14030]",37788
"[15856, 14544]",84190
"[15095, 15779]",29229
"[15095, 15779]",28869
"[15095, 15779]",36026
"[15095, 14978]",29229
"[15095, 14978]",28869
"[15095, 14978]",36026
"[15417, 14144]",35764
"[15417, 14144]",28208
"[15417, 14144]",84190
"[15417, 14144]",30491
"[15417, 14144]",35565
"[15089, 14990]",83897
"[15849, 14978]",29229
"[15849, 14978]",36026
"[15849, 14978]",83830
"[14218, 15853]",37805
"[14181, 14218, 15853]",37805
"[14326, 15034]",37805
"[14254, 14326, 15034, 14428]",37805
"[15889, 14254]",27962
"[15889, 14254]",37805
"[15889, 14209, 14254]",27962
"[15889, 14209, 14254]",37805
"[14961, 16690, 15781, 14276]",35761
"[14162, 14961, 16690, 15781]",35761
"[14540, 14030]",35638
"[14540, 14030]",35985
"[14540, 14030]",33675
"[14030, 16550]",29078
"[14030, 16550]",35638
"[14030, 16550]",35985
"[14030, 16550]",33675
"[14189, 14034]",29078
"[14189, 14034]",35638
"[14189, 14034]",35985
"[14189, 14034]",33675
"[14943, 14270]",33680
"[14943, 14270]",84088
"[14270, 14670]",96598
"[14270, 14670]",32847
"[14270, 14670]",37768
"[14270, 14670]",33703
"[14270, 14670]",29614
"[14270, 14670]",33680
"[14270, 14670]",84088
"[14270, 15023]",96598
"[14270, 15023]",32847
"[14270, 15023]",37768
"[14270, 15023]",33703
"[14270, 15023]",29614
"[14270, 15023]",33680
"[14270, 15023]",84088
"[14150, 14314]",33593
"[14150, 14314]",84190
"[14182, 14314]",33593
"[14182, 14314]",84190
"[15856, 14544]",37788
"[15856, 14544]",38121
"[15856, 14544]",36075
"[14151, 14270]",96598
"[14151, 14270]",32847
"[14151, 14270]",37768
"[14151, 14270]",33703
"[14151, 14270]",29614
"[14149, 14270]",96598
"[14149, 14270]",32847
"[14149, 14270]",37768
"[14149, 14270]",33703
"[14149, 14270]",29614
"[14785, 20288]",35993
"[14785, 20288]",33714
"[14785, 20288]",83961
"[14785, 20288]",36048
"[14785, 20288]",28374
"[14785, 20288, 20376]",35993
"[14785, 20288, 20376]",33714
"[14785, 20288, 20376]",83961
"[14785, 20288, 20376]",36048
"[14785, 20288, 20376]",28374
"[20289, 20415]",36104
"[20289, 20415]",36046
"[20289, 20415]",35831
"[20289, 20415]",36145
"[20289, 20415]",37574
"[20262, 20265]",36104
"[20262, 20265]",36046
"[20262, 20265]",35831
"[20262, 20265]",36145
"[20262, 20265]",37574
"[20289, 14291]",36104
"[20289, 14291]",36046
"[20289, 14291]",35831
"[20289, 14291]",36145
"[20289, 14291]",37574
"[14167, 20404]",36104
"[14167, 20404]",36046
"[14167, 20404]",35831
"[14167, 20404]",36145
"[14167, 20404]",37574
"[14147, 14203]",83776
"[14147, 14203]",39858
"[14147, 15881]",83776
"[14147, 15881]",39858
"[15889, 14218]",37805
"[14272, 14034]",94600
"[14159, 15479]",94600
"[14154, 14182]",33609
"[14154, 14182]",37788
"[15078, 14154]",36075
"[15078, 14154]",33609
"[15078, 14154]",37788
"[20418, 14320]",36244
"[20418, 14320]",37641
"[20418, 14320]",36088
"[20418, 14320]",36304
"[14320, 20358]",36244
"[14320, 20358]",37641
"[14320, 20358]",36088
"[14320, 20358]",36304
"[14270, 14670]",83776
"[14235, 14670]",33703
"[14235, 14670]",33680
"[14235, 14670]",84088
"[14235, 14670]",83776
"[14154, 15132, 14295]",36075
"[14154, 15132, 14295]",33609
"[14154, 15132, 14295]",37768
"[14154, 15132, 14295]",38215
"[14020, 14263]",37617
"[14020, 14263]",33675
"[14020, 14263]",37888
"[14020, 14263]",33593
"[14020, 14263]",93493
"[14020, 14263]",35553
"[14020, 14263]",94600
"[14272, 14034]",37888
"[14272, 14034]",33593
"[14272, 14034]",93493
"[14272, 14034]",35553
"[15299, 14279]",99989
"[15299, 14279]",32505
"[15299, 14279]",33128
"[15299, 14279]",37805
"[14267, 14286]",99989
"[14267, 14286]",33128
"[14138, 14181, 14218]",99989
"[14138, 14181, 14218]",32505
"[14138, 14181, 14218]",33128
"[14135, 14506]",83923
"[14135, 14506]",35761
"[14135, 14506]",29689
"[14135, 14506]",36035
"[14506, 14961]",83923
"[14506, 14961]",35761
"[14506, 14961]",29689
"[14506, 14961]",36035
"[14961, 15477]",83883
"[14961, 15477]",83923
"[14961, 15477]",29689
"[14961, 15477]",36035
"[14944, 14297]",83883
"[14944, 14297]",83923
"[14944, 14297]",35761
"[14944, 14297]",29689
"[14181, 14218]",27962
"[16588, 14298]",28208
"[16588, 14298]",33658
"[16588, 14297]",28208
"[16588, 14297]",33658
"[15477, 14298]",28208
"[16588, 14298]",29664
"[19207, 14321]",38813
"[19207, 14321]",36478
"[19207, 14321]",28869
"[19207, 14321]",36325
"[19207, 14321]",35981
"[19207, 14321]",29997
"[19207, 14321]",28547
"[19207, 14321]",38121
"[19207, 14806, 14321]",38813
"[19207, 14806, 14321]",36478
"[19207, 14806, 14321]",28869
"[19207, 14806, 14321]",36325
"[19207, 14806, 14321]",35981
"[19207, 14806, 14321]",29997
"[19207, 14806, 14321]",28547
"[19207, 14806, 14321]",38121
"[14334, 20404]",36046
"[14334, 20404]",35831
"[14334, 20404]",36145
"[14334, 20404]",37574
"[15889, 14254, 14403]",37805
"[15889, 14209, 14218]",37805
"[14276, 14317]",36035
"[14276, 14317]",33598
"[15836, 14276]",33598
"[14215, 14276]",33598
"[15769, 14276]",33598
"[14667, 20503]",83776
"[14276, 14282]",36035
"[14561, 17729]",29614
"[14561, 17729]",83776
"[14162, 14301]",36035
"[14944, 14282]",35930
"[14944, 14282]",36035
"[14142, 14276]",36035
"[16276, 20377]",33703
"[14944, 15836]",35930
"[14321, 19208]",28547
"[15770, 14306]",28208
"[20552, 14516, 18195]",36906
"[20552, 14516, 18195]",36512
"[20552, 14516, 18195]",36541
"[20552, 14516, 18195]",36959
"[20552, 14516, 18195]",31107
"[20552, 14516, 18195]",29646
"[20552, 14516, 18195]",39161
"[20552, 14516, 18195]",31756
"[20552, 14516, 18195]",35966
"[20552, 14516, 18195]",32924
"[20552, 14516, 18195]",33688
"[20552, 14516, 18195]",36050
"[20552, 14516, 18195]",84263
"[20552, 14516, 18195]",33643
"[20552, 14516, 18195]",29945
"[20552, 14516, 18195]",28849
"[20552, 14516, 18195]",35612
"[15242, 15726]",33128
"[15095, 17435]",29229
"[14950, 14249]",37888
"[16690, 14276]",36035
"[15786, 14552]",33695
"[15786, 14552]",33658
"[15786, 14552]",29446
"[15786, 14552]",37784
"[14785, 14278]",36075
"[14785, 14278]",33609
"[14785, 14278]",29078
"[14785, 14278]",35638
"[15781, 16550]",33598
"[15781, 16550]",37659
"[15781, 16550]",29182
"[14785, 15781]",36075
"[14785, 15781]",35761
"[14785, 15781]",35909
"[14785, 15781]",35638
"[14785, 15781]",28849
"[14184, 14346]",100000
"[14184, 14346]",37805
"[14249, 14381]",37811
"[14944, 14846]",35930
"[14944, 14846]",36187
"[14944, 16690]",35930
"[14138, 14210, 14218]",37805
"[17407, 14284]",33658
"[17407, 14284]",36187
"[15451, 14276]",36035
"[16209, 14944, 14276]",36035
"[14545, 20377]",33703
"[14545, 20377]",84088
"[14249, 14287]",83897
"[14910, 14267, 14286]",32505
"[14221, 14235]",83776
"[14221, 14235]",29614
"[14221, 14235]",84094
"[14019, 14775]",38024
"[14950, 14599]",37888
"[14950, 14599]",39773
"[15462, 15781]",35761
"[15316, 14287]",33609
"[15316, 14287]",29078
"[14691, 14276]",37659
"[14270, 14821]",33703
"[14038, 15614]",37617
"[14038, 15614]",33675
"[15462, 14238]",36075
"[15462, 14238]",33609
"[15462, 14238]",29078
"[14272, 14036]",33675
"[14961, 15501]",28208
"[17229, 14249]",39773
"[14298, 16268]",33658
"[14944, 16214]",36035
"[14940, 16570]",83996
"[14249, 17237]",37888
"[16209, 14298]",33658
"[16209, 14298]",36035
"[14019, 15180]",36924
"[14161, 14176]",94658
"[14161, 14176]",38242
"[14714, 15655, 15392]",83799
"[14170, 19217]",37595
"[14170, 19217]",96152
"[14170, 19217]",94685
"[14170, 19217]",29173
"[14170, 19217]",32924
"[14170, 19217]",37651
"[14170, 19217]",84263
"[14170, 19217]",29945
"[14170, 19217]",28849
"[14170, 19217]",36416
"[14170, 19217]",36004
"[14170, 19217]",36881
"[14170, 19217]",36867
"[14196, 14276]",36035
"[14598, 14656]",83918
"[14598, 14656]",32214
"[14598, 14656]",30494
"[14598, 14656]",27248
"[14598, 14656]",38024
"[16210, 14276]",36035
"[16588, 14551]",35761
"[16588, 14551]",36286
"[14911, 15653]",83802
"[14940, 14807]",36075
"[14272, 15064]",37617
"[14272, 15064]",33675
"[14714, 20253]",37752
"[14714, 20253]",33179
"[14020, 14983]",37888
"[14846, 14240]",36035
"[20418, 14754]",36088
"[20670, 20272]",99989
"[20670, 20272]",36322
"[14272, 16067]",37617
"[16209, 14276]",36035
"[14685, 14235]",84094
"[19562, 19729]",96598
"[19562, 19729]",37627
"[19562, 19729]",35931
"[14276, 16693]",36035
"[14018, 14272]",37617
"[14018, 14272]",33675
"[14588, 14301]",36035
"[15283, 17951]",28208
"[20265, 20480]",96273
"[20265, 20480]",36327
"[20265, 20480]",38057
"[20265, 20480]",36104
"[20265, 20480]",36322
"[15095, 15849, 15779]",29229
"[15095, 15849, 15779]",83830
"[14599, 14381]",33675
"[14200, 14985]",36035
"[14981, 14314]",37753
"[15808, 20359]",33128
"[14970, 14232]",37888
"[16209, 15629]",36035
"[14763, 14282]",36035
"[16790, 15816]",36075
"[16790, 15816]",36147
"[15849, 18311]",36026
"[15849, 18311]",83830
"[15878, 17833]",28208
"[14991, 15509]",39798
"[14991, 15509]",36035
"[14991, 15509]",37633
"[14188, 14320]",35549
"[14188, 14320]",36145
"[14937, 15189]",37604
"[20262, 14320, 20265]",33563
"[14944, 15836, 14298]",33658
"[14944, 15836, 14298]",36035
"[16588, 15373]",28208
"[14385, 14435]",28208
"[14242, 14902]",37768
"[14256, 15134]",37805
"[14940, 17652]",84192
"[15095, 15849]",29229
"[15095, 15849]",83830
"[15104, 14258]",37717
"[15104, 14258]",35652
"[15104, 14258]",38957
"[15104, 14258]",29107
"[15104, 14258]",27248
"[15104, 14258]",36138
"[14184, 15811, 15040]",83799
"[16490, 16852]",36091
"[39895, 14545]",37732
"[14150, 14182]",37788
"[14150, 14182]",36075
"[14270, 14670, 14733]",33703
"[14270, 14670, 14733]",38205
"[16844, 14848]",29078
"[14786, 15781]",35766
"[14785, 14969]",35766
"[14242, 14981]",37788
"[14150, 15856]",37788
"[14150, 15856]",36075
"[20418, 20421]",39493
"[20418, 20421]",28714
"[20418, 20421]",99989
"[20418, 20421]",37702
"[14272, 16067, 14034]",37617
"[14272, 16067, 14034]",33675
"[15074, 15480]",31283
"[20418, 14050]",36088
"[15821, 14327]",37659
"[15132, 14287]",36075
"[14182, 15856]",37788
"[14182, 15856]",36075
"[20412, 20421]",37574
"[14218, 15817]",37752
"[14785, 15452, 14291]",97502
"[15864, 15725]",83799
"[15104, 14544]",36075
"[15104, 14544]",38957
"[15104, 14544]",28780
"[15536, 21790]",37805
"[14018, 14272, 16067]",37617
"[14018, 14272, 16067]",33675
"[20208, 20265]",96273
"[20208, 20265]",35552
"[20208, 20265]",36327
"[15876, 18583]",28158
"[15876, 18583]",37785
"[15848, 15101]",83918
"[15769, 16588, 15101]",28208
"[16276, 14597]",33703
"[16842, 15333]",28547
"[14662, 14714, 18001]",37743
"[14714, 15655]",83799
"[14714, 15655]",37805
"[14196, 14227]",36512
"[14196, 14227]",29646
"[14196, 14227]",35966
"[14196, 14227]",35786
"[15084, 14019]",83893
"[15084, 14019]",35543
"[14382, 21803, 21807]",83799
"[14709, 14656]",38121
"[20351, 20824]",96273
"[20351, 20824]",35552
"[20351, 20824]",36327
"[14981, 21881]",38957
"[14981, 21881]",35565
"[14154, 14182, 15104]",36075
"[14229, 20377]",84088
"[16209, 15101]",36147
"[16209, 15101]",28849
"[16209, 15101]",36035
"[15462, 14242]",37788
"[15462, 14242]",33609
"[15462, 14242]",29078
"[15218, 20199]",28780
"[15218, 20199]",27248
"[14944, 15101]",33609
"[14944, 15101]",36035
"[14292, 15483]",33650
"[14272, 14873]",37617
"[16672, 15856, 20545]",27530
"[16672, 18756]",28780
"[16672, 18756]",27248
"[16672, 18756]",28547
"[14191, 20293]",35638
"[14221, 14270]",83776
"[14221, 14270]",29614
"[14061, 16221]",33609
"[14061, 16221]",29078
"[14539, 16219]",37604
"[14610, 14439]",29107
"[14028, 14237]",84166
"[15485, 15145]",33128
"[16031, 20388]",37722
"[15288, 14662]",37743
"[15889, 14254, 15034, 15619]",37805
"[14054, 15312]",94600
"[14054, 15312]",30661
"[14054, 15312]",37765
"[14268, 14270]",35854
"[14268, 14270]",33703
"[14203, 14483]",36043
"[14203, 14483]",29614
"[14229, 14545]",33703
"[14038, 15229, 15614]",37617
"[14038, 15229, 15614]",33675
"[14156, 14610]",36075
"[14156, 14610]",35846
"[14156, 14610]",84192
"[14156, 14610]",36138
"[14159, 16851]",35828
"[14881, 15774]",36088
"[14297, 15865]",35953
"[14297, 15865]",33658
"[14062, 15510]",28208
"[14426, 20540]",33128
"[14940, 14510]",35759
"[14940, 14510]",35682
"[14940, 14510]",33249
"[14816, 16430]",37617
"[14816, 16430]",35831
"[14816, 16430]",28714
"[14816, 16430]",36322
"[14816, 16430]",37702
"[17434, 15095]",29229
"[14540, 16550]",29078
"[14540, 16550]",35638
"[14306, 16214]",28208
"[14306, 16214]",36035
"[14180, 14726]",38957
"[17407, 15781]",36187
"[15452, 14247, 14995]",29078
"[15452, 14247, 14995]",35587
"[15452, 14247, 14995]",37784
"[15452, 14247, 14995]",29182
"[15452, 14247, 14995]",84168
"[15452, 14247, 14995]",28552
"[16588, 15878]",28208
"[14970, 16846]",37888
"[14238, 15316]",36075
"[14238, 15316]",29078
"[14950, 14189]",38024
"[14950, 14189]",94889
"[15270, 14215]",36040
"[14911, 15586]",83790
"[14306, 15598]",28208
"[14306, 15501]",28208
"[14020, 14272]",37617
"[14020, 14272]",33675
"[15459, 14976]",36075
"[15459, 14976]",27933
"[15781, 14297]",33658
"[14836, 14944]",36035
"[15137, 15483]",84211
"[14282, 14297]",33658
"[14282, 14297]",36035
"[15419, 14320]",36244
"[15419, 14320]",36396
"[15419, 14320]",36593
"[15419, 14320]",36088
"[14297, 15501]",28208
"[14297, 15501]",35953
"[14142, 17313]",28208
"[14142, 17313]",33593
"[14142, 17313]",35457
"[14142, 17313]",27609
"[18314, 15765]",30829
"[18314, 15765]",38542
"[18314, 15765]",31982
"[18314, 15765]",29186
"[18314, 15765]",35565
"[18314, 15765]",84176
"[14605, 14301]",35930
"[21406, 15064]",35553
"[15769, 14369]",36035
"[15769, 15630]",36035
"[17240, 14038]",37888
"[14298, 16215]",33658
"[17435, 17317]",36026
"[17435, 17317]",83830
"[14198, 15856]",29107
"[14198, 15856]",84192
"[15078, 15856]",36075
"[14296, 15034]",37805
"[17832, 14721]",28208
"[17832, 14721]",33593
"[14038, 20996]",37617
"[14598, 21381]",37788
"[14598, 21381]",31283
"[14598, 21381]",30491
"[15176, 21682]",35762
"[16065, 20448]",95488
"[14254, 14403, 14428]",37805
"[14254, 14428]",37805
"[15078, 15101]",37788
"[14443, 21791, 21810]",83799
"[15042, 14443, 21810]",37743
"[16582, 14937, 16588]",84131
"[16582, 14937, 16588]",33593
"[16582, 14937, 16588]",29446
"[14204, 17128]",36512
"[14204, 17128]",28849
"[16588, 15598, 15847]",28208
"[15889, 14218, 15056]",37805
"[14691, 14217]",36035
"[14944, 15451]",36035
"[14944, 15836, 14276]",36035
"[14962, 14544]",84296
"[20289, 20251]",96273
"[20289, 20251]",36327
"[14186, 14807]",36678
"[14186, 14807]",29646
"[14186, 14807]",36691
"[14186, 14807]",36634
"[14186, 14807]",35727
"[14186, 14807]",36050
"[14561, 14179]",29614
"[15821, 14874]",37604
"[17351, 17355]",94716
"[17170, 14977]",31650
"[14880, 14656]",30035
"[15781, 20126]",37722
"[14148, 14292]",30491
"[15849, 14754]",35916
"[20418, 14755]",35831
"[20418, 14755]",28714
"[14403, 20269]",37805
"[15769, 16588, 14297]",28208
"[14400, 15045, 14499]",28714
"[16588, 21219]",28208
"[14944, 14298, 16215]",33658
"[15477, 14690]",29664
"[15080, 21229]",28313
"[15080, 21229]",33572
"[15281, 14662, 14973]",37743
"[15281, 14662, 14973]",83910
"[16209, 15629]",33603
"[14934, 15084, 14237, 14251, 14980, 14338]",33675
"[14934, 15084, 14237, 14251, 14980, 14338]",37617
"[14934, 15084, 14237, 14251, 14980, 14338]",28158
"[14934, 15084, 14237, 14251, 14980, 14338]",37722
"[14934, 15084, 14237, 14251, 14980, 14338]",29078
"[14934, 15084, 14237, 14251, 14980, 14338]",29182
"[15432, 14207, 14792, 15018]",94844
"[15432, 14207, 14792, 15018]",35766
"[14155, 14194]",39827
"[14150, 21381]",36075
"[14196, 17278]",36075
"[14154, 15104, 14249]",36075
"[14154, 15104, 14249]",37811
"[14944, 14588]",36035
"[14336, 15579]",33675
"[14336, 15579]",37830
"[14336, 15579]",35897
"[15869, 15579]",33675
"[15179, 20270]",83824
"[16851, 20436]",37811
"[14142, 14985]",36035
"[15818, 17195]",37573
"[15818, 17195]",39255
"[15836, 14984]",36035
"[14605, 14984]",36035
"[14142, 14984]",36035
"[14276, 15039]",36035
"[14950, 14249, 14287]",36147
"[14950, 14249, 14287]",36075
"[14950, 14249, 14287]",99032
"[14950, 14249, 14287]",29078
"[14950, 14249, 14287]",37811
"[14950, 14249, 14287]",32231
"[15115, 15179]",35909
"[15115, 15179]",36138
"[15115, 15179]",83917
"[15104, 14249]",37811
"[14721, 14298, 17548]",33658
"[14721, 14298, 17548]",33593
"[14721, 14306, 17548]",38928
"[14721, 14306, 17548]",33593
"[16687, 14282]",36035
"[16687, 14276]",36035
"[14833, 15464, 15473]",35985
"[14721, 14510, 17548]",38928
"[14721, 14510, 17548]",33593
"[14128, 14028, 14030, 15003, 15063]",36088
"[15126, 17195]",94798
"[14018, 14983, 17239, 17240, 14034, 15064]",37888
"[20502, 14306]",33575
"[14599, 14232]",95295
"[14599, 14232]",33675
"[14599, 14232]",35638
"[14537, 15615]",37786
"[15769, 14215, 14588]",36035
"[16588, 15198]",33575
"[14278, 14616]",36147
"[14278, 14616]",83790
"[14278, 14616]",33609
"[14278, 14616]",36075
"[14278, 14616]",29078
"[20289, 14291]",97502
"[20410, 20404]",32483
"[20410, 20404]",33675
"[20410, 20404]",37830
"[20410, 20404]",37617
"[20410, 20404]",28714
"[20410, 20404]",35584
"[17407, 14423]",33658
"[17407, 14423]",36035
"[14719, 14789, 14275, 15149, 15558]",36432
"[15479, 15579]",33675
"[15479, 15579]",37617
"[15479, 15579]",36283
"[15148, 15194]",94658
"[15148, 15194]",28313
"[14321, 18912]",28547
"[14128, 14054]",33675
"[14200, 14984]",37659
"[14200, 14984]",36035
"[14215, 14423]",36035
"[14181, 14209, 14218, 15817, 14254, 15566]",84072
"[20478, 14218, 15817, 14254, 20416, 14484]",37752
"[14028, 17347]",37627
"[14861, 15246]",35584
"[14961, 14297, 14402]",33575
"[14961, 14297, 14402]",33658
"[16209, 14605]",33575
"[16209, 14605]",36035
"[16687, 14200]",33575
"[16687, 14200]",36035
"[16588, 14944, 14984, 14301]",33575
"[16588, 14944, 14984, 14301]",36035
"[14132, 20274]",36035
"[16588, 14240, 14276]",33575
"[16588, 14240, 14276]",36035
"[14640, 14215]",36035
"[14835, 14640]",36035
"[14991, 15810]",35931
"[14054, 14108]",37754
"[14297, 15629]",33658
"[14297, 15629]",36035
"[14297, 15629]",83824
"[14297, 15629]",33598
"[14052, 14980, 14545]",33703
"[15154, 21617]",35612
"[14792, 14793]",35612
"[15084, 14253, 14980]",36450
"[15084, 14253, 14980]",35543
"[15084, 14253, 14980]",97094
"[15084, 14253, 14980]",35985
"[15084, 14253, 14980]",39828
"[15084, 14253, 14980]",37732
"[14058, 14944]",31395
"[14678, 14944, 14282]",36035
"[14507, 14284, 15484, 14324, 15510]",33658
"[14507, 14284, 15484, 14324, 15510]",33593
"[14706, 14132, 15770, 16588, 14165, 14293, 14303, 14306, 15784, 17903, 15796]",33575
"[15770, 16588, 14165, 14293, 14303, 14306, 15784, 17903, 15796]",33575
"[14706, 14678, 14132, 17903]",33575
"[14706, 14678, 14132, 17903]",36286
"[14706, 14678, 14132, 17903]",36325
"[14158, 14954, 14028, 14510]",35612
"[14510, 14320]",32483
"[14706, 14678, 14132, 15769, 16209, 20274, 14215, 14605, 15836, 14282]",39798
"[14706, 14678, 14132, 16687, 14200, 20274, 16693, 16698]",39798
"[14706, 14678, 14132, 14944, 20274]",39798
"[15539, 17991, 17992]",35612
"[15912, 16582, 14678]",37784
"[15912, 16582, 14678]",83918
"[15912, 16582, 14678]",38024
"[15912, 16582, 14678]",29078
"[14227, 15312]",36147
"[14227, 15312]",37627
"[14061, 15312]",36147
"[14061, 15312]",37627
"[16510, 14206]",35612
"[15836, 15609]",36035
"[14283, 19245]",83790
"[19245, 15838]",83802
"[14945, 21668]",33653
"[15088, 14198]",35638
"[14186, 14206, 19702]",29646
"[15420, 14994]",83889
"[15420, 14994]",28374
"[15420, 14994]",36048
"[14165, 14306, 15501]",28208
"[15440, 20270]",35909
"[14506, 14969]",35909
"[14506, 14969]",35766
"[15440, 15106, 18277, 15184, 20809, 21361]",36063
"[17407, 14969, 14284]",35766
"[15912, 14287]",35638
"[15912, 14287]",36075
"[15271, 14739]",36691
"[14161, 15360]",27933
"[14161, 15360]",94658
"[14161, 15360]",32033
"[14161, 15360]",28313
"[14154, 14249, 19700]",83897
"[14154, 14249, 19700]",36075
"[14154, 14249, 19700]",99032
"[14154, 14249, 19700]",37888
"[15160, 14036]",33675
"[15160, 14036]",37617
"[14034, 15160]",33675
"[14034, 15160]",37617
"[16690, 15629]",36035
"[14176, 14543, 14739]",94658
"[15889, 17628]",37805
"[15889, 17628]",37732
"[15889, 17628]",37735
"[14899, 15471, 14977, 14901, 15320]",38215
"[14899, 15471, 14977, 14901, 15320]",37768
"[14194, 14320]",36147
"[14802, 17656]",33688
"[14187, 21070]",35612
"[14201, 14024, 15532]",83897
"[16588, 15753, 20519]",28208
"[16588, 15753, 20519]",84172
"[16588, 15753, 20519]",38928
"[16588, 15753, 20519]",33593
"[15836, 14297]",36035
"[16209, 14423]",36035
"[15876, 15101, 19447]",37766
"[14176, 14299, 14325]",83996
"[15078, 17558, 14177, 14419]",36075
"[14793, 15230]",35612
"[14052, 20377]",33703
"[14969, 14398]",35909
"[15104, 14990]",83897
"[14253, 21933]",36199
"[17229, 17412, 14381]",35545
"[14950, 17412]",35543
"[14937, 20289]",37604
"[14291, 15579]",36283
"[14291, 15579]",97502
"[15479, 14291, 15579]",33675
"[15419, 15579]",33675
"[15770, 15836]",33575
"[15770, 15836]",36035
"[14706, 14128, 14678, 14052, 14132, 14561, 15179, 15275, 20436]",35664
"[15856, 14239, 14241, 17152, 14314, 15879]",36075
"[19724, 20855]",35612
"[19724, 20855]",35761
"[19724, 20855]",35909
"[19724, 20855]",94798
"[19723, 19724]",36187
"[19723, 19724]",94798
"[19723, 19724]",38040
"[19723, 19724]",33598
"[19551, 15793]",37895
"[19551, 15793]",36075
"[20404, 21588]",35584
"[14635, 15821, 14588]",35612
"[16991, 15322, 14922]",32626
"[14980, 14309, 20445]",33601
"[14980, 14309, 20445]",97502
"[14980, 14309, 20445]",83961
"[14980, 14309, 20445]",37564
"[21573, 15375]",33675
"[15836, 15629]",36035
"[15420, 14785, 14786, 15144, 14994]",83889
"[16478, 19995]",35612
"[14128, 16593]",33636
"[16471, 14845]",38512
"[14142, 14605]",36035
"[19566, 17594]",35612
"[19566, 17594]",33575
"[19566, 17594]",35638
"[16330, 16195]",33609
"[16330, 16195]",29078
"[15277, 14662, 21793]",37743
"[15087, 15093, 15116, 14968, 14245, 14509, 14299, 14544, 15148]",35693
"[15087, 15093, 15116, 14968, 14245, 14509, 14299, 14544, 15148]",35754
"[14019, 16991]",84122
"[14019, 16991]",36924
"[14019, 16991]",98972
"[14019, 16991]",84028
"[14019, 16991]",99032
"[14019, 16991]",38024
"[14605, 15609]",36035
"[14142, 14984]",37768
"[14142, 14984]",83824
"[14506, 14961]",36187
"[14944, 14506]",35953
"[14944, 14506]",33658
"[14944, 14506]",36035
"[14944, 14506]",83824
"[15810, 18309]",38437
"[14168, 14276]",39275
"[14168, 14276]",37765
"[14168, 14276]",37659
"[14168, 14276]",36035
"[14168, 14276]",36604
"[14910, 14267, 14285, 14286]",32505
"[16550, 14320, 18990]",35612
"[15271, 15413, 14186, 14190, 16550, 14275, 14792, 14320, 18990]",35612
"[14937, 18309]",38437
"[16687, 14276]",37659
"[14935, 15456, 14281, 14300, 19995]",35543
"[14602, 14992]",35543
"[20265, 20595]",36322
"[20265, 20595]",35974
"[20265, 20595]",37574
"[20265, 20595]",37844
"[20351, 20404]",36322
"[20351, 20404]",35974
"[20351, 20404]",35552
"[20351, 20404]",37844
"[15290, 15781, 14379, 14399, 20457]",35761
"[15290, 15781, 14379, 14399, 20457]",35909
"[14506, 14961, 14284, 14297, 15609]",33658
"[14287, 20830]",37564
"[14560, 14054]",36252
"[14559, 14036]",33675
"[14559, 14036]",29614
"[14559, 14036]",38024
"[14559, 14036]",35764
"[14559, 14036]",37888
"[14559, 14036]",36252
"[14559, 15064]",35828
"[14559, 14020]",35828
"[14559, 14034]",35553
"[14186, 15022]",31116
"[14910, 14972, 14286]",32505
"[14736, 15355]",35612
"[14297, 14423]",36187
"[14297, 14423]",36035
"[15769, 14836, 14142, 14162, 15855, 14198, 14200, 14726, 16303, 14317]",36035
"[14935, 16459]",35873
"[20404, 20595]",36322
"[20404, 20595]",35974
"[20404, 20595]",37574
"[20404, 20595]",37844
"[15889, 20478, 14218, 15817, 20416]",37752
"[14961, 14298, 15609]",37786
"[14961, 14298, 15609]",83824
"[15769, 15836, 14721]",36035
"[15769, 15836, 14721]",33593
"[16842, 20289]",28547
"[18687, 14797, 20265]",33575
"[14240, 14922]",36035
"[14516, 18195]",35612
"[14944, 16687]",37659
"[14944, 16687]",36035
"[14944, 16687]",33316
"[14186, 14992]",31116
"[14240, 14423]",36035
"[14944, 14276]",36187
"[14024, 16477]",33609
"[14024, 16477]",29078
"[14944, 14276, 14282]",36035
"[16209, 14276, 14423]",36035
"[14944, 14297]",36187
"[14944, 14297]",33316
"[14944, 14605]",37659
"[14944, 14605]",33316
"[14154, 14061]",36147
"[14154, 14061]",83790
"[14154, 14061]",29078
"[20351, 20265]",35878
"[20351, 20265]",36322
"[20351, 20265]",37574
"[20351, 20265]",37844
"[14249, 14287, 14990]",83897
"[15769, 14944, 14423]",36432
"[15769, 14944, 14423]",36187
"[15769, 14944, 14423]",36035
"[15769, 14944, 14423]",83824
"[14142, 14944]",36187
"[14142, 14944]",36035
"[14142, 14944]",37768
"[14142, 14944]",83824
"[14506, 14297]",36187
"[16687, 14423]",36035
"[15769, 15039]",36035
"[14298, 14308]",36187
"[14298, 14308]",83824
"[14020, 14965, 15064]",33675
"[14020, 14965, 15064]",36924
"[14020, 14965, 15064]",37659
"[14020, 14965, 15064]",36035
"[14020, 14965, 15064]",83888
"[14020, 14965, 15064]",38024
"[14020, 14965, 15064]",37888
"[14783, 14154, 14990]",83897
"[14783, 14154, 14990]",39365
"[14783, 14154, 14990]",37811
"[14783, 14154, 14990]",39609
"[14142, 15039]",36035
"[14969, 15615]",37659
"[14835, 15039]",36035
"[14058, 15781]",29614
"[15290, 14217, 14969, 15316, 15781, 15144, 14379, 14399, 20457]",35761
"[15290, 14217, 14969, 15316, 15781, 15144, 14379, 14399, 20457]",35909
"[14131, 16588, 14721]",35761
"[14131, 16588, 14721]",28208
"[14131, 16588, 14721]",33695
"[14131, 16588, 14721]",33593
"[14132, 14148]",27921
"[17407, 14135, 14961, 14297, 14298, 15555]",29446
"[14320, 15346]",39733
"[14159, 15346]",39733
"[15270, 14061, 14262, 14922, 16036, 14419, 14616]",37617
"[15270, 14061, 14262, 14922, 16036, 14419, 14616]",33575
"[15270, 14061, 14262, 14922, 16036, 14419, 14616]",33658
"[15270, 14061, 14262, 14922, 16036, 14419, 14616]",38928
"[14201, 16550, 15579]",33703
"[14201, 16550, 15579]",36283
"[14201, 16550, 15579]",83824
"[14201, 16550, 15579]",33598
"[14201, 16550, 15579]",35766
"[15289, 16991]",36088
"[15289, 16991]",37641
"[15289, 16991]",35831
"[15289, 16991]",36113
"[15289, 16991]",37161
"[15289, 16991]",83926
"[14836, 16690, 14327]",36035
"[14504, 14287]",36147
"[14504, 14287]",36075
"[14504, 14287]",29078
"[14783, 14154, 14830, 14990]",36661
"[15479, 15346]",39733
"[14862, 15375]",33675
"[14862, 15375]",37617
"[14072, 14359, 14739]",35612
"[14072, 14359, 14739]",35761
"[14072, 14359, 14739]",35638
"[14298, 15609]",36035
"[14308, 16215]",36432
"[14308, 16215]",36035
"[15425, 15473]",35985
"[15425, 14980]",35836
"[14154, 14249, 14990]",83897
"[14130, 14132, 14938, 14276, 14295, 20397]",36035
"[14186, 20710]",35612
"[15420, 14961]",36187
"[15420, 14961]",36048
"[15126, 21361]",37573
"[14922, 20270]",38040
"[14922, 20270]",36312
"[20270, 20574]",33598
"[14602, 15579]",35543
"[14602, 15579]",33563
"[16219, 20270]",35761
"[16219, 20270]",35909
"[15464, 15579]",33703
"[15464, 15579]",36283
"[14813, 14298, 14510, 14306]",33575
"[14813, 14298, 14510, 14306]",36286
"[14813, 14298, 14510, 14306]",36035
"[14702, 20374]",28374
"[14297, 15039]",33658
"[14297, 15039]",36035
"[14986, 14792]",35612
"[14239, 14388]",36075
"[15283, 14510]",33575
"[15426, 14202]",36035
"[14240, 16214]",36035
"[16061, 14861]",94657
"[14792, 15861]",35612
"[20552, 18195]",35612
"[16276, 17775, 14174]",36644
"[15459, 14239, 14241, 14244, 17152]",36075
"[14935, 15425, 15914]",35873
"[14999, 15590]",28313
"[14559, 14704, 14560, 16588]",28849
"[14559, 14704, 14560, 16588]",37912
"[14229, 14032]",36924
"[14229, 14032]",38024
"[20336, 15596]",36492
"[14940, 17229]",99032
"[17558, 15312]",29107
"[14155, 14313]",33688
"[14969, 14297]",35669
"[14298, 14306, 15609]",36035
"[15289, 16375]",84027
"[14158, 15479]",84021
"[14158, 15479]",36075
"[14605, 14423]",36035
"[15289, 14910, 14267, 14286]",32505
"[14023, 14820]",37236
"[14275, 14359]",35612
"[15769, 15836, 14779]",35846
"[17229, 14950, 17237, 14381]",35545
"[14541, 15684]",84211
"[14308, 14379]",35761
"[14308, 14379]",35909
"[15301, 21933]",35985
"[14150, 15088, 14807]",36075
"[16588, 19562, 17594]",33593
"[14691, 20751]",36035
"[15753, 14721]",38928
"[15753, 14721]",33593
"[14188, 14021]",32254
"[14188, 14021]",37845
"[14188, 14021]",39821
"[14188, 14021]",35549
"[14188, 14021]",33563
"[14332, 20404]",36327
"[14332, 20265]",36327
"[14561, 15818]",35909
"[14561, 15818]",28780
"[14561, 15818]",35691
"[14561, 15818]",29296
"[14561, 15818]",28547
"[14253, 14980, 14281]",84038
"[14253, 14980, 14281]",36450
"[14253, 14980, 14281]",35543
"[14253, 14980, 14281]",35985
"[14253, 14980, 14281]",39828
"[14253, 14980, 14281]",33651
"[14253, 14980, 14281]",37732
"[14072, 14359]",35612
"[16063, 14861, 15246]",37718
"[14945, 16721]",28849
"[14945, 16721]",36634
"[14945, 16721]",29945
"[14940, 15292]",36075
"[14020, 14715]",33675
"[14036, 14715]",33675
"[14036, 16036]",33675
"[14034, 16036]",33675
"[16036, 15064]",33675
"[14020, 14036, 14715, 15064]",33675
"[14020, 14034, 14036, 16036]",33675
"[14783, 14154, 15781]",36075
"[15818, 17185, 17195]",37573
"[17832, 14721]",38928
"[14605, 15242]",37659
"[14605, 15242]",36035
"[14605, 15242]",83824
"[14323, 15010]",35766
"[14028, 21933]",36046
"[14142, 15781]",36035
"[14028, 15914]",36046
"[14020, 14023, 14028, 14269, 14034, 14320, 14036, 15064]",36113
"[15451, 15781]",36035
"[15451, 15781]",37786
"[15451, 15781]",37564
"[16409, 21216]",33594
"[16409, 21216]",36048
"[14072, 15693]",94658
"[14318, 20404]",35834
"[14318, 20404]",37641
"[14318, 20404]",36113
"[14318, 20404]",98541
"[14318, 20404]",36322
"[14318, 20404]",35974
"[14318, 20404]",35553
"[14318, 20404]",37844
"[15809, 14625, 14775]",38024
"[20336, 15781]",35612
"[14541, 14996]",36243
"[14297, 19245]",33658
"[16209, 19245]",36035
"[14520, 14110]",36048
"[15443, 20238, 15456]",35543
"[16588, 15477]",29446
"[16510, 14190, 14758]",29945
"[16588, 14297]",36187
"[16588, 14297]",33575
"[17832, 14297]",36187
"[17832, 14297]",28208
"[14186, 14275]",35612
"[15312, 16847, 15393, 20738]",36075
"[16588, 14506]",29446
"[14161, 15148]",35754
"[14562, 14624]",83776
"[14297, 17833]",33575
"[16063, 14861, 15246]",84122
"[14861, 15246]",37710
"[16209, 15039]",36035
"[15477, 14297, 20510]",33658
"[14678, 15138]",28547
"[14949, 14980]",33703
"[14201, 14883]",36048
"[15563, 15612]",36634
"[15596, 16721]",35612
"[14662, 15477, 14375, 15028]",37743
"[20478, 14218, 15817, 15477, 20416, 14484]",37752
"[15836, 14402]",33658
"[15836, 14402]",36035
"[15420, 17415]",83889
"[15420, 17415]",28374
"[15420, 17415]",36048
"[14848, 14034]",33675
"[14162, 14944]",36035
"[15104, 17378]",37830
"[15104, 17378]",35828
"[15781, 20445]",35761
"[15781, 20445]",35766
"[15781, 20445]",37564
"[15822, 15861]",35565
"[14144, 14217, 14218, 14484]",37805
"[14144, 14217, 14218, 14484]",37766
"[14321, 18870]",28547
"[14562, 17258]",83776
"[20418, 15582]",95295
"[20418, 15582]",35638
"[14706, 17832, 15753, 17833]",35953
"[14706, 17832, 15753, 17833]",35909
"[14706, 17832, 15753, 17833]",36187
"[14706, 17832, 15753, 17833]",33575
"[14706, 17832, 15753, 17833]",94789
"[14983, 15064]",37888
"[14297, 14426]",35953
"[14297, 14426]",33658
"[14969, 20714]",97053
"[14969, 20714]",35766
"[14506, 14961, 15477]",35761
"[14506, 14961, 15477]",35909
"[14194, 14792]",35612
"[14162, 14985]",36035
"[15462, 15781, 16550]",35766
"[14944, 14961, 15477]",35761
"[14944, 14961, 15477]",35909
"[14799, 15179]",84122
"[14799, 15179]",36187
"[14799, 15179]",28552
"[14799, 15179]",28208
"[14799, 15179]",83764
"[14799, 15179]",37710
"[14799, 15179]",83824
"[14799, 15179]",33598
"[14061, 16850]",36075
"[14132, 17652, 20270]",38040
"[14132, 17652, 20270]",83942
"[14132, 17652, 20270]",83917
"[14591, 16588]",33575
"[16588, 14733]",36286
"[16588, 14733]",36325
"[14020, 14034, 17247, 15064]",37811
"[14020, 14034, 17247, 15064]",36046
"[14292, 18301]",84211
"[15461, 15809]",36197
"[14539, 15246]",35766
"[14729, 14061, 14545]",33703
"[14726, 15579]",37617
"[14287, 14726]",36147
"[14726, 20270]",83775
"[15316, 14726]",37564
"[15466, 14979]",35641
"[15420, 14726]",37564
"[14786, 14726]",37564
"[15462, 14726]",28374
"[14785, 14726]",37564
"[14245, 14993]",35641
"[14190, 17594]",36578
"[15312, 14384]",33677
"[14726, 15375]",33675
"[15101, 20774]",39822
"[14961, 14303]",33575
"[14961, 14303]",33658
"[14833, 14130, 15822]",38059
"[14833, 14130, 15822]",35565
"[14836, 16687, 14835, 14200, 16690, 14276, 15955]",36035
"[15242, 14739]",36634
"[14984, 14402]",36035
"[14207, 14739]",35612
"[14736, 14190]",35612
"[14190, 20274]",35612
"[14320, 16878]",35612
"[14238, 20445]",33609
"[14238, 20445]",29078
"[14238, 20445]",36265
"[14238, 20445]",37564
"[14937, 14301]",99047
"[14678, 15501, 15955, 17903, 15013]",35909
"[14678, 15501, 15955, 17903, 15013]",36187
"[14678, 15501, 15955, 17903, 15013]",28208
"[14678, 15501, 15955, 17903, 15013]",36286
"[14678, 15501, 15955, 17903, 15013]",36325
"[14678, 15477]",35953
"[14678, 15477]",33658
"[15781, 14317]",35638
"[15781, 14317]",36075
"[15781, 14317]",99032
"[14706, 14131, 14132, 15786]",33603
"[14706, 14131, 14132, 15786]",36187
"[14706, 14131, 14132, 15786]",33658
"[14706, 14131, 14132, 15786]",33695
"[14706, 14131, 14132, 15786]",83824
"[14706, 14131, 14132, 15786]",33598
"[14154, 17230, 15104]",83897
"[14426, 20710]",29078
"[14783, 14154, 14830, 14990]",83897
"[14783, 14154, 14830, 14990]",37766
"[14276, 14297]",35612
"[14144, 14922]",27933
"[14144, 14922]",94658
"[14144, 14922]",35641
"[14144, 14922]",36075
"[14144, 14922]",33572
"[14935, 14251]",35873
"[14883, 14980]",36015
"[14883, 14980]",36199
"[20238, 21605]",35543
"[14281, 20611]",35543
"[14072, 19692]",35612
"[14922, 14107]",35563
"[14915, 14371]",36634
"[14915, 14371]",37765
"[14944, 14369, 16214]",36035
"[15419, 20606]",35836
"[14024, 14347]",35638
"[15462, 14309]",28374
"[15462, 14309]",37564
"[15876, 16036]",28158
"[14196, 15818]",28780
"[19245, 16723]",83790
"[19245, 16723]",83802
"[19245, 16723]",37171
"[19245, 16723]",36020
"[14196, 15126]",39817
"[14275, 14072]",35612
"[15413, 14758, 14792]",35612
"[14275, 21753]",35612
"[14061, 17218]",35638
"[14061, 17218]",36075
"[14584, 17903]",28208
"[14276, 15653]",83790
"[14276, 15653]",36035
"[14276, 15653]",83802
"[16972, 19648]",30654
"[16972, 19648]",35982
"[16972, 19648]",35650
"[14219, 14244]",36075
"[14128, 14783, 14154, 14830, 14990]",83897
"[14561, 16195, 20503]",29614
"[16991, 15346]",39733
"[14215, 14276, 15955]",36035
"[14991, 14399]",83812
"[14991, 14399]",83824
"[14991, 14399]",33598
"[14991, 14399]",35766
"[14991, 14399]",35931
"[18755, 14990, 16852]",37888
"[14142, 14276]",37768
"[14142, 14276]",83824
"[15391, 15675]",35612
"[14263, 15520]",33675
"[14263, 15520]",37617
"[15166, 15520]",33675
"[15166, 15520]",37617
"[15166, 15546]",33675
"[14187, 15046]",35612
"[14155, 14187]",35612
"[14253, 20391]",84122
"[14399, 20714]",35766
"[14883, 14230, 14510]",84122
"[15520, 15546]",33675
"[15520, 15546]",37617
"[17268, 21319]",94798
"[17268, 21319]",33598
"[14862, 15520]",37830
"[14862, 15520]",37617
"[15426, 20673]",35953
"[15426, 20673]",36035
"[17229, 15064]",33675
"[17229, 14036]",33675
"[17229, 14020]",33675
"[14950, 14266, 14034, 14381, 15660, 15251]",33675
"[14950, 14020, 14266, 14034, 14036, 14381, 15660, 15251, 15064]",33675
"[15781, 14398]",35761
"[15781, 14398]",35909
"[15804, 19324]",84168
"[15078, 14227]",36075
"[15426, 14359]",36286
"[15426, 14359]",36035
"[14154, 15171]",36075
"[17229, 14516]",36691
"[14793, 21715]",36691
"[14991, 17639]",36138
"[14991, 17639]",36075
"[15772, 14321]",28547
"[14934, 20442]",35916
"[14187, 14691]",36512
"[15077, 14186, 14207, 14275, 16972]",31116
"[14207, 14989]",35982
"[15456, 14992]",35543
"[14313, 14072]",35612
"[14880, 14321]",35652
"[14880, 14321]",28547
"[14206, 14347]",35612
"[14306, 20126]",37722
"[14154, 14249, 17259]",83897
"[14678, 14969, 14379, 14399]",83812
"[14678, 14969, 14379, 14399]",83824
"[14678, 14969, 14379, 14399]",33598
"[14678, 14969, 14379, 14399]",97053
"[14835, 15382]",36432
"[14940, 15088, 14845]",83754
"[14940, 14061]",36075
"[14785, 20347]",37564
"[14148, 14922]",27921
"[15427, 14291]",35584
"[15473, 14995]",33601
"[18687, 14797, 20270]",38040
"[16572, 15143, 14376, 15025, 16030]",35966
"[15451, 14240]",36035
"[14783, 14141, 15781, 14993]",35641
"[14736, 14713]",33643
"[14827, 15436]",35430
"[15413, 14792, 14793]",35612
"[14678, 14240]",36035
"[15420, 14785, 15462, 15144, 14520]",33601
"[15420, 14785, 15462, 15144, 14520]",83961
"[15420, 14785, 15462, 15144, 14520]",37564
"[14678, 14969, 15781]",83812
"[14678, 14969, 15781]",83824
"[14678, 14969, 15781]",39798
"[14678, 14969, 15781]",33598
"[19702, 18181]",35612
"[15322, 14065]",37549
"[14785, 19566]",83961
"[14785, 19566]",37564
"[14128, 14972]",35612
"[15769, 17148, 15836, 14282]",35929
"[14158, 15126, 15818, 14287, 14297]",37573
"[14158, 15126, 15818, 14287, 14297]",28780
"[14158, 15126, 15818, 14287, 14297]",31245
"[14158, 15126, 15818, 14287, 14297]",36778
"[14158, 15126, 15818, 14287, 14297]",28547
"[14158, 15126, 15818, 14287, 14297]",39255
"[14935, 14944, 15184]",35543
"[14186, 14190, 14275]",35612
"[14793, 14072]",35612
"[14229, 14792]",35612
"[15366, 20126]",37722
"[14599, 14381]",39540
"[14599, 14381]",36924
"[14599, 14381]",32231
"[15781, 14399]",35431
"[15781, 14399]",35766
"[20502, 14303]",33575
"[14641, 15002]",35612
"[15443, 14602, 15456, 14992]",35543
"[16588, 20502]",83885
"[20502, 14303]",83885
"[14032, 14281]",35543
"[14032, 14281]",35638
"[14945, 14186, 21598]",36634
"[15826, 15576]",37722
"[14154, 17594]",36075
"[14061, 14338]",94797
"[14938, 15295, 14327]",36035
"[14561, 16588]",35612
"[19207, 17276]",33658
"[18583, 14754]",36210
"[14293, 15521]",28208
"[14783, 14154, 14061]",83897
"[14186, 14792]",35612
"[15836, 14298]",36035
"[14602, 15502]",35543
"[15198, 14551]",33575
"[14975, 18849]",33635
"[14250, 15064]",35543
"[17268, 20809]",83775
"[14266, 14287, 15579]",83897
"[15769, 16786]",37659
"[14706, 14678, 16588]",28208
"[14706, 14678, 16588]",94789
"[15126, 15035]",32688
"[15126, 15035]",32477
"[15126, 15035]",94660
"[15126, 15035]",28780
"[15126, 15035]",39817
"[15126, 15035]",31245
"[15126, 15035]",28547
"[14783, 14993, 20414, 15532]",83753
"[14186, 14792, 14793]",35612
"[14792, 14516, 15861]",33688
"[14785, 14291, 21506]",37564
"[14231, 14516, 15861]",35612
"[14185, 15456]",35543
"[14955, 14206]",35612
"[14935, 14300]",35543
"[14195, 14283]",33670
"[14195, 14283]",35983
"[20238, 15456, 14300]",83958
"[14131, 15786, 14108]",28478
"[14131, 15786, 14108]",35612
"[14131, 15786, 14108]",35761
"[14131, 15786, 14108]",33575
"[14131, 15786, 14108]",35638
"[14131, 15786, 14108]",36478
"[14032, 14281]",37636
"[16588, 20514]",33575
"[14334, 20265]",95295
"[14934, 14320]",38342
"[14934, 14320]",38024
"[14206, 14231]",35612
"[14502, 18849]",33635
"[14502, 18849]",35970
"[14502, 18849]",33653
"[14792, 19995]",35612
"[15413, 14107]",35612
"[14154, 21884]",36075
"[17236, 15479]",33675
"[14980, 14300]",36199
"[14154, 14607]",36075
"[14187, 14190, 21593]",35612
"[14944, 15440, 17148, 14959, 14984, 14301]",36035
"[14272, 15166]",33675
"[14272, 15166]",37617
"[14272, 15166]",37541
"[15982, 18583]",36088
"[16588, 14072]",35612
"[14959, 14721]",36035
"[14959, 14721]",33593
"[14785, 18687, 14797]",37564
"[14250, 14820]",83929
"[14142, 14922]",29229
"[14142, 14922]",36361
"[14969, 14072]",35766
"[14938, 14276, 14295]",36035
"[15094, 15306]",36075
"[15501, 19566]",33575
"[14911, 14574]",83790
"[14980, 14300]",37732
"[14721, 20510]",33658
"[14721, 20510]",33593
"[14835, 14200, 14721, 14317]",36035
"[14835, 14200, 14721, 14317]",33593
"[14940, 15271]",31756
"[14072, 14739]",36242
"[14165, 14306]",33575
"[14275, 20256]",36634
"[15479, 15579]",37830
"[15546, 15579]",37617
"[16510, 19732]",36512
"[14259, 15000]",35612
"[14065, 20293]",35612
"[14065, 20293]",37805
"[14934, 14599]",37183
"[14257, 21361]",83775
"[14023, 14819]",35543
"[14935, 14602, 14992, 14034]",35543
"[16588, 20510]",28208
"[15002, 19566]",35612
"[14032, 14281]",35545
"[14129, 19628]",35823
"[14793, 15585]",35966
"[14668, 21361]",83775
"[17356, 14739]",33688
"[15770, 17832, 16588, 15753, 14293, 14306, 15501, 17833, 20515]",28208
"[14714, 15655]",37743
"[14721, 16195]",33593
"[14408, 21690]",35966
"[14023, 14819]",36924
"[15134, 14775]",38024
"[14783, 14245, 17301]",32033
"[14398, 14399]",35761
"[14398, 14399]",35909
"[14398, 14399]",35766
"[14940, 14061]",35638
"[14935, 15579]",35543
"[14678, 14190]",35612
"[20485, 39889]",35831
"[14168, 14217]",37765
"[14168, 14217]",36035
"[15770, 17833]",28208
"[14293, 17833]",28208
"[15889, 14484]",37752
"[14992, 21783]",37829
"[14269, 14287]",39822
"[14269, 14287]",84275
"[15477, 15352]",29446
"[14072, 14739, 21753]",36944
"[14154, 14830]",37766
"[14980, 14545]",33703
"[14783, 14186]",35612
"[15659, 15391]",35612
"[16195, 14922]",35854
"[16195, 14922]",36209
"[15104, 15579]",37830
"[15104, 15579]",35552
"[15104, 15579]",36046
"[16226, 16230]",35612
"[16226, 16230]",33634
"[16226, 16230]",35970
"[14244, 14245]",83906
"[14157, 14314]",36075
"[16214, 14423]",36035
"[14940, 20391]",36075
"[14111, 14306]",33575
"[14111, 14306]",29614
"[14936, 15579]",37830
"[14839, 14320]",36691
"[14206, 14401]",35982
"[15143, 14376, 15365, 14408]",35966
"[16230, 19614]",35612
"[14773, 39889]",35552
"[14773, 39889]",36046
"[14773, 39889]",39609
"[14773, 39889]",35546
"[15836, 14809]",36035
"[14938, 14276, 14295, 14327, 20751]",36035
"[14251, 14352]",83790
"[14251, 14352]",83802
"[14709, 15844]",29107
"[15781, 14283]",83790
"[14154, 14830]",83897
"[14129, 15849]",29229
"[15855, 15630]",36035
"[16690, 14924]",36035
"[14792, 14426, 15242]",33653
"[14269, 18583]",84275
"[15781, 18583]",33609
"[14598, 14656]",83790
"[14598, 14656]",83802
"[15430, 14178, 15490]",84122
"[15430, 14178, 15490]",83885
"[15430, 14178, 15490]",37710
"[15430, 14178, 15490]",35680
"[15430, 14178, 15490]",39255
"[14945, 16972]",36634
"[14833, 14739]",33703
"[14131, 21641]",27933
"[14131, 21641]",27921
"[14131, 21641]",84310
"[14131, 21641]",35761
"[14131, 21641]",94798
"[14131, 21641]",94658
"[14131, 21641]",39365
"[14131, 21641]",28313
"[14154, 14990]",83897
"[19566, 14107]",33575
"[14786, 15781]",35966
"[16209, 16786]",37659
"[16209, 16786]",36035
"[14605, 16786]",37659
"[14605, 16786]",36035
"[16215, 16786]",37659
"[16215, 16786]",36035
"[14155, 16588]",35471
"[14128, 14072]",35762
"[14194, 14275]",35612
"[14966, 14269]",39872
"[14572, 14131, 14975, 15786]",35612
"[15604, 15064]",35543
"[14072, 18808]",35761
"[14591, 15067]",35638
"[14784, 14336]",33675
"[14131, 14112, 15786]",35612
"[14135, 16360]",33658
"[14184, 15067]",39872
"[14939, 15067]",39872
"[15095, 14520]",33562
"[15769, 14276, 14984]",36035
"[14218, 14484]",37805
"[14877, 15879]",84208
"[14320, 14793]",35612
"[15769, 16688]",33594
"[15769, 16688]",37659
"[15769, 16688]",33658
"[15769, 16688]",36035
"[15769, 16688]",36075
"[19207, 17276]",36242
"[15821, 14984]",36035
"[14154, 15104, 14249]",83897
"[14154, 15104, 14249]",37766
"[15769, 17221]",37659
"[15769, 17221]",33658
"[15769, 17221]",36035
"[15129, 19665]",35612
"[14719, 14792]",35612
"[14792, 14739]",36691
"[15104, 14709]",36075
"[14949, 14237]",37641
"[17347, 14320]",36088
"[14965, 14846]",36035
"[14275, 14364]",35612
"[14792, 14359]",35612
"[14134, 15067]",39872
"[14678, 14200]",36035
"[14992, 14792]",35612
"[14200, 16786]",37659
"[14678, 14200, 16786]",37659
"[14678, 14944, 14835]",36035
"[14678, 16588, 15781, 14297]",33575
"[14678, 16588, 15781, 14297]",33658
"[14678, 15781, 17903]",28208
"[14678, 14944, 15836, 14276]",36035
"[14944, 16690]",36035
"[14275, 18611]",35612
"[20402, 14910, 14267, 14286, 15586]",32505
"[14142, 14200]",36035
"[14158, 16195]",36147
"[14130, 14678]",37765
"[14130, 14678]",84170
"[14130, 14678]",36241
"[14130, 14678]",29446
"[14940, 14253]",35638
"[14940, 14253]",99032
"[14250, 14262]",83929
"[15074, 14950, 14021, 14201, 14271, 14320]",33703
"[14201, 15781, 15324]",36158
"[14158, 14165, 14320]",37072
"[20336, 15196]",35612
"[14600, 18028]",28780
"[14217, 14320]",31493
"[14833, 20262, 14167, 14168, 14249, 21216]",83897
"[14966, 14030]",37574
"[14950, 14201, 14966, 14493]",33703
"[14222, 14223, 20289, 15127, 15184]",28313
"[15419, 14883, 15781]",36020
"[14607, 14990, 15179, 14493]",99032
"[14131, 14792]",35612
"[14602, 15456, 15179]",35543
"[14736, 14194, 14966]",29078
"[14645, 15462]",28374
"[14645, 15462]",36048
"[14213, 21216, 15246]",33714
"[14186, 14231, 14713]",32924
"[14736, 14194, 14968, 15246]",36158
"[14107, 14110]",36476
"[15428, 14113]",35612
"[14945, 14229]",35612
"[14287, 14872]",35638
"[14287, 14872]",36075
"[14238, 14872]",35638
"[14238, 14872]",36075
"[14034, 15166]",33675
"[14034, 15166]",37617
"[14736, 20467]",36578
"[15299, 20421]",35749
"[14945, 14643]",35612
"[14286, 15531]",30661
"[14194, 15273]",84275
"[15483, 14994, 15861]",83889
"[14164, 14237, 14980]",37564
"[18028, 14922, 39889]",35538
"[14062, 21772]",94775
"[14980, 14990, 14034]",37830
"[14194, 14201, 15781, 15324]",36158
"[14128, 14130, 14054, 14132, 14739]",39806
"[14936, 14940, 14506, 16991, 14320, 14332, 14922]",35538
"[14681, 14242]",33609
"[15082, 15667]",94658
"[14282, 14301]",35929
"[14833, 20293]",84167
"[15077, 15596]",30494
"[14934, 14282, 14306, 14402]",35680
"[14934, 14282, 14306, 14402]",94657
"[14882, 15494]",32505
"[17229, 14830, 21216]",37888
"[14980, 20212, 20256]",36243
"[21216, 15838]",30152
"[15273, 14805]",84275
"[15302, 14287]",28780
"[14980, 15254]",36924
"[18179, 21472]",28313
"[14028, 14980]",37627
"[14845, 15781, 14588, 14510]",36187
"[14792, 14793, 14630]",35612
"[14195, 14237, 39889]",39609
"[15160, 15229]",33675
"[15160, 15229]",37617
"[14426, 16182]",30661
"[14935, 15788]",35543
"[14054, 15121, 14237, 39889, 20311, 21216]",39609
"[14158, 15794]",36075
"[14194, 14201, 14287]",29078
"[15419, 20429, 15781]",36020
"[14940, 15326, 17378]",36158
"[16061, 19135]",36001
"[15462, 14320, 14359, 20673, 15861]",36242
"[15028, 14714, 21294]",37743
"[14128, 14955, 15303, 18028, 15521]",30486
"[14155, 15242]",33688
"[14833, 14130, 21593]",83790
"[14833, 14130, 21593]",83802
"[14983, 14036]",37888
"[14758, 18195]",35612
"[14940, 16991]",97094
"[14206, 16323]",35612
"[16588, 14955]",33635
"[21216, 15246]",35641
"[14714, 20476]",37743
"[18028, 20809]",94798
"[14785, 14802]",37564
"[14135, 14284, 20510]",33658
"[14135, 14284, 20510]",36035
"[14282, 14298]",35761
"[14187, 14426]",35612
"[15846, 15067]",39872
"[14785, 15781]",28313
"[14719, 14954]",35612
"[14023, 14516, 14107]",94797
"[14213, 15210, 14107]",27202
"[14655, 14320]",33677
"[16370, 15246]",35641
"[15840, 14802, 14995]",37564
"[15419, 14060, 14194, 14309, 20256]",36243
"[14880, 14783]",39365
"[14061, 21216]",28313
"[15299, 14279]",36243
"[14164, 14845, 14237, 14980]",37564
"[14966, 14320, 15861]",35552
"[16991, 14980, 14262, 15781, 16067, 14281, 15763, 15246]",33703
"[14158, 14191, 14024, 14287]",29078
"[15419, 15440, 14883, 15380]",33678
"[17028, 14385]",33575
"[17028, 14385]",36138
"[14269, 14320]",84275
"[14250, 20365]",83893
"[14678, 15116]",94658
"[14229, 17211]",35612
"[14253, 14980, 15869]",36199
"[14318, 20404]",35759
"[15619, 15067]",39872
"[14785, 14995]",33601
"[14785, 14995]",37564
"[14961, 15209]",37659
"[14785, 14969, 14872]",35761
"[14785, 14969, 14872]",36048
"[14272, 15166, 14036]",33675
"[14272, 15166, 14036]",37617
"[14128, 15781]",83897
"[14128, 15781]",29078
"[14784, 17236]",33675
"[14257, 14107]",35565
"[17605, 14231]",35612
"[14990, 14359]",36522
"[17728, 14975]",29275
"[14721, 14072]",33593
"[14846, 14240, 14359]",36035
"[15420, 15462, 15144, 14872]",37564
"[14212, 14792]",35612
"[14054, 14023, 14281, 14819]",38024
"[14238, 14318]",36954
"[14186, 15829]",32924
"[16855, 15106]",29887
"[16855, 15106]",38054
"[15139, 15521]",32033
"[15893, 17594]",35612
"[14935, 14882]",35543
"[16588, 15352]",37765
"[16588, 15352]",36242
"[16588, 15352]",83764
"[16588, 15352]",33658
"[16588, 15352]",33593
"[14206, 14411]",90237
"[14206, 14411]",35884
"[14206, 14411]",33294
"[14206, 14411]",32531
"[14206, 14411]",38290
"[14206, 14411]",98664
"[14206, 14411]",30494
"[14206, 14411]",32213
"[17999, 17991]",35612
"[14275, 15545]",35612
"[14128, 14736]",35612
"[16690, 14276, 14423]",36035
"[14980, 21933]",38078
"[14980, 21933]",35985
"[14945, 14739]",35612
"[14986, 14362]",36112
"[14291, 15579]",35831
"[14065, 18808]",35612
"[14971, 15135]",28547
"[16229, 14411]",35651
"[14028, 14342, 20347, 17652]",38026
"[17412, 15064]",83753
"[19566, 19723]",33603
"[19566, 19723]",33658
"[15289, 15579]",35831
"[14154, 14872]",36075
"[17351, 15000]",35612
"[14190, 20274, 14231]",35612
"[14721, 17833]",35457
"[14721, 17833]",33593
"[14128, 14984]",36187
"[14128, 14984]",36035
"[14828, 16593]",32505
"[14153, 14945]",36634
"[14186, 17594]",35612
"[14783, 14154, 14830, 14990]",35565
"[14054, 20238]",35543
"[16330, 16459]",36015
"[16330, 16459]",36243
"[16330, 16459]",36199
"[14987, 14792]",94844
"[14301, 14317]",36035
"[14275, 15550]",35612
"[14945, 15002, 15205]",35612
"[15025, 14408]",35612
"[14275, 14739]",35612
"[14054, 15818]",28780
"[14966, 14231]",35612
"[14187, 17711, 21053, 17356]",35612
"[16573, 15474, 16578]",35612
"[14184, 14231, 14296]",35612
"[14231, 14237]",35612
"[14685, 14217, 14541]",37044
"[15101, 14792]",35612
"[14987, 14510, 14792]",94844
"[14347, 20452]",36147
"[15324, 14347]",36147
"[14065, 18808]",33675
"[14065, 18808]",37830
"[14065, 18808]",37617
"[14065, 18808]",83897
"[14065, 18808]",37766
"[14065, 18808]",39696
"[16409, 21909]",94658
"[16588, 15352]",29446
"[18229, 18230]",29614
"[14245, 15148, 14320, 20809]",30459
"[14231, 14346]",35612
"[14275, 14793]",35612
"[14186, 14736, 14275, 14364]",35612
"[16550, 15885]",97053
"[17322, 15615]",37659
"[14196, 14405]",33653
"[14172, 14188]",37574
"[20402, 18590]",95640
"[14780, 15149, 17664]",35612
"[14262, 15781]",35612
"[14951, 15781, 14424]",35612
"[14951, 14262, 15781, 14424]",35612
"[16219, 16220, 14546]",36048
"[20412, 17376]",37574
"[14729, 20541]",29387
"[14359, 14739]",35966
"[14961, 14702]",36286
"[14962, 20223]",32033
"[14135, 17148, 14668]",36187
"[14135, 17148, 14668]",36035
"[17832, 14293, 20510]",83764
"[17832, 14293, 20510]",33658
"[17639, 20574]",28780
"[17639, 20574]",39817
"[17639, 20574]",38040
"[17639, 20574]",37718
"[17639, 20574]",27248
"[19604, 20905]",29173
"[14935, 15443, 14190, 15456, 14250, 14992, 14888]",35543
"[19566, 19562]",84088
"[14188, 14030]",97502
"[14981, 17503]",84242
"[17262, 15030]",94657
"[15769, 14984]",36035
"[17229, 14950, 14440]",36924
"[15077, 15271, 14849, 14713]",30494
"[15419, 15420, 14843]",97502
"[14275, 20855]",35612
"[14359, 14739]",36243
"[14786, 15838]",83790
"[14032, 14281]",94889
"[14980, 14797]",37574
"[17220, 15615]",37659
"[14719, 14789, 14275, 15149, 14791]",35612
"[19566, 21593]",33658
"[19566, 21593]",33593
"[14128, 15868, 14360]",33675
"[14783, 14993]",36075
"[17832, 16588, 20510]",83764
"[17832, 16588, 20510]",33658
"[20262, 20412]",35552
"[14178, 14245, 14993]",32033
"[14911, 15838]",83790
"[14934, 14155]",35612
"[20260, 15672]",36766
"[14275, 15654]",35612
"[14780, 16303]",31477
"[17993, 14359]",35916
"[17993, 14359]",28764
"[15603, 15675]",35612
"[14714, 15864, 15725]",37743
"[14944, 15104]",36035
"[15283, 16588, 17951]",28208
"[15008, 15654]",35612
"[14165, 14275]",35612
"[14945, 19281]",36634
"[14385, 19650]",33677
"[17991, 19603, 19604, 17992, 21194]",35612
"[17356, 21714]",35612
"[20673, 20710]",35612
"[20673, 20710]",29078
"[15148, 14656]",94658
"[14328, 15598]",28208
"[14328, 15598]",33593
"[14061, 14023, 16063, 18755, 14107]",95295
"[14061, 14023, 16063, 18755, 14107]",37811
"[14187, 14792]",35612
"[15660, 14107]",32231
"[14739, 15693]",35953
"[15468, 18372]",35638
"[15468, 18372]",36075
"[14782, 15077]",35567
"[14782, 15077]",39521
"[14782, 15077]",33321
"[14782, 15077]",32349
"[14782, 15077]",32350
"[14782, 14956]",35567
"[14782, 14956]",39521
"[14782, 14956]",33321
"[14782, 14956]",32349
"[14782, 14956]",32350
"[14131, 15786]",35638
"[20351, 14798]",35587
"[14284, 20710]",30171
"[14284, 20710]",33678
"[14284, 20710]",37609
"[14284, 20710]",29078
"[14284, 20710]",29182
"[17728, 15367]",30494
"[17728, 15367]",29614
"[17728, 16753]",35612
"[14135, 14155]",33688
"[14177, 14656]",94658
"[14177, 14656]",33572
"[14936, 14286]",33292
"[14156, 14325, 14656]",94658
"[15179, 20436]",33703
"[14719, 14954]",36678
"[14032, 14281]",83753
"[14706, 14678, 14054, 14132]",28780
"[14962, 15146, 14656]",94658
"[14131, 14975, 15786]",36906
"[20662, 14739]",28780
"[14275, 16721]",35612
"[14131, 15786]",28780
"[14128, 16588]",35612
"[14207, 15000]",35612
"[14052, 14054, 20502, 17124]",33593
"[14052, 20502]",33593
"[15289, 15582]",35584
"[15289, 15582]",35638
"[15022, 14426]",83851
"[14192, 14656]",33594
"[14192, 14656]",38869
"[14072, 14739]",35612
"[19566, 14407]",37785
"[14972, 14792]",35612
"[14186, 14284, 14793]",35612
"[15603, 15659]",35612
"[17236, 14285]",95295
"[16061, 17339]",33605
"[16082, 14072]",35612
"[14783, 14306]",28780
"[14128, 14584]",27933
"[14792, 14529]",35612
"[14275, 18870]",36691
"[14321, 14739]",28547
"[20905, 19616]",35612
"[14991, 14323]",37573
"[14991, 14323]",94658
"[14991, 14323]",39817
"[14719, 14524]",35612
"[14275, 14072]",36634
"[14200, 14411]",36211
"[17728, 15602]",35612
"[14376, 15596]",99947
"[15289, 14910, 14701, 14267]",32505
"[14934, 14328, 20798]",84223
"[14934, 14328, 20798]",84058
"[14934, 14328, 20798]",94657
"[14934, 14328, 20798]",83824
"[14934, 14328, 20798]",33598
"[14313, 14426]",28465
"[15413, 14719, 14186, 14608, 14792]",35612
"[14972, 15002, 15176, 17040, 15012, 20597]",35612
"[19566, 15829]",37785
"[16588, 19724]",28208
"[14272, 15166]",31116
"[20379, 14426]",35612
"[14980, 15326]",37732
"[14275, 14791]",35612
"[14065, 16370, 14359]",36113
"[14131, 15786]",27933
"[14196, 14275]",35970
"[14186, 14275, 15828]",35612
"[14128, 14662]",37766
"[15118, 14792]",36187
"[15118, 14792]",35993
"[15118, 14792]",36437
"[17347, 14990, 16852]",37811
"[17347, 14990, 16852]",36046
"[14961, 14275]",35612
"[14019, 17435]",29229
"[14299, 15001]",28313
"[14934, 14298]",33658
"[14934, 14298]",33610
"[14206, 14401]",35612
"[14945, 14274]",36634
"[14223, 14299]",28313
"[14140, 14299]",28313
"[14161, 14299]",28313
"[14275, 14792]",35612
"[15791, 14407]",36924
"[15791, 14407]",38024
"[15791, 14407]",29182
"[15791, 14407]",32231
"[14721, 14328, 14385, 14475]",33593
"[14561, 14969, 15781, 14399]",35766
"[14792, 14643]",35612
"[14560, 14561, 14834, 17124, 20589]",33609
"[14740, 14065]",35970
"[14944, 14605, 14276]",36035
"[15126, 21293]",28780
"[15761, 14238, 14995]",37766
"[15477, 14297, 21192]",29664
"[15027, 21714]",35612
"[14190, 20784]",36578
"[14950, 14426]",36924
"[14155, 19566]",33688
"[15104, 14249]",33575
"[15104, 14249]",33593
"[17434, 14153, 17435, 14978, 21262, 14677]",29229
"[16588, 14961]",36691
"[19566, 19603]",35612
"[20238, 14229, 14819]",37583
"[20238, 14229, 14819]",32619
"[14559, 18808]",29614
"[15822, 19606]",35612
"[14678, 14320]",29078
"[14991, 20662]",28780
"[15292, 15587]",35638
"[15292, 15587]",36075
"[14061, 14260]",36075
"[14561, 20503]",38281
"[14561, 20503]",94798
"[14561, 20503]",33575
"[14561, 20503]",37903
"[14561, 20503]",36035
"[14561, 20503]",29614
"[15456, 20569]",35873
"[15852, 17832, 14278, 19995]",83790
"[14065, 17594]",36015
"[14065, 17594]",36954
"[14065, 17594]",37161
"[14215, 14275]",35612
"[14030, 14273]",33348
"[14287, 21618]",35612
"[14287, 21618]",35638
"[14215, 14306]",33575
"[14215, 14306]",36035
"[14215, 14259]",33575
"[14215, 14259]",36035
"[14987, 14376]",35786
"[14987, 14376]",33188
"[14131, 20574]",39817
"[14131, 20574]",33658
"[14131, 20574]",37718
"[16226, 16229]",30654
"[16226, 16229]",35982
"[16226, 16229]",35651
"[16226, 16229]",29078
"[14215, 14303]",33575
"[14215, 14303]",36035
"[17832, 14215]",33575
"[17832, 14215]",36035
"[19628, 20092]",35471
"[14792, 14739]",31477
"[14739, 15693]",35612
"[14739, 15693]",35638
"[14186, 14792, 15861]",31477
"[17347, 14820, 14520]",35543
"[14334, 20265]",36954
"[14334, 20265]",35831
"[14334, 20265]",36283
"[14334, 20265]",35974
"[14334, 20265]",36334
"[14678, 14275]",36691
"[14922, 16852]",36088
"[14678, 14132]",35638
"[14628, 14764, 15242]",35612
"[14155, 15982, 14792]",35612
"[14678, 14132]",36035
"[16972, 15242]",35612
"[14656, 18377]",36015
"[14656, 18377]",36199
"[14656, 18377]",38102
"[14186, 15585]",31477
"[14165, 14215]",33575
"[14165, 14215]",36035
"[14155, 14945, 15413]",35612
"[14783, 14154, 14990]",36075
"[14372, 15027]",33688
"[14231, 14275]",35612
"[14275, 19566]",35612
"[14186, 18583]",35612
"[14792, 15579]",35612
"[15912, 18028, 15324]",36634
"[14428, 20269]",37805
"[14736, 14231]",35612
"[14736, 14231]",35762
"[17832, 14359, 14739, 15693]",35612
"[17832, 14359, 14739, 15693]",35762
"[17832, 14359, 14739, 15693]",35638
"[14955, 20673]",35612
"[14155, 20673]",35612
"[14186, 14736, 14510]",35612
"[16588, 14788]",33658
"[16588, 14788]",33695
"[15033, 15670, 15671]",35612
"[15105, 14816]",29229
"[15105, 14816]",83830
"[15126, 18277]",27248
"[15126, 18277]",28780
"[15126, 18277]",28313
"[15126, 18277]",83903
"[14645, 14792]",36691
"[16510, 14765, 19614]",84263
"[14135, 14320]",36147
"[14135, 14320]",35953
"[14135, 14320]",33658
"[14135, 14320]",30494
"[15876, 14154]",37785
"[15126, 20368]",28780
"[14174, 18028]",33045
"[14275, 19886]",28465
"[14275, 19886]",31107
"[14275, 19886]",35982
"[14359, 14739, 15693]",35612
"[14155, 18959]",33688
"[17360, 15804, 14954, 14738, 16972]",38911
"[15461, 21762]",35612
"[14275, 15377]",33688
"[16588, 14178]",35612
"[15116, 14968]",94658
"[16220, 14758]",31596
"[14912, 16183, 15338]",35612
"[14560, 14054]",35761
"[14560, 14054]",35565
"[14560, 14054]",29614
"[15781, 14321]",28547
"[14154, 14830]",35828
"[14186, 19665]",35612
"[14262, 15321]",35638
"[14262, 15321]",36075
"[18583, 16266]",31883
"[18583, 16266]",27913
"[14940, 14309, 15246]",39501
"[16588, 14186]",35612
"[14275, 15002]",36691
"[14019, 14751]",28478
"[14019, 14751]",35638
"[21074, 21713]",35612
"[14128, 14877, 15443]",35543
"[14678, 14729]",94658
"[14937, 14780, 14713]",28465
"[15459, 15587]",36075
"[14253, 14520]",36113
"[20336, 14739]",35786
"[15479, 14034]",33675
"[14793, 21517]",35612
"[14945, 14426]",36634
"[14128, 19562, 14761]",35612
"[14128, 14054, 18583]",83790
"[14128, 14054, 18583]",33609
"[14128, 14054, 18583]",29078
"[14054, 14940, 14237, 14643]",37845
"[20336, 15586, 18309]",32214
"[14347, 19665]",35612
"[14945, 21762]",35612
"[14194, 15805]",35612
"[20215, 14072]",38281
"[20215, 14072]",35612
"[20215, 14072]",37805
"[20215, 14072]",35638
"[20215, 14072]",84051
"[14054, 14245, 14761]",35612
"[15769, 14317]",33609
"[16230, 19604, 14411, 15748]",35612
"[18192, 21628]",35612
"[14186, 20336]",35612
"[14785, 14219]",35638
"[14785, 14219]",36075
"[14678, 15413, 14792]",35612
"[16588, 14303]",36286
"[16588, 14303]",36138
"[16588, 14303]",36242
"[16588, 14303]",36035
"[16588, 14303]",38040
"[19886, 19491]",33635
"[16588, 19696]",35612
"[14780, 18675]",30654
"[15771, 20336, 14279, 20359]",35612
"[15473, 15914, 14309]",35985
"[15473, 15914, 14309]",97553
"[14782, 14128, 14833, 14130, 14678, 14052, 14054, 15179]",95075
"[14782, 14128, 14833, 14130, 14678, 14052, 14054, 15179]",33632
"[14782, 14128, 14833, 14130, 14678, 14052, 14054, 15179]",35762
"[14782, 14128, 14833, 14130, 14678, 14052, 14054, 15179]",38205
"[19628, 14656]",38281
"[19628, 14656]",32033
"[15101, 14274]",35612
"[14944, 14984, 14301]",33677
"[39895, 14713, 14864]",35612
"[14961, 15861]",33658
"[14678, 14168, 14202, 14965, 14308]",36035
"[15271, 15429, 14186, 15107, 14641, 14275, 14792]",35612
"[14128, 20306]",35761
"[14128, 20306]",84075
"[14792, 19566]",35612
"[20351, 14798, 20272, 21596]",36954
"[20351, 14798, 20272, 21596]",36113
"[20351, 14798, 20272, 21596]",36322
"[20351, 14798, 20272, 21596]",35974
"[20351, 14798, 20272, 21596]",36334
"[20351, 14798, 20272, 21596]",35552
"[20351, 14798, 20272, 21596]",37128
"[20351, 14798, 20272, 21596]",37844
"[16588, 19696]",33575
"[20262, 14797, 20272]",37830
"[20262, 14797, 20272]",36322
"[20262, 14797, 20272]",35974
"[20262, 14797, 20272]",36334
"[20262, 14797, 20272]",35552
"[20262, 14797, 20272]",37128
"[20262, 14797, 20272]",37844
"[14275, 17127]",35612
"[14538, 14275]",36578
"[15101, 15137, 14399]",84211
"[15914, 14320]",35854
"[15914, 14320]",35638
"[14645, 14130]",37765
"[14645, 14130]",36242
"[14645, 14130]",36241
"[15468, 14107]",83976
"[14128, 14313]",36578
"[15413, 14181, 14206, 14975, 14682, 14713]",36634
"[15077, 18959, 15206]",30654
"[15413, 14472]",36512
"[14338, 14413]",35471
"[14561, 20589]",33609
"[14706, 14678, 14132]",33598
"[15271, 14186, 14954, 14604, 14793]",35612
"[14154, 14238]",37768
"[14334, 20404]",33670
"[14054, 15477]",33658
"[14144, 14072]",29446
"[14144, 14072]",33593
"[14130, 17558, 14709]",36138
"[15092, 14562]",33688
"[15866, 14945]",36634
"[16588, 15550]",35612
"[15413, 14719]",31756
"[16991, 16419]",83919
"[16991, 16419]",30998
"[16991, 16419]",84122
"[16991, 16419]",38011
"[16991, 16419]",35462
"[16991, 16419]",31176
"[14275, 19309]",35612
"[14792, 15002]",35612
"[14187, 14206]",33688
"[15781, 16512]",36325
"[15270, 14718]",95488
"[19603, 19604, 19614]",35612
"[14132, 14949, 14980, 14320, 14520]",33703
"[14132, 14949, 14980, 14320, 14520]",39828
"[15481, 15027]",35686
"[17374, 14190]",28849
"[14275, 18397]",35612
"[14944, 14298]",35953
"[14944, 14298]",33610
"[14678, 18179]",35612
"[17108, 15413, 15450, 14792]",36766
"[19207, 17276, 19208]",38035
"[15101, 14275]",35612
"[16281, 18121]",33688
"[14034, 15579]",35552
"[16588, 14656]",28208
"[16588, 14656]",33594
"[16588, 14656]",33658
"[16588, 14656]",35584
"[16588, 14656]",29113
"[14018, 16067]",33675
"[14018, 16067]",37617
"[14783, 14154]",36075
"[20962, 19245]",33675
"[20410, 20272]",35840
"[20410, 20272]",35749
"[20410, 20272]",35759
"[20410, 20272]",35553
"[19566, 20784]",39161
"[14190, 14780]",28849
"[14935, 15030]",35543
"[15179, 14739]",28668
"[14237, 14980, 17999]",36199
"[15315, 21909]",33653
"[14287, 14990, 20306]",83897
"[14287, 14990, 20306]",37766
"[14952, 14780]",28465
"[14134, 16588]",31107
"[14313, 15242]",29863
"[14861, 15246]",37785
"[14155, 14190]",36578
"[15073, 14231]",28849
"[14944, 14691, 14276]",36432
"[14944, 14691, 14276]",33575
"[14944, 14691, 14276]",36035
"[14944, 14691, 14276]",33598
"[14739, 15693]",35840
"[14215, 15020, 21579]",35612
"[16063, 14244]",32033
"[14186, 14190, 14309]",35612
"[14177, 14447]",36661
"[14185, 20204]",35612
"[19604, 15689]",35612
"[15456, 14275]",33316
"[14275, 14643]",35612
"[14281, 14072]",35543
"[14207, 18808]",35982
"[15876, 14755]",37785
"[14206, 14793]",35612
"[15456, 14606]",84072
"[14537, 14359]",35953
"[19723, 19724]",35953
"[19723, 19724]",28208
"[19723, 19724]",83764
"[18755, 14607, 14990]",35916
"[14726, 19628]",35762
"[15781, 15320]",37768
"[14645, 14130, 15092]",31116
"[14961, 14229]",36512
"[20262, 20404]",37752
"[20262, 20404]",37574
"[14961, 15237]",36512
"[16061, 15111, 14963, 16063, 14244, 14245, 15246]",38024
"[14154, 14990]",37766
"[14190, 14194]",31107
"[20336, 15237]",35786
"[20249, 15242]",84009
"[14969, 15019]",35766
"[14190, 14347]",28849
"[16061, 18583]",33567
"[16061, 18583]",36088
"[16061, 18583]",98202
"[16061, 18583]",28206
"[14320, 15012]",35953
"[14320, 15012]",94844
"[14054, 20662]",33316
"[14828, 15094]",94658
"[15849, 17435]",29229
"[15244, 19288]",37768
"[17351, 15008, 17355, 14708]",35612
"[17351, 15008, 17355, 14708]",36691
"[16842, 15455]",94658
"[16842, 15455]",28547
"[16672, 21293]",28780
"[14506, 14298]",33658
"[14935, 14250, 14992, 21615]",83929
"[16588, 14222]",28208
"[14150, 14176, 14061, 15116]",36075
"[14605, 14984, 16693, 15220]",36035
"[20456, 20421]",35584
"[15881, 15023]",33680
"[15881, 15023]",31596
"[14792, 14793, 15355]",35612
"[15413, 14186, 14190, 15315, 14791, 14792, 14793]",35612
"[14706, 20274]",94789
"[16589, 16590, 16592, 14717, 20169, 16595]",37786
"[15912, 15821]",35909
"[15912, 15821]",36187
"[15912, 15821]",36035
"[14207, 18959]",33635
"[14813, 14135, 14961, 14306]",35612
"[16281, 14975]",37805
"[14161, 14447]",36063
"[14161, 14447]",35641
"[15073, 15082, 14176, 15116, 14299, 15148, 15360]",27933
"[15073, 15082, 14176, 15116, 14299, 15148, 15360]",94658
"[14792, 14794]",35612
"[14299, 17277]",27933
"[17583, 14600, 14194]",29078
"[14792, 14793, 16517]",35612
"[14186, 14373]",35612
"[14190, 14758, 14792, 17715]",35612
"[14964, 16690]",36286
"[14600, 15355]",35612
"[14207, 15018]",29194
"[14504, 15092, 14178, 15107, 20274, 15315, 14792, 14793]",35612
"[17558, 14299]",27933
"[17558, 14299]",94658
"[15770, 14306]",33575
"[15082, 15087, 15113, 15126, 17174, 14299, 15211]",33593
"[14758, 14612]",35612
"[14155, 14275, 14792, 15000, 16373, 21130]",35612
"[14792, 14612]",35612
"[14219, 14238, 14287]",36075
"[14219, 14238, 14287]",29078
"[16226, 15012]",35650
"[14785, 14786, 15781]",35766
"[15101, 14600, 14242, 15781]",35638
"[14159, 14272, 15479, 14034, 15254]",35553
"[15420, 14785, 15144, 14994, 14546, 17197]",28374
"[14645, 14154, 15179]",33703
"[14645, 14154, 15179]",94658
"[14645, 14154, 15179]",36138
"[14645, 14154, 15179]",35638
"[14645, 14154, 15179]",83917
"[14645, 14154, 15179]",36075
"[14645, 14154, 15179]",35664
"[14792, 14793, 17040]",35612
"[14190, 14231, 17040]",35612
"[14737, 15523]",33688
"[15126, 14297]",28780
"[14186, 17040]",35612
"[14177, 20175]",38215
"[14177, 20175]",37768
"[14168, 14965, 15960]",35761
"[14128, 14783, 14154, 14990]",83897
"[14940, 14237]",84166
"[15141, 17903]",28208
"[15141, 17903]",38928
"[15141, 17903]",33593
"[15141, 17903]",36325
"[15906, 14506]",37659
"[15906, 14506]",37786
"[15906, 14506]",83824
"[15083, 15360]",94658
"[14231, 14758]",35612
"[14559, 14032]",36644
"[15877, 17037]",35754
"[14784, 14320]",37617
"[18695, 15906, 14969, 15781]",35766
"[14215, 16783]",37659
"[14215, 16783]",36035
"[15609, 20246]",36035
"[20405, 20526]",35543
"[16741, 14980]",39828
"[15413, 15149]",35612
"[19324, 16036]",37722
"[14605, 14402]",33678
"[14770, 14146, 16550, 15790, 15019, 20757]",35766
"[14537, 14142, 14200]",37659
"[14559, 14719]",31756
"[14135, 14961, 14297, 14987]",33658
"[15074, 15094]",27921
"[15074, 15094]",94658
"[15074, 15094]",28391
"[15074, 15094]",33593
"[15130, 15566]",37805
"[14207, 14794]",35612
"[17237, 14292]",35553
"[16468, 15143, 14373]",35966
"[15130, 15021]",37805
"[14194, 15176]",36147
"[14194, 15176]",29078
"[14817, 17991, 17992]",36691
"[20472, 20395, 20254]",33677
"[14229, 18912, 15218]",35612
"[15002, 17992]",35612
"[14176, 14977]",33664
"[15078, 14709]",29107
"[14695, 14127, 15584]",32847
"[20203, 20418]",35831
"[14802, 15176]",35612
"[14132, 14359]",36940
"[14975, 18181, 15599]",35612
"[14937, 15433, 14541, 14971, 14974, 14996]",31395
"[17124, 16256]",35765
"[17903, 15555]",33593
"[17903, 15555]",30035
"[14153, 15101]",35612
"[14153, 15101]",35638
"[14785, 15462]",33575
"[17832, 15878, 17833]",35749
"[14817, 16321]",36691
"[15413, 14186]",35612
"[20336, 17210]",35612
"[14207, 15230]",35612
"[15077, 15612]",35612
"[15413, 15536, 17991, 17992]",35612
"[15413, 15536, 17991, 17992]",37805
"[14706, 14130, 15774]",36075
"[14975, 18849]",94844
"[16511, 16512]",28869
"[16511, 16512]",36325
"[14150, 16846, 16851]",36075
"[16582, 14605]",36035
"[14596, 14897, 14061, 14899, 14900, 14901, 14902, 15320]",37768
"[14263, 18868]",37617
"[14968, 14447]",28391
"[15456, 15338]",35543
"[15456, 15338]",39420
"[14249, 14266]",36046
"[14794, 18959]",35982
"[17351, 14793]",35612
"[17216, 15331]",83764
"[15306, 14219, 17218]",35638
"[15306, 14219, 17218]",36075
"[15088, 14287]",36075
"[14975, 14262]",35761
"[14961, 14215]",36035
"[15468, 18372]",35823
"[15270, 16036, 21715]",35638
"[15270, 16036, 21715]",35553
"[15014, 15609]",38437
"[15818, 17034]",28780
"[14020, 15166]",95295
"[14020, 15166]",28478
"[14020, 15166]",35638
"[14021, 14229, 14434]",33636
"[18870, 14359]",33575
"[18870, 14359]",33593
"[14981, 14314]",36075
"[14275, 18181]",35612
"[15818, 15029]",28780
"[15818, 15029]",29229
"[17583, 17584, 14232, 17239]",36091
"[17583, 17584, 14232, 17239]",32702
"[17583, 17584, 14232, 17239]",37888
"[17040, 14449]",35612
"[15855, 15580]",36679
"[15855, 15580]",36075
"[14559, 14560, 14561, 17728]",38752
"[15078, 15774]",36075
"[14287, 14607]",35638
"[14287, 14607]",36075
"[16588, 15501, 17903]",33575
"[14187, 14674]",35612
"[14061, 16221]",36147
"[14061, 16221]",35823
"[14061, 16221]",83790
"[14061, 16221]",36075
"[14061, 16221]",36048
"[15126, 19568]",37573
"[15078, 14287]",36138
"[15078, 14287]",33609
"[15078, 14287]",36075
"[17236, 16852]",36091
"[17236, 16852]",35916
"[14678, 14872]",94658
"[15450, 20611]",36448
"[14774, 14620]",35766
"[15433, 15108, 14305, 14996]",31395
"[15433, 17214]",33249
"[15433, 17214]",37044
"[15433, 17214]",31395
"[14135, 14960, 14297]",29173
"[15077, 14320, 14467]",30494
"[14656, 16208]",35854
"[14656, 16208]",28780
"[14656, 16208]",35641
"[14656, 16208]",33593
"[14656, 16208]",28313
"[14656, 16208]",30035
"[14275, 17954]",35612
"[14231, 16517]",35612
"[14836, 14200, 14369, 21151]",35761
"[20458, 14306]",35953
"[14238, 15813]",35612
"[14238, 15813]",28780
"[14238, 15813]",36075
"[14192, 14294]",35641
"[15078, 14204]",35638
"[15078, 14204]",36075
"[15078, 14154]",36138
"[14061, 14238, 15781, 14643]",35638
"[15082, 16016]",27933
"[15781, 16550]",35761
"[15781, 16550]",36187
"[15856, 14981]",36075
"[14706, 14130, 14132, 15774]",39261
"[14190, 20274, 15002]",28849
"[16276, 14545]",33703
"[15769, 16209, 14605, 15836, 15609]",36035
"[20249, 14545, 15504]",33703
"[20249, 14545, 15504]",35543
"[14629, 15544]",83976
"[16672, 15771, 14250, 15324]",28780
"[14944, 16570]",28780
"[15433, 14292, 15011]",84211
"[18756, 14979, 15129]",28780
"[16589, 16595]",33598
"[14281, 14297, 14987, 14300, 14992]",35543
"[14229, 15520, 17321]",29361
"[14229, 15520, 17321]",33188
"[15804, 15413, 14780, 19217]",35612
"[15291, 16842, 15138, 15333]",28547
"[15077, 14028, 14269, 14320]",37718
"[14850, 19198]",33609
"[14850, 19198]",36075
"[14850, 19198]",29078
"[15425, 14235, 14072, 16375]",28780
"[15425, 14235, 14072, 16375]",39227
"[15425, 14235, 14072, 16375]",31245
"[15425, 14235, 14072, 16375]",37722
"[15425, 14235, 14072, 16375]",28547
"[15078, 15101]",36138
"[15078, 15101]",33609
"[15078, 15101]",36075
"[15078, 15101]",29078
"[16510, 14206]",33653
"[19324, 15366]",84168
"[14128, 14645, 14131, 15786, 14362]",28714
"[15087, 15101]",94658
"[15087, 15101]",36075
"[14785, 14729, 14230, 14702, 15316, 14291, 14995]",97502
"[15856, 14238, 14314, 15199, 15879, 17508]",36075
"[14541, 14583]",35759
"[15291, 16842, 15856]",27921
"[15291, 16842, 15856]",94658
"[15291, 16842, 15856]",28547
"[15291, 16842, 15856]",38121
"[15291, 16842, 15856]",28313
"[14072, 21939]",35953
"[14072, 21939]",33575
"[14072, 21939]",35457
"[14072, 21939]",33593
"[14787, 15272, 14277, 14997, 15009, 20905]",35612
"[14937, 14158, 14242]",35612
"[15774, 14669]",36260
"[16203, 14360, 14630]",33658
"[16203, 14360, 14630]",37659
"[16203, 14360, 14630]",83824
"[14187, 17954]",35612
"[14184, 17494]",31864
"[14736, 21685]",35612
"[16285, 17112]",28478
"[16285, 17112]",35612
"[16285, 17112]",35638
"[15074, 15082, 15116, 14299, 15148]",94658
"[16672, 15856, 15121, 14973, 14975, 15483]",27248
"[16672, 15856, 15121, 14973, 14975, 15483]",27530
"[16672, 15856, 15121, 14973, 14975, 15483]",35846
"[14023, 14030]",29689
"[14023, 14030]",36147
"[14969, 15610]",35953
"[14969, 15610]",33678
"[14969, 15610]",37659
"[14969, 15610]",36035
"[14969, 15610]",37718
"[14969, 15610]",39798
"[14969, 15610]",94844
"[14969, 15610]",35766
"[14954, 17128]",35612
"[14506, 15786]",35761
"[14506, 15786]",37573
"[14506, 15786]",28208
"[14506, 15786]",33658
"[14506, 15786]",33489
"[14506, 15786]",38928
"[14506, 15786]",33593
"[14219, 14063]",35638
"[14219, 14063]",36075
"[14772, 14375]",37743
"[15770, 17903]",33575
"[14303, 17903]",33575
"[15078, 14287]",35638
"[15616, 15713]",83976
"[16588, 14297, 14347]",29446
"[15072, 14662, 15028]",37743
"[14186, 15025]",35612
"[14694, 14275]",35612
"[17229, 14020]",36091
"[17229, 14020]",37811
"[14020, 14263, 15479, 15579]",35553
"[15889, 14184, 14254, 14296, 15536]",37805
"[14306, 15847]",33575
"[17605, 14878]",35612
"[17124, 15179]",35761
"[17124, 15179]",83848
"[17124, 15179]",36694
"[14975, 15176, 14412, 15659]",35612
"[14277, 15187]",36691
"[15413, 15563]",36512
"[15480, 15159]",27921
"[16226, 16740, 15363]",30654
"[16226, 16740, 15363]",35982
"[15818, 14610, 15199]",36075
"[14911, 19245, 15653]",83790
"[14911, 19245, 15653]",83802
"[15829, 14661]",37722
"[19611, 15354, 15206]",30494
"[15295, 14691]",36035
"[14162, 15836]",37659
"[14162, 15836]",36035
"[14162, 15836]",83824
"[14219, 15316]",35638
"[14219, 15316]",36048
"[14219, 15316]",36075
"[14030, 17779]",94658
"[14030, 17779]",27859
"[15080, 15483]",84211
"[16036, 20293]",36414
"[14160, 14275]",35612
"[14038, 15229]",33675
"[14038, 15229]",37617
"[15206, 15597]",35612
"[14940, 14219]",36075
"[14559, 14034]",36088
"[14559, 14034]",35828
"[14559, 14034]",33675
"[15363, 19284]",35612
"[14405, 14449]",35612
"[16510, 14668]",35612
"[15861, 21381]",35764
"[14706, 17558]",35641
"[15912, 15913, 16588]",30669
"[15912, 15913, 16588]",32149
"[15774, 14232]",36091
"[15101, 15104]",36075
"[14219, 17218]",35638
"[14219, 17218]",36075
"[14287, 14990]",37762
"[14736, 14190, 20274, 19603]",35612
"[14559, 14272, 14034]",33675
"[14559, 14272, 14034]",37830
"[14559, 14272, 14034]",37617
"[14559, 14272, 14034]",28158
"[15451, 15781]",35766
"[17351, 14190, 14793]",35612
"[14706, 14678, 14132]",37765
"[14561, 15876]",28849
"[14977, 14902]",36075
"[14128, 16036]",38512
"[14785, 14786, 15010]",35765
"[14785, 14786, 15010]",33699
"[14843, 14702, 15316, 15010]",35765
"[14843, 14702, 15316, 15010]",35749
"[14219, 16723]",33609
"[14221, 14235, 15247]",31596
"[15306, 14613, 17218]",35638
"[15306, 14613, 17218]",36075
"[14186, 15781]",35966
"[14018, 14024]",33675
"[14018, 14024]",37617
"[14018, 14024]",32520
"[14018, 14024]",38342
"[14018, 14024]",32967
"[14018, 14024]",37844
"[14294, 14318]",35878
"[15786, 19249]",35854
"[15781, 14399]",35909
"[16588, 20662]",35612
"[14411, 15671]",35612
"[15602, 15603, 19604]",35612
"[14347, 18959, 15536]",37805
"[21692, 15675]",35612
"[14161, 14223]",27921
"[14161, 14223]",38242
"[14161, 14223]",94658
"[14191, 18583]",33609
"[14655, 14187]",33688
"[17584, 14194]",30171
"[17584, 14194]",37617
"[17584, 14194]",28158
"[17584, 14194]",37722
"[17584, 14194]",33593
"[14940, 16846]",36075
"[14940, 14238]",36075
"[16226, 16230, 15033]",35612
"[16226, 16230, 15033]",37570
"[15559, 15620]",35641
"[15559, 15620]",29107
"[14706, 15786]",28780
"[14184, 14254, 14326, 14484]",37805
"[20339, 16182]",28714
"[16588, 15847]",33575
"[16588, 15847]",38928
"[16588, 15847]",33593
"[15101, 14276]",33609
"[14981, 21881]",94658
"[14128, 14313, 14320, 19281, 15240]",35982
"[14128, 14313, 14320, 19281, 15240]",30494
"[14128, 14313, 14320, 19281, 15240]",35650
"[14935, 15914, 14297]",37722
"[18756, 14662]",36478
"[14709, 20685]",29107
"[15414, 17743]",28465
"[14133, 16690]",36035
"[15027, 19604]",35612
"[19603, 15613]",35612
"[15576, 15829]",31783
"[15576, 15829]",27248
"[15576, 15829]",39885
"[15576, 15829]",32477
"[15576, 15829]",28780
"[15576, 15829]",31245
"[15576, 15829]",28547
"[15306, 14511, 15816]",33609
"[15306, 14511, 15816]",36075
"[16588, 14506]",33575
"[16588, 14506]",33658
"[16588, 14506]",33593
"[14128, 14678]",84087
"[14190, 20274, 14231, 16517]",28849
"[15078, 14219]",36075
"[14758, 14413]",35612
"[14954, 14194, 15521]",36691
"[14945, 14206]",29646
"[14127, 14973]",39600
"[14127, 14973]",95019
"[14128, 14054, 15270, 14726, 14108]",35682
"[15477, 14690]",35761
"[14792, 14408]",35612
"[14054, 20662, 20247]",37558
"[20037, 15786]",36217
"[14559, 14235]",36270
"[15119, 14975, 14320, 15576]",28552
"[14131, 15786, 21641]",35916
"[14787, 14265]",35612
"[14410, 15642]",38437
"[14190, 14231]",28714
"[14190, 14231]",30661
"[16226, 21202]",35612
"[14934, 21617, 16036]",31493
"[19604, 17358]",35612
"[19135, 17195, 20673]",84310
"[19135, 17195, 20673]",32688
"[19135, 17195, 20673]",28780
"[19135, 17195, 20673]",39817
"[19135, 17195, 20673]",32076
"[19135, 17195, 20673]",29296
"[19135, 17195, 20673]",37722
"[19135, 17195, 20673]",31650
"[15344, 14727]",39208
"[15344, 14727]",37992
"[15344, 14727]",84251
"[15344, 14727]",94959
"[15020, 19616]",35612
"[14961, 18583]",35787
"[14596, 14616]",37768
"[15414, 15698]",35612
"[14359, 16036, 14739]",33680
"[15769, 14152]",36035
"[14596, 14061]",37768
"[18583, 21716]",33609
"[14704, 15135]",36040
"[15418, 15097]",33618
"[16226, 18283]",32325
"[16226, 18283]",36123
"[14785, 14702, 14034]",33714
"[15864, 15725]",37743
"[16593, 15786, 14424]",36644
"[14599, 15241]",33675
"[14599, 15241]",37888
"[14739, 21381]",35638
"[19605, 20159]",30494
"[18098, 17991, 19603, 19604, 19614, 19615, 19616, 19608]",35612
"[18098, 17991, 19603, 19604, 19614, 19615, 19616, 19608]",31116
"[18098, 17991, 19603, 19604, 19614, 19615, 19616, 19608]",33653
"[14129, 17124]",28745
"[14129, 17124]",33025
"[14129, 17124]",32978
"[14129, 17124]",33027
"[14129, 17124]",28764
"[14129, 17124]",29182
"[14737, 14275, 14792, 21196]",35612
"[15654, 21079]",35612
"[14237, 20260]",37236
"[14131, 15786, 19566]",35761
"[14131, 15786, 19566]",33575
"[14131, 15786, 19566]",36286
"[14131, 15786, 19566]",36138
"[14131, 15786, 19566]",36242
"[14131, 15786, 19566]",35693
"[14131, 15786, 19566]",33598
"[16588, 15840, 14961]",36766
"[14877, 14072, 15786]",27921
"[14877, 14072, 15786]",36492
"[14877, 14072, 15786]",28780
"[14877, 14072, 15786]",94658
"[14877, 14072, 15786]",31245
"[14877, 14072, 15786]",37722
"[14877, 14072, 15786]",28547
"[14877, 14072, 15786]",28313
"[14610, 14872]",94658
"[18583, 14656]",36147
"[14128, 16281, 15179]",38038
"[14954, 17598]",36104
"[14376, 15668]",35966
"[18433, 18442]",39024
"[19604, 14462]",35612
"[14789, 14780, 21079]",28465
"[15205, 21692]",35612
"[15594, 19603]",35612
"[15594, 19603]",33077
"[15594, 19603]",35650
"[19614, 15698]",35612
"[14182, 14295]",36075
"[15095, 15450, 14980, 14986]",39828
"[14052, 14141, 14656]",35641
"[15084, 14061]",33703
"[15084, 14061]",36531
"[15084, 14061]",94889
"[15084, 14061]",35873
"[15084, 14061]",37732
"[15856, 14656]",36691
"[15271, 15134, 14412]",35612
"[14836, 14944, 14297]",36035
"[15126, 14424]",32688
"[15855, 14061, 14212, 14030, 14251, 14996, 16375]",29345
"[14685, 14598]",27248
"[14685, 14598]",39885
"[14685, 14598]",35652
"[14685, 14598]",31245
"[14685, 14598]",37722
"[14685, 14598]",27407
"[14685, 14598]",31710
"[14685, 14598]",28547
"[14182, 15104, 14258]",38121
"[15104, 14238, 14249]",83897
"[15104, 14238, 14249]",37766
"[14783, 15532, 17214]",36075
"[17398, 18739]",36380
"[14973, 14281]",39600
"[14739, 15693]",35761
"[14739, 15693]",33658
"[14247, 15473, 14286]",38024
"[16256, 14405]",35612
"[17584, 14251]",35749
"[14848, 15579]",33675
"[21043, 19604]",35612
"[14940, 14156, 14212, 14709, 14278, 14511, 14610]",29107
"[16842, 15455]",28780
"[16842, 15455]",29296
"[16842, 15455]",28396
"[16842, 15455]",35693
"[14736, 14190, 15550]",35612
"[15597, 15263]",28465
"[14937, 15693]",37604
"[20556, 16589]",33598
"[14131, 14054, 15786]",84058
"[14131, 14054, 15786]",28052
"[14131, 14054, 15786]",36035
"[14131, 14054, 15786]",36041
"[14131, 14054, 15786]",99748
"[14131, 14054, 15786]",35766
"[14131, 14054, 15786]",36252
"[15654, 19648]",35982
"[15654, 19648]",35650
"[15654, 19648]",37397
"[14187, 15602, 14412]",35612
"[16842, 14979]",37707
"[16373, 14408]",35612
"[15201, 14475]",33575
"[15201, 14475]",33593
"[15770, 14871]",33575
"[14975, 14313]",94844
"[14975, 14313]",35766
"[20456, 18036, 14656]",84122
"[20456, 18036, 14656]",36198
"[20456, 18036, 14656]",37641
"[20456, 18036, 14656]",38024
"[14179, 19663]",35854
"[16086, 16590]",35766
"[14969, 14282]",35953
"[14969, 14282]",33575
"[14969, 14282]",36035
"[14969, 14282]",94844
"[14969, 14282]",33598
"[14969, 14282]",35766
"[14678, 14054]",28780
"[17407, 17728]",38281
"[17407, 17728]",31688
"[17407, 17728]",31864
"[17407, 17728]",29066
"[14287, 21884]",36147
"[14287, 21884]",36075
"[14287, 21884]",29078
"[15913, 14297]",33593
"[17229, 14862, 14381]",33675
"[14598, 14656]",37617
"[14213, 14969, 15781]",35953
"[14213, 14969, 15781]",83824
"[14213, 14969, 15781]",33598
"[14656, 18377]",35641
"[15433, 14305]",31395
"[14022, 15180]",36924
"[14022, 15180]",38024
"[14154, 14227]",35638
"[14154, 14227]",36075
"[16588, 14359]",38928
"[14836, 14142]",35761
"[14836, 14142]",36286
"[14836, 14142]",33598
"[18179, 14994]",35749
"[14015, 20496]",33703
"[14015, 20496]",36924
"[14015, 14300]",36924
"[14227, 17218]",33609
"[14227, 17218]",29078
"[14267, 14286, 15693]",32505
"[14379, 14398]",35431
"[14015, 20454]",36924
"[14015, 14022, 20365]",36924
"[14015, 14022, 20365]",35543
"[17434, 15095, 15849]",29229
"[17434, 15095, 15849]",83830
"[15781, 16550]",83824
"[15781, 16550]",36075
"[15781, 16550]",35766
"[15084, 14300, 15062]",36924
"[15084, 14300, 15062]",35543
"[14678, 14922, 17639]",27933
"[14678, 14922, 17639]",36138
"[20249, 15326]",36244
"[20249, 15326]",37641
"[20249, 15326]",35831
"[20249, 15326]",36113
"[14236, 16078]",38355
"[14236, 16078]",28158
"[14236, 16078]",36075
"[20351, 20265]",37702
"[15781, 14379]",83824
"[15781, 14379]",36075
"[15781, 14379]",35766
"[16588, 17639]",28208
"[20129, 16078]",28374
"[17236, 14381, 15579]",35553
"[14706, 16588]",33575
"[17229, 15897]",33675
"[17229, 15897]",37617
"[15089, 14287]",35638
"[15089, 14287]",36075
"[14222, 15598]",28208
"[14155, 14207, 19135]",35612
"[14877, 14922]",35565
"[14945, 20589]",29646
"[14613, 17218]",36272
"[14613, 17218]",33609
"[14613, 17218]",29078
"[14613, 17218]",35992
"[15134, 15338, 15891]",29761
"[16588, 15520]",37570
"[14559, 14281]",33651
"[14645, 14922, 18934]",35565
"[14597, 16741, 20496]",33703
"[14784, 14599]",33675
"[14196, 15685]",38383
"[14196, 15685]",37722
"[14154, 15356]",36075
"[14207, 14426]",33128
"[14544, 14318]",28547
"[14275, 14072]",36050
"[17558, 14189]",36075
"[17558, 14189]",29107
"[14020, 17247]",37888
"[14154, 15178]",36147
"[14154, 15178]",36075
"[16582, 16588]",28208
"[14250, 20496, 15064]",36924
"[14250, 20496, 15064]",35543
"[14250, 20496, 15064]",36113
"[18583, 14739]",35638
"[15326, 21933]",33594
"[15326, 21933]",38078
"[15326, 21933]",36450
"[15326, 21933]",37161
"[15326, 21933]",35985
"[14934, 14174, 14194]",94889
"[14934, 14174, 14194]",36924
"[14897, 15179]",37768
"[14154, 15794]",35638
"[14061, 14260]",35638
"[14072, 14359]",33575
"[15521, 15693]",35638
"[14209, 21790, 14428, 14739, 14484]",37735
"[14209, 21790, 14428, 14739, 14484]",37893
"[16588, 14739]",35612
"[14945, 14739]",29646
"[14207, 14247]",35982
"[17251, 15999]",28869
"[17251, 15999]",36396
"[17251, 15999]",36088
"[17251, 15999]",35916
"[17251, 15999]",36140
"[17251, 15999]",36325
"[17251, 15999]",33654
"[14054, 16036]",29446
"[14300, 15604]",35543
"[14706, 15270, 15501]",33575
"[15836, 16786]",36432
"[15836, 16786]",36035
"[19249, 15693]",35638
"[15769, 14297]",35953
"[15769, 14297]",33658
"[15769, 14297]",36035
"[19447, 14107]",39719
"[17628, 20526]",33651
"[15002, 14739]",35612
"[14935, 15456]",35543
"[14583, 15557]",84211
"[14583, 15557]",31395
"[14293, 14297]",33575
"[14293, 14297]",33658
"[14706, 14559, 14132]",37730
"[14706, 14559, 14132]",33609
"[14706, 14559, 14132]",29614
"[19604, 20474]",35612
"[14181, 14428, 15056]",37805
"[15856, 14979]",33593
"[16672, 14192]",29107
"[14275, 15365]",37655
"[14989, 15932]",28478
"[15856, 14981, 14314, 15879]",36075
"[14186, 14737, 19293]",35612
"[15424, 15291, 16842, 14806, 15138, 15490, 14452]",27921
"[15424, 15291, 16842, 14806, 15138, 15490, 14452]",28547
"[15424, 15291, 16842, 14806, 15138, 15490, 14452]",38121
"[14128, 14054]",38078
"[14128, 14054]",35985
"[15009, 15276]",35612
"[14786, 14061]",35749
"[14940, 14158, 14061]",35638
"[14940, 14158, 14061]",36075
"[16061, 14861]",38355
"[16061, 14861]",35759
"[16061, 14861]",83976
"[16061, 14861]",39255
"[16061, 14861]",37888
"[16061, 14861]",36048
"[14128, 16593, 14287]",83897
"[16593, 14154, 19562]",83897
"[14227, 14607]",35638
"[14227, 14607]",36075
"[14158, 14607]",35638
"[14158, 14607]",36075
"[15077, 14204, 16554]",35612
"[14287, 15139, 14107]",36075
"[14287, 15139, 14107]",29078
"[14287, 15139]",36075
"[14287, 15139]",29078
"[14287, 14107]",39773
"[14287, 14107]",36075
"[14945, 14231]",35612
"[16593, 14154, 14287]",35638
"[16593, 14154, 14287]",36075
"[14940, 14607, 16852]",95295
"[14940, 14911]",36702
"[14771, 16667]",35766
"[14106, 15179]",35664
"[14230, 14980, 14291]",37785
"[14154, 14287, 20498]",83897
"[15086, 16593, 39889]",35638
"[14706, 14128, 14130, 14678, 14132, 14561, 15179, 15275, 20589, 14110]",35664
"[19663, 20937]",29614
"[14783, 14739]",33575
"[17407, 14108]",33658
"[14667, 14107]",29614
"[14250, 14253, 17412]",35543
"[14940, 14250]",35543
"[14940, 17412]",35543
"[14940, 21615]",35543
"[14940, 15468, 14050]",37627
"[14287, 16195]",36075
"[18192, 14516]",36001
"[14607, 17639]",36661
"[16744, 14107]",36522
"[16744, 14107]",94889
"[14154, 14287]",29107
"[16593, 20498]",36075
"[17412, 17628, 16036]",36311
"[14820, 16036]",36311
"[15443, 20308]",35543
"[14284, 14402]",33575
"[14195, 14301, 20235, 14332]",36286
"[15316, 15144]",28374
"[15316, 15144]",36048
"[14706, 14833, 14132, 15852]",36702
"[14287, 15579]",35831
"[16593, 14287, 15139]",83897
"[18755, 14990, 21474]",36088
"[16209, 14222, 15836]",36242
"[16209, 14222, 15836]",38928
"[14940, 14842, 14021, 14607, 14110, 14042]",94889
"[16593, 15850]",35985
"[16593, 39889]",37766
"[15086, 17232, 17233, 15139, 14607, 14990]",83897
"[18755, 15179]",94889
"[14250, 14042]",35543
"[14559, 14793]",33688
"[14135, 16588, 14961]",33575
"[14837, 14785, 14786]",28374
"[14837, 14785, 14786]",36048
"[15113, 15126, 17174, 17313]",28780
"[15356, 16850]",36075
"[14721, 21311]",33593
"[16855, 14321]",28547
"[15101, 15520]",33675
"[15101, 15520]",37617
"[14159, 15166, 14623, 14672]",33675
"[14159, 15166, 14623, 14672]",37617
"[15081, 21405]",35759
"[15769, 14691, 14276]",36432
"[15769, 14691, 14276]",36035
"[14184, 14375]",37743
"[14947, 14297, 14409]",35953
"[14947, 14297, 14409]",29614
"[14947, 14297, 14409]",97053
"[16468, 17351, 14213, 15474, 14277, 14997, 15017]",36691
"[15829, 14407]",28478
"[15829, 14407]",28552
"[14161, 15094, 17273]",94658
"[14161, 15094, 17273]",36035
"[14161, 15094, 17273]",83903
"[15769, 15176]",36147
"[15769, 15176]",37659
"[15769, 15176]",36035
"[15769, 15176]",83824
"[14540, 15116, 14030]",35638
"[14607, 14107]",35823
"[15579, 39889, 15816]",35553
"[14605, 15630]",36035
"[17229, 14287, 14336]",35553
"[16276, 14940]",36644
"[17832, 15878, 17833]",28208
"[15270, 14313]",33635
"[14506, 15885, 20293]",35931
"[14706, 14678, 14287]",36075
"[16283, 15270]",29614
"[14975, 16360]",36187
"[14975, 16360]",94844
"[14975, 16360]",33598
"[15126, 21254]",28780
"[14032, 15176]",94844
"[15889, 14184, 14326]",37805
"[14173, 14176, 14507, 20427, 15542]",36063
"[14173, 14176, 14507, 20427, 15542]",94658
"[14937, 14971, 15562]",38437
"[15419, 14061, 14320]",36244
"[14596, 17558]",37768
"[14596, 17558]",36075
"[15130, 14326]",37805
"[15130, 21799]",37805
"[14131, 14961, 15786]",35953
"[14131, 14961, 15786]",37659
"[14131, 14284, 15786]",35953
"[14131, 14284, 15786]",37659
"[14131, 14284, 15786]",33593
"[17417, 15804]",37722
"[14018, 14024]",33635
"[20365, 20495, 14042]",35543
"[14934, 14165, 14251]",28478
"[14934, 14165, 14251]",38024
"[14934, 14165, 14251]",29078
"[15093, 14178, 14952, 15110, 15543]",28313
"[14961, 14630]",35953
"[14155, 20905]",35612
"[14223, 15555]",33593
"[14223, 15555]",33572
"[16741, 15450]",39828
"[14601, 14020, 14023, 14034]",33675
"[14601, 14020, 14023, 14034]",36091
"[14601, 14020, 14023, 14034]",37888
"[14142, 14162, 14196, 14227]",83842
"[14142, 14162, 14196, 14227]",28780
"[14142, 14162, 14196, 14227]",28547
"[15106, 17238]",38054
"[14208, 14996]",28780
"[14208, 14996]",28547
"[14899, 14977, 15320]",37768
"[17149, 14241, 17150, 14977]",36075
"[15881, 15211]",94658
"[15881, 15211]",83776
"[15881, 15211]",84027
"[16846, 16852, 20377]",33703
"[14940, 15774]",35638
"[14983, 14336]",35553
"[14014, 15468, 18755]",35638
"[14014, 17240]",39773
"[14014, 17240]",36091
"[14014, 17240]",37888
"[16593, 14287]",36075
"[17240, 14107]",95295
"[17240, 14107]",36091
"[17240, 14107]",37888
"[16582, 17333]",94658
"[16582, 17333]",36035
"[16582, 17333]",37766
"[16582, 17333]",29614
"[16582, 17333]",37372
"[16582, 17333]",30035
"[17236, 16852, 17341]",39773
"[17236, 16852, 17341]",37888
"[14130, 15822]",39531
"[14235, 16375, 14872]",33703
"[15171, 15816]",35638
"[15171, 15816]",36075
"[39889, 15816]",35638
"[39889, 15816]",36075
"[20472, 20395, 20397]",33677
"[14065, 14072]",35612
"[14842, 15703, 14110]",94889
"[18755, 14990, 16852]",37811
"[15086, 14990, 15816]",35638
"[15086, 14990, 15816]",36075
"[15086, 14990, 15816]",37888
"[14262, 14278]",35638
"[14262, 14278]",36075
"[14607, 14493]",36644
"[14336, 14107]",33695
"[14336, 14107]",33593
"[14186, 14991]",35612
"[14020, 15166, 18334]",95295
"[14020, 15166, 18334]",28478
"[14020, 15166, 18334]",35638
"[14940, 14607]",99032
"[16510, 15355]",35612
"[14133, 14276]",37659
"[14133, 14276]",36035
"[14292, 15483]",84211
"[17605, 17351, 16510, 18583]",35612
"[14059, 14060]",94658
"[14955, 14275, 14606, 14320]",30494
"[14591, 16582, 18583]",35823
"[14215, 15501]",33575
"[14215, 15501]",36035
"[14937, 15446, 16222, 18309]",38437
"[15281, 14945]",35612
"[14737, 14792, 18959]",33688
"[17605, 17711, 21498]",35612
"[14793, 17356]",35612
"[14153, 14864, 14674]",33688
"[15092, 15413, 14186, 14736, 14275, 14793, 21676]",36578
"[14246, 14730]",27933
"[14246, 14730]",94658
"[14246, 14730]",28313
"[14246, 14730]",30035
"[15462, 15781]",83824
"[15462, 15781]",33598
"[15462, 15781]",35766
"[14181, 14933, 14237, 14256, 20215]",35612
"[14645, 14622]",27361
"[16593, 14287]",36147
"[16593, 14287]",35430
"[16589, 20270]",37718
"[14208, 14235]",83957
"[14961, 15477, 14297]",35953
"[14961, 15477, 14297]",33658
"[16593, 15816]",35749
"[15086, 16593, 39889]",37888
"[14207, 18593]",36459
"[16071, 15816]",35749
"[18583, 14110]",35825
"[18583, 14110]",35916
"[15104, 15816]",36147
"[15104, 15816]",35638
"[15104, 15816]",36075
"[14975, 14991]",35953
"[14983, 20397, 15179]",36924
"[14983, 20397, 15179]",36113
"[14983, 20397, 15179]",32231
"[14250, 20562]",35543
"[15077, 21647]",33635
"[15077, 21647]",35970
"[15077, 21647]",30494
"[15414, 15206]",33635
"[14449, 15665]",35612
"[14561, 14667]",83776
"[15116, 15148, 21252]",94658
"[14799, 14253]",97094
"[14799, 14253]",35985
"[15126, 14991]",28780
"[15110, 16222]",37636
"[14154, 14065, 16266]",35565
"[14154, 14065, 16266]",36075
"[14783, 15816]",83897
"[14783, 15816]",36075
"[14945, 14275, 14791, 15002, 21160]",36634
"[14249, 15139]",37888
"[14186, 14190, 14236]",35612
"[15171, 15816]",83897
"[14783, 15171, 15816]",83897
"[14783, 15171, 15816]",36075
"[14783, 15579, 39889, 15816]",83897
"[14783, 15579, 39889, 15816]",36075
"[16582, 14629, 17333]",28158
"[14990, 15816]",83897
"[14990, 15816]",36075
"[14990, 15816]",37811
"[14783, 14990, 15816]",83897
"[14783, 14990, 15816]",36075
"[14783, 14990, 15816]",37811
"[14783, 17241, 15816]",83897
"[14783, 17241, 15816]",36075
"[14783, 17241, 15816]",37811
"[14783, 15816]",33664
"[14783, 15816]",36147
"[14783, 15816]",35638
"[14215, 20339]",36035
"[16340, 20442]",36048
"[16340, 20442]",32875
"[14783, 17233, 15816]",35749
"[14783, 17233, 15816]",35638
"[14783, 17233, 15816]",36075
"[14783, 15086, 15816]",83897
"[14783, 15086, 15816]",36075
"[14783, 15086, 15816]",37811
"[14229, 14739]",35650
"[17241, 15816]",83897
"[17241, 15816]",36075
"[17241, 15816]",37811
"[14706, 19566]",35823
"[15086, 15816]",36075
"[15086, 16593, 15104, 14990, 14336, 15579, 39889, 15816]",35749
"[16219, 16991, 14734]",33651
"[15086, 16593, 15139, 14990, 15816]",35638
"[15086, 16593, 15139, 14990, 15816]",36075
"[14783, 16593, 15104, 14990, 39889, 15816]",35638
"[14783, 16593, 15104, 14990, 39889, 15816]",36048
"[16593, 17229]",35638
"[14187, 16032]",33688
"[14187, 16032]",36512
"[14704, 14561]",36035
"[14704, 14560, 14561]",35854
"[14704, 14560, 14561]",35664
"[14704, 14561]",29614
"[14160, 14661]",36075
"[14945, 15002, 14697, 15012]",35612
"[15425, 17355]",35612
"[15331, 18233]",33575
"[17360, 14954, 20871]",28158
"[15771, 14198]",36075
"[14194, 16183]",35612
"[15413, 15179]",35612
"[14783, 15086, 16593]",36075
"[14054, 14937, 19562]",37604
"[14158, 14402]",35638
"[14158, 14402]",36075
"[14158, 18189]",35638
"[14158, 18189]",36075
"[14158, 18189, 14402]",35638
"[14158, 18189, 14402]",36075
"[14783, 16593, 15816]",36147
"[14783, 16593, 15816]",35638
"[14783, 16593, 15816]",36075
"[14990, 17341, 21474]",36088
"[15621, 15247]",35612
"[15621, 15247]",33680
"[15621, 15247]",36357
"[15621, 15247]",84094
"[14937, 14922]",37604
"[14052, 14158]",35638
"[14052, 14158]",36075
"[15176, 15230]",35612
"[14275, 18309]",30494
"[14990, 15816]",95295
"[14990, 15816]",35638
"[14607, 14990, 21474]",35638
"[14607, 14990, 21474]",99032
"[16593, 15816]",83897
"[15086, 15816]",83897
"[39889, 15816]",83897
"[17236, 18755, 14520]",36091
"[14793, 21520]",35612
"[14306, 14402]",33575
"[14306, 14402]",33658
"[14864, 15786]",39821
"[14864, 15786]",35999
"[14132, 14669, 14990]",36088
"[15850, 15318, 15322, 14990, 14309, 15326]",35823
"[15912, 16697]",36035
"[14537, 14302]",33618
"[15277, 14662, 20864]",37743
"[15176, 15012]",33643
"[15176, 15012]",32214
"[15077, 14275, 15363]",30494
"[14934, 14792]",35612
"[17042, 21074]",35612
"[16209, 14152, 14946, 14605, 14276, 14301]",36035
"[14278, 17218]",36272
"[14278, 17218]",33609
"[14278, 17218]",29078
"[14278, 17218]",35992
"[14061, 15520]",33675
"[14061, 15520]",37617
"[14061, 15520]",36045
"[15329, 15520]",33675
"[15329, 15520]",37617
"[15329, 15520]",36045
"[14561, 14912, 15338]",28465
"[14561, 14912, 15338]",28813
"[14132, 15586, 21474]",36088
"[18755, 21474]",32702
"[15086, 14990, 17241, 15171, 15816]",35638
"[15086, 14990, 17241, 15171, 15816]",36075
"[17407, 14108, 14110]",83802
"[15079, 15849, 17435, 15491, 21262, 20596]",29229
"[15079, 15849, 17435, 15491, 21262, 20596]",83830
"[14063, 14360]",35762
"[14266, 39889]",37888
"[14266, 39889]",36046
"[14129, 16195]",36147
"[14128, 14833, 14266]",36924
"[14128, 14833, 14266]",37811
"[14128, 14833, 14266]",32231
"[14945, 15461]",36906
"[14128, 14739, 16266]",33603
"[14128, 14739, 16266]",35612
"[14128, 14739, 16266]",28780
"[14128, 14739, 16266]",33575
"[14128, 14739, 16266]",83824
"[14128, 14739, 16266]",37888
"[14783, 15816]",37564
"[14783, 15118, 14266, 15139, 15816]",83897
"[14662, 14793]",35966
"[15113, 15126, 14546]",28780
"[14153, 21725]",36578
"[14153, 21725]",31116
"[14153, 21725]",36944
"[17434, 14669]",29229
"[17434, 14669]",83830
"[15849, 14061]",36113
"[15176, 15602]",35612
"[15176, 15622]",35612
"[14196, 14845, 17319, 17652]",27933
"[14196, 14845, 17319, 17652]",36063
"[14196, 14845, 17319, 17652]",94658
"[14196, 14845, 17319, 17652]",35641
"[14196, 14845, 17319, 17652]",83976
"[14196, 14845, 17319, 17652]",37768
"[14196, 14845, 17319, 17652]",28547
"[14292, 15483]",36661
"[15000, 15602]",36691
"[15000, 15602]",31477
"[15000, 15602]",36512
"[15000, 15602]",35966
"[14802, 15599]",35612
"[15277, 14405]",33653
"[14677, 20522]",83830
"[14237, 14520]",84166
"[15413, 14187]",35612
"[15176, 15012]",35612
"[14945, 15002]",35612
"[15468, 14607]",99032
"[14232, 21474]",36088
"[15816, 16078]",36075
"[14232, 14669]",95295
"[14232, 14669]",35638
"[14591, 14154]",36325
"[14018, 17236, 18755]",35638
"[16593, 14990, 15816]",35749
"[19564, 16028]",36691
"[15481, 15205]",33188
"[15481, 15205]",36748
"[15481, 15205]",33715
"[17434, 17435, 14978, 15483]",83830
"[14153, 14030]",35612
"[14962, 14544]",94658
"[14962, 14544]",37604
"[17583, 14934, 14194, 15349]",39524
"[17583, 14934, 14194, 15349]",83790
"[17583, 14934, 14194, 15349]",33609
"[17583, 14934, 14194, 15349]",38024
"[17583, 14934, 14194, 15349]",29078
"[17583, 14934, 14194, 15349]",29182
"[14020, 14030, 14034]",35553
"[19324, 15576]",37722
"[15284, 15285, 15576]",37722
"[15597, 21682]",35612
"[15126, 14509]",28780
"[15126, 14509]",94798
"[15126, 14509]",39817
"[15126, 14509]",28547
"[18583, 20442]",36088
"[16672, 15818]",33593
"[14911, 16631]",83802
"[15027, 14405]",35612
"[16593, 14287, 16071]",83897
"[16593, 14158]",37564
"[20250, 14797]",99989
"[14249, 15139]",37811
"[15171, 15816]",36147
"[14130, 16195]",36075
"[17799, 15816]",83897
"[14154, 20754]",36075
"[14061, 14110]",36075
"[14262, 16036]",35543
"[14287, 17799]",39365
"[20662, 19628]",83806
"[17351, 17357]",36691
"[15428, 14019]",38024
"[15889, 14254, 14296, 14326, 15034]",37805
"[14144, 20148]",33593
"[14792, 18265]",35612
"[15576, 20126]",37722
"[16063, 14610]",94658
"[15388, 21692]",35612
"[15574, 15049]",39600
"[14338, 16631]",83802
"[16588, 15501]",35457
"[16588, 14835, 14215, 16690, 14297]",35761
"[16588, 14835, 14215, 16690, 14297]",35457
"[14827, 14962, 14544]",36063
"[14827, 14962, 14544]",37604
"[15338, 15891]",29761
"[14783, 14287]",36075
"[17241, 15816]",36048
"[14783, 15086, 16593]",83897
"[14783, 15086, 16593]",37811
"[14131, 21641]",33575
"[14131, 21641]",33658
"[14954, 14030]",36123
"[14591, 20293]",36661
"[14726, 16036, 21866]",33591
"[14726, 16036, 21866]",28478
"[14726, 16036, 21866]",35612
"[14726, 16036, 21866]",36644
"[14726, 16036, 21866]",28208
"[14726, 16036, 21866]",33680
"[14726, 16036, 21866]",35693
"[14726, 16036, 21866]",30756
"[14128, 18583]",35612
"[14128, 18583]",83897
"[14128, 18583]",35557
"[14128, 18583]",38078
"[14128, 18583]",36020
"[14128, 18583]",39696
"[14130, 15816]",83897
"[14130, 15816]",36075
"[17233, 15816]",39365
"[17233, 15816]",39609
"[16672, 15856, 15121, 14973, 14278, 15483]",27530
"[14934, 14327]",38941
"[14934, 14327]",33702
"[14934, 14327]",32520
"[14934, 14327]",28158
"[14266, 14287]",83897
"[15579, 15816]",35828
"[15579, 15816]",33609
"[15579, 15816]",36075
"[15579, 15816]",29078
"[17236, 21474]",95295
"[17236, 21474]",35638
"[14262, 14520]",84088
"[15086, 15089, 14990, 15816]",36075
"[14504, 20541]",32214
"[15414, 19282]",28465
"[15414, 19282]",28813
"[17605, 15602, 15603]",35612
"[14292, 14034, 14038, 15064]",33675
"[14292, 14034, 14038, 15064]",37830
"[14292, 14034, 14038, 15064]",31116
"[14292, 14034, 14038, 15064]",37617
"[14292, 14034, 14038, 15064]",83901
"[14292, 14034, 14038, 15064]",35552
"[14038, 15064]",33675
"[14038, 15064]",37617
"[17991, 21695]",35612
"[17991, 21695]",33635
"[17991, 21695]",28813
"[17728, 14030]",33609
"[14408, 21161]",35966
"[14408, 21161]",99947
"[14408, 21161]",37952
"[14408, 21161]",31395
"[14184, 14281, 14286, 14411, 15034]",35982
"[14190, 14411]",35612
"[15414, 21700]",28465
"[14595, 14406]",27985
"[18265, 15594]",33077
"[18265, 15594]",37924
"[18265, 15594]",35884
"[18265, 15594]",84107
"[14944, 14971]",35761
"[14944, 14971]",37604
"[15876, 15179]",35994
"[18755, 14990, 21474]",36396
"[18755, 14990, 21474]",36302
"[18755, 14990, 21474]",36140
"[18755, 14990, 21474]",36443
"[17558, 15199]",36075
"[14287, 15579]",83897
"[16572, 15444, 15143]",35966
"[14287, 19566]",33594
"[14154, 14287, 15816, 16078]",33594
"[14807, 21474]",35823
"[15786, 19628]",36063
"[15483, 14583]",84211
"[16593, 20377]",33703
"[14300, 20498]",83958
"[14054, 21474]",35823
"[14128, 14899]",39365
"[14128, 14899]",37768
"[14940, 14607]",36644
"[14154, 14287, 15816]",33594
"[20673, 14739]",37573
"[15137, 15212, 14425]",83806
"[14131, 14251, 15786]",94889
"[14023, 20498]",36702
"[15095, 18311]",29229
"[15095, 18311]",83830
"[20538, 14467]",35612
"[14242, 14305, 15793]",29345
"[14242, 14305, 15793]",33616
"[14242, 14305, 15793]",31395
"[14131, 14072, 15786]",35761
"[19604, 21089, 21118]",35612
"[14607, 16852, 14107]",35638
"[14023, 14372]",27202
"[14706, 15816]",83897
"[14706, 15816]",35638
"[14706, 15816]",36075
"[14054, 14072]",37766
"[16593, 15816]",35638
"[16593, 15816]",36075
"[14154, 15816]",36075
"[14061, 18583]",35916
"[16409, 14739]",35553
"[17236, 21474]",36396
"[17236, 21474]",36088
"[17236, 21474]",36140
"[17236, 21474]",36443
"[14054, 15855]",36531
"[14232, 21474]",36091
"[14175, 19562]",36035
"[14175, 19562]",33609
"[14130, 14175]",35638
"[14130, 14175]",36075
"[14130, 14175]",37372
"[15086, 15104, 14238]",83897
"[15086, 15104, 14238]",37811
"[14915, 19245]",28547
"[14990, 15586, 21474, 14107]",35823
"[17991, 14402, 19614]",35612
"[14287, 15579, 39889]",83897
"[14287, 15579, 39889]",36075
"[14287, 15579, 39889]",29078
"[14940, 14842]",36113
"[14915, 19245]",27248
"[14915, 19245]",28780
"[14915, 19245]",35691
"[14915, 19245]",29296
"[14915, 19245]",37722
"[14737, 14792, 19349]",31477
"[15126, 18277, 15551, 15553]",36063
"[14915, 19245]",38676
"[14915, 19245]",37659
"[14915, 19245]",36035
"[14915, 19245]",29857
"[14915, 19245]",29112
"[14132, 15855]",36531
"[14249, 14287, 14107]",35638
"[14249, 14287, 14107]",36075
"[15319, 15914]",37565
"[15118, 19551]",36091
"[14052, 14054]",36260
"[16510, 15413, 14793, 15020]",35612
"[14320, 15520]",37617
"[14028, 14973]",32384
"[16588, 15352, 14385]",33575
"[16588, 15352, 14385]",29446
"[16588, 15352, 14385]",33593
"[19603, 15680]",35612
"[14182, 21381]",36075
"[14186, 14736, 21732]",35612
"[14975, 15176, 14411]",35612
"[14186, 18265]",35612
"[17605, 17351, 16226, 20194]",35612
"[17605, 17351, 16226, 20194]",33635
"[17605, 17351, 16226, 20194]",35970
"[15176, 21113]",28869
"[15176, 21113]",35953
"[15176, 21113]",35612
"[15176, 21113]",37573
"[15176, 21113]",37604
"[15176, 21113]",36035
"[15176, 21113]",29614
"[15176, 21113]",97428
"[15086, 15816]",37766
"[16593, 14287, 15579]",83897
"[16593, 14287, 15579]",36075
"[16593, 14287, 15579]",39609
"[14539, 14196, 21403]",38040
"[16572, 16468, 14787, 14024, 15143, 14791, 14792, 14320, 14793, 17741, 14376, 16581]",36691
"[16572, 16468, 14787, 14024, 15143, 14791, 14792, 14320, 14793, 17741, 14376, 16581]",35966
"[14506, 14072]",35953
"[14506, 14072]",33658
"[14154, 15781, 14287, 15816]",39701
"[15781, 15816]",33609
"[15586, 18808]",37826
"[14287, 14107]",35638
"[17833, 15598]",28208
"[15816, 18375]",36075
"[15816, 18375, 14110]",36075
"[15816, 14110]",36075
"[14988, 15025]",35966
"[14232, 14107]",37811
"[15855, 20369]",36531
"[14287, 20442]",33601
"[14287, 20442]",37564
"[15855, 20568]",36531
"[15101, 20866, 20905]",35612
"[15468, 14030]",33651
"[15849, 14253]",29229
"[14706, 18583]",35916
"[14706, 18583]",28764
"[15816, 14110]",35638
"[15176, 15602]",36512
"[14154, 15104, 14295]",83897
"[16352, 16216]",33605
"[15468, 15586, 21474]",35823
"[17351, 16505]",35612
"[14128, 14106, 17524, 20212]",35612
"[14955, 21716]",35612
"[14186, 21769]",35612
"[15477, 15352]",36634
"[15477, 15352]",37765
"[15477, 15352]",36242
"[15477, 15352]",36241
"[14170, 14413, 19217]",35612
"[15289, 14024]",35823
"[17356, 17720]",35612
"[14155, 15602]",28869
"[15869, 14406]",28208
"[14269, 20488]",83790
"[14269, 20488]",83802
"[14413, 15797]",36836
"[19324, 14656]",37722
"[14506, 15816]",36147
"[14506, 15816]",36075
"[15118, 21474]",35823
"[14272, 14034, 15166]",37617
"[15104, 14287]",83897
"[15104, 14287]",36075
"[15804, 14496]",37722
"[14668, 17224]",37717
"[14765, 14405, 19614]",35612
"[16230, 15654]",28520
"[16230, 15654]",35650
"[15367, 15698]",35612
"[19614, 21165]",35612
"[15982, 18583]",27202
"[15982, 18583]",35916
"[15536, 15352]",84165
"[15536, 15352]",84131
"[20351, 20824]",36322
"[16842, 14977]",29296
"[16842, 14977]",28396
"[16842, 14977]",28547
"[16490, 20555]",95295
"[14135, 14961, 16690]",37659
"[14135, 14961, 16690]",36035
"[14278, 17218]",36147
"[17654, 14063]",31756
"[15912, 18583]",35823
"[15912, 18583]",33609
"[15817, 20477]",37752
"[14275, 14320]",35761
"[15000, 15896]",35612
"[14194, 15366]",39524
"[14194, 15366]",32099
"[14194, 15366]",37722
"[14194, 15366]",38024
"[14194, 15366]",29078
"[14194, 15366]",32967
"[14194, 15366]",29182
"[14758, 15572, 14456]",36691
"[16588, 17951]",33575
"[15283, 16588]",33575
"[15316, 19331]",32924
"[15316, 19331]",33714
"[15316, 19331]",33601
"[15316, 19331]",28374
"[15316, 19331]",83961
"[15316, 19331]",37564
"[14934, 14964]",27859
"[14291, 14995, 20445]",97502
"[14017, 14232, 14266, 18583]",35823
"[18179, 20445]",36048
"[17407, 14297, 14987, 14298, 14369, 14402]",36035
"[15118, 15660]",95295
"[15270, 16672, 17558, 14709, 15782]",38059
"[15270, 16672, 17558, 14709, 15782]",33575
"[14187, 21073]",31116
"[14187, 21073]",33688
"[14309, 15326]",37702
"[14309, 15326]",35831
"[14190, 18849]",35612
"[14163, 14944, 19245]",36035
"[14944, 14215, 14276]",35761
"[14944, 14215, 14276]",38040
"[14510, 14793]",35612
"[14232, 14983, 15064]",35638
"[14232, 14983, 15064]",37888
"[14128, 14186]",36578
"[15092, 14792, 14793]",36691
"[15413, 17355]",36170
"[14937, 15773, 15446]",38437
"[19628, 18583, 14552]",33609
"[19628, 18583, 14552]",29078
"[17605, 14187, 14231, 14405]",28849
"[17605, 14187, 14231, 14405]",36944
"[17605, 14187, 14231, 14405]",33653
"[15176, 15351]",35612
"[15283, 14329, 15598, 14435]",28208
"[15283, 14329, 15598, 14435]",83764
"[15283, 14329, 15598, 14435]",33593
"[15413, 20263]",29945
"[15413, 20263]",37856
"[18189, 15550]",36691
"[14153, 20336]",35612
"[14975, 14726]",33658
"[14190, 14275, 14792, 14793]",35612
"[14975, 15176]",31116
"[14783, 16593, 16063, 14287]",36075
"[14141, 14144, 14192, 14956, 14709, 18277, 15559]",83906
"[16588, 17951]",33593
"[18179, 14702]",35749
"[16226, 15077, 20212, 14320, 14697]",35612
"[14142, 14969, 15781]",33603
"[14142, 14969, 15781]",37659
"[14142, 14969, 15781]",36432
"[14142, 14969, 15781]",36286
"[14142, 14969, 15781]",36035
"[14142, 14969, 15781]",83824
"[14142, 14969, 15781]",35931
"[14599, 15118]",33675
"[14940, 15849, 17652]",35638
"[14940, 15849, 17652]",36075
"[14940, 15849, 17652]",37429
"[14297, 14630]",33658
"[14207, 15351]",29194
"[15243, 15659]",35612
"[15095, 15849, 17435, 15491, 20522]",29229
"[15095, 15849, 17435, 15491, 20522]",83830
"[15419, 20360, 20412, 14188, 21611]",37702
"[20344, 21611]",37702
"[14969, 15781, 15010]",97053
"[15576, 15829, 15366, 20126]",37722
"[17605, 15243, 15675]",28849
"[17398, 15563, 19646]",30654
"[15388, 15675]",35612
"[15855, 14996]",36531
"[15176, 15659]",36691
"[14780, 16972, 21700]",28465
"[17351, 21157]",35612
"[17351, 21157]",36691
"[16510, 14212, 14275]",36691
"[15077, 15184]",35612
"[14238, 20445]",35749
"[16226, 14740, 16753, 14604, 14320, 14411]",35612
"[14817, 20905]",35612
"[16588, 14726]",33593
"[14713, 21700]",28465
"[14713, 21700]",28813
"[16588, 15101, 15781]",35612
"[17351, 16226, 14954, 14297]",36691
"[17351, 16226, 14954, 14297]",29945
"[17351, 16226, 14954, 14297]",33634
"[14213, 15474, 14817, 14277, 14412, 15659]",36691
"[19603, 19604]",35612
"[15101, 15324]",36147
"[15451, 14298]",33658
"[15451, 14298]",36035
"[15779, 18311]",29229
"[15779, 18311]",83830
"[16588, 20260]",35612
"[14108, 14630, 14680]",29078
"[14219, 15462]",33609
"[14219, 15462]",29078
"[15879, 15232]",38038
"[15879, 15232]",36483
"[18870, 14072]",35638
"[14275, 17893]",36535
"[15818, 18900]",36063
"[14275, 14792, 15539, 16028]",36691
"[14072, 14739]",33593
"[15414, 19604]",35612
"[19723, 19724]",35693
"[14262, 17347]",94889
"[19641, 19603]",35612
"[19641, 19603]",37616
"[19207, 14321, 15812]",28547
"[14054, 14630]",29446
"[14231, 20336, 15673]",33188
"[16588, 20260]",36691
"[16588, 20260]",32214
"[14977, 17278]",33575
"[14977, 17278]",33658
"[14977, 17278]",33489
"[14977, 17278]",33593
"[15095, 15779]",83830
"[19604, 15230]",35612
"[17991, 19603]",35612
"[17991, 19603]",35584
"[14971, 15836]",36035
"[14971, 15836]",37754
"[15876, 14034]",37784
"[15876, 14034]",37785
"[14945, 14792]",35612
"[14297, 14690]",35761
"[14828, 18756]",27248
"[14828, 18756]",37717
"[14828, 18756]",28780
"[14828, 18756]",27967
"[14828, 18756]",37768
"[14828, 18756]",37722
"[14828, 18756]",83903
"[15414, 14713, 15857]",35612
"[14156, 14701]",38957
"[14156, 14701]",36075
"[14156, 14701]",36661
"[14785, 15316, 20623]",28374
"[14785, 15316, 20623]",36048
"[14846, 14297]",35761
"[14287, 15150]",33609
"[14287, 15150]",36075
"[14287, 15150]",28861
"[14287, 15150]",29078
"[14152, 14944, 14215]",35761
"[18309, 15038]",37743
"[14944, 14215, 14298]",37659
"[14944, 14215, 14298]",36035
"[17073, 18900]",36275
"[14128, 14287]",39702
"[14128, 14287]",36075
"[14320, 14554]",39024
"[14405, 19614]",35612
"[14296, 15846, 21809]",37805
"[14267, 21746]",32505
"[19604, 21688]",35612
"[15602, 15673]",35612
"[15129, 19665]",36512
"[14595, 14425]",27985
"[14628, 15413]",36512
"[14154, 14287]",83897
"[14154, 14287]",37766
"[14154, 14287]",29078
"[14945, 15781]",35612
"[14561, 15881]",29614
"[15270, 16588]",33675
"[15270, 16588]",36187
"[15270, 16588]",36924
"[15270, 16588]",33678
"[15270, 16588]",28158
"[15270, 16588]",29078
"[15270, 16588]",28764
"[14971, 14583]",37604
"[17407, 14991]",36187
"[17407, 14991]",37786
"[14215, 14991]",37786
"[17407, 14969, 17276]",36286
"[17407, 14969, 17276]",33678
"[17407, 14969, 17276]",36388
"[17407, 14969, 17276]",38239
"[17407, 14969, 17276]",36694
"[15774, 18583]",33609
"[20336, 15365]",35612
"[14706, 15856]",96598
"[14164, 14807, 14888]",27933
"[14164, 14807, 14888]",35641
"[14737, 14792, 18648]",35612
"[14369, 16786]",37659
"[14369, 16786]",36035
"[20336, 15365]",32214
"[14275, 14713]",35612
"[14128, 14229, 15593]",35916
"[15077, 15206]",35612
"[19604, 19646]",35612
"[19604, 19646]",33635
"[19604, 19646]",35970
"[14194, 14320]",33603
"[14194, 14320]",33675
"[14194, 14320]",94889
"[14194, 14320]",37830
"[14194, 14320]",35682
"[14194, 14320]",28158
"[14194, 14320]",37788
"[14194, 14320]",29078
"[14945, 14061, 14213]",35612
"[14785, 21630]",37564
"[14061, 15450]",39828
"[14765, 15030]",35612
"[15090, 14957, 15231]",84256
"[15090, 14957, 15231]",29865
"[15089, 14336, 16490]",35553
"[14969, 14298]",35953
"[14969, 14298]",83824
"[14794, 14405]",32622
"[14128, 14506]",33575
"[14541, 14406]",36243
"[14541, 14406]",37618
"[14954, 14955, 14194, 14024, 14251, 14780, 14275, 16972, 14320]",35612
"[14954, 14955, 14194, 14024, 14251, 14780, 14275, 16972, 14320]",39227
"[14954, 14955, 14194, 14024, 14251, 14780, 14275, 16972, 14320]",32520
"[17351, 17355]",35612
"[19603, 19604, 14746]",36691
"[19603, 19604, 14746]",36578
"[14408, 19614]",35966
"[17351, 14719, 14190, 17355]",36691
"[15095, 15849, 17435, 15779]",29229
"[21677, 19723]",39704
"[21677, 19723]",30669
"[21677, 19723]",32149
"[21677, 19723]",27674
"[21677, 19723]",36535
"[21677, 19723]",33715
"[17558, 20573]",36138
"[17558, 20573]",83918
"[17558, 20573]",33609
"[17558, 20573]",36265
"[15982, 14306]",35612
"[18768, 17831]",35612
"[16588, 14864]",35638
"[14150, 14981]",36075
"[16842, 14977]",38957
"[19604, 14761]",35612
"[19604, 14761]",36691
"[19604, 14761]",31477
"[14681, 14922, 14872]",94752
"[14681, 14922, 14872]",84170
"[14681, 14922, 14872]",97157
"[14681, 14922, 14872]",37752
"[14681, 14922, 14872]",37743
"[14681, 14922, 14872]",97156
"[14681, 14922, 14872]",97155
"[15982, 14347, 15662]",29078
"[15856, 14241]",36075
"[14793, 15176, 18849]",35612
"[16588, 14072]",37791
"[16588, 14072]",37788
"[16521, 16216]",33605
"[14937, 14325]",83996
"[14154, 17229]",83897
"[14154, 17229]",37766
"[14154, 17229]",36046
"[14940, 14607, 20391]",84122
"[15093, 18314]",36478
"[14028, 20193]",99032
"[19207, 14321]",35612
"[19207, 14321]",36469
"[19207, 14321]",37785
"[14937, 14598, 14656]",37604
"[16588, 14835, 14961, 15781]",35761
"[16588, 14835, 14961, 15781]",38928
"[14131, 21434]",35761
"[14899, 14295]",38215
"[14899, 14295]",37768
"[14792, 15036, 15863]",35612
"[15836, 15598]",36286
"[15235, 15811]",37743
"[14706, 19628, 14656, 15693]",35693
"[15077, 15670]",35612
"[20367, 20369]",83929
"[15893, 14807, 14320]",35612
"[15893, 14807, 14320]",35671
"[14940, 15848, 14933, 16570, 14237]",37236
"[14507, 14284, 14324, 15510, 16264, 14478]",36453
"[14251, 14317, 14371, 15366]",37759
"[15308, 17224]",28780
"[15308, 17224]",37722
"[15308, 17224]",28547
"[16281, 17034]",28313
"[14241, 14314]",36075
"[16226, 14411, 14450]",35982
"[14940, 14872]",36075
"[14249, 14336]",95295
"[14249, 14336]",36075
"[17605, 17712]",36691
"[14162, 14944, 14276, 14282]",36035
"[14877, 15913]",27921
"[14877, 15913]",94658
"[14877, 15913]",35757
"[15477, 14298]",33603
"[15477, 14298]",36432
"[15477, 14298]",83824
"[15510, 14072]",27248
"[15510, 14072]",30072
"[15510, 14072]",27530
"[15510, 14072]",28780
"[15510, 14072]",28208
"[15510, 14072]",32076
"[15510, 14072]",31245
"[15510, 14072]",33593
"[15510, 14072]",28547
"[14220, 14656]",83917
"[14220, 14656]",33667
"[14220, 14656]",28547
"[14220, 14656]",33598
"[14308, 14338]",33591
"[14308, 14338]",30171
"[14308, 14338]",37765
"[14308, 14338]",33618
"[14308, 14338]",83790
"[14308, 14338]",35955
"[15126, 17174, 21293]",28547
"[16226, 18265]",33635
"[16226, 18265]",35970
"[16226, 18265]",30494
"[19603, 21080]",35612
"[19603, 21080]",36578
"[19603, 21080]",33688
"[20262, 20351, 20265]",99989
"[17779, 15668]",35612
"[15101, 14237]",97054
"[15101, 14237]",83918
"[15101, 14237]",83976
"[15096, 15818]",28780
"[14178, 15111]",29107
"[14133, 14668, 15201]",37717
"[14133, 14668, 15201]",37659
"[14133, 14668, 15201]",83802
"[14133, 14668, 15201]",29107
"[14133, 14668, 15201]",28547
"[14133, 14668, 15201]",28856
"[14133, 14668, 15201]",28313
"[14133, 14668, 15201]",33664
"[14940, 14061]",33609
"[14940, 14061]",29078
"[14186, 14802]",35612
"[14709, 14287]",36075
"[18277, 14323, 15553]",38242
"[18277, 14323, 15553]",28313
"[20336, 15358]",32214
"[15826, 14656]",33667
"[15826, 14656]",35846
"[15826, 14656]",33598
"[14253, 14050]",36396
"[14253, 14050]",36088
"[14253, 14050]",36140
"[14969, 16334]",35766
"[17524, 14737, 14792, 14793, 19158]",35612
"[15125, 14702, 15616]",35749
"[15073, 15141, 14384]",83889
"[15073, 15141, 14384]",28374
"[15073, 15141, 14384]",83976
"[14721, 15555, 15879]",33593
"[14134, 14939, 14701, 14951, 14184, 14206, 14966, 15130, 14296, 14319, 14326, 15503, 14346, 14347]",37805
"[14134, 14939, 14701, 14951, 14184, 14206, 14966, 15130, 14296, 14319, 14326, 15503, 14346, 14347]",33128
"[14299, 21305]",94658
"[14736, 18634, 14372]",36691
"[14736, 18634, 14372]",28849
"[14155, 18634, 18959, 14372]",36691
"[14155, 18634, 18959, 14372]",28849
"[14961, 16036]",33658
"[14194, 15982, 15887]",37784
"[14194, 15982, 15887]",29078
"[15082, 15101, 14600, 15447]",33598
"[15447, 15306]",35638
"[15447, 15306]",36075
"[15078, 16850]",36075
"[14134, 14966, 14296]",37805
"[14198, 14610]",37788
"[15441, 14176]",32033
"[15413, 14186, 14780, 20212, 16973]",35612
"[14154, 15781, 14287, 14310]",37788
"[14944, 14276, 15609]",35761
"[17558, 14709]",27933
"[17558, 14709]",94658
"[17558, 14709]",36250
"[15818, 17313]",28780
"[16842, 17313]",28780
"[14186, 14190, 14792, 18959, 15009]",35612
"[14198, 14610]",36478
"[15126, 16675]",36063
"[14559, 14032]",38024
"[15893, 14186, 14955, 14194, 15315]",35612
"[15324, 17073]",27859
"[17407, 14630]",35953
"[15094, 14979]",33664
"[14786, 14729, 15462, 14702, 15316]",28374
"[15477, 14108]",35953
"[15477, 14108]",36187
"[15572, 14456]",28262
"[15572, 14456]",35764
"[14209, 21788]",37805
"[15094, 14979]",27933
"[15094, 14979]",94658
"[15094, 14979]",36075
"[15094, 14979]",36661
"[15130, 15536]",37805
"[15413, 14737, 21234]",35612
"[14190, 16517]",35612
"[14154, 15774, 14061, 14227, 14238, 15781, 14287, 15793]",37768
"[14154, 15774, 14061, 14227, 14238, 15781, 14287, 15793, 15244]",39365
"[14154, 15774, 14061, 14227, 14238, 15781, 14287, 15793, 15244]",37768
"[14187, 14758]",35612
"[14961, 16783]",35761
"[16510, 16513]",35612
"[15555, 21258]",33593
"[14062, 15028]",37743
"[15484, 15555]",33593
"[17229, 14599, 14702, 14607, 14320, 21120]",35612
"[14612, 21733]",35612
"[17545, 18396]",28465
"[14789, 14780, 18396]",28465
"[15138, 14321]",28547
"[16011, 15148]",27933
"[16011, 15148]",94658
"[14275, 14612]",35612
"[15319, 14310]",36661
"[14284, 16711, 15591]",33658
"[15101, 14739]",35612
"[15101, 14739]",35638
"[20336, 14529]",35612
"[17653, 14604]",35612
"[14190, 14231, 14793, 18959]",35612
"[14131, 15426, 15786, 14630]",35761
"[14161, 19289, 17273, 19290]",28313
"[15113, 19310]",28780
"[15126, 19310]",28780
"[17174, 19310]",28780
"[14130, 14163]",35565
"[14321, 16857]",28547
"[14321, 16857]",38121
"[15073, 14176, 14299, 19310]",28780
"[15306, 14968]",39704
"[15306, 14968]",36075
"[16842, 14709]",83918
"[16842, 14709]",37768
"[16842, 14709]",37788
"[16842, 14709]",29107
"[16842, 14177]",83918
"[16842, 14177]",37768
"[16842, 14177]",37788
"[16842, 14177]",29107
"[15479, 14920]",37617
"[14836, 14944, 14835]",36035
"[14281, 14992]",35568
"[15289, 16512]",36088
"[14681, 16195]",36075
"[14135, 16473]",35612
"[14207, 17628]",33635
"[14128, 14132, 15179, 21252]",37768
"[14506, 14961, 20502, 15477, 14297]",35761
"[15477, 14991]",35953
"[14065, 15955]",35638
"[14065, 15955]",29614
"[14540, 15148]",27933
"[14540, 15148]",94658
"[14359, 16036]",36046
"[15078, 14783, 15104]",36075
"[14176, 18300]",27933
"[14176, 18300]",94658
"[19350, 14871]",37718
"[19350, 14871]",33598
"[15148, 19267]",27933
"[15116, 19267]",27933
"[14306, 17903]",33575
"[17221, 14276]",35531
"[17221, 14276]",36432
"[17221, 14276]",36187
"[16510, 15002]",35612
"[18933, 20569]",35612
"[18933, 20569]",35573
"[14950, 14990]",36924
"[14950, 14990]",37888
"[15176, 15560, 15012]",35612
"[16593, 19350]",37718
"[14128, 17594]",35638
"[15914, 14286]",35584
"[14186, 14190]",35612
"[14813, 14184, 15446, 14209, 14281, 14319]",35953
"[15425, 14956]",36035
"[14161, 15093, 14952, 14223, 14999]",27933
"[14161, 15093, 14952, 14223, 14999]",38242
"[14161, 15093, 14952, 14223, 14999]",28313
"[15912, 14297]",35953
"[15277, 14662]",37752
"[14975, 14792]",94844
"[14135, 14961, 15781]",35953
"[14061, 14287, 15199]",36075
"[14111, 15510, 18959, 14711]",35612
"[15481, 19031]",35612
"[14232, 17328]",36091
"[14232, 17328]",37888
"[14918, 16550]",35761
"[15113, 15126, 17174, 15818]",37573
"[15416, 15083, 15094, 14180, 14223, 15119]",94658
"[15126, 15484]",38945
"[15126, 15484]",94658
"[17728, 14987]",35612
"[17351, 17712]",36691
"[17351, 17712]",36512
"[15080, 17654]",31756
"[16209, 14163, 14276, 14282]",36035
"[17351, 14456]",35612
"[14266, 14287]",94889
"[14266, 14287]",36113
"[14266, 14287]",38024
"[14266, 14287]",39828
"[14945, 18181]",35612
"[14266, 14287]",33636
"[15501, 21258]",33575
"[15501, 21258]",33593
"[14174, 14229, 14235, 14112, 14270, 14271]",33703
"[14014, 14018, 14020, 14023, 14034, 14623, 14672]",33675
"[14014, 14018, 14020, 14023, 14034, 14623, 14672]",37617
"[14186, 15338]",35612
"[15413, 14190, 14792, 14793, 17356]",35612
"[17229, 14950, 14020, 14983, 14034]",33675
"[17229, 14950, 14020, 14983, 14034]",37617
"[17229, 14950, 14020, 14983, 14034]",37811
"[14783, 14607]",95295
"[15413, 14780, 17127]",35612
"[14242, 16195]",33609
"[14242, 16195]",36075
"[14135, 14961, 14987, 14298, 14299]",37743
"[15413, 14186, 14190]",35612
"[14940, 15088, 14245, 14269]",36147
"[14940, 15088, 14245, 14269]",36075
"[14213, 14817, 14277, 15572, 14456]",36691
"[20336, 15002]",35786
"[20336, 15002]",33653
"[14784, 14020]",33675
"[14784, 14020]",37617
"[14784, 14020]",28714
"[14784, 14020]",38436
"[16510, 14373]",36578
"[16510, 14373]",33688
"[16510, 14373]",36416
"[14299, 18904]",37743
"[14792, 14793, 15669]",35612
"[17605, 17351, 16753, 15367]",35612
"[14198, 14021, 14204]",35985
"[14023, 16846, 14983, 18755, 16490]",37811
"[14023, 16846, 14983, 18755, 16490]",36046
"[17605, 15355]",35612
"[14629, 14783, 14937, 14899, 14249, 15479]",37604
"[14629, 14783, 14937, 14899, 14249, 15479]",39365
"[15077, 14207, 14972, 14794, 15187]",35638
"[15077, 14951, 14206, 14972]",33128
"[15077, 14951, 14206, 14207, 14972, 14794, 15187]",35638
"[15077, 14951, 14206, 14207, 14972, 14794, 15187]",33128
"[15077, 14951, 14206, 14972, 14794, 15187]",35638
"[16589, 16180]",33598
"[14249, 14266]",37888
"[20458, 19700]",35953
"[14219, 18225]",28780
"[15413, 14186, 14275]",35612
"[14940, 15088]",37788
"[14188, 14286]",36344
"[14188, 14286]",33635
"[15456, 17999]",35543
"[14813, 19377]",33603
"[14813, 19377]",35612
"[14813, 19377]",35761
"[14813, 19377]",33658
"[14813, 19377]",35638
"[14813, 19377]",35680
"[15440, 14251]",27248
"[15440, 14251]",28780
"[15440, 14251]",28547
"[15440, 14251]",38121
"[14828, 14144, 15133]",36478
"[14828, 14144, 15133]",35754
"[16672, 14940, 14709, 14278, 14287, 14610]",36075
"[15781, 14072]",35761
"[14142, 14635, 14969, 15781]",83824
"[15078, 15087, 14154, 15781]",36075
"[14135, 14142, 14215, 14969, 15781]",35953
"[14135, 14142, 14215, 14969, 15781]",35909
"[14135, 14142, 14215, 14969, 15781]",83824
"[14181, 14320]",37805
"[16741, 14229]",33703
"[16741, 14229]",38281
"[16741, 14229]",33636
"[16741, 14229]",84198
"[14954, 16230]",35650
"[14023, 15856]",30035
"[16510, 14019, 14320]",35612
"[16510, 14019, 14320]",28869
"[15468, 18372, 14643]",83918
"[14144, 16588, 14721, 15484, 14328, 17216, 15555, 17313]",33593
"[14150, 17508]",33677
"[14296, 15619]",37805
"[15417, 16588]",28208
"[15417, 16588]",33593
"[14877, 15531]",35749
"[14877, 15531]",35638
"[14877, 15531]",36075
"[17435, 15779]",29229
"[17435, 15779]",83830
"[14662, 21784]",27248
"[14662, 21784]",28208
"[14785, 15462]",35749
"[15531, 17218]",36147
"[15531, 17218]",36075
"[15786, 14362]",37805
"[14128, 14054, 15876]",28158
"[14506, 14242]",33575
"[14506, 14242]",33658
"[17407, 14836, 14961, 16690, 14846, 15781]",35761
"[14685, 14208, 16375]",84094
"[14275, 14792]",35584
"[15101, 14975]",35686
"[15077, 21585]",35612
"[14215, 20458]",35953
"[14321, 17195]",84229
"[16511, 21061]",28869
"[16511, 21061]",36325
"[14030, 15166]",39872
"[14030, 15166]",33675
"[14030, 15166]",37617
"[14030, 15166]",83901
"[17535, 17713]",35612
"[17535, 17713]",32214
"[15376, 21030]",83976
"[15073, 14371]",30661
"[14940, 15088, 15911]",36075
"[14223, 16016]",33572
"[17351, 14213, 20905]",35612
"[20351, 20289, 14797]",32505
"[14995, 14338]",83790
"[15078, 14154, 14061]",36075
"[15501, 15847]",33575
"[15761, 15520, 17322, 17224, 14466]",37766
"[14506, 15477]",35953
"[17262, 18212]",83799
"[14196, 16061]",27933
"[14212, 14030, 14320, 17214]",32149
"[14937, 14024, 14971, 14030, 14974]",37604
"[19702, 18399]",36522
"[19702, 18399]",36147
"[19702, 18399]",33675
"[19702, 18399]",33635
"[19702, 18399]",29182
"[14168, 14238, 14287]",96598
"[14606, 14313]",28465
"[16741, 15179]",33703
"[14780, 21696]",33635
"[14305, 14996, 14478]",35966
"[14305, 14996, 14478]",31395
"[14783, 14784, 16687, 14835, 14317, 17224, 21150, 21154]",36063
"[14783, 14784, 16687, 14835, 14317, 17224, 21150, 21154]",35693
"[14783, 14784, 16687, 14835, 14317, 17224, 21150, 21154]",35754
"[14188, 14309, 14798]",37574
"[15104, 14258]",84310
"[17605, 16510, 21124]",36492
"[14030, 14285]",37641
"[16588, 14165, 14306, 17903]",28208
"[15080, 16588]",84211
"[17524, 20336]",35612
"[14186, 14231, 14792]",35612
"[14235, 14726]",27202
"[14235, 14726]",28869
"[14317, 15218]",37659
"[15413, 18054]",35612
"[14212, 14368]",33618
"[15773, 15101]",36147
"[15773, 15101]",36075
"[14836, 16588, 15781, 14297]",38928
"[15560, 21073]",36691
"[15560, 21073]",28849
"[15560, 21073]",33688
"[15560, 21073]",39440
"[15413, 14186, 14736, 14190, 14213, 14231, 20336, 14793]",35612
"[15179, 15566]",37805
"[14135, 14306]",33658
"[14794, 15000]",35612
"[14152, 14423]",36035
"[17605, 14231, 14405]",28849
"[17605, 14231, 14405]",36944
"[17605, 14231, 14405]",33653
"[14162, 14961, 16690, 15781, 14276]",33658
"[14162, 14961, 16690, 15781, 14276]",36035
"[14162, 14961, 16690, 15781, 14276]",35761
"[14186, 14604, 18181]",35612
"[14969, 14620]",35766
"[15435, 14281]",84072
"[15435, 14281]",83842
"[15435, 14281]",36691
"[15435, 14281]",30827
"[15435, 14281]",33680
"[14770, 16635]",35765
"[15166, 14036]",35553
"[14018, 14034, 14873]",33675
"[14018, 14034, 14873]",37617
"[15477, 16711, 15591]",33593
"[14934, 14030, 14050]",36091
"[14934, 14030, 14050]",35916
"[15450, 14980]",39828
"[15520, 17328, 14873]",33675
"[15520, 17328, 14873]",37617
"[15971, 17108, 21060]",28478
"[14320, 21680]",39773
"[14320, 21680]",28478
"[14320, 21680]",35612
"[14320, 21680]",29078
"[14212, 14281, 14302, 14620]",35766
"[14944, 14402]",33659
"[14944, 14402]",33695
"[16510, 16511, 16517]",35823
"[16226, 14954, 16557]",35982
"[16226, 14954, 16557]",35650
"[14213, 14969, 15781]",28478
"[14213, 14969, 15781]",35761
"[14213, 14969, 15781]",35693
"[14248, 14426]",33128
"[15840, 18808]",35612
"[14623, 16036]",37766
"[15084, 14019, 15180]",95295
"[15084, 14019, 15180]",36924
"[15084, 14019, 15180]",35543
"[15084, 14019, 15180]",35638
"[15084, 14019, 15180]",99032
"[15084, 14019, 15180]",38024
"[16588, 15101, 15781, 14287, 14726]",38928
"[15038, 15043, 20475]",37743
"[14212, 14338]",32202
"[15876, 16036]",33702
"[14150, 14975]",35612
"[15302, 14792]",35612
"[16588, 14275]",35612
"[15104, 14223]",28313
"[14278, 14301]",36322
"[14278, 14301]",35638
"[14278, 14301]",36075
"[14758, 20597]",36691
"[14758, 20597]",28849
"[15855, 14281, 14996]",36531
"[15483, 15684]",84211
"[15483, 14425]",84211
"[14018, 14034, 15166, 14873]",33675
"[14018, 14034, 15166, 14873]",37617
"[16510, 14737, 14792]",36197
"[17108, 14940, 15088]",37788
"[14560, 14961]",37768
"[17558, 14709, 14299]",36075
"[16593, 19350, 14871]",94657
"[16593, 15179]",36644
"[20454, 20377]",36113
"[14263, 14272, 14873]",33675
"[14263, 14272, 14873]",37617
"[19324, 21725]",37722
"[18695, 16331]",94657
"[18695, 16331]",83824
"[14275, 17662]",28478
"[14275, 17662]",35612
"[14275, 17662]",35584
"[14275, 17662]",35638
"[14954, 14190, 14194]",35612
"[15520, 14384]",33677
"[15520, 14384]",83976
"[17583, 16226]",29078
"[14880, 15451, 14223, 14380]",36644
"[15912, 14937]",28194
"[14737, 14792, 17991, 17992]",35612
"[14150, 14182]",36849
"[15113, 15126, 17174, 15818, 21679]",28780
"[15413, 14190, 14792]",36512
"[15414, 15009]",39208
"[14131, 14506]",36187
"[14131, 14506]",36035
"[14131, 14506]",33598
"[15201, 15598]",33575
"[15576, 15829]",37722
"[20336, 18433]",35612
"[14297, 15591]",33658
"[16588, 20502]",33575
"[14937, 14971, 14974, 15014]",38436
"[14783, 14950]",33675
"[14783, 14950]",94889
"[14783, 14950]",28158
"[14783, 14950]",30459
"[14783, 14950]",37888
"[14783, 14950]",36045
"[14783, 14950]",32231
"[14155, 14187, 15896]",31116
"[15781, 14287, 20534]",94658
"[14945, 15569, 15018, 16495]",33635
"[14561, 15179]",35854
"[14561, 15179]",35638
"[14561, 15179]",35764
"[19245, 16631]",83802
"[14306, 20126]",36147
"[14306, 20126]",33675
"[14306, 20126]",28158
"[14306, 20126]",38024
"[14935, 15444]",35543
"[17351, 16510]",35612
"[17351, 16510]",39750
"[14987, 14065]",33658
"[14190, 18193]",35612
"[14758, 14792, 15002, 20799]",35612
"[15187, 14372]",29194
"[15187, 14372]",33635
"[14131, 15786, 14552]",35612
"[14306, 17951]",28208
"[14937, 14140, 16842, 14323, 15543]",96598
"[14662, 15414, 14713]",35612
"[15434, 15449, 14979, 14269]",39024
"[15288, 14645]",94981
"[15148, 15159]",38957
"[14181, 21786]",37805
"[14320, 15999]",38350
"[14061, 15520]",37784
"[14061, 15520]",37785
"[17407, 14135, 14961, 14297, 14987, 14298]",33658
"[14176, 16311]",94658
"[17225, 18695, 17226, 14620]",35766
"[16409, 20467]",33075
"[17833, 15598]",33575
"[17833, 15598]",33593
"[15077, 19281]",35612
"[14922, 20306]",37784
"[14922, 20306]",33249
"[14922, 20306]",36644
"[14922, 20306]",97094
"[14922, 20306]",35985
"[14922, 20306]",36702
"[14922, 20306]",84027
"[14285, 14050]",36088
"[16588, 20502, 14293]",33575
"[20263, 14313]",35612
"[20263, 14313]",30661
"[20263, 14313]",37558
"[20263, 14313]",37794
"[14072, 20377]",33703
"[14072, 20377]",36113
"[15781, 14298]",35761
"[14991, 16360]",33603
"[14991, 16360]",33575
"[14991, 16360]",38040
"[14991, 16360]",35764
"[17351, 15012, 14456]",35612
"[14245, 14735]",35641
"[15101, 15104]",27248
"[15101, 15104]",94658
"[15101, 15104]",28547
"[15101, 15104]",28313
"[15101, 15104]",35641
"[14792, 16818]",31477
"[16510, 14275, 14793]",35612
"[14975, 14792, 14793, 14372, 18675]",35612
"[14238, 15474, 14817]",36168
"[14238, 15474, 14817]",83957
"[14238, 15474, 14817]",33680
"[14238, 15474, 14817]",31596
"[14685, 14235]",29614
"[14685, 14235]",36661
"[14937, 14024, 14971]",37604
"[14713, 21676]",27248
"[18309, 20596, 18311]",29229
"[15849, 16846]",36197
"[15849, 16846]",38024
"[15849, 16846]",39511
"[15417, 14144, 14968]",30491
"[15080, 14583, 21229]",27921
"[15080, 14583, 21229]",36063
"[15080, 14583, 21229]",95717
"[15080, 14583, 21229]",28313
"[15080, 14583, 21229]",30035
"[14358, 14360]",33575
"[14358, 14360]",36035
"[18959, 17656, 15344]",35612
"[15659, 21692]",35612
"[14186, 14736, 14190, 14737]",35612
"[14691, 14400, 15045]",28714
"[14685, 14735]",35680
"[15074, 15173]",27921
"[15074, 15173]",36063
"[15074, 15173]",28391
"[15078, 14709, 14643]",83897
"[15078, 14709, 14643]",37845
"[15078, 14709, 14643]",36075
"[14880, 19278]",28780
"[14880, 19278]",28313
"[15876, 15982]",28714
"[15876, 15982]",36836
"[16510, 15413, 14737, 14792]",31477
"[14032, 15176]",35953
"[15089, 14990]",36661
"[15126, 14830]",37573
"[15126, 14830]",37722
"[15126, 14830]",28547
"[15126, 14830]",35754
"[15126, 14830]",83917
"[14213, 14973, 14792]",36691
"[14131, 15352]",29446
"[14131, 15352]",31144
"[15143, 14793]",36691
"[15143, 14793]",31116
"[15143, 14793]",35966
"[14153, 14192, 18225]",38242
"[14176, 18959]",94658
"[15413, 14792]",35612
"[14128, 14834]",28262
"[14128, 14834]",27247
"[14128, 14834]",30756
"[15840, 18808]",36691
"[15840, 18808]",36578
"[15840, 18808]",35966
"[15840, 18808]",33635
"[15840, 18808]",33653
"[17558, 14709, 14299]",29107
"[16588, 14298]",35761
"[14030, 14285]",35638
"[20344, 14789, 14780]",35612
"[15848, 15101]",97054
"[15848, 15101]",83976
"[17355, 21115]",35612
"[17355, 21115]",36691
"[17355, 21115]",36050
"[17355, 21115]",31116
"[17355, 21115]",31477
"[17355, 21115]",35966
"[14784, 14263, 14272, 16067, 14034, 16531, 15166, 15546]",33675
"[14784, 14263, 14272, 16067, 14034, 16531, 15166, 15546]",37617
"[14784, 14263, 14272, 16067, 14034, 16531, 15166, 15546]",28714
"[14784, 14263, 14272, 16067, 14034, 16531, 15166, 15546]",35831
"[15082, 15087, 14176, 14299, 15829]",94658
"[15129, 20260]",35612
"[14180, 15844]",97195
"[15856, 17224]",27933
"[15413, 14186, 21719]",35612
"[15277, 15072, 14662, 21793]",37743
"[16226, 16230]",35651
"[14054, 14792]",35612
"[14792, 15539, 17991]",35612
"[14973, 14792]",36691
"[14537, 15615]",33618
"[14537, 15615]",33698
"[14159, 15166, 14873]",33675
"[14159, 15166, 14873]",37617
"[14219, 16723]",33025
"[14219, 16723]",36075
"[14219, 16723]",39609
"[14806, 14831]",28547
"[14933, 14242]",97054
"[14933, 14242]",83918
"[14933, 14242]",83976
"[15101, 14933]",97054
"[15101, 14933]",83918
"[15101, 14933]",83976
"[14144, 14544]",38928
"[14144, 14544]",33593
"[14372, 14643]",35612
"[14372, 14643]",35584
"[14372, 14643]",35638
"[14372, 14643]",35693
"[17437, 14321]",28547
"[14975, 14792, 14372]",35612
"[16850, 15576]",37722
"[19124, 15367]",30494
"[14740, 15187]",35982
"[15576, 14496]",37722
"[15150, 14338]",30171
"[15150, 14338]",32202
"[15150, 14338]",83790
"[15271, 15413, 14186, 14954, 14275, 14764, 20212]",35612
"[17347, 21641]",37641
"[17347, 21641]",36113
"[17605, 17355]",35612
"[17605, 17355]",36578
"[17605, 17355]",31116
"[17605, 17355]",33688
"[17605, 17355]",35966
"[15270, 14359, 15218]",35612
"[15363, 16230]",35612
"[14128, 14560, 14054, 14561, 18583]",29078
"[14935, 14729, 14602, 15150, 14338]",83790
"[14272, 15576]",37722
"[16687, 14207, 14255, 15520]",33025
"[16687, 14207, 14255, 15520]",29078
"[14207, 19886]",35982
"[14897, 14180]",28547
"[15034, 14428]",37752
"[17558, 14709]",36075
"[15078, 14287]",36088
"[16855, 15856]",84190
"[16855, 15856]",33593
"[14591, 16195]",35761
"[14591, 16195]",36088
"[14591, 16195]",36113
"[14591, 16195]",36046
"[14270, 14072]",33680
"[14270, 14072]",35901
"[14237, 14242]",83918
"[15856, 14709]",29107
"[16741, 15179]",84088
"[16741, 15179]",39828
"[16741, 15179]",33651
"[15104, 14544]",36478
"[15914, 14286]",96815
"[15101, 15781]",35612
"[15101, 15781]",33609
"[15101, 15781]",36075
"[15077, 19284]",35612
"[15462, 14238, 15781]",35638
"[15462, 14238, 15781]",33609
"[15462, 14238, 15781]",36075
"[15462, 14238, 15781]",29078
"[14155, 14975]",33688
"[18933, 18946]",33593
"[20367, 14032, 14990]",38024
"[15417, 16419]",28208
"[15417, 16419]",36242
"[15417, 16419]",33489
"[15417, 16419]",33593
"[18593, 19324]",28478
"[14218, 14254, 15846]",37805
"[16878, 15684]",28780
"[16672, 18756]",28208
"[14817, 14277, 15675]",35612
"[14223, 17270]",28313
"[14934, 14251]",94889
"[14207, 20867]",35612
"[14207, 20867]",32214
"[14207, 20867]",35786
"[14292, 15166]",37617
"[17351, 16510]",36691
"[17351, 16510]",36578
"[17351, 16510]",31116
"[17351, 16510]",36512
"[14920, 15375]",39493
"[14152, 16690]",36035
"[14591, 16036]",33575
"[14591, 16036]",33658
"[14591, 16036]",36242
"[14591, 16036]",35507
"[14591, 16036]",35693
"[14591, 16036]",33593
"[14287, 14739]",35638
"[14287, 14739]",36075
"[14780, 14411]",28465
"[15849, 16846]",39828
"[15849, 16846]",36644
"[14937, 14140, 16842, 14323, 15543]",36075
"[16687, 15562]",30104
"[16687, 15562]",97161
"[15074, 14198]",27921
"[15602, 21690]",35612
"[14685, 14235]",33650
"[17728, 14402]",37805
"[15106, 17238, 14607]",35749
"[15078, 14150, 15306, 14220]",29107
"[15603, 21690]",35612
"[14262, 14545]",84088
"[14262, 14545]",36113
"[14219, 16195, 14643]",33609
"[14219, 16195, 14643]",29078
"[14933, 14237]",37845
"[14933, 14237]",37794
"[16082, 14128, 14584]",35787
"[14775, 15179]",38024
"[14775, 15179]",33707
"[14937, 14144]",37617
"[14940, 21796]",37236
"[14940, 21796]",36075
"[14427, 15045]",28714
"[15449, 14979, 14269]",36679
"[15077, 21682]",35612
"[14132, 14297]",36035
"[15770, 16588, 15753, 15847]",33575
"[15770, 16588, 15753, 15847]",33593
"[14215, 14347]",35764
"[19324, 15576]",84168
"[14154, 14249, 14287]",36679
"[14154, 14249, 14287]",39365
"[14154, 14249, 14287]",36075
"[14154, 14249, 14287]",35553
"[14154, 15856]",36075
"[14945, 14297]",35612
"[15846, 14428]",37805
"[14270, 14670, 14733]",35664
"[14559, 15057]",35612
"[14061, 14643]",36075
"[14061, 14643]",99032
"[14128, 14054]",36063
"[14128, 14054]",35641
"[14128, 14054]",27967
"[14128, 14054]",33636
"[14128, 14054]",36244
"[14128, 14054]",31612
"[14128, 14054]",33606
"[14128, 14054]",36058
"[14128, 14834]",35612
"[14961, 15116]",35693
"[14165, 14072]",33575
"[14184, 15654]",30494
"[15201, 14552]",36242
"[15201, 14552]",36241
"[15413, 14216, 14792]",36766
"[14154, 15199]",36075
"[14940, 14061, 16570]",35641
"[14940, 14061, 16570]",35638
"[14940, 14061, 16570]",33609
"[14940, 14061, 16570]",36075
"[14940, 14061, 16570]",32746
"[14940, 14061, 16570]",32299
"[14231, 21679]",36634
"[14320, 14376]",35612
"[15876, 14940]",83959
"[15876, 14030]",83959
"[14190, 20274, 14231, 21679]",35612
"[15289, 14030]",35823
"[14215, 15781]",37659
"[14215, 15781]",36035
"[14215, 15781]",35680
"[17628, 20562]",83929
"[20563, 20562]",83929
"[17351, 17355]",29945
"[14155, 14945, 14213]",35612
"[15289, 14023]",27202
"[15289, 14023]",28206
"[15856, 14979, 14544]",33575
"[15856, 14979, 14544]",33658
"[15856, 14979, 14544]",36035
"[15856, 14979, 14544]",33593
"[14127, 15424]",32847
"[14165, 14306]",28208
"[14981, 17301]",37753
"[14981, 17301]",36075
"[14561, 14662]",37743
"[14792, 14072]",29945
"[14235, 14284, 14320, 18739]",35762
"[14235, 14284, 14320, 18739]",94844
"[14186, 14275, 14364]",35612
"[14154, 14287]",35638
"[15826, 15576]",84168
"[14021, 14975]",36147
"[14021, 14975]",33675
"[14021, 14975]",35612
"[14021, 14975]",36924
"[14021, 14975]",38024
"[15855, 14996]",31395
"[14019, 15794]",35638
"[14019, 15794]",36075
"[14154, 14899]",36075
"[17174, 14292]",28780
"[15072, 14405]",35612
"[14144, 14173, 14299, 14544]",37761
"[17628, 20563]",83929
"[15289, 14023]",35823
"[15597, 15033]",37570
"[16510, 14737, 14792]",35612
"[17351, 14364]",35612
"[14975, 14275]",36691
"[15417, 14220, 14726, 15826, 14656]",27921
"[15417, 14220, 14726, 15826, 14656]",32033
"[15417, 14220, 14726, 15826, 14656]",28547
"[15417, 14220, 14726, 15826, 14656]",31283
"[19324, 15576]",28208
"[19324, 15576]",28158
"[19324, 15576]",38024
"[19324, 15576]",29078
"[19324, 15576]",29182
"[17711, 15602, 15603]",35612
"[17042, 21074]",36634
"[17042, 21074]",29945
"[15075, 14292, 21229]",36063
"[15075, 14292, 21229]",33594
"[18870, 14359, 14739]",33575
"[15270, 14359]",35612
"[16521, 14827, 16892]",35916
"[14510, 16831]",35766
"[20454, 14599, 14185, 14381]",38007
"[20454, 14599, 14185, 14381]",29887
"[20454, 14599, 14185, 14381]",35549
"[20454, 14599, 14185, 14381]",33563
"[20454, 14599, 14185, 14381]",27956
"[20454, 14599, 14185, 14381]",99844
"[20454, 14599, 14185, 14381]",38054
"[14702, 15316, 14650]",33598
"[14702, 15316, 14650]",35766
"[17229, 15316]",33594
"[14662, 14714, 20253, 21793]",37743
"[15240, 14450]",35612
"[16276, 20377]",84088
"[14975, 15675]",35612
"[14128, 14052, 14054, 20169]",94962
"[16510, 14737, 14275, 15689]",35612
"[15083, 15087, 15094, 16855, 14176, 15232, 17831]",36478
"[14218, 14254, 14403, 14484]",37805
"[15000, 14411]",35612
"[15076, 14918]",35680
"[14947, 14185]",35638
"[14229, 20158]",35612
"[14739, 15679, 15693]",36147
"[14739, 15679, 15693]",35846
"[14215, 15781]",37786
"[15840, 15602, 15603]",35727
"[15283, 17951]",33575
"[14238, 14321]",36075
"[14957, 15231]",84256
"[15090, 14957]",84256
"[20454, 14992]",35584
"[15090, 14656]",84256
"[15090, 14656]",29865
"[14935, 15419]",35584
"[14271, 20347, 14401]",39704
"[14954, 14955, 14024, 14275, 20158]",35884
"[15426, 15333]",28547
"[15413, 14186, 14737, 14364, 16028]",35612
"[15413, 14186, 14737, 14364, 16028]",36691
"[14207, 15602]",35982
"[14024, 14108]",83917
"[15270, 14739]",28831
"[15270, 14739]",36138
"[15270, 14739]",29107
"[15270, 14739]",35846
"[14153, 15304]",28668
"[16672, 14133, 15771, 15097, 18756, 15135]",37718
"[19627, 20126]",28478
"[19627, 20126]",35638
"[15092, 14456]",35612
"[17779, 15036]",35612
"[14201, 15450, 14230]",36396
"[15205, 15602]",35612
"[14212, 15010]",36035
"[14303, 15501]",28208
"[16036, 18174]",27933
"[16036, 18174]",38242
"[16036, 18174]",94658
"[16036, 18174]",28313
"[16036, 18174]",31348
"[14645, 14154, 14182, 14729, 15781]",36075
"[14940, 14237]",37558
"[14940, 14237]",37794
"[14792, 16028, 15036, 21102, 15863]",35612
"[15876, 18755, 14034, 14864]",37785
"[16230, 15654, 15681]",35651
"[14783, 14937]",37604
"[15818, 15199]",36075
"[16588, 14973]",35612
"[16588, 14973]",33489
"[16588, 14973]",38928
"[16588, 14973]",29446
"[14561, 17195, 14672]",28780
"[14561, 17195, 14672]",39817
"[14561, 17195, 14672]",28208
"[14561, 17195, 14672]",36035
"[14561, 17195, 14672]",33593
"[14561, 17195, 14672]",29614
"[14561, 17195, 14672]",83903
"[15078, 14295]",36075
"[14157, 14295]",36075
"[14376, 21690]",35612
"[15576, 15829]",27530
"[14961, 15781, 14284, 14324]",38506
"[14934, 16195]",38024
"[14806, 14807, 16844]",39868
"[14806, 14807, 16844]",84058
"[14283, 14551]",83802
"[14207, 15674]",39868
"[14128, 14052, 14054]",39024
"[14219, 20436]",35876
"[14219, 20436]",36476
"[14219, 20436]",36702
"[14610, 17831]",38242
"[14610, 17831]",38957
"[14610, 17831]",83903
"[14975, 15030]",36471
"[17743, 20158]",35612
"[15167, 20315]",35549
"[15167, 20315]",33563
"[15271, 14719, 14186]",31756
"[14726, 16036, 21866]",33575
"[14297, 15576]",37722
"[15077, 15859]",37805
"[20336, 17598]",35786
"[14610, 15635]",94658
"[18959, 19604]",35612
"[15126, 14583]",83842
"[15126, 14583]",37573
"[15126, 14583]",32076
"[15126, 14583]",31245
"[15126, 14583]",29107
"[15126, 14583]",28313
"[15126, 14583]",31348
"[15126, 14583]",31283
"[14281, 14992, 15064]",29078
"[15654, 15671, 16721]",35612
"[14783, 15479]",33593
"[14783, 15479]",97428
"[14186, 14408]",35966
"[14281, 14992]",38024
"[14935, 15456]",36691
"[16375, 19324]",37722
"[14131, 14561, 15786]",36187
"[15876, 15002]",35612
"[14155, 15388]",35612
"[15218, 20199]",32688
"[15218, 20199]",32477
"[15218, 20199]",35691
"[15218, 20199]",31245
"[15218, 20199]",37722
"[15218, 20199]",28547
"[14131, 15786]",28313
"[14947, 17411, 20093]",35543
"[14198, 15111]",36075
"[14376, 20538]",35612
"[14275, 15324]",35612
"[15143, 14793, 14408]",35612
"[16842, 15333]",38121
"[20412, 20467]",35587
"[14792, 21699]",31477
"[16588, 14987]",31116
"[14213, 14542]",35612
"[18036, 14028]",36644
"[14539, 14260, 14299]",83903
"[14153, 14327]",35612
"[14164, 14807]",35641
"[15218, 14405]",35612
"[14182, 15228]",36075
"[14740, 14780, 14608, 16318]",28158
"[14956, 15668]",35612
"[15095, 15849, 14978]",83830
"[21791, 21810]",37743
"[17605, 14275]",35612
"[17605, 14275]",94844
"[17605, 14275]",35765
"[14286, 14408]",35612
"[14794, 14359]",35953
"[14794, 14359]",36644
"[14794, 14359]",33575
"[14794, 14359]",35638
"[14794, 14359]",36836
"[14794, 14359]",35457
"[14794, 14359]",36478
"[14794, 14359]",33609
"[14286, 15247]",33680
"[14286, 15247]",31596
"[20158, 15240]",35612
"[14190, 15659, 15675]",35612
"[16753, 14207]",30654
"[16588, 14207]",35612
"[14187, 15659]",35612
"[14802, 14413]",33688
"[15867, 15602]",35612
"[14579, 14297]",37765
"[14579, 14297]",84131
"[14937, 15290]",38436
"[14935, 14250, 14300]",36311
"[15073, 14371]",33675
"[15073, 14371]",35612
"[15073, 14371]",28780
"[15073, 14371]",38040
"[15073, 14371]",28158
"[15073, 14371]",36075
"[15073, 14371]",36325
"[14212, 15010]",33699
"[14212, 15010]",35930
"[14212, 15010]",33598
"[14260, 14278]",39702
"[14260, 14278]",36075
"[14901, 14295]",36075
"[15468, 16370]",33703
"[15468, 16370]",94889
"[15468, 16370]",38024
"[14239, 14314]",36075
"[14158, 16975, 14306]",28208
"[14158, 16975, 14306]",33593
"[17605, 17356]",35612
"[15786, 14108]",35953
"[15786, 14108]",36187
"[15786, 14108]",33658
"[15786, 14108]",37659
"[15786, 14108]",36035
"[15786, 14108]",38040
"[15786, 14108]",83942
"[14306, 16887]",30813
"[14306, 16887]",31783
"[14306, 16887]",28780
"[14306, 16887]",37805
"[14306, 16887]",37722
"[14306, 16887]",33667
"[14306, 16887]",30564
"[20866, 19603]",33653
"[14405, 21733]",35612
"[19603, 19604, 19356]",35612
"[19603, 19604, 19356]",28849
"[14934, 15849, 15798]",36396
"[14934, 15849, 15798]",36091
"[14934, 15849, 15798]",36302
"[14934, 15849, 15798]",29229
"[14934, 15849, 15798]",37609
"[14934, 15849, 15798]",36140
"[14561, 14072, 15218, 14739]",28780
"[15357, 19604]",35612
"[14128, 14054, 14975]",33675
"[14128, 14054, 14975]",35612
"[14128, 14054, 14975]",93493
"[14128, 14054, 14975]",37722
"[14128, 14054, 14975]",38024
"[14128, 14054, 14975]",29182
"[17605, 16505]",35612
"[16226, 16505]",35612
"[15856, 15152]",94658
"[15856, 15152]",37753
"[15856, 15152]",36075
"[14182, 14239, 14306]",30035
"[14899, 14295]",39365
"[20402, 14910, 14247, 15600, 21594]",32505
"[16510, 15413, 14186, 19604]",35612
"[16510, 15413, 14186, 19604]",36867
"[14604, 15414]",35612
"[19207, 14702, 14321]",28547
"[20454, 14602, 18590]",35543
"[14128, 14834]",36512
"[15914, 21573]",37617
"[15914, 21573]",39704
"[15914, 21573]",31181
"[15914, 21573]",35507
"[15914, 21573]",33612
"[15914, 21573]",97428
"[14131, 15786]",83917
"[15078, 15178]",36075
"[16588, 14168, 14306]",35457
"[16588, 14168, 14306]",33593
"[14940, 14950, 16570, 14709, 14038]",36644
"[14020, 15064]",37888
"[15101, 14963, 14239, 14725]",38542
"[15036, 21737]",28465
"[14957, 14656]",35641
"[14957, 15231]",29865
"[15419, 15452, 15456]",33675
"[15419, 15452, 15456]",37617
"[15419, 15452, 15456]",35638
"[20393, 15101]",35612
"[14156, 16375]",39261
"[14156, 16375]",37893
"[20454, 15273, 14230]",36311
"[14285, 14048]",35823
"[16690, 16786]",35953
"[16690, 16786]",36187
"[16690, 16786]",36286
"[16690, 16786]",37659
"[16690, 16786]",36035
"[16690, 16786]",36388
"[16690, 16786]",83824
"[16690, 16786]",33598
"[15289, 14669, 14050]",35823
"[14150, 15104, 14258]",36075
"[14560, 14961]",33658
"[14737, 19343]",35612
"[14127, 15558]",28262
"[15414, 14713, 21079]",28465
"[15095, 15774, 15779, 14048]",29229
"[15095, 15774, 15779, 14048]",28869
"[15095, 15774, 15779, 14048]",36325
"[14706, 14132]",36034
"[14706, 14132]",36469
"[15490, 15333]",38121
"[14685, 15776, 14287]",33680
"[15413, 14186, 14231, 14737]",36535
"[14212, 15010]",83824
"[14561, 14135, 14313]",29358
"[14275, 14818]",36691
"[14130, 14132, 14359, 14739]",36286
"[14130, 14132, 14359, 14739]",36138
"[14130, 14132, 14359, 14739]",36325
"[14411, 15033]",33635
"[14411, 15033]",35970
"[16226, 15363, 15681]",35651
"[15077, 15240, 14450]",35612
"[14288, 18417, 21103]",39835
"[14154, 14238, 15781, 14287]",84211
"[14782, 20397]",35816
"[14782, 20397]",35538
"[14782, 20397]",28158
"[14281, 17270]",33572
"[14281, 17270]",28313
"[16281, 17034, 16036]",28313
"[14207, 14975, 14709]",28520
"[14408, 15654]",35966
"[14783, 15335]",35612
"[14783, 15335]",36187
"[14783, 15335]",28780
"[14783, 15335]",33575
"[14783, 15335]",33593
"[17537, 16753]",28813
"[14054, 14656]",36924
"[14940, 14643, 17652]",36075
"[15088, 14807, 21317]",36075
"[14215, 15352]",84131
"[14412, 15654, 14467]",35612
"[16276, 15425]",30998
"[16276, 15425]",39739
"[16276, 15425]",38024
"[16276, 15425]",39828
"[14190, 14231]",36578
"[15002, 17991, 15205, 19603]",36906
"[14824, 15668]",99947
"[15303, 14956, 14975]",36512
"[14238, 14266]",36147
"[14937, 14996]",36531
"[14937, 14996]",31395
"[14144, 14204, 15914, 14299, 14359, 17224, 14656]",27967
"[14944, 15451, 14240, 14282]",36035
"[14131, 21434]",29664
"[14940, 15179]",99032
"[14028, 14281, 20796]",36924
"[14028, 14281, 20796]",38024
"[14028, 14281, 20796]",33651
"[14971, 15148]",83996
"[14827, 14314]",38959
"[14827, 14314]",27921
"[14827, 14314]",38242
"[14827, 14314]",94658
"[14827, 14314]",28856
"[14827, 14314]",28313
"[14827, 14314]",83903
"[14229, 20377]",33703
"[15086, 14447]",32783
"[15086, 14447]",27248
"[15086, 14447]",27202
"[15086, 14447]",28772
"[15086, 14447]",28579
"[15086, 14447]",36211
"[15086, 14447]",35646
"[19896, 14850]",35823
"[16975, 15856]",36075
"[14506, 19566]",35953
"[14506, 19566]",36035
"[15323, 18870]",32858
"[15323, 18870]",36283
"[14141, 14377]",35641
"[15602, 15659]",35612
"[14194, 14450]",28478
"[14194, 14450]",35612
"[14194, 14450]",35638
"[14313, 15346, 20616]",28813
"[14313, 15346, 20616]",83871
"[14313, 15346, 20616]",37570
"[14313, 15346, 20616]",33590
"[14313, 15346, 20616]",28536
"[14918, 18124]",33609
"[15176, 14411, 19646]",35612
"[14262, 15179, 20247, 14107]",33703
"[14168, 14973]",97548
"[14238, 14266]",36483
"[14975, 14347]",35966
"[14164, 18959]",37805
"[14942, 14266]",28158
"[14942, 14266]",29078
"[14152, 14944, 14215, 14240, 15836, 15477, 14282]",33658
"[14152, 14944, 14215, 14240, 15836, 15477, 14282]",36035
"[15029, 14735]",94658
"[14792, 14411]",36867
"[15848, 14933]",37856
"[15848, 14933]",35871
"[15848, 14933]",37558
"[15848, 14933]",37794
"[15848, 14933]",32589
"[17108, 20176, 19287]",27770
"[17108, 20176, 19287]",38215
"[17108, 20176, 19287]",37768
"[17108, 20176, 19287]",99403
"[16855, 15877]",27921
"[14279, 17003]",35543
"[17991, 19604]",35612
"[14604, 15154, 14739]",32214
"[14212, 15781, 15010]",83824
"[14212, 15781, 15010]",33598
"[15416, 14977, 14610]",94658
"[16842, 14238, 14321]",36075
"[14229, 14320]",33635
"[14229, 14320]",35970
"[15480, 15173]",27921
"[16209, 15201]",33575
"[16209, 15201]",36035
"[14411, 14412]",32531
"[15477, 14297, 14298, 15591, 21192]",33658
"[16510, 21732]",35612
"[14599, 15145]",33675
"[14599, 15145]",28547
"[14940, 14332]",35612
"[14940, 14332]",37844
"[15270, 17558]",29107
"[14254, 15619, 14428]",37805
"[14194, 20234]",35612
"[14194, 20234]",37784
"[14194, 20234]",38342
"[14194, 20234]",33609
"[14194, 20234]",38024
"[14194, 20234]",32993
"[14194, 20234]",29182
"[14194, 20234]",37785
"[17605, 17711, 15388]",35612
"[15002, 15698]",35612
"[14954, 14024, 14275, 15594]",84107
"[15849, 17435, 17236, 16490]",95295
"[15849, 17435, 17236, 16490]",39366
"[15849, 17435, 17236, 16490]",29229
"[15849, 17435, 17236, 16490]",28869
"[15849, 17435, 17236, 16490]",35870
"[15849, 17435, 17236, 16490]",36325
"[15849, 17435, 17236, 16490]",33654
"[14213, 14974]",37765
"[14213, 14974]",84017
"[14213, 14974]",30661
"[14213, 14974]",29528
"[19603, 19604, 15680]",35612
"[14403, 15846]",37805
"[14212, 15781, 15010]",33699
"[19603, 14467]",35612
"[14275, 14792, 14424]",35612
"[15113, 15126, 17174, 14994, 14546]",28780
"[14951, 14034]",31901
"[14951, 14034]",35831
"[14951, 14034]",37888
"[15344, 17991, 17992]",36691
"[15344, 17991, 17992]",29646
"[17351, 19636]",37655
"[14784, 14269]",35828
"[14784, 14269]",37888
"[14793, 15829]",35612
"[14969, 14298]",35531
"[14969, 14298]",36432
"[14969, 14298]",36035
"[14969, 14298]",38040
"[16028, 14412]",35612
"[17598, 17991, 19604]",39524
"[17598, 17991, 19604]",33675
"[17598, 17991, 19604]",94889
"[17598, 17991, 19604]",37617
"[17598, 17991, 19604]",28158
"[17598, 17991, 19604]",32967
"[17598, 17991, 19604]",29182
"[15769, 14061, 14375, 15028]",37743
"[16303, 14996]",31395
"[14198, 14963, 14702, 14977, 15480]",37753
"[14190, 14231]",35612
"[14328, 15393]",33575
"[14284, 14108]",35761
"[15523, 18634, 14372]",36691
"[15523, 18634, 14372]",28849
"[14207, 15187]",29194
"[14969, 15010]",97053
"[14321, 16865]",28547
"[14321, 16865]",38121
"[14713, 14065]",35612
"[17533, 15288, 15804]",35612
"[15012, 20597]",33643
"[14020, 14023, 14983, 14034]",35823
"[14020, 14023, 14983, 14034]",35553
"[14975, 14320]",94844
"[15101, 14242, 14758]",84263
"[14995, 14338]",32202
"[14215, 14605, 15836, 14301]",36035
"[15417, 15188]",33593
"[15331, 14385]",38945
"[15331, 14385]",33575
"[14237, 20260]",37558
"[18678, 19324]",37722
"[14287, 17070]",38460
"[17229, 14238, 14249]",39365
"[17229, 14238, 14249]",35828
"[14223, 21554]",33572
"[20336, 15669]",35612
"[15443, 18634, 16224]",35543
"[20454, 14019]",36113
"[14971, 15014]",38436
"[16588, 15781]",38281
"[16588, 15781]",28780
"[16588, 15781]",37604
"[16588, 15781]",27292
"[16588, 15781]",29614
"[16588, 15781]",33664
"[14975, 14792, 14793, 14372]",35612
"[14758, 17211]",39750
"[15289, 14286, 14819]",32505
"[15292, 15111]",36075
"[14784, 14320]",33675
"[14784, 14320]",28714
"[14212, 14338]",83790
"[16086, 15781, 14774, 14379, 15354, 15010, 16640, 15799]",27626
"[16588, 15101, 15781, 14726]",35612
"[16588, 15101, 15781, 14726]",35457
"[14981, 15879]",36075
"[14194, 15576]",37175
"[14194, 15576]",29078
"[14537, 14368]",33698
"[15101, 21884]",36075
"[14204, 14313]",35612
"[14685, 14235, 14726]",36691
"[17524, 15413, 14954, 14737, 14792]",35612
"[17647, 14969]",35693
"[14598, 14072, 14656]",35612
"[14598, 14072, 14656]",28780
"[14598, 14072, 14656]",94658
"[14598, 14072, 14656]",29229
"[14598, 14072, 14656]",37805
"[14598, 14072, 14656]",37722
"[14598, 14072, 14656]",36075
"[14598, 14072, 14656]",28547
"[15435, 15546]",35799
"[14794, 17991]",35612
"[14207, 16512]",35823
"[14207, 16512]",38024
"[14207, 16512]",29078
"[14207, 14975]",35612
"[14219, 17218]",33609
"[14135, 18583]",29078
"[15087, 14161, 14223, 14885, 14999]",37573
"[15087, 14161, 14223, 14885, 14999]",94658
"[14206, 14975]",35612
"[14598, 14656]",33677
"[14940, 15088, 21909]",36075
"[14899, 14902]",37768
"[15114, 14780]",28465
"[14940, 15137]",84211
"[15413, 15602]",35612
"[15856, 14981]",37753
"[15876, 18755, 14034]",37785
"[14961, 15477]",35953
"[14602, 14338]",30171
"[14602, 14338]",32202
"[14602, 14338]",83790
"[17728, 14269]",99581
"[17728, 14269]",33656
"[17728, 14269]",30494
"[17728, 14269]",29614
"[17728, 14269]",36754
"[14061, 19279]",33664
"[14061, 19279]",36661
"[14405, 15230]",35612
"[15773, 15810]",38437
"[15000, 19303]",35612
"[14190, 21716]",35612
"[14297, 14407]",35953
"[14297, 14407]",35909
"[14297, 14407]",36187
"[14297, 14407]",37659
"[14297, 14407]",33658
"[14297, 14407]",35931
"[15073, 15369]",39178
"[14561, 14065]",29614
"[14561, 14065]",83776
"[16588, 14072]",33575
"[14154, 15856, 14314]",36075
"[14945, 14187, 15009, 14405]",35612
"[14138, 14209, 14254, 14256, 14484]",37805
"[15281, 14181, 20616]",94707
"[14275, 20212, 14793, 18959, 19281]",35612
"[14019, 15586]",39821
"[17605, 14066, 16883]",35612
"[14209, 14254, 15853, 14484]",37805
"[15856, 14287]",36075
"[14135, 14793]",29945
"[14152, 14605]",36035
"[14162, 14975, 14320, 15176]",33562
"[17889, 15350]",84229
"[15786, 19249]",28780
"[14176, 14961, 15116]",33598
"[17229, 14950, 14266, 14990]",37888
"[15092, 14186, 14789, 14231, 14737, 15481]",35612
"[14248, 14426, 15242]",33128
"[16593, 18036, 20273, 17347]",35430
"[14678, 20293]",35612
"[14678, 20293]",35761
"[14678, 20293]",28780
"[14678, 20293]",33575
"[14678, 20293]",33152
"[14678, 20293]",38205
"[14678, 20293]",29614
"[14272, 14582]",32076
"[15769, 16690, 20515]",33575
"[15769, 16690, 20515]",36286
"[15769, 16690, 20515]",36035
"[14187, 14275]",36691
"[14187, 14275]",31116
"[17104, 16473]",33680
"[17104, 16473]",37754
"[17233, 14249]",37888
"[14275, 21765]",35612
"[14943, 14484]",37805
"[14154, 14182, 14295]",36075
"[14338, 15653]",83790
"[17232, 14173, 15101, 15447, 14310, 16195, 14347, 14552]",35638
"[17232, 14173, 15101, 15447, 14310, 16195, 14347, 14552]",36075
"[14194, 14030, 20452]",29078
"[14411, 19284]",36240
"[15777, 14208, 16450]",35823
"[15912, 14063]",33598
"[15912, 14063]",83917
"[15426, 15333]",36035
"[16588, 14864]",35612
"[15101, 20472, 14287]",35638
"[15101, 20472, 14287]",36075
"[14662, 14401]",35612
"[14706, 14733]",35760
"[16588, 14835, 14961, 15781]",35457
"[15840, 14339, 15602]",33653
"[14598, 14072, 14656]",33575
"[14598, 14072, 14656]",36035
"[14598, 14072, 14656]",35754
"[16588, 14184]",35612
"[17779, 14408]",99947
"[14020, 17236, 14263, 14272]",38022
"[17286, 14975]",38816
"[15206, 15243]",35612
"[20454, 20238]",35543
"[14187, 14802, 19597]",31116
"[14582, 14320]",33675
"[14582, 14320]",37617
"[15113, 15126, 17174, 15818]",28780
"[15113, 15126, 17174, 15818]",36075
"[15113, 15126, 17174, 15818]",28547
"[15113, 15126, 17174, 15818]",28313
"[15113, 15126, 17174, 15818]",36661
"[15113, 15126, 17174, 15818]",29296
"[15271, 15134]",35612
"[14245, 14610]",39255
"[14245, 14610]",35641
"[15769, 16588, 15101]",33575
"[15769, 16588, 15101]",38928
"[16690, 14317]",35612
"[16690, 14317]",37659
"[16690, 14317]",36035
"[16588, 14072]",33593
"[15659, 15391]",36691
"[15659, 15391]",36512
"[15659, 15391]",35970
"[15659, 15391]",33519
"[14674, 21676]",35612
"[14969, 15549]",28374
"[14187, 14727]",33688
"[16672, 14133]",35693
"[15176, 21095]",33688
"[14975, 14792]",33675
"[14975, 14792]",37617
"[14975, 14792]",33072
"[14975, 14792]",28714
"[20344, 17509]",33653
"[14153, 14275, 18959]",29646
"[14721, 17548]",83915
"[14721, 17548]",31493
"[17605, 16510]",35612
"[14665, 18583]",33609
"[15179, 14072, 16036]",33703
"[16687, 14969, 16691, 14282]",38040
"[15092, 14955, 15107, 19293]",35612
"[14948, 14604, 19293]",35612
"[14792, 14793, 19293]",35612
"[17524, 14740, 14954, 19293]",35612
"[17351, 19293]",35612
"[17407, 14506, 14721, 14324]",35953
"[14836, 16690, 14255, 14317]",35953
"[15101, 15002]",35612
"[17728, 14793, 20186]",35612
"[14848, 15479]",37766
"[17728, 15329]",83776
"[14275, 14674]",35612
"[17775, 15084, 14819, 14320]",29078
"[14695, 15101]",39365
"[14791, 14674]",35612
"[14186, 14674]",35612
"[14793, 14674]",35612
"[15413, 14674]",35612
"[14719, 14275, 18634, 14372]",36691
"[14719, 14275, 18634, 14372]",28849
"[15413, 14190, 18634, 14372]",35612
"[14155, 17040]",35612
"[15101, 15166]",35553
"[15770, 16588, 14293, 14303, 14306]",35761
"[15770, 16588, 14293, 14303, 14306]",33575
"[15087, 14176, 15116, 14452]",94658
"[15413, 15107, 14696, 14604, 14737]",35612
"[15520, 14623, 17328, 14672]",33675
"[15520, 14623, 17328, 14672]",37617
"[14263, 14272, 14623, 14672]",33675
"[14263, 14272, 14623, 14672]",37617
"[17229, 14950, 14266, 14623, 14672]",33675
"[17229, 14950, 14266, 14623, 14672]",37617
"[14784, 14623, 14672]",33675
"[14784, 14623, 14672]",37617
"[14226, 14623, 14672]",33675
"[14226, 14623, 14672]",37617
"[15971, 14623, 14672]",35553
"[16323, 18755, 14623, 14672]",33675
"[16323, 18755, 14623, 14672]",37617
"[15286, 14371, 21529]",37743
"[14263, 14272]",37617
"[14020, 14034, 14036, 14038, 15064]",33675
"[14020, 14034, 14036, 14038, 15064]",37617
"[16502, 20914]",28478
"[16502, 20914]",35612
"[16502, 20914]",35584
"[14663, 16285]",35982
"[15101, 14600, 15447, 14774]",33598
"[14179, 15101]",35854
"[15101, 14991]",35761
"[14836, 14200, 16690, 14605, 14317]",83824
"[17434, 15101, 15587]",35823
"[15447, 15821]",35638
"[15447, 15821]",36075
"[14786, 14994]",83889
"[14937, 15773, 15446, 14971, 14974, 16222, 15810, 15562, 15014]",38437
"[14605, 14298]",35953
"[14940, 14842, 17412]",35543
"[14940, 14842, 14250]",35543
"[14054, 14607]",36661
"[14128, 14607]",36661
"[16672, 14150, 15088, 14198, 17028]",36075
"[14940, 14842, 21615]",35543
"[14607, 20293]",36661
"[14182, 15856]",36147
"[17583, 15277, 15280, 17584, 17585, 14662, 14371]",37743
"[20809, 15679]",36478
"[14381, 15254]",33675
"[14381, 15254]",37617
"[15101, 15447, 15178, 19310]",37573
"[15769, 15781, 14276, 14402]",35953
"[15769, 15781, 14276, 14402]",35744
"[15769, 15781, 14276, 14402]",33658
"[15424, 16842, 17107]",27933
"[15424, 16842, 17107]",94658
"[15424, 16842, 17107]",36035
"[15420, 14785, 14786, 14995]",36048
"[15906, 17407, 14135, 14297, 14987]",35761
"[15441, 14968]",32033
"[16581, 16410]",35966
"[15441, 14726]",32033
"[16588, 14369]",33575
"[14207, 15187, 15609]",35761
"[15138, 15818]",28780
"[15138, 15818]",37722
"[15138, 15818]",28547
"[14940, 16975, 14510]",33249
"[17407, 15510, 17833]",33575
"[17407, 15510, 17833]",33658
"[14691, 14276, 15609]",37659
"[14691, 14276, 15609]",36035
"[14836, 14423]",36035
"[20588, 15473]",36199
"[14207, 18310]",35612
"[14135, 14423]",33658
"[14135, 14423]",36035
"[14162, 15451, 14423]",36035
"[14263, 15479, 14656]",38024
"[15286, 18325, 21529]",37743
"[19207, 19208]",27933
"[19207, 19208]",94658
"[19207, 19208]",30035
"[14880, 14241]",36075
"[14937, 16783]",35761
"[14937, 16783]",37604
"[14259, 16068, 14293, 14306, 16036, 20738]",38928
"[14678, 15781]",36578
"[14969, 15781, 16550]",35766
"[15113, 15117]",28780
"[15113, 15117]",84229
"[14559, 15413, 14802]",36512
"[14200, 14369, 21151]",35761
"[16588, 17903]",33575
"[15865, 14423]",33658
"[15865, 14423]",36035
"[15413, 14187]",28849
"[14155, 15665]",36691
"[15413, 14727]",35970
"[14783, 15179, 17658]",35612
"[15914, 19324]",37722
"[14736, 14187]",28849
"[14186, 14187]",28849
"[14937, 14971, 14974, 17888]",37604
"[17351, 14231, 14758]",35612
"[16550, 14328, 17903, 15013]",33575
"[14598, 14656, 16208, 18377]",36147
"[14598, 14656, 16208, 18377]",35638
"[14598, 14656, 16208, 18377]",36075
"[17351, 14277, 15481, 14758, 14793, 15000]",36691
"[14920, 16036, 15579]",33675
"[14920, 16036, 15579]",37830
"[14934, 14131, 14194, 15786]",28849
"[14934, 14131, 14194, 15786]",35966
"[14934, 14131, 14194, 15786]",37784
"[14934, 14131, 14194, 15786]",37785
"[14131, 14194, 14251, 14975, 14792, 15786]",28849
"[14131, 14194, 14251, 14975, 14792, 15786]",35966
"[14131, 14194, 14251, 14975, 14792, 15786]",37784
"[14131, 14194, 14251, 14975, 14792, 15786]",37785
"[14200, 14215, 16690, 14605, 14317]",36286
"[15160, 15254]",35553
"[15280, 15286]",37743
"[14138, 14181, 14210, 14218]",37805
"[14600, 15982, 14030, 14287, 14623]",35638
"[14284, 14402]",33658
"[14284, 14402]",33695
"[14297, 15829]",29078
"[15906, 16690]",33575
"[15906, 16690]",36035
"[14880, 15101, 15329, 15587]",36075
"[15769, 15432]",37659
"[15769, 15432]",36035
"[15769, 15432]",35543
"[15769, 15432]",35764
"[14992, 15018]",35612
"[14306, 15501, 17903]",28208
"[15073, 15082, 14176, 15116, 14384]",27933
"[15073, 15082, 14176, 15116, 14384]",94658
"[15073, 15082, 14176, 15116, 14384]",28899
"[14877, 17407]",94789
"[14207, 17040]",35612
"[14207, 14373]",35612
"[15284, 17417]",37722
"[14023, 14028, 14623]",36924
"[19350, 14871]",35430
"[15288, 20858]",37743
"[17407, 14135, 14284, 14987, 14298, 14402]",33658
"[14306, 16214]",33575
"[14306, 16214]",33658
"[15477, 15555]",33575
"[15477, 15555]",33593
"[15077, 21049]",35970
"[14207, 15187, 17903]",33575
"[14207, 15187, 17903]",36138
"[14207, 15187, 17903]",37604
"[14207, 15187, 17903]",36035
"[14207, 15187, 17903]",33489
"[14207, 15187, 17903]",28869
"[14207, 15187, 17903]",83824
"[14207, 15187, 17903]",33593
"[14207, 15187, 17903]",37785
"[15320, 15818]",39365
"[15320, 15818]",37768
"[16593, 20498]",36702
"[16593, 20498]",35828
"[14785, 14024, 14217]",35953
"[14830, 15185]",31348
"[14830, 15185]",31283
"[14541, 14305]",35966
"[14945, 14736, 14190, 20274, 20336, 15002, 21643, 15017, 20597]",35612
"[14600, 14276]",37768
"[14600, 14276]",33609
"[14600, 14276]",36075
"[14600, 14276]",37912
"[14600, 14276]",29078
"[15319, 14709, 15252]",36661
"[14934, 14754]",35916
"[20351, 18687]",35552
"[14681, 14128, 14054]",35565
"[14681, 14128, 14054]",38928
"[15093, 15559]",28313
"[15971, 17534]",33675
"[14187, 14190, 14320, 15344]",35612
"[20418, 14754]",37641
"[14836, 14162, 14944, 14297]",35761
"[14961, 14964]",28478
"[14961, 14964]",35761
"[14961, 14964]",28158
"[14961, 14964]",36123
"[14276, 16783]",35761
"[14276, 16783]",36694
"[14072, 14739]",38281
"[14072, 14739]",36531
"[14072, 14739]",35966
"[14072, 14739]",38024
"[17417, 17535, 15818, 14791, 19324]",37722
"[14663, 14945, 15002]",35612
"[15333, 19324]",37722
"[17407, 14961]",33575
"[17407, 14961]",33593
"[14232, 14036]",36091
"[14232, 14036]",37888
"[14231, 17347, 15481]",35612
"[14706, 14678, 14132, 14561, 15955, 20503]",36147
"[14706, 14678, 14132, 14561, 15955, 20503]",29614
"[15417, 14721, 15484, 14328, 17216, 20324]",33593
"[15974, 20324]",35761
"[15974, 20324]",33575
"[15974, 20324]",36035
"[15974, 20324]",35766
"[14961, 14297, 20324]",35953
"[14961, 14297, 20324]",36187
"[14961, 14297, 20324]",33575
"[14961, 14297, 20324]",33658
"[14961, 14297, 20324]",36035
"[14961, 14297, 20324]",38928
"[14961, 14297, 20324]",33593
"[14030, 14320, 21049]",33077
"[14706, 14785, 14786]",35993
"[14706, 14785, 14786]",36048
"[14129, 15786]",36063
"[14128, 14830, 15317, 15480, 15818, 17222, 18990, 20677]",27248
"[14128, 14830, 15317, 15480, 15818, 17222, 18990, 20677]",28197
"[14991, 15179]",35766
"[14297, 14298, 14034]",37617
"[14837, 14785]",35993
"[14837, 14785]",36048
"[14172, 20270]",35764
"[14965, 14308, 14422, 20829]",36035
"[14937, 15520, 17328, 15546]",37617
"[14140, 14144, 14161, 14223, 14979]",33572
"[15450, 14028]",39828
"[15450, 20377]",39828
"[14980, 15179]",33703
"[14980, 15179]",36450
"[14980, 15179]",35543
"[14980, 15179]",37884
"[15420, 14785, 14786, 14600, 15462, 15144, 15178]",83790
"[15420, 14785, 14786, 14600, 15462, 15144, 15178]",33609
"[15420, 14785, 14786, 14600, 15462, 15144, 15178]",36075
"[15420, 14785, 14786, 14600, 15462, 15144, 15178]",29078
"[18583, 14110]",36644
"[15809, 14545, 20377]",36644
"[15413, 17040]",35612
"[14150, 14157, 14182, 14241, 17151]",36075
"[14836, 14142]",37659
"[14836, 14142]",36035
"[14541, 15137]",84211
"[14541, 15137]",31395
"[15213, 14426]",33128
"[15876, 15616]",28158
"[15876, 15616]",83976
"[17351, 16226, 16510, 21716]",35612
"[15428, 18959]",37135
"[15501, 17903, 19337, 15013]",33575
"[14223, 19290]",28313
"[14785, 14786, 15781]",35612
"[17903, 15829]",28478
"[16209, 14605, 15836]",36035
"[14561, 17124, 14922]",29614
"[15308, 18731]",27248
"[14560, 14561]",35664
"[14934, 14793]",35823
"[16510, 16511, 20590]",28869
"[14506, 14961, 15477, 14284, 14297, 14324, 16711, 15591]",33658
"[14180, 14605, 14317, 17322, 17223, 17224]",36478
"[14506, 15477, 14721, 15484, 20427, 15609]",35953
"[14506, 15477, 14721, 15484, 20427, 15609]",36035
"[14506, 15477, 14721, 15484, 20427, 15609]",33593
"[14544, 15148]",27933
"[15769, 14987]",35953
"[15769, 14987]",33658
"[15769, 14987]",36035
"[15101, 15982, 14623]",36512
"[14736, 14190, 20274, 18959]",35612
"[14192, 15308, 15138, 15333]",35641
"[14192, 15308, 15138, 15333]",35442
"[14192, 15308, 15138, 15333]",35693
"[14192, 15308, 15138, 15333]",37788
"[14176, 15818]",28899
"[15451, 15821]",35953
"[15451, 15821]",36035
"[15451, 15821]",83824
"[14154, 15089, 14419]",36075
"[17170, 15113, 15126, 17174, 15141]",38355
"[15984, 14775]",38024
"[15077, 18036, 14056]",33653
"[15077, 18036, 14056]",33188
"[14061, 20685]",36075
"[14856, 14320]",37805
"[14856, 14320]",32349
"[14856, 14320]",37766
"[16510, 16511, 16512]",28869
"[14200, 14402]",28208
"[15555, 15609]",33593
"[15555, 15609]",30035
"[14215, 14301]",36035
"[14198, 14292]",27553
"[15078, 20685]",36075
"[15769, 16783]",35761
"[15769, 16783]",36063
"[15769, 16783]",29229
"[15769, 16783]",35764
"[14190, 14737]",35612
"[17903, 14630, 21218]",33575
"[17903, 14630, 21218]",33593
"[15006, 15369]",32033
"[15006, 15369]",33572
"[15078, 14242]",36075
"[14945, 14737, 14792]",35612
"[14783, 16550, 14991]",35612
"[14783, 16550, 14991]",35638
"[14281, 15000, 15539]",36691
"[14695, 14127, 15424]",32847
"[15000, 15205]",35612
"[17108, 14150]",35799
"[17108, 14150]",36075
"[14785, 15141]",35993
"[14207, 15018]",28465
"[15774, 20685]",36075
"[15126, 18162]",28780
"[14706, 15206]",35612
"[14706, 15206]",37659
"[14154, 14287, 15171]",29107
"[15856, 16036, 15879]",30035
"[14934, 14600]",35612
"[16842, 14242]",83918
"[16842, 14242]",37768
"[16842, 14242]",37788
"[16842, 14242]",29107
"[14961, 14969, 14276]",35761
"[16842, 14979]",38121
"[16842, 15542]",83918
"[16842, 15542]",37768
"[16842, 15542]",29107
"[15769, 15630]",36694
"[17585, 17359, 17883, 15176, 15560, 15012]",35612
"[17220, 15426, 14944, 14301, 17222, 15382]",38437
"[14606, 14320, 19641]",30494
"[15077, 16753, 19641]",30494
"[20212, 16972, 14320, 19641]",30494
"[20436, 16878]",99032
"[14296, 18178]",37805
"[14944, 14961]",33658
"[14944, 14961]",36035
"[15889, 14181, 14209, 14218, 14254, 18043]",37805
"[15077, 16973]",35612
"[14544, 15360]",27933
"[14544, 15360]",94658
"[14176, 14962, 15116, 14299, 14325]",83996
"[14138, 14254, 14484]",37805
"[14602, 17999]",35543
"[14975, 14792]",35612
"[14643, 21715]",31395
"[14326, 14382]",37743
"[15116, 17100]",39024
"[14263, 14272, 14034]",93493
"[15773, 18307, 18310]",38437
"[15832, 20685]",36075
"[14154, 14419]",36075
"[14023, 14320, 16973]",35612
"[15481, 18403]",28465
"[15481, 18403]",36691
"[15481, 18403]",35982
"[14222, 17903]",33575
"[14207, 14792, 15187, 15206]",35612
"[14265, 17124]",35766
"[14940, 14163]",33593
"[14706, 14678, 14132]",29614
"[14153, 15126]",28780
"[15077, 15009]",35612
"[15110, 15117]",28780
"[15110, 15117]",31183
"[15110, 15117]",36778
"[14229, 15809, 20377]",36644
"[14158, 15607]",35638
"[14231, 15230]",36001
"[14238, 15984, 14287, 14630]",33609
"[14128, 14054, 15270]",35823
"[15914, 18225]",28780
"[14218, 20851]",37752
"[20583, 20719]",83897
"[16588, 14975]",35761
"[16588, 14975]",33575
"[17300, 14630]",35761
"[14846, 15586]",84165
"[14846, 15586]",84017
"[16226, 15804]",32531
"[14560, 14561, 17728]",29614
"[14975, 17356, 14456]",35686
"[14165, 14297, 14721]",33658
"[14165, 14297, 14721]",33695
"[15477, 15591]",37743
"[16226, 14933, 14237]",84734
"[16226, 14933, 14237]",37722
"[16226, 14933, 14237]",31650
"[17585, 14194, 14764]",35612
"[14187, 15009]",33688
"[14189, 16014]",35693
"[14836, 14152, 14276]",36035
"[14783, 14452]",35612
"[14309, 14754]",36396
"[14309, 14754]",36088
"[14309, 14754]",33567
"[14309, 14754]",37641
"[14309, 14754]",36140
"[14309, 14754]",36316
"[20436, 20463]",95295
"[14320, 20436]",39773
"[15417, 14144, 14979]",94658
"[15417, 14144, 14979]",33575
"[15417, 14144, 14979]",35641
"[15417, 14144, 14979]",36035
"[15417, 14144, 14979]",36250
"[15417, 14144, 14979]",37768
"[15417, 14144, 14979]",33664
"[14164, 14299]",94658
"[14164, 15116]",38957
"[14164, 15116]",28899
"[14164, 15116]",99866
"[14164, 15116]",83904
"[14164, 15116]",83903
"[14163, 14961, 15781]",35761
"[17677, 15029]",29107
"[14979, 15029]",29107
"[15126, 15029]",29107
"[14263, 15166]",33675
"[14263, 15166]",37617
"[14937, 14974, 15520, 17328]",38437
"[14945, 15002, 21061]",35612
"[15078, 15104, 14709]",36075
"[14961, 15781]",35761
"[15284, 15285, 17417, 19324]",37722
"[15284, 15285, 17417, 19324]",28547
"[14836, 17221]",33598
"[14736, 14190, 20274]",35612
"[14306, 15878]",28208
"[14940, 20238, 14607, 14320]",36702
"[15818, 14306]",28780
"[15126, 14402]",28780
"[15126, 14402]",38040
"[14541, 15011]",36322
"[14541, 15011]",31395
"[15876, 15496]",28158
"[15876, 15496]",83976
"[14275, 16459]",35612
"[15413, 15107, 14275, 15594]",33077
"[14599, 14036, 15064]",33675
"[14975, 21053]",35612
"[14783, 14287]",95295
"[14783, 14287]",83897
"[17351, 16510, 15526, 15351, 15355, 21682]",36691
"[17351, 16510, 15526, 15351, 15355, 21682]",31116
"[14184, 14314, 17508]",33594
"[15084, 14300, 14819, 14324]",36327
"[14287, 15356]",33609
"[14287, 15356]",36075
"[14287, 15356]",29078
"[14979, 15029]",35641
"[14128, 14054]",28547
"[14321, 21715]",28547
"[14022, 14262]",36522
"[14022, 14262]",36924
"[14022, 14262]",38024
"[14184, 15130, 14296]",37805
"[16281, 17034, 16036]",28780
"[16281, 17034, 16036]",35754
"[14165, 21670]",35612
"[14681, 14645, 14154, 16036]",35565
"[14937, 14968]",36661
"[15818, 15661]",28780
"[16550, 14991, 14398]",33598
"[14783, 14721, 15335]",33593
"[14792, 14410]",31477
"[15446, 14792]",31477
"[14163, 14961]",35761
"[14153, 15572]",35612
"[14628, 14764]",39524
"[14628, 14764]",33635
"[14628, 14764]",38024
"[14628, 14764]",29078
"[14628, 14764]",37785
"[17040, 14373]",35612
"[15867, 14986, 15365]",35573
"[17407, 14215]",33658
"[17407, 14215]",36035
"[14297, 14739]",39704
"[14297, 14298, 14615]",35953
"[14297, 14298, 14615]",35638
"[16209, 14944, 14605, 15836]",36035
"[14072, 20905]",35612
"[14072, 20905]",35693
"[15836, 14276]",35761
"[14961, 14215]",36187
"[14961, 14215]",33575
"[14961, 14215]",33658
"[14961, 14215]",33593
"[15769, 16209, 14215, 14282, 14297, 14402]",37659
"[15769, 16209, 14215, 14282, 14297, 14402]",36187
"[15769, 16209, 14215, 14282, 14297, 14402]",36286
"[15769, 16209, 14215, 14282, 14297, 14402]",36035
"[15769, 16209, 14215, 14282, 14297, 14402]",83824
"[15769, 16209, 14215, 14282, 14297, 14402]",33598
"[15769, 16209, 14961, 14215, 14605, 14298]",35761
"[19199, 17108]",27743
"[19199, 17108]",27675
"[14961, 14284, 14297, 14324]",33658
"[16510, 20336, 20260]",36492
"[14706, 14833, 14130, 14132, 14944, 14984, 14301, 14422]",94789
"[14206, 14302]",35612
"[14206, 14302]",35543
"[14206, 14302]",33128
"[14032, 15176]",35766
"[14961, 15629]",36035
"[16058, 14266, 17237, 14990, 14575]",37811
"[14272, 15546]",37617
"[18959, 18849]",36678
"[14054, 14561, 20503]",35612
"[14251, 14359]",83764
"[18179, 14702]",36048
"[14706, 14678]",29614
"[15077, 16753, 14606, 20212, 15676]",28478
"[15077, 16753, 14606, 20212, 15676]",35612
"[15077, 16753, 14606, 20212, 15676]",32520
"[15077, 16753, 14606, 20212, 15676]",35580
"[14817, 14277, 14997, 21238]",35612
"[14283, 19245]",83802
"[14194, 21134]",29078
"[15912, 14156]",35553
"[16510, 14635]",35612
"[15425, 14168]",33703
"[15531, 14381]",37830
"[15531, 14381]",37811
"[14019, 14032, 14775]",38024
"[20360, 17376, 20414]",99989
"[14623, 15412]",33575
"[14623, 15412]",33593
"[15143, 15560]",35966
"[14144, 16588, 14544]",28208
"[14144, 16588, 14544]",33593
"[15417, 16588, 14544]",28208
"[15417, 16588, 14544]",33593
"[16588, 14721, 14544]",28208
"[16588, 14721, 14544]",33593
"[16588, 17307, 14721]",28208
"[16588, 17307, 14721]",33593
"[16588, 17307]",28208
"[16588, 17307]",33593
"[15836, 15630]",36035
"[14961, 14297, 14369]",36187
"[14961, 14297, 14369]",33658
"[14961, 14297, 14369]",36035
"[15160, 15166]",33675
"[15160, 15166]",37617
"[14780, 17628]",33635
"[14249, 14287, 14990]",39365
"[14249, 14287, 14990]",37766
"[14249, 14287, 14990]",37811
"[14249, 14287, 14990]",36046
"[14793, 19665]",35612
"[14223, 16857]",38242
"[14223, 16857]",94658
"[14223, 16857]",28313
"[15303, 21892]",35612
"[15769, 14946, 14198]",36035
"[14207, 14789, 14780]",28465
"[15770, 14785, 15462]",33575
"[14194, 14238, 15781, 14287, 15586]",39524
"[14194, 14238, 15781, 14287, 15586]",33609
"[14194, 14238, 15781, 14287, 15586]",29078
"[15876, 16036]",37784
"[15876, 16036]",37785
"[14208, 14305]",35966
"[14150, 15844, 16850]",36075
"[14961, 14213]",36691
"[14072, 16036]",38281
"[14072, 16036]",36147
"[14072, 16036]",84094
"[14956, 14238, 14287, 15794]",35638
"[14956, 14238, 14287, 15794]",36075
"[16588, 14924]",33593
"[14155, 14945, 15413, 14186, 14187, 14190, 14758, 14793, 15002, 18054]",35612
"[14736, 14190, 14204]",36578
"[14784, 14791, 18849]",35612
"[15769, 14836, 14215, 17221, 14991]",33598
"[14155, 20274, 14277, 14758]",35612
"[14200, 14961, 15781]",33658
"[14200, 14961, 15781]",36035
"[14599, 14072]",94889
"[15912, 14584]",35916
"[17728, 21156]",29614
"[17229, 14236]",33675
"[14128, 20662]",35831
"[14128, 20662]",37766
"[14971, 14275]",35612
"[14971, 14275]",37604
"[14150, 15106, 15184]",37788
"[14186, 20552, 14516, 18195]",36001
"[14272, 14034]",37784
"[14272, 14034]",37785
"[15462, 14238]",35638
"[15462, 14238]",33025
"[15462, 14238]",36048
"[14185, 14286]",36327
"[15176, 15012, 14739]",28780
"[14286, 15693]",33293
"[14286, 15693]",32505
"[17584, 17585, 14954, 17601]",28158
"[17584, 17585, 14954, 17601]",37722
"[14606, 15242]",30494
"[14706, 14782, 14128, 14833, 14130, 14678, 14052, 14054, 14132, 14561, 17124, 15179, 20436]",35664
"[15077, 15119, 20336, 17509, 20256]",35612
"[15355, 21704]",36691
"[15355, 21704]",33653
"[15485, 15145]",37826
"[14297, 14338]",32202
"[14297, 14338]",83790
"[14061, 14207]",35982
"[15106, 17238]",29887
"[14215, 14369]",36035
"[14975, 19600, 15012]",35612
"[14250, 14251, 16318, 19188]",35612
"[14250, 14251, 16318, 19188]",35543
"[14250, 14251, 16318, 19188]",35568
"[14250, 14251, 16318, 19188]",35638
"[14250, 14251, 16318, 19188]",36075
"[16588, 17044]",33653
"[14163, 15861]",35565
"[15761, 14662, 15810]",37766
"[16582, 16588]",36035
"[16582, 16588]",83885
"[16582, 16588]",38928
"[16582, 16588]",30756
"[14131, 14680]",35761
"[14131, 14680]",28208
"[14131, 14680]",33658
"[14131, 14680]",35638
"[14131, 14680]",38928
"[14131, 14680]",35764
"[17108, 14792]",35612
"[14162, 14944]",36187
"[16067, 15166]",37617
"[14629, 21252]",36478
"[14961, 15728]",83824
"[14786, 15316]",28374
"[14188, 14291]",35831
"[15078, 14783, 15082, 15087, 14176, 14182, 15856, 15148, 15520, 21252, 16036]",36075
"[15078, 14783, 15082, 15087, 14176, 14182, 15856, 15148, 15520, 21252, 16036]",35754
"[15078, 14783, 15082, 15087, 14176, 14182, 15856, 15148, 15520, 21252, 16036]",35553
"[15413, 21679]",36881
"[15101, 14961]",35612
"[15101, 14961]",35693
"[14774, 18411]",27361
"[15786, 16036]",29446
"[15079, 15451, 14582, 15186, 14369, 14423]",36035
"[15074, 15159]",27921
"[15912, 15089, 14287]",36147
"[15912, 15089, 14287]",28780
"[14020, 14032, 14033, 15583]",37730
"[14020, 14032, 14033, 15583]",84275
"[14020, 14032, 14033, 15583]",83824
"[14020, 14032, 14033, 15583]",29614
"[14020, 14032, 14033, 15583]",36260
"[14020, 14032, 14033, 15583]",33598
"[15836, 14991]",33575
"[15836, 14991]",33658
"[15836, 14991]",33695
"[15836, 14991]",29446
"[15836, 14991]",84131
"[15836, 14991]",33593
"[14935, 15084, 15456, 15781, 14281, 14302]",35543
"[14935, 15084, 15456, 14281, 19702]",35543
"[14243, 14297]",28780
"[14243, 14297]",29614
"[14243, 14297]",31395
"[14668, 15782]",35641
"[14944, 19245]",36035
"[16588, 19245]",83764
"[14232, 14038]",95295
"[14232, 14038]",35638
"[14141, 15126, 17174, 14321]",28780
"[14141, 15126, 17174, 14321]",28547
"[15270, 16036]",38416
"[15817, 20477]",83800
"[14030, 16550]",35953
"[14030, 16550]",35612
"[14030, 16550]",38383
"[15270, 15440]",39024
"[14969, 16667]",97053
"[14969, 16667]",35766
"[14706, 14130, 16588]",28208
"[14706, 14130, 16588]",33489
"[15413, 14737, 19031]",31477
"[15461, 16505, 16267]",35762
"[15474, 16373, 20260]",35612
"[17832, 17833]",35508
"[17832, 17833]",33593
"[15093, 14223, 15001]",37722
"[14154, 14275]",35612
"[14963, 15028]",37743
"[14963, 15028]",37805
"[15284, 14561]",84168
"[16510, 16230]",35612
"[16510, 16230]",35650
"[14972, 14792]",36187
"[16593, 14188]",35994
"[14706, 14591, 16195]",27933
"[14706, 14591, 16195]",27921
"[14706, 14591, 16195]",37573
"[14706, 14591, 16195]",94658
"[15078, 20169, 14709]",36075
"[14897, 14180]",31348
"[14706, 14131, 14132, 15786, 21641]",28780
"[14020, 14272, 15166, 14036, 15546]",33675
"[14020, 14272, 15166, 14036, 15546]",37617
"[14775, 15179]",94889
"[14775, 15179]",83756
"[14775, 15179]",31850
"[14775, 15179]",32619
"[14176, 21252]",27933
"[14176, 21252]",27921
"[14176, 21252]",94658
"[16510, 15092, 15413, 14186, 14187, 14737, 14275, 15481, 15000, 16818]",35612
"[14220, 14321]",28547
"[14034, 21715]",37617
"[14599, 15101, 14194, 14061, 15982, 14030]",83918
"[14599, 15101, 14194, 14061, 15982, 14030]",83790
"[14599, 15101, 14194, 14061, 15982, 14030]",33609
"[14599, 15101, 14194, 14061, 15982, 14030]",29078
"[15294, 15113, 15126, 17174, 19278]",37844
"[14783, 21252]",28547
"[14052, 15419]",35916
"[14052, 15419]",36396
"[15166, 14038]",33675
"[14154, 16195]",33609
"[14154, 16195]",36075
"[14206, 14275]",35612
"[14206, 14275]",33128
"[14320, 17568]",33675
"[16063, 17568]",37617
"[15270, 15601]",36691
"[20336, 14792, 14410]",32214
"[15481, 15205]",36691
"[15876, 14034, 15595]",91614
"[15876, 14034, 15595]",33702
"[15876, 14034, 15595]",39824
"[14328, 15847]",28208
"[14328, 15847]",83764
"[14156, 17305, 14599, 14189, 14310, 15635]",33675
"[14156, 17305, 14599, 14189, 14310, 15635]",94889
"[14156, 17305, 14599, 14189, 14310, 15635]",36924
"[14156, 17305, 14599, 14189, 14310, 15635]",29566
"[14156, 17305, 14599, 14189, 14310, 15635]",33325
"[14156, 17305, 14599, 14189, 14310, 15635]",36091
"[14156, 17305, 14599, 14189, 14310, 15635]",37888
"[15077, 14945, 14186, 14231, 15315, 15002, 17509, 20260]",35612
"[14251, 15354]",27626
"[15354, 16229]",33440
"[14187, 17954]",33688
"[15878, 15501]",28208
"[14786, 14061, 17218]",35638
"[14786, 14061, 17218]",33025
"[14786, 14061, 17218]",36075
"[17044, 15391]",35612
"[15483, 15212]",84211
"[15103, 15483]",84211
"[15108, 14996]",31395
"[14227, 15316, 17218]",35638
"[14227, 15316, 17218]",33025
"[14227, 15316, 17218]",36075
"[15433, 15877, 14539, 15108, 14541, 16303, 15557]",30035
"[15774, 14242]",35638
"[15774, 14242]",36075
"[14792, 21077]",36691
"[14792, 21077]",36195
"[14061, 17214]",84021
"[17351, 16226]",35612
"[16226, 15565]",28465
"[16226, 15565]",35650
"[14273, 21731]",37170
"[14020, 14038, 15660]",83888
"[14020, 14038, 15660]",37888
"[14020, 14038, 15660]",32231
"[15816, 16078]",36147
"[15816, 16078]",38355
"[15816, 16078]",28158
"[15816, 16078]",35638
"[17991, 15603]",33653
"[14061, 15531, 16036]",36644
"[14061, 15531, 16036]",35565
"[14061, 15531, 16036]",37615
"[15284, 16690]",37722
"[15288, 14187, 14794, 14375, 15028, 14714, 15038]",37743
"[14559, 14561, 14961]",29614
"[17229, 14950, 14266]",37888
"[15414, 14713, 15009]",35612
"[14215, 14240]",36035
"[14713, 18959]",37805
"[19628, 14739]",38281
"[19628, 14739]",35693
"[15501, 14347]",33575
"[14186, 16183]",35612
"[15443, 14602, 14250]",35543
"[14232, 14754]",36091
"[15115, 14297]",35761
"[15419, 14754]",36088
"[15419, 14754]",33567
"[15419, 14754]",36140
"[15419, 14754]",33581
"[15419, 14754]",84079
"[15419, 14754]",33654
"[15289, 14050]",36088
"[15289, 14050]",33567
"[15289, 14050]",35868
"[15289, 14050]",36140
"[15289, 14050]",32702
"[15289, 14050]",84171
"[15289, 14050]",84079
"[15289, 14050]",33654
"[14165, 14320]",38928
"[14165, 14320]",84173
"[16672, 15856]",33593
"[17558, 14610]",36075
"[14792, 15009]",94693
"[16558, 15012]",35612
"[14706, 17558, 14234]",35641
"[14186, 19284]",39161
"[14669, 14320]",36260
"[15474, 15351]",36691
"[14375, 15028]",37743
"[14793, 17508]",35612
"[15913, 17528]",35953
"[15913, 17528]",35680
"[15913, 17528]",83824
"[15913, 17528]",39798
"[14131, 15786]",33593
"[15205, 19284]",31477
"[15205, 19284]",36540
"[14033, 16036]",36644
"[14935, 15425]",35873
"[15769, 14944, 15630]",37659
"[16510, 20867]",32214
"[14072, 14359]",28478
"[14072, 14359]",36396
"[14072, 14359]",84122
"[14072, 14359]",36088
"[14072, 14359]",36210
"[14072, 14359]",35916
"[14072, 14359]",32509
"[14975, 14817, 15560, 21073]",36691
"[14284, 20276]",35508
"[14314, 14512]",37753
"[15774, 15582]",36088
"[14359, 20306]",35584
"[14971, 15014]",36035
"[14971, 15014]",83824
"[14971, 15014]",36694
"[14971, 15014]",94844
"[14971, 15014]",84046
"[14185, 14320]",95295
"[14185, 14320]",35823
"[14185, 14320]",36088
"[14185, 14320]",35549
"[14185, 14320]",33563
"[14599, 15520]",33675
"[14194, 14372]",35612
"[14194, 14372]",29078
"[14152, 14215, 14297]",35761
"[14152, 14215, 14297]",35909
"[15473, 14818]",36199
"[14187, 20344]",35612
"[14297, 14347]",35953
"[14297, 14347]",33489
"[14297, 14347]",37722
"[14297, 14347]",84131
"[14297, 14347]",33609
"[14297, 14347]",29078
"[15416, 14245, 15029]",83906
"[15077, 15304]",35612
"[15077, 15304]",30494
"[15781, 15599]",35612
"[16510, 14413, 21715]",35612
"[14579, 15867]",35580
"[15344, 14612]",31477
"[15344, 14612]",36748
"[15344, 14612]",36078
"[19628, 20306]",36661
"[15818, 14726]",36063
"[16510, 14784, 14945]",35612
"[20336, 15481]",83826
"[20336, 15481]",32214
"[20336, 15481]",35701
"[14140, 14161, 14323]",28313
"[18959, 15018]",37805
"[15413, 21679]",35612
"[15271, 14275]",35612
"[15354, 15205]",35612
"[14030, 17237]",37888
"[14259, 14306]",28208
"[14052, 19634]",35612
"[14052, 19634]",36644
"[14020, 14263, 15229]",33675
"[14020, 14263, 15229]",37617
"[14706, 14130, 14132, 14242, 14726]",36138
"[14706, 14130, 14132, 14242, 14726]",36075
"[14250, 17412]",35543
"[17558, 14153, 14709]",36478
"[14591, 14678]",33632
"[14591, 14678]",30402
"[16281, 20583]",37554
"[14020, 14263, 16067]",33675
"[14020, 14263, 16067]",37617
"[14020, 14263, 16067]",28714
"[20203, 20272]",35552
"[15531, 17218]",33609
"[19603, 19604, 19614, 21194]",35612
"[19603, 19604, 19614, 21194]",35584
"[14793, 14794]",35612
"[14132, 14237, 14607]",37236
"[14131, 14297]",35761
"[16466, 14739, 16266]",33609
"[15474, 14277, 21106]",36691
"[16588, 14108]",35762
"[14983, 20645, 20463]",32504
"[14242, 20685]",35638
"[14242, 20685]",36075
"[16792, 15466, 15779, 15491, 14677]",29229
"[20336, 15134]",35612
"[14560, 14561, 15781]",35612
"[14560, 14561, 15781]",35909
"[14560, 14561, 15781]",36432
"[14560, 14561, 15781]",36187
"[14560, 14561, 15781]",36035
"[14560, 14561, 15781]",39798
"[16855, 21295]",33593
"[16588, 21295]",28208
"[16588, 21295]",33593
"[15417, 21295]",33593
"[19199, 17108, 15461]",37738
"[19199, 17108, 15461]",83756
"[19199, 17108, 15461]",31436
"[14154, 15101]",36075
"[14940, 14918]",33605
"[14940, 14918]",35584
"[14940, 14918]",37710
"[14940, 14918]",37844
"[14940, 14918, 20169]",37710
"[20340, 14267]",35612
"[20340, 14267]",32505
"[14678, 15781]",33603
"[16588, 20519]",28208
"[15474, 19665]",37805
"[16285, 15576]",37722
"[15889, 14254, 15846]",37805
"[15774, 16063]",35652
"[15774, 16063]",36075
"[14790, 19566, 15022, 14426]",33128
"[15022, 14426]",35536
"[15283, 15331]",28552
"[14793, 17598]",35612
"[15856, 17301]",27933
"[15856, 17301]",37753
"[14793, 16517]",39161
"[15818, 14726]",33591
"[15818, 14726]",36478
"[15818, 14726]",35754
"[15520, 15897]",37617
"[14186, 14737, 20832]",35612
"[14215, 14276, 14297]",35671
"[19641, 19623]",35612
"[15014, 14409]",38436
"[15092, 15599]",35612
"[15413, 14190, 14231, 21679]",28849
"[15205, 19604]",35612
"[16036, 14739]",39704
"[16036, 14739]",37617
"[15560, 19491]",35612
"[16721, 18119]",35612
"[15576, 15366]",84168
"[14229, 14313]",28465
"[14171, 14610]",36075
"[16209, 14605]",33658
"[14181, 20429, 14286]",36339
"[14181, 20429, 14286]",33675
"[14181, 20429, 14286]",28714
"[14181, 20429, 14286]",33293
"[14181, 20429, 14286]",32505
"[14181, 20429, 14286]",38100
"[15235, 15811, 15040]",37743
"[19604, 21181]",35612
"[15452, 15034, 15619]",37805
"[15452, 15034, 15619]",32505
"[14138, 14184, 14218, 14254, 15130, 15853, 14296, 14326, 14346, 15566, 15859, 14403, 14484]",37805
"[14817, 15176, 15675]",36691
"[15536, 18040]",32520
"[14899, 15781]",39365
"[14785, 14786]",33598
"[14785, 14786]",35766
"[16588, 14373]",35612
"[16281, 16036]",33675
"[14954, 14758]",35612
"[14131, 15468]",33680
"[14131, 15468]",36075
"[15816, 17218]",35638
"[15816, 17218]",36075
"[14206, 17509]",33653
"[15137, 18301]",84211
"[14196, 14227]",35612
"[17558, 14242]",29107
"[15856, 14314, 15152, 15879]",94658
"[15856, 14314, 15152, 15879]",37753
"[15856, 14314, 15152, 15879]",36075
"[14936, 15419, 15425, 15450, 14286]",35580
"[14561, 14751]",84167
"[14561, 14751]",28208
"[14561, 14751]",84172
"[14144, 14168]",33664
"[17108, 16063]",35612
"[14992, 17211, 14401]",35612
"[14790, 15022]",33128
"[14072, 17594]",38281
"[14072, 17594]",33636
"[14177, 15955]",94658
"[14177, 15955]",28313
"[21700, 16495]",28465
"[21700, 16495]",28969
"[15804, 20905]",37722
"[15804, 20905]",38024
"[15804, 20905]",29078
"[14187, 15002]",32858
"[15576, 15685]",37722
"[17605, 15613]",35612
"[15111, 14310]",32033
"[14793, 17042]",35612
"[16375, 19324]",94658
"[14284, 20260]",35612
"[15451, 14846]",37659
"[15451, 14846]",36187
"[15451, 14846]",36035
"[16588, 15484, 17903]",33593
"[17322, 15576]",37722
"[15450, 15696]",33703
"[19548, 21132]",33594
"[19548, 21132]",32858
"[19548, 21132]",35584
"[19548, 21132]",35638
"[19548, 21132]",36075
"[15836, 17224]",36241
"[15836, 17224]",84131
"[17605, 17398, 15893, 14186, 14187, 14190, 14194, 14737, 14792, 14793, 15000, 17711]",36050
"[17605, 17398, 15893, 14186, 14187, 14190, 14194, 14737, 14792, 14793, 15000, 17711]",36678
"[14598, 14656]",37768
"[14054, 14630]",33675
"[14054, 14630]",37830
"[14054, 14630]",36063
"[14054, 14630]",28780
"[14054, 14630]",37888
"[14054, 14630]",35766
"[14758, 21679]",36691
"[15289, 14910]",32505
"[14185, 14721]",35587
"[15420, 14238]",37564
"[14599, 20458]",33675
"[14726, 14299]",84190
"[14918, 14656, 16409]",27921
"[14918, 14656, 16409]",37717
"[14918, 14656, 16409]",84256
"[14918, 14656, 16409]",28158
"[14918, 14656, 16409]",37722
"[14918, 14656, 16409]",29107
"[14918, 14656, 16409]",83917
"[14940, 14301]",37627
"[21051, 21129]",35650
"[15311, 14993, 14656]",35641
"[16588, 20260]",29182
"[18583, 20254]",33677
"[16855, 14977]",35652
"[16855, 14977]",83903
"[16855, 14977]",30035
"[18179, 14702]",28374
"[18179, 14702]",33601
"[18179, 14702]",83961
"[18179, 14702]",37564
"[18179, 14702]",32875
"[14561, 14179]",39858
"[14561, 14179]",37730
"[14128, 16036]",37236
"[14792, 14411]",35612
"[15414, 21737]",35612
"[17605, 14187, 17356]",35612
"[14940, 20684, 20498]",39609
"[15077, 18590]",32505
"[14284, 14297, 15352]",35761
"[14284, 14297, 15352]",37743
"[14284, 14297, 15352]",33658
"[14284, 14297, 15352]",98236
"[14284, 14297, 15352]",29446
"[14284, 14297, 15352]",31144
"[14284, 14297, 15352]",27700
"[14450, 19615]",35612
"[15468, 15781, 15763]",95295
"[15468, 15781, 15763]",83897
"[15468, 15781, 15763]",39609
"[17598, 17991, 19603]",35612
"[14955, 16480]",35867
"[15030, 15602]",35612
"[14368, 15010]",35765
"[15551, 15559]",35641
"[15009, 15661]",37805
"[14368, 14650]",35765
"[14940, 14287]",39609
"[15450, 14405]",33653
"[14819, 15064]",35545
"[14030, 14995]",28465
"[14030, 14995]",36344
"[15291, 15490, 14321, 14452]",28547
"[14572, 18277, 14656]",35641
"[17991, 14411]",35612
"[14297, 14347]",33575
"[14954, 14975, 14275, 14791, 15176]",35612
"[15452, 14267]",32505
"[14709, 21303]",35641
"[14709, 21303]",36075
"[16588, 14973]",35457
"[16588, 14973]",35693
"[14140, 15440, 14192]",33572
"[14153, 15661]",37805
"[14785, 14709, 16677]",39868
"[14785, 14709, 16677]",35762
"[14785, 14709, 16677]",37754
"[14185, 14793]",35953
"[14185, 14793]",35612
"[14185, 14793]",36187
"[14185, 14793]",35430
"[14185, 14793]",36433
"[14185, 14793]",33598
"[16065, 15483]",95488
"[14184, 14296, 14484]",37805
"[15144, 21288]",35749
"[14706, 15126]",28780
"[15769, 14944, 14298]",35953
"[15769, 14944, 14298]",33658
"[15769, 14944, 14298]",36035
"[16846, 15483]",33584
"[21458, 21517]",29446
"[21458, 21517]",84131
"[14186, 19377]",31116
"[16753, 14024, 14320, 15206]",35612
"[19324, 15576]",28478
"[17042, 21713]",29945
"[14209, 14218, 15853]",37805
"[20621, 14237, 20436, 14520]",37236
"[14184, 14411]",35982
"[14184, 14411]",32531
"[14784, 14020]",39872
"[14784, 14020]",38437
"[14784, 14020]",30661
"[16588, 14975]",28478
"[16588, 14975]",35638
"[17537, 16226]",35621
"[17537, 16226]",35696
"[17537, 16226]",35970
"[17537, 16226]",35612
"[17537, 16226]",35795
"[17537, 16226]",36540
"[14275, 19281]",30494
"[14944, 14605, 14276]",35761
"[14944, 14605, 14276]",28780
"[14944, 14605, 14276]",29229
"[14944, 14605, 14276]",94625
"[14944, 14605, 14276]",37768
"[14944, 14605, 14276]",36694
"[14944, 14605, 14276]",36325
"[14944, 14605, 14276]",33598
"[21106, 17720]",35612
"[14154, 15099, 14238, 15781, 14287]",36322
"[16226, 16753, 15363, 14411, 19615]",35612
"[14223, 15001]",28313
"[14382, 21803, 21807]",37743
"[14737, 21769]",31477
"[15104, 14238]",36075
"[14789, 14780, 15739]",28465
"[15414, 15739]",35612
"[14789, 14780, 15263]",28465
"[15414, 15263]",35612
"[17599, 14656]",83917
"[14962, 14709]",36075
"[14382, 14714, 20253, 15038, 15043]",37743
"[15825, 15355, 19603]",35612
"[16588, 19290]",33575
"[16588, 19290]",30756
"[14272, 16067]",35553
"[14765, 15654]",35612
"[14287, 16078]",36075
"[15101, 14227, 15982, 14606, 14758]",35612
"[14061, 15462]",35638
"[14061, 15462]",36075
"[17351, 15008, 17355, 19614]",36691
"[14020, 14272, 16067]",33675
"[14020, 14272, 16067]",37617
"[14877, 18174]",28208
"[14877, 18174]",38342
"[15531, 17218]",29078
"[15531, 17218]",29177
"[16844, 14220]",84296
"[15889, 20478]",37752
"[14062, 21176]",35638
"[14502, 14206]",35612
"[18959, 20905, 19616]",35612
"[14537, 14408]",35612
"[14186, 15698]",35612
"[19603, 20905]",35612
"[14736, 15754]",35612
"[14142, 15610]",35761
"[15413, 14405]",35612
"[16753, 19641]",28465
"[15889, 14428, 15693]",37752
"[15889, 14428, 15693]",37805
"[15849, 15667]",94658
"[15849, 15667]",39024
"[15849, 15667]",36075
"[16067, 14861]",36785
"[14961, 15781]",33658
"[14961, 15781]",36035
"[14934, 18583]",35823
"[14598, 14656]",83842
"[14298, 15148]",94658
"[14529, 14056, 15563]",35612
"[14802, 14793]",35612
"[17718, 14462]",35612
"[19603, 19604, 19548]",35612
"[14709, 14610]",36075
"[16790, 14242]",83790
"[16790, 14242]",33609
"[16790, 14242]",36075
"[16790, 14242]",29078
"[16790, 14242]",36265
"[14736, 21643]",35612
"[15536, 15021]",35612
"[14186, 14802, 15887]",35612
"[17711, 15596]",35612
"[16720, 14466]",37745
"[17042, 19604]",36867
"[14945, 20260]",35612
"[14242, 14320]",36147
"[14227, 15316]",35638
"[14227, 15316]",36075
"[14403, 15664]",37805
"[17351, 16226]",36691
"[17351, 16226]",36578
"[17351, 16226]",33643
"[17351, 16226]",31477
"[15913, 19249]",36578
"[15913, 19249]",28158
"[14584, 14561, 20425]",35854
"[14584, 14561, 20425]",83764
"[14584, 14561, 20425]",31650
"[16028, 20905]",35612
"[16226, 14954, 14024, 14275, 16480]",35884
"[16226, 14954, 14024, 14275, 16480]",33294
"[14128, 14834, 14551]",35612
"[16226, 14954]",32531
"[16226, 14954]",84160
"[14326, 15846, 15034]",37805
"[20407, 14797]",35584
"[15299, 20273, 14286]",36088
"[15299, 20273, 14286]",35868
"[15856, 15485]",33128
"[14128, 14176, 14961]",27248
"[14128, 14176, 14961]",28780
"[14128, 14176, 14961]",28547
"[14128, 14176, 14961]",31245
"[14428, 21809]",37805
"[14231, 20336, 21193]",89218
"[16582, 15866]",36242
"[14792, 19603]",35612
"[14706, 14702, 14320]",83775
"[14218, 14428, 15664]",37805
"[14221, 14235, 14457]",37013
"[14221, 14235, 14457]",33680
"[14221, 14235, 14457]",31596
"[14833, 15179, 14915]",35825
"[14833, 15179, 14915]",28224
"[14737, 14792, 14793, 21043]",35612
"[17991, 15596, 19603]",35612
"[14792, 14765, 19614]",36691
"[15114, 20351, 15127, 16014, 14755]",33675
"[15114, 20351, 15127, 16014, 14755]",84076
"[15114, 20351, 15127, 16014, 14755]",36442
"[15114, 20351, 15127, 16014, 14755]",36088
"[15114, 20351, 15127, 16014, 14755]",36322
"[15114, 20351, 15127, 16014, 14755]",33588
"[15114, 20351, 15127, 16014, 14755]",31493
"[15114, 20351, 15127, 16014, 14755]",33329
"[15413, 15357]",35612
"[15549, 15036]",35612
"[19643, 15205, 15020]",36492
"[19643, 15205, 15020]",36691
"[19643, 15205, 15020]",31116
"[19643, 15205, 15020]",36078
"[14972, 14739]",33128
"[14207, 18990]",35982
"[14783, 15413, 14186, 14275]",35612
"[17509, 19603, 20474]",33653
"[15856, 14610]",38957
"[14187, 14606]",35612
"[15914, 14347]",37722
"[15077, 14275]",30494
"[15093, 14718, 15126]",38242
"[15774, 19603]",35612
"[14229, 18959]",35612
"[14915, 19245]",83802
"[14954, 14471]",30654
"[14954, 14471]",35982
"[14954, 14471]",35650
"[20787, 18373]",36075
"[14128, 14834]",32504
"[14052, 14054, 15763]",84122
"[14052, 14054, 15763]",36924
"[14052, 14054, 15763]",37845
"[14052, 14054, 15763]",38024
"[15064, 14754]",27230
"[15002, 15599]",35612
"[14153, 15449]",35641
"[14054, 14975]",28869
"[14054, 14975]",83997
"[14054, 14975]",33654
"[20439, 19217]",35612
"[14833, 20169, 14726, 14108]",39365
"[14186, 18959]",35612
"[14656, 21287]",27933
"[14656, 21287]",27921
"[14656, 21287]",38242
"[14656, 21287]",28780
"[14656, 21287]",94658
"[14656, 21287]",28547
"[14656, 21287]",96598
"[14656, 21287]",28313
"[14961, 14792]",35612
"[14128, 14559]",83897
"[14152, 14944, 14215, 14240, 15836, 14282]",36035
"[14977, 14861]",27265
"[14977, 14861]",31650
"[14940, 14061]",32316
"[14940, 14061]",36138
"[14940, 14061]",83918
"[14940, 14061]",37768
"[14940, 14061]",30449
"[16588, 15101, 14196, 16693, 15609, 14739]",35612
"[14793, 17598]",36104
"[14131, 14598, 15786, 14656]",83917
"[14940, 15292, 16570]",35638
"[14940, 15292, 16570]",36075
"[15477, 14297, 14690]",35761
"[14598, 14656]",35612
"[14973, 14281, 14992]",39600
"[20429, 14072]",35831
"[20429, 14072]",36322
"[14359, 15036]",35612
"[14426, 14739]",28849
"[20568, 15604]",36199
"[16842, 14176]",28780
"[16842, 14176]",29296
"[16842, 14176]",28547
"[14301, 18310]",31395
"[14301, 18310]",97573
"[14910, 14247, 15600]",32505
"[15425, 16036]",35430
"[17654, 14186, 14793]",31756
"[17654, 14186, 14793]",35966
"[14244, 14610]",36075
"[16226, 20344, 15654]",98661
"[14160, 14213]",37753
"[14160, 14213]",36075
"[14176, 14244]",83842
"[14176, 14244]",27933
"[14176, 14244]",38959
"[14176, 14244]",36353
"[14176, 14244]",28313
"[14176, 14244]",83903
"[16588, 19566]",33575
"[14961, 14401]",35612
"[14187, 15449, 14320]",35612
"[20037, 14108]",36138
"[17108, 14971]",37604
"[14792, 21741]",39750
"[15316, 14616]",35638
"[15316, 14616]",36075
"[14662, 20234]",35567
"[14662, 20234]",37743
"[14662, 20234]",39521
"[14662, 20234]",32349
"[14662, 20234]",32350
"[14238, 14266]",83897
"[14408, 14467, 14470]",35966
"[14604, 20336]",35612
"[14369, 15615]",37659
"[16195, 16723]",33609
"[16195, 16723]",37425
"[16195, 16723]",29614
"[14663, 15412]",28465
"[14182, 14981]",36075
"[17319, 14994]",27248
"[17319, 14994]",28780
"[17319, 14994]",31245
"[17319, 14994]",28547
"[15414, 14713]",35612
"[14054, 15270]",28780
"[14054, 15270]",29296
"[14054, 15270]",37722
"[14054, 15270]",31348
"[15849, 15103, 16061, 16063, 16847, 14874, 20596]",28206
"[14940, 14643]",33609
"[15455, 14861]",27265
"[15455, 14861]",31650
"[17170, 15455]",31650
"[16851, 18583, 20436]",37811
"[15289, 14190]",35612
"[14218, 15664]",37805
"[14254, 15664]",37805
"[19614, 20474]",84263
"[19614, 20474]",37655
"[20866, 16028]",35612
"[16975, 15602]",35612
"[15113, 16063, 15126]",27248
"[15113, 16063, 15126]",37573
"[15113, 16063, 15126]",28780
"[15113, 16063, 15126]",31245
"[15113, 16063, 15126]",37718
"[15113, 16063, 15126]",37722
"[15113, 16063, 15126]",28547
"[15473, 15496]",28899
"[14510, 14739]",35765
"[14737, 21769]",35612
"[14216, 18583]",35680
"[14598, 14656]",32033
"[14598, 14656]",83917
"[14155, 18394]",27248
"[14129, 14739]",29229
"[14129, 14739]",95670
"[14129, 14739]",36325
"[15282, 14242]",33575
"[16753, 15367]",35612
"[15078, 20573]",37788
"[17236, 14287]",37753
"[14266, 14287]",36075
"[14266, 14287]",30035
"[19614, 21160]",35612
"[20620, 14028, 14237]",37558
"[18100, 19614]",35612
"[17558, 14154]",27933
"[15912, 14664]",38242
"[15912, 14664]",94658
"[15912, 14664]",28313
"[15654, 15661]",37805
"[17558, 14154]",36075
"[14792, 14793, 19604]",35612
"[16510, 14761]",35612
"[14662, 14714, 15864]",37743
"[19030, 19616]",35612
"[19604, 19620]",35884
"[14944, 14215, 14298]",35761
"[14713, 21676]",28465
"[16276, 15914]",33703
"[14598, 14656, 21388]",36661
"[14132, 20169]",27933
"[14286, 14428]",32505
"[14150, 16842]",37788
"[19604, 20474]",29646
"[19604, 20474]",39750
"[14185, 19603]",36147
"[14185, 19603]",35612
"[14185, 19603]",33702
"[14185, 19603]",28552
"[14185, 19603]",36722
"[14185, 19603]",93493
"[14185, 19603]",29182
"[14783, 16061]",28206
"[14072, 20270, 18174]",27248
"[14072, 20270, 18174]",36063
"[14072, 20270, 18174]",37718
"[14072, 20270, 18174]",35693
"[14072, 20270, 18174]",36312
"[14780, 14275]",28465
"[14275, 15594]",35612
"[16855, 14220]",27921
"[16855, 14220]",37604
"[16855, 14220]",28547
"[15982, 21731]",35612
"[14323, 14377]",33675
"[14323, 14377]",28313
"[14981, 14656]",37788
"[16588, 14061, 14506, 14975, 15179]",28869
"[16588, 14061, 14506, 14975, 15179]",36531
"[16588, 14061, 14506, 14975, 15179]",35612
"[16588, 14061, 14506, 14975, 15179]",28780
"[16588, 14061, 14506, 14975, 15179]",29614
"[16588, 14061, 14506, 14975, 15179]",36075
"[16588, 14061, 14506, 14975, 15179]",38024
"[16588, 14061, 14506, 14975, 15179]",29182
"[14467, 21158]",35612
"[16183, 19603, 19604, 19614, 19616]",35612
"[14180, 20724]",39885
"[14180, 20724]",37633
"[19604, 21433]",35612
"[14229, 14313]",35612
"[16226, 15829, 15366, 20126]",37722
"[15413, 14950, 17237, 14792, 21715]",36512
"[14283, 15558]",28262
"[14283, 15558]",27247
"[16588, 14975]",28208
"[14128, 14054]",33602
"[16581, 19603]",35612
"[19030, 19616, 15391]",35612
"[18311, 17317, 20522]",29229
"[18311, 17317, 20522]",83830
"[15502, 14338]",33591
"[15502, 14338]",30171
"[15502, 14338]",32202
"[15502, 14338]",33618
"[15502, 14338]",83790
"[15502, 14338]",35955
"[15101, 14061, 15461, 14028, 14975, 14271, 14775]",35612
"[14153, 14668]",35641
"[20262, 14167, 20404]",97464
"[14783, 14656]",27933
"[15034, 20187]",28465
"[15034, 20187]",35966
"[15034, 20187]",35982
"[15034, 20187]",33077
"[15034, 20187]",30494
"[15034, 20187]",35650
"[14783, 14191, 15316]",35612
"[14945, 14792, 15176]",35612
"[15089, 14193, 14709]",36075
"[15501, 19326]",33575
"[15501, 19326]",36242
"[15501, 19326]",36035
"[15501, 19326]",37722
"[15501, 19326]",33593
"[14955, 14190, 20336]",35612
"[14313, 20602, 14426]",33635
"[15002, 14408]",35612
"[14186, 15569]",35612
"[15090, 14656, 15231]",35641
"[15602, 14412]",36540
"[19207, 21252]",27933
"[19207, 21252]",27921
"[19207, 21252]",84310
"[19207, 21252]",28780
"[19207, 21252]",94658
"[19207, 21252]",37768
"[19207, 21252]",28899
"[19207, 21252]",33598
"[14883, 15452, 14995]",39542
"[14883, 15452, 14995]",84112
"[14883, 15452, 14995]",33314
"[14694, 17598]",36104
"[15602, 14494]",29194
"[15602, 14494]",33653
"[14975, 21682]",37765
"[14975, 21682]",36241
"[14975, 21682]",38020
"[14975, 21682]",39531
"[14975, 21682]",28547
"[15101, 16975]",35638
"[15101, 16975]",36075
"[20273, 20429, 20618]",37640
"[20273, 20429, 20618]",33675
"[20273, 20429, 20618]",32729
"[20273, 20429, 20618]",35682
"[20273, 20429, 20618]",36924
"[20273, 20429, 20618]",33293
"[20273, 20429, 20618]",83893
"[20273, 20429, 20618]",32505
"[14955, 15206]",35612
"[14726, 14610]",94658
"[17229, 14447]",83885
"[14182, 17508]",33677
"[14182, 17508]",36849
"[14182, 17508]",36075
"[14187, 15599]",35612
"[15485, 21717]",97094
"[15774, 14610, 14320]",36075
"[14694, 19611]",33632
"[14694, 19611]",39020
"[14694, 19611]",35584
"[14694, 19611]",36104
"[14694, 19611]",27626
"[14694, 19611]",33440
"[14736, 14791, 19604]",35612
"[16741, 14229]",39828
"[14561, 15856, 14314, 15879, 17508, 21878]",38024
"[14561, 15856, 14314, 15879, 17508, 21878]",29182
"[14561, 15856, 14314, 15879, 17508, 21878]",33576
"[14607, 14493]",99032
"[14161, 14179, 15001, 17273, 15232]",28313
"[14899, 14219]",39365
"[14899, 14219]",37768
"[16276, 18583, 20377]",84088
"[14598, 14726, 14656, 14739]",28780
"[15413, 14275, 14792, 14656]",36691
"[14765, 15602, 14412, 15377]",35612
"[15092, 17356, 14449]",35612
"[14789, 14780, 15857]",35612
"[20336, 19030]",35612
"[14945, 14635]",35612
"[14129, 14739]",29446
"[14179, 14323]",28313
"[14161, 14179, 14323, 15001, 17273, 15232]",28313
"[15531, 15356]",36147
"[15531, 15356]",35761
"[15531, 15356]",35749
"[16672, 15306, 15829]",37722
"[15877, 14207]",29646
"[14944, 15100]",27248
"[14944, 15100]",28780
"[14944, 15100]",31245
"[14944, 15100]",29446
"[14944, 15100]",28547
"[14940, 14163]",37627
"[15982, 14248]",28780
"[15982, 14248]",31245
"[14450, 21764]",35612
"[14054, 14030, 14320]",35823
"[15602, 20474]",35612
"[17221, 17174]",28780
"[17221, 17174]",29229
"[17221, 17174]",84275
"[17221, 17174]",28547
"[17221, 17174]",33598
"[14218, 14254]",33609
"[15440, 21920, 20270, 19732]",83775
"[15083, 14177, 16477]",36075
"[14598, 14656]",37717
"[14154, 14287]",32033
"[20156, 15597, 14407]",35612
"[20156, 15597, 14407]",27595
"[15906, 14190, 20274]",35612
"[15413, 14793, 17893]",36535
"[16588, 14656]",33575
"[14313, 14376]",35966
"[14598, 14656]",27933
"[14598, 14656]",35638
"[14128, 14054]",94658
"[14059, 14287]",84275
"[15462, 15794]",33609
"[15462, 15794]",36075
"[15462, 15794]",29078
"[14544, 15185]",28780
"[14544, 15185]",94658
"[14544, 15185]",31245
"[14359, 14739, 21381]",35638
"[14582, 16538]",39817
"[14582, 16538]",31245
"[14582, 16538]",28396
"[14582, 16538]",27430
"[14582, 16538]",31710
"[14582, 16538]",28856
"[14582, 16538]",33598
"[17991, 20187]",35612
"[15413, 14186, 19301, 14684]",35612
"[15413, 14186, 19301, 14684]",35584
"[14207, 14765, 14405]",33653
"[17594, 16036]",39024
"[17594, 16036]",37633
"[14961, 14298, 14991]",94653
"[14961, 14298, 14991]",33603
"[14961, 14298, 14991]",38388
"[17558, 14709, 15829]",37722
"[14830, 15829]",37722
"[14604, 14737, 19614]",31116
"[14794, 14359]",35909
"[16588, 15113]",27248
"[16588, 15113]",39885
"[16588, 15113]",31181
"[16588, 15113]",97428
"[14506, 14248, 16360, 16036]",30072
"[14506, 14248, 16360, 16036]",28773
"[14506, 14248, 16360, 16036]",30612
"[14506, 14248, 16360, 16036]",30419
"[14506, 14248, 16360, 16036]",31642
"[14506, 14248, 16360, 16036]",27691
"[14506, 14248, 16360, 16036]",39775
"[14506, 14248, 16360, 16036]",32984
"[14598, 14656]",37753
"[14598, 14656]",29107
"[14955, 14275, 15671]",35651
"[14856, 14656]",36075
"[14856, 14656]",99032
"[14072, 16253, 14108, 14739]",27248
"[15461, 14775]",33653
"[15602, 14412]",36512
"[20336, 15129, 19665]",36492
"[14945, 14186, 14231, 15129, 14275, 14792, 14405, 19665]",35612
"[19604, 14469]",35612
"[14128, 14054, 14108]",27248
"[14131, 16588, 15179]",28478
"[14131, 16588, 15179]",35612
"[14131, 16588, 15179]",35761
"[14131, 16588, 15179]",33677
"[14131, 16588, 15179]",33575
"[14131, 16588, 15179]",35823
"[14131, 16588, 15179]",35638
"[14131, 16588, 15179]",36478
"[14656, 14739]",33703
"[14656, 14739]",33702
"[14656, 14739]",37784
"[14656, 14739]",33609
"[14656, 14739]",31144
"[14656, 14739]",27700
"[14656, 14739]",29078
"[14785, 14384]",83889
"[14785, 14384]",33714
"[14785, 14384]",28374
"[14785, 14384]",39498
"[14785, 14384]",83961
"[14785, 14384]",37564
"[20339, 16036]",33675
"[20339, 16036]",37830
"[20339, 16036]",37617
"[20339, 16036]",28714
"[16588, 15101, 14196, 14255, 16693, 15609]",35612
"[14196, 14215, 14308]",35612
"[14196, 14215, 14308]",35762
"[16741, 14545]",33703
"[16741, 14545]",38281
"[14792, 14746]",36691
"[14792, 14746]",31116
"[14792, 14746]",31477
"[14792, 14746]",29945
"[14186, 14229, 18768]",33564
"[17398, 14663, 18416, 18417]",28478
"[17398, 14663, 18416, 18417]",35638
"[14142, 14059]",35761
"[14975, 14610]",27933
"[14975, 14610]",38242
"[14975, 14610]",83760
"[14975, 14610]",38957
"[14975, 14610]",96598
"[14975, 14610]",83903
"[14152, 15836, 15630]",36035
"[14833, 14678, 14131, 14052, 14054, 14561, 17124, 15786]",37784
"[14833, 14678, 14131, 14052, 14054, 14561, 17124, 15786]",28208
"[14833, 14678, 14131, 14052, 14054, 14561, 17124, 15786]",83976
"[14833, 14678, 14131, 14052, 14054, 14561, 17124, 15786]",35530
"[14833, 14678, 14131, 14052, 14054, 14561, 17124, 15786]",35457
"[14833, 14678, 14131, 14052, 14054, 14561, 17124, 15786]",33593
"[14833, 14678, 14131, 14052, 14054, 14561, 17124, 15786]",37785
"[15078, 17558]",29107
"[14955, 14194]",28465
"[14955, 14194]",38941
"[14955, 14194]",35982
"[14955, 14194]",36298
"[14955, 14194]",33077
"[14955, 14194]",35650
"[15088, 16477]",33563
"[14559, 20126]",28465
"[14559, 20126]",37722
"[14559, 20126]",38024
"[14153, 14213]",35612
"[14761, 19610]",35612
"[14975, 14737, 14792, 14372]",35612
"[14052, 14054, 14561, 17124]",28714
"[14794, 19964]",33688
"[14412, 19964]",35612
"[14154, 15210]",96598
"[15593, 19731]",28374
"[14598, 15125, 14656]",83976
"[15907, 14591]",33489
"[15907, 14591]",33593
"[15907, 14591]",97428
"[14975, 14413]",33632
"[14975, 14413]",33599
"[14975, 14413]",35671
"[16842, 14994]",33381
"[16842, 14994]",32450
"[16842, 14994]",35691
"[16842, 14994]",31710
"[16842, 14994]",28547
"[16842, 14994]",38121
"[16842, 15455, 14977]",27248
"[16842, 15455, 14977]",28780
"[16842, 15455, 14977]",31245
"[16842, 15455, 14977]",29296
"[16842, 15455, 14977]",28547
"[19245, 15201, 21661]",36040
"[19245, 15201, 21661]",37659
"[14737, 15481, 14792]",35612
"[15912, 20369]",35612
"[15912, 20369]",35543
"[14259, 15812]",32394
"[14259, 15812]",27743
"[14259, 15812]",27407
"[14259, 15812]",28547
"[14259, 15812]",38121
"[14259, 15812]",28313
"[14259, 15812]",36009
"[14259, 15812]",38478
"[14258, 15812]",28547
"[15077, 17993]",30494
"[15284, 17224]",37722
"[14769, 19604]",35612
"[14769, 19604]",28849
"[14769, 19604]",30827
"[16510, 19614]",36906
"[14794, 19603]",35612
"[15531, 15356]",35638
"[15531, 15356]",36075
