Node Indices,Score
"(2564, 2973, 2182)",0.6061261296272278
"(1800, 2297, 4177)",0.6059548258781433
"(1601, 1577, 3439)",0.605937659740448
"(1800, 4177, 1836)",0.6059322357177734
"(4177, 1836, 1382)",0.6058056354522705
"(2032, 1596, 2973)",0.6057959198951721
"(3017, 1490, 1491)",0.6057943105697632
"(568, 4573, 567)",0.605786919593811
"(1800, 1836, 3190)",0.6057513356208801
"(1800, 2297, 3793)",0.605747640132904
"(944, 3349, 943)",0.6057437658309937
"(4177, 2297, 1382)",0.6057395339012146
"(2297, 3793, 1382)",0.6057335734367371
"(4417, 1577, 2487)",0.6057211756706238
"(1800, 3793, 1836)",0.6057034134864807
"(3788, 1469, 1703)",0.6056791543960571
"(656, 5186, 1391)",0.6056720614433289
"(2973, 2029, 1558)",0.6056458353996277
"(3190, 1836, 1382)",0.605611264705658
"(1782, 2973, 1558)",0.6056021451950073
"(2564, 2973, 2182, 2031)",0.6055700182914734
"(2973, 2029, 1782)",0.6055585741996765
"(1073, 21, 2807)",0.6055181622505188
"(2956, 1446, 1390)",0.6055130958557129
"(1545, 2775, 1943)",0.605506181716919
"(2775, 1435, 1943)",0.6055034399032593
"(1601, 1577, 4417)",0.6054850816726685
"(1569, 1490, 3017)",0.605455756187439
"(1800, 4523, 1836)",0.6054554581642151
"(4329, 1963, 1446)",0.6054526567459106
"(2775, 1339, 1943)",0.6054279208183289
"(1569, 1491, 3017)",0.605410099029541
"(2297, 4418, 1382)",0.6053987145423889
"(3144, 1490, 1491)",0.605395495891571
"(4795, 1836, 1382)",0.6053908467292786
"(1800, 4177, 1844)",0.6053889393806458
"(1960, 3017, 1490, 1491)",0.6053875088691711
"(1963, 2956, 1446)",0.6053861975669861
"(1499, 3085, 2374)",0.6053767800331116
"(2052, 2973, 1743)",0.6053730845451355
"(1963, 1933, 3903)",0.6053555011749268
"(4347, 1933, 1390)",0.6053531765937805
"(2496, 2718, 3903)",0.6053493618965149
"(1800, 1836, 3021)",0.6053491234779358
"(2775, 2582, 1943)",0.6053462028503418
"(1800, 3426, 1836)",0.605346143245697
"(680, 2973, 1782)",0.605328381061554
"(1800, 2297, 4424)",0.605320155620575
"(1457, 2133, 2911)",0.6053152084350586
"(1800, 2297, 4555)",0.6053138971328735
"(1352, 3075, 1383)",0.6053102016448975
"(4417, 2473, 2487)",0.6052951812744141
"(3017, 1490, 2354)",0.6052946448326111
"(2973, 1782, 1743)",0.6052871346473694
"(1800, 2297, 4945)",0.6052839756011963
"(568, 4614, 567)",0.6052775382995605
"(1963, 3212, 1933)",0.6052719354629517
"(1836, 3021, 1382)",0.6052716970443726
"(1782, 2973, 2029, 1558)",0.6052666306495667
"(3656, 1041, 1566)",0.6052634119987488
"(2297, 4524, 1382)",0.6052541136741638
"(1800, 1836, 4175)",0.6052488088607788
"(1800, 4332, 1382)",0.6052485704421997
"(128, 1953, 4178)",0.6052435636520386
"(2775, 1349, 1943)",0.6052432060241699
"(2297, 4549, 1382)",0.6052428483963013
"(1800, 4176, 1836)",0.6052415370941162
"(4177, 25, 309)",0.605241060256958
"(25, 3793, 309)",0.6052366495132446
"(4347, 1446, 1390)",0.605233371257782
"(3560, 1836, 1382)",0.6052294373512268
"(1825, 3177, 1833)",0.6052240133285522
"(1800, 4424, 1836)",0.6052197813987732
"(4332, 1836, 1382)",0.6052173972129822
"(1836, 1382, 4676)",0.6052125692367554
"(3834, 251, 253)",0.6052124500274658
"(1836, 1382, 4175)",0.6052121520042419
"(1800, 1836, 3999)",0.6052069067955017
"(128, 1953, 2956)",0.6052069067955017
"(1800, 1836, 4676)",0.6052044630050659
"(2369, 4443, 1461)",0.6052016615867615
"(3200, 1073, 21)",0.6051992177963257
"(1349, 1470, 2775)",0.605198323726654
"(1466, 2133, 2911)",0.6051939725875854
"(3190, 309, 1382)",0.6051879525184631
"(1800, 2297, 4456)",0.6051855087280273
"(2473, 3439, 2487)",0.6051802635192871
"(1800, 1836, 3560)",0.6051783561706543
"(2297, 4865, 1382)",0.6051779985427856
"(1800, 3210, 1836)",0.6051748991012573
"(1457, 1466, 2911)",0.6051694750785828
"(1836, 1382, 4463)",0.6051686406135559
"(1480, 4443, 1461)",0.6051680445671082
"(385, 4573, 567)",0.6051583290100098
"(2440, 2178, 4636)",0.6051579713821411
"(1960, 1641, 3017)",0.6051545739173889
"(1596, 2973, 1743)",0.6051542162895203
"(128, 1953, 3219)",0.6051493287086487
"(1544, 1658, 4706)",0.6051484942436218
"(1800, 3560, 1382)",0.6051438450813293
"(1464, 5386, 1750)",0.6051436066627502
"(4523, 1844, 1382)",0.6051427125930786
"(4176, 1836, 1382)",0.6051375269889832
"(1800, 2297, 4410)",0.6051369905471802
"(2775, 1470, 1943)",0.6051357984542847
"(1545, 2529, 2775)",0.6051304936408997
"(1800, 4451, 1836)",0.6051284074783325
"(1601, 2473, 3439)",0.6051275134086609
"(3656, 1990, 1566)",0.6051256656646729
"(1968, 3656, 1566)",0.6051245927810669
"(4536, 385, 567)",0.6051233410835266
"(2529, 1410, 2775)",0.6051181554794312
"(568, 4332, 567)",0.6051170229911804
"(1339, 1470, 2775)",0.6051149368286133
"(1960, 1569, 1490, 3017)",0.6051137447357178
"(2297, 1836, 3190)",0.6051130890846252
"(1963, 1933, 2959)",0.6051105856895447
"(1410, 2775, 1943)",0.6051052212715149
"(3219, 1933, 1390)",0.6051040887832642
"(4371, 1963, 1446)",0.6051039695739746
"(1963, 3219, 1933)",0.6051032543182373
"(1953, 1963, 2956, 1933)",0.605102002620697
"(3212, 1446, 1390)",0.6050966382026672
"(3426, 1836, 1382)",0.6050958633422852
"(1825, 3174, 1833)",0.6050894260406494
"(4473, 1963, 1446)",0.6050809025764465
"(1944, 2140, 4140)",0.6050770878791809
"(1577, 2473, 3439)",0.6050755977630615
"(4545, 1414, 182)",0.6050726771354675
"(2496, 2956, 2718)",0.6050721406936646
"(4169, 1426, 1799)",0.6050710082054138
"(3190, 1382, 2399)",0.6050692796707153
"(1800, 4410, 1836)",0.6050675511360168
"(1800, 5216, 1836)",0.605067253112793
"(3224, 2074, 2539)",0.6050617694854736
"(1809, 1386, 4543)",0.6050577163696289
"(1481, 5321, 1351)",0.6050560474395752
"(1578, 4446, 1471)",0.6050477027893066
"(65, 1714, 4195)",0.6050462126731873
"(128, 1953, 4371)",0.6050455570220947
"(1825, 3171, 1833)",0.6050443053245544
"(568, 3793, 567)",0.6050426363945007
"(1545, 1470, 2775)",0.6050422191619873
"(4543, 1386, 1799)",0.605042040348053
"(1968, 1041, 3656)",0.6050369739532471
"(2962, 1963, 1933)",0.605035126209259
"(1490, 1491, 3276)",0.6050329208374023
"(1776, 3834, 2004)",0.6050318479537964
"(128, 1953, 4529)",0.6050311326980591
"(1545, 1410, 2775)",0.6050288081169128
"(2331, 1435, 2775)",0.6050283312797546
"(1641, 1491, 3017)",0.6050258874893188
"(1800, 4177, 309)",0.605023980140686
"(128, 1801, 2956)",0.6050208210945129
"(4103, 1837, 2071)",0.6050203442573547
"(2775, 1476, 1943)",0.60501629114151
"(1481, 3302, 1351)",0.6050134301185608
"(1960, 3144, 1490, 1491)",0.6050063371658325
"(568, 4353, 567)",0.6050052046775818
"(4417, 1601, 2473)",0.6050050258636475
"(1457, 2796, 2133)",0.6050049066543579
"(2297, 4410, 1382)",0.605003297328949
"(1836, 1382, 4311)",0.6050004959106445
"(3190, 2028, 1382)",0.6049970388412476
"(386, 5103, 575)",0.6049952507019043
"(3190, 1837, 1382)",0.6049949526786804
"(1800, 3793, 309)",0.6049941182136536
"(1800, 4177, 2028)",0.6049903631210327
"(1800, 4456, 1836)",0.6049886345863342
"(1704, 1349, 2775)",0.6049820780754089
"(2529, 2775, 1943)",0.6049791574478149
"(1800, 1836, 3024)",0.6049776673316956
"(5437, 444, 597)",0.6049750447273254
"(4545, 1050, 438)",0.604974091053009
"(3017, 2354, 1491)",0.6049690842628479
"(1800, 2297, 4614)",0.6049661636352539
"(1809, 4543, 1799)",0.6049659848213196
"(1963, 3212, 1446)",0.6049638986587524
"(1825, 2122, 3177)",0.6049631834030151
"(2297, 1382, 4511)",0.6049628257751465
"(2529, 1470, 2775)",0.6049575209617615
"(1800, 4332, 1836)",0.6049543619155884
"(1513, 2777, 511)",0.6049525737762451
"(385, 5107, 567)",0.6049520969390869
"(1577, 2721, 3439)",0.6049508452415466
"(568, 4177, 567)",0.6049491167068481
"(4417, 1963, 1933)",0.6049479842185974
"(4952, 2446, 2447)",0.604947030544281
"(1844, 1837, 3190)",0.6049460768699646
"(1960, 3257, 1490)",0.6049453616142273
"(1809, 1386, 4418)",0.6049448251724243
"(1339, 1870, 2775)",0.6049418449401855
"(1800, 4177, 1836, 1837)",0.6049383878707886
"(1800, 2297, 4367)",0.6049360036849976
"(2722, 2718, 2962)",0.6049355864524841
"(4291, 309, 1382)",0.6049348711967468
"(1800, 2297, 3021)",0.6049340963363647
"(1410, 1470, 2775)",0.6049338579177856
"(4417, 1577, 2473)",0.6049322485923767
"(1844, 1382, 3999)",0.6049315929412842
"(1569, 2354, 3017)",0.6049293279647827
"(1960, 3017, 2354)",0.6049274802207947
"(2029, 2973, 1743)",0.6049267649650574
"(1968, 5012, 2541)",0.6049261689186096
"(128, 1953, 4347)",0.6049204468727112
"(2297, 4555, 1382)",0.6049197316169739
"(1800, 1836, 4454)",0.6049187779426575
"(3219, 1446, 1390)",0.6049177050590515
"(1825, 2122, 3174)",0.6049171090126038
"(1800, 1844, 3021)",0.6049161553382874
"(1800, 4395, 1836)",0.6049134731292725
"(1481, 5322, 1351)",0.6049124598503113
"(4378, 1963, 1446)",0.6049124002456665
"(1800, 4450, 1836)",0.6049116849899292
"(568, 4454, 567)",0.6049115061759949
"(32, 626, 4518)",0.6049109697341919
"(1545, 1870, 2775)",0.6049103140830994
"(3075, 1844, 1383)",0.6049094200134277
"(128, 1953, 4329)",0.6049092411994934
"(1800, 25, 1836, 4177)",0.604907214641571
"(2297, 3562, 1382)",0.6049071550369263
"(3310, 1526, 687)",0.6049039363861084
"(3656, 1565, 1566)",0.6049028038978577
"(128, 1953, 3788)",0.6049017310142517
"(1410, 1435, 2775)",0.604901134967804
"(1953, 2718, 3903)",0.604901134967804
"(2057, 1446, 3903)",0.6049001812934875
"(1386, 4418, 1382)",0.6048991084098816
"(2297, 1836, 3079)",0.6048981547355652
"(2775, 2331, 1943)",0.6048979759216309
"(1800, 4449, 1836)",0.6048958897590637
"(2297, 1382, 4614)",0.6048939228057861
"(1954, 2956, 1390)",0.6048936247825623
"(128, 4178, 660)",0.6048930883407593
"(1339, 2030, 2775)",0.6048926115036011
"(1414, 182, 4886)",0.6048914790153503
"(4169, 1386, 1799)",0.6048862338066101
"(1481, 4545, 1351)",0.6048839688301086
"(2440, 2178, 4995)",0.6048837900161743
"(2356, 2133, 2796)",0.6048833131790161
"(1800, 2297, 4457)",0.6048818826675415
"(386, 4622, 575)",0.6048813462257385
"(1809, 4418, 2297)",0.6048813462257385
"(1800, 4352, 1382)",0.6048804521560669
"(4451, 1836, 1382)",0.604876697063446
"(1800, 1836, 4396)",0.6048732399940491
"(4360, 1963, 1446)",0.6048712134361267
"(1800, 4458, 1836)",0.6048709750175476
"(4665, 1836, 1382)",0.6048662066459656
"(3656, 2006, 1566)",0.6048660278320312
"(1800, 1836, 3198)",0.6048657298088074
"(1386, 1382, 3190)",0.6048629879951477
"(1809, 1386, 4524)",0.604861855506897
"(1800, 309, 3190)",0.6048593521118164
"(1968, 3656, 2541)",0.6048586368560791
"(2775, 1470, 2582)",0.6048577427864075
"(1953, 1963, 2956, 1446)",0.6048563718795776
"(2956, 1963, 1446, 1390)",0.6048563718795776
"(1552, 4486, 1574)",0.6048561930656433
"(4458, 1836, 1382)",0.6048540472984314
"(41, 2956, 2718)",0.6048537492752075
"(3560, 2297, 1382)",0.6048535108566284
"(2560, 1781, 3519)",0.6048521399497986
"(1800, 2297, 4865, 1382)",0.6048519611358643
"(2464, 2582, 2775)",0.6048508286476135
"(2973, 2022, 1551)",0.6048505902290344
"(4177, 1469, 1382)",0.604850172996521
"(3560, 25, 1836)",0.6048462390899658
"(4904, 385, 567)",0.6048456430435181
"(1800, 3562, 1836)",0.6048445105552673
"(1825, 3172, 1833)",0.604843258857727
"(2297, 1386, 4418)",0.6048378944396973
"(2031, 2973, 1743)",0.6048377156257629
"(1809, 3426, 1836)",0.6048361659049988
"(1386, 3426, 1799)",0.6048343181610107
"(4177, 25, 1837)",0.6048341393470764
"(128, 1801, 4329)",0.6048325896263123
"(1426, 3426, 1799)",0.6048310995101929
"(3983, 1481, 1351)",0.6048308610916138
"(1800, 1836, 4103)",0.6048293709754944
"(2140, 4140, 1383)",0.6048287749290466
"(2032, 2972, 1596)",0.6048280596733093
"(128, 4178, 1963, 1933)",0.6048244833946228
"(1601, 1577, 4417, 1615)",0.6048233509063721
"(1963, 3788, 1446)",0.6048223376274109
"(41, 2962, 2718)",0.604821503162384
"(3453, 2285, 1079)",0.604820966720581
"(568, 3075, 567)",0.6048202514648438
"(1836, 1837, 4103)",0.6048192977905273
"(2297, 4585, 1382)",0.6048164963722229
"(1476, 1470, 2775)",0.6048163771629333
"(1704, 1339, 2775)",0.6048153042793274
"(3017, 1490, 1478)",0.6048151254653931
"(2297, 1837, 3190)",0.6048130393028259
"(1481, 4948, 1351)",0.6048130393028259
"(2560, 1825, 3177)",0.6048114895820618
"(1349, 2582, 2775)",0.6048111915588379
"(1704, 2775, 1943)",0.6048099994659424
"(1800, 1836, 3560, 1382)",0.6048068404197693
"(1953, 4178, 1963, 1933)",0.604806125164032
"(1801, 1953, 3219)",0.6048038005828857
"(1837, 3190, 1383)",0.6048028469085693
"(685, 3310, 687)",0.6048017740249634
"(1962, 1436, 4807)",0.6048014163970947
"(2081, 2301, 2981)",0.604800820350647
"(1953, 1963, 1933, 4347)",0.6047999858856201
"(2775, 1870, 1943)",0.6047995090484619
"(1801, 1953, 2956)",0.6047994494438171
"(3017, 2354, 1478)",0.6047986149787903
"(5018, 2446, 2447)",0.6047943830490112
"(2473, 3201, 2487)",0.6047941446304321
"(4624, 385, 567)",0.6047936081886292
"(1800, 3021, 1837)",0.6047875881195068
"(2529, 1349, 2775)",0.6047866344451904
"(1963, 1933, 3271)",0.6047847270965576
"(568, 4731, 567)",0.6047844886779785
"(1611, 4446, 1471)",0.604784369468689
"(1800, 1836, 4647)",0.6047834753990173
"(2560, 1781, 4350)",0.604783296585083
"(1641, 3017, 1333)",0.6047823429107666
"(1457, 1466, 2796)",0.6047810912132263
"(1743, 2973, 1551)",0.6047806739807129
"(2297, 4524, 1837)",0.6047765016555786
"(1960, 1641, 3144)",0.60477614402771
"(128, 4329, 1963, 1933)",0.6047734618186951
"(3021, 1844, 1837)",0.6047734618186951
"(1809, 3426, 1799)",0.6047707200050354
"(4888, 385, 567)",0.604767918586731
"(1968, 4848, 2541)",0.6047621965408325
"(2330, 3395, 2230)",0.6047613620758057
"(3976, 1665, 2598)",0.6047599911689758
"(89, 2718, 3903)",0.6047587990760803
"(2297, 1382, 4367)",0.6047583818435669
"(1800, 4665, 1836)",0.6047554612159729
"(1960, 3017, 1490, 2354)",0.6047546863555908
"(1800, 4424, 1837)",0.6047541499137878
"(1809, 4418, 1799)",0.6047539710998535
"(128, 1953, 4473)",0.6047523617744446
"(1466, 2796, 2133)",0.6047487854957581
"(2161, 2057, 3212)",0.6047481298446655
"(4652, 1446, 1390)",0.6047477126121521
"(128, 2956, 660)",0.6047457456588745
"(4608, 1697, 1740)",0.6047434210777283
"(4328, 1963, 1446)",0.604743242263794
"(1963, 1446, 4359)",0.6047425866127014
"(4177, 25, 1811)",0.6047422289848328
"(386, 4573, 575)",0.6047416925430298
"(2775, 1339, 1983)",0.6047413349151611
"(4332, 2028, 1382)",0.6047380566596985
"(2297, 4418, 1837)",0.6047371029853821
"(2331, 1470, 2775)",0.6047362685203552
"(3834, 2004, 253)",0.6047351360321045
"(1809, 1386, 3426)",0.6047337651252747
"(4975, 863, 687)",0.6047331690788269
"(1979, 1484, 5029)",0.6047307848930359
"(1641, 1490, 3276)",0.6047306060791016
"(1800, 1844, 4175)",0.6047285199165344
"(1499, 3085, 54)",0.6047245860099792
"(1561, 3085, 2374)",0.6047223210334778
"(1352, 3075, 1844)",0.6047204732894897
"(1800, 1844, 3999)",0.6047175526618958
"(2959, 1577, 1615)",0.6047168374061584
"(1953, 1963, 4329, 1446)",0.6047159433364868
"(1561, 1499, 3085)",0.6047158241271973
"(3656, 2014, 2006)",0.6047142148017883
"(5017, 2446, 2447)",0.6047127842903137
"(1953, 3174, 1703)",0.6047115325927734
"(4350, 1963, 1446)",0.60471111536026
"(2297, 3021, 1382)",0.6047108769416809
"(128, 4371, 1963, 1933)",0.6047092080116272
"(2275, 2718, 3903)",0.6047070026397705
"(2297, 4916, 1382)",0.6047064661979675
"(1936, 1970, 3421)",0.6047064661979675
"(385, 5172, 567)",0.604705274105072
"(2560, 1825, 4350)",0.6047048568725586
"(1836, 1382, 4103)",0.6047015190124512
"(1800, 2297, 4431)",0.6047012805938721
"(385, 4581, 567)",0.6046950221061707
"(1962, 1436, 4806)",0.6046944260597229
"(128, 1953, 4328)",0.6046940088272095
"(1800, 1836, 3029)",0.6046921610832214
"(385, 4597, 567)",0.604691743850708
"(1705, 3212, 2057)",0.6046916246414185
"(1800, 3190, 1837, 1382)",0.604691207408905
"(1800, 25, 4177, 2297)",0.6046909093856812
"(1953, 1963, 1933, 3222)",0.604690432548523
"(1800, 25, 1836, 3793)",0.6046901345252991
"(1386, 4454, 1799)",0.6046895384788513
"(3174, 1963, 1446)",0.6046890616416931
"(3983, 1310, 1351)",0.6046876311302185
"(1601, 2722, 3439)",0.6046864986419678
"(2297, 1844, 3190)",0.604684591293335
"(1800, 3426, 1844)",0.6046815514564514
"(1704, 1470, 2775)",0.6046785116195679
"(2973, 2029, 1782, 1743)",0.6046776175498962
"(2330, 5276, 2230)",0.6046775579452515
"(128, 1953, 4347, 1933)",0.6046772003173828
"(2025, 2721, 3439)",0.6046755313873291
"(1481, 5097, 1351)",0.6046754717826843
"(1968, 1555, 3276)",0.6046754121780396
"(1782, 2973, 1558, 1743)",0.6046745777130127
"(1800, 1844, 4549)",0.6046738028526306
"(2560, 3177, 1781)",0.6046735644340515
"(5096, 1481, 1351)",0.6046732664108276
"(2074, 2539, 3086)",0.6046725511550903
"(4177, 25, 2399)",0.6046701669692993
"(1825, 3177, 1703)",0.6046696901321411
"(1953, 3177, 1703)",0.604667067527771
"(1800, 1844, 5055)",0.6046659350395203
"(3426, 1836, 1799)",0.6046658158302307
"(1825, 3183, 1833)",0.6046656966209412
"(1761, 1490, 3017)",0.6046627759933472
"(385, 5062, 567)",0.6046621799468994
"(3682, 1380, 1518)",0.6046585440635681
"(533, 3174, 1703)",0.6046574115753174
"(1968, 3144, 2541)",0.6046570539474487
"(4545, 2395, 182)",0.6046561598777771
"(4372, 1469, 1703)",0.6046484708786011
"(128, 1953, 1963, 2956, 1933)",0.6046478748321533
"(2302, 3693, 1510)",0.604647159576416
"(4418, 1837, 1382)",0.6046445369720459
"(385, 4141, 567)",0.6046442985534668
"(568, 4573, 574, 567)",0.6046438813209534
"(2025, 2275, 2959)",0.6046401262283325
"(4177, 1809, 1837)",0.6046397089958191
"(128, 660, 4359)",0.6046395897865295
"(1825, 2122, 3171)",0.6046387553215027
"(2057, 3219, 1446)",0.6046339273452759
"(2953, 1499, 54)",0.6046332716941833
"(1953, 1963, 1446, 4347)",0.6046318411827087
"(2497, 2042, 3075)",0.604631781578064
"(1924, 5483, 516)",0.6046310663223267
"(513, 5395, 1366)",0.6046300530433655
"(1809, 4454, 1799)",0.6046285629272461
"(2560, 1825, 3174)",0.6046256422996521
"(3682, 1380, 1534)",0.6046242117881775
"(1963, 4357, 1446)",0.6046234965324402
"(128, 4473, 1963, 1933)",0.6046233773231506
"(3426, 1844, 1837)",0.6046227216720581
"(1800, 4585, 1836)",0.6046199798583984
"(1800, 4338, 1836)",0.6046198010444641
"(1825, 3519, 1833)",0.604619562625885
"(1481, 4873, 1351)",0.6046178936958313
"(1800, 3075, 1836)",0.6046178340911865
"(128, 660, 4652)",0.6046175360679626
"(2057, 1446, 1390, 3903)",0.6046169400215149
"(128, 1953, 2959)",0.6046164035797119
"(1578, 4446, 2351)",0.604616105556488
"(1809, 3426, 1382)",0.6046144366264343
"(128, 1953, 3903)",0.6046142578125
"(1800, 1836, 4431)",0.6046136617660522
"(4360, 2057, 1446)",0.6046131253242493
"(1585, 2582, 2775)",0.6046128869056702
"(4328, 1953, 1703)",0.6046123504638672
"(1776, 3834, 251)",0.6046122312545776
"(4585, 1836, 1382)",0.6046118140220642
"(4708, 1697, 1740)",0.6046113967895508
"(1968, 3656, 1555)",0.6046109199523926
"(1809, 1386, 3079)",0.6046080589294434
"(1298, 2133, 2911)",0.6046064496040344
"(4291, 1844, 1382)",0.6046041250228882
"(2033, 2029, 2973)",0.6046018004417419
"(4523, 1844, 1837)",0.6046018004417419
"(1481, 2058, 4545)",0.6045995950698853
"(1360, 2775, 1943)",0.6045989990234375
"(568, 4638, 567)",0.6045989990234375
"(2591, 3085, 2159)",0.6045969128608704
"(2330, 2230, 4602)",0.6045939326286316
"(760, 762, 3349)",0.6045929193496704
"(5019, 2446, 2447)",0.6045926213264465
"(1800, 4457, 1836)",0.6045911312103271
"(1386, 4549, 1799)",0.6045876145362854
"(1809, 3426, 1837)",0.6045863628387451
"(251, 253, 5343)",0.6045843362808228
"(1800, 2297, 1382, 3999)",0.6045820713043213
"(4426, 1836, 1382)",0.6045806407928467
"(4545, 85, 1414)",0.6045801043510437
"(2775, 2331, 1359)",0.6045799851417542
"(1499, 2156, 3085)",0.6045798063278198
"(4032, 427, 2111)",0.6045790314674377
"(2946, 1963, 1933)",0.6045783758163452
"(1800, 3051, 1836)",0.6045778393745422
"(2161, 523, 3212)",0.6045769453048706
"(3426, 1844, 1382)",0.6045763492584229
"(1800, 2297, 1836, 3021)",0.6045758128166199
"(1800, 1836, 4471)",0.6045755743980408
"(1800, 4448, 1836)",0.604571521282196
"(1618, 4486, 1607)",0.6045714616775513
"(1809, 1386, 4454)",0.6045710444450378
"(128, 1953, 4000)",0.6045703887939453
"(3536, 1962, 1436)",0.6045700907707214
"(4417, 1963, 1446)",0.6045697927474976
"(1464, 2018, 5386)",0.6045687794685364
"(2560, 1825, 3519)",0.604566216468811
"(1577, 2185, 2959)",0.6045660376548767
"(1837, 309, 3190)",0.6045657992362976
"(1825, 3174, 1703)",0.6045653820037842
"(2297, 4555, 1837)",0.6045652627944946
"(1800, 1386, 3426)",0.6045651435852051
"(3190, 1382, 1383)",0.6045650839805603
"(1552, 1574, 4407)",0.6045643091201782
"(1825, 2122, 3519)",0.6045622229576111
"(2560, 1825, 4178)",0.6045615077018738
"(2297, 1382, 4663)",0.604560911655426
"(4768, 2058, 1351)",0.6045599579811096
"(3166, 2362, 2118)",0.6045586466789246
"(568, 4332, 1382)",0.6045556664466858
"(1761, 2354, 3017)",0.6045545339584351
"(3075, 1844, 1382)",0.6045542359352112
"(1416, 3755, 1430)",0.6045538783073425
"(3200, 1226, 1093)",0.6045535206794739
"(4417, 2025, 2721)",0.6045528650283813
"(4169, 1809, 1386)",0.6045502424240112
"(3075, 2071, 1383)",0.6045501828193665
"(2482, 5030, 2199)",0.6045497059822083
"(2973, 2029, 1558, 1743)",0.6045486927032471
"(4549, 1809, 2297)",0.6045486927032471
"(3177, 533, 1703)",0.6045478582382202
"(1800, 25, 3560)",0.6045477390289307
"(1800, 2297, 4638)",0.6045471429824829
"(128, 1953, 4360)",0.6045460104942322
"(1240, 2298, 5179)",0.6045448184013367
"(568, 3211, 567)",0.6045445799827576
"(4169, 1809, 1799)",0.6045436859130859
"(128, 1953, 4549)",0.604543149471283
"(568, 3793, 309)",0.6045428514480591
"(2052, 2029, 2973, 1743)",0.6045417785644531
"(3144, 2591, 2159)",0.6045404672622681
"(128, 1953, 4581)",0.6045396327972412
"(1844, 1837, 4103)",0.6045392155647278
"(1786, 1837, 4103)",0.6045375466346741
"(1800, 2297, 1382, 4614)",0.6045375466346741
"(1825, 1781, 3519)",0.6045372486114502
"(4545, 2058, 1351)",0.604536771774292
"(2356, 2686, 2796)",0.6045350432395935
"(1953, 4347, 1703)",0.6045337915420532
"(1800, 4426, 1836)",0.6045323610305786
"(2298, 1781, 3519)",0.6045322418212891
"(1953, 1963, 3212, 1933)",0.6045316457748413
"(1963, 1446, 1390, 4347)",0.6045314073562622
"(25, 1836, 4103)",0.604529619216919
"(4545, 1310, 1039)",0.6045282483100891
"(385, 4140, 567)",0.6045276522636414
"(2706, 92, 3535)",0.6045262217521667
"(1466, 1282, 2911)",0.6045244336128235
"(2473, 2275, 2959)",0.604520857334137
"(1762, 1349, 2775)",0.6045201420783997
"(1800, 1382, 4103)",0.6045190691947937
"(4466, 1963, 1933)",0.604518473148346
"(1996, 4446, 2351)",0.6045180559158325
"(2441, 3222, 1102)",0.6045174598693848
"(4000, 1963, 1446)",0.6045173406600952
"(385, 3834, 567)",0.604515016078949
"(3177, 1963, 1446)",0.6045144200325012
"(385, 4660, 567)",0.6045143604278564
"(1386, 1382, 4175)",0.6045137643814087
"(1800, 25, 3793, 2297)",0.60451340675354
"(1825, 2122, 3172)",0.6045132279396057
"(1960, 1641, 3276)",0.6045131087303162
"(1490, 634, 3017)",0.6045129299163818
"(2302, 3438, 1510)",0.6045127511024475
"(1506, 5524, 1862)",0.6045122146606445
"(3560, 1836, 2071)",0.6045122146606445
"(385, 4614, 567)",0.604510486125946
"(1377, 3682, 1335)",0.6045103669166565
"(2177, 2131, 2796)",0.6045098304748535
"(251, 253, 4103)",0.6045094132423401
"(4449, 1836, 1382)",0.6045094132423401
"(128, 4371, 660)",0.604509174823761
"(1601, 2473, 2959)",0.6045085787773132
"(1762, 1470, 2775)",0.6045078039169312
"(1800, 3075, 1844)",0.6045069694519043
"(1585, 1349, 2775)",0.6045037508010864
"(1953, 1963, 1446, 3903)",0.6045032143592834
"(385, 3199, 567)",0.6045025587081909
"(1800, 1836, 309, 3190)",0.6045019626617432
"(2057, 3212, 1469)",0.6044987440109253
"(2512, 2973, 2606)",0.6044984459877014
"(2297, 1382, 4638)",0.6044980883598328
"(4360, 89, 2473)",0.6044978499412537
"(1953, 2275, 2956)",0.6044976711273193
"(1800, 1386, 1382, 3190)",0.6044976115226746
"(1837, 1382, 4175)",0.604497492313385
"(2025, 4466, 2721)",0.6044949889183044
"(4169, 1426, 1844)",0.6044940948486328
"(5145, 2475, 2446)",0.6044932007789612
"(1410, 2775, 1470, 1943)",0.6044927835464478
"(1800, 25, 4177, 309)",0.6044925451278687
"(5432, 1252, 1991)",0.6044924259185791
"(1800, 1837, 4103)",0.6044899821281433
"(25, 1836, 3199)",0.6044897437095642
"(1339, 1396, 2775)",0.6044897437095642
"(1960, 3017, 1478)",0.6044896245002747
"(2057, 1446, 2959)",0.6044892072677612
"(1968, 5331, 2541)",0.6044891476631165
"(1963, 1446, 4374)",0.6044890284538269
"(2395, 4886, 2271)",0.6044887900352478
"(1464, 1346, 5386)",0.6044884920120239
"(1800, 3427, 1836)",0.604487419128418
"(4376, 1963, 1446)",0.604483962059021
"(680, 2973, 1782, 1743)",0.6044838428497314
"(4923, 1836, 1382)",0.6044831275939941
"(4536, 386, 575)",0.6044809818267822
"(1585, 1435, 2775)",0.6044790744781494
"(128, 4359, 2599)",0.6044784188270569
"(1963, 4372, 1446)",0.6044779419898987
"(128, 660, 4357)",0.6044771075248718
"(2722, 3439, 2487)",0.6044763326644897
"(4948, 2534, 1351)",0.6044758558273315
"(1968, 3276, 1566)",0.6044749021530151
"(2297, 4418, 1799)",0.6044747233390808
"(1800, 3021, 2358)",0.6044746041297913
"(128, 1953, 4417)",0.6044716835021973
"(1825, 1390, 3903)",0.6044704914093018
"(1800, 25, 4795)",0.6044703125953674
"(1386, 4458, 1799)",0.6044686436653137
"(2008, 2140, 3525)",0.6044668555259705
"(1800, 5057, 1844)",0.6044666171073914
"(1800, 25, 3793, 309)",0.6044665575027466
"(1953, 3788, 2262)",0.604465901851654
"(2529, 1396, 2775)",0.6044644117355347
"(4417, 1446, 1390)",0.6044628024101257
"(5020, 2446, 2447)",0.6044623851776123
"(2560, 1781, 3174)",0.6044619083404541
"(3200, 1836, 1382)",0.6044614315032959
"(1800, 4618, 1836)",0.6044613122940063
"(4103, 2140, 1383)",0.6044610142707825
"(1801, 1953, 3174)",0.6044608950614929
"(1963, 1933, 4423)",0.6044605374336243
"(1953, 3219, 1703)",0.6044603586196899
"(2475, 2446, 5142)",0.6044598817825317
"(4417, 2025, 2275)",0.6044590473175049
"(128, 1953, 4551)",0.6044590473175049
"(1809, 1386, 4175)",0.604457437992096
"(1801, 1953, 4359)",0.6044564843177795
"(1704, 1585, 2775)",0.6044551730155945
"(5032, 385, 567)",0.6044548153877258
"(4256, 2412, 1477)",0.6044537425041199
"(1800, 3075, 1382)",0.6044527292251587
"(1809, 4418, 1837)",0.6044521927833557
"(3426, 1837, 1382)",0.6044521927833557
"(2560, 1825, 4387)",0.6044508814811707
"(25, 3426, 309)",0.6044496893882751
"(1801, 1953, 3788)",0.6044445037841797
"(2057, 3222, 1446)",0.6044443249702454
"(1800, 1809, 4523, 1836)",0.604444146156311
"(1402, 5030, 1535)",0.6044440269470215
"(3085, 2591, 1669, 2159)",0.6044423580169678
"(568, 4573, 575)",0.6044405698776245
"(385, 5131, 567)",0.6044384837150574
"(2512, 2972, 2606)",0.6044382452964783
"(1825, 2122, 4350)",0.6044373512268066
"(128, 1953, 1446, 1963, 2956)",0.6044357419013977
"(1494, 1398, 2775)",0.6044356226921082
"(1953, 4359, 1703)",0.6044354438781738
"(4450, 1836, 1382)",0.6044350862503052
"(1968, 2541, 4509)",0.6044349670410156
"(1953, 1890, 2956)",0.6044343113899231
"(1777, 4708, 2589)",0.6044339537620544
"(128, 660, 4350)",0.6044337749481201
"(89, 1094, 3271)",0.6044336557388306
"(128, 1953, 4418)",0.6044334769248962
"(1577, 2473, 2959)",0.6044329404830933
"(1800, 4606, 1703)",0.6044328212738037
"(2026, 3682, 1590)",0.6044326424598694
"(3017, 1490, 54)",0.6044323444366455
"(2208, 2973, 1743)",0.6044319868087769
"(1446, 1390, 3519)",0.6044318079948425
"(1446, 4329, 1963, 1933, 1390)",0.6044316291809082
"(2473, 2956, 2487)",0.6044312715530396
"(1986, 1960, 3017, 1490, 1333)",0.6044312119483948
"(128, 1953, 5377)",0.6044310927391052
"(128, 1953, 3204)",0.6044310331344604
"(2775, 2582, 1470, 1943)",0.6044305562973022
"(4361, 1963, 1446)",0.6044284701347351
"(3075, 2140, 1383)",0.604428231716156
"(1953, 2275, 2959)",0.6044252514839172
"(4760, 1962, 1436)",0.6044237613677979
"(128, 2956, 2718)",0.6044229865074158
"(4386, 1836, 1382)",0.6044226288795471
"(1800, 4177, 1811, 1836)",0.6044213771820068
"(2796, 2133, 2686)",0.6044203639030457
"(5161, 1378, 1351)",0.6044203042984009
"(2775, 1476, 1470, 1943)",0.6044182777404785
"(1825, 4350, 1833)",0.6044166684150696
"(128, 1953, 4815)",0.6044162511825562
"(2775, 1494, 2582)",0.6044161915779114
"(4545, 1310, 1351)",0.604416012763977
"(4368, 2014, 2006)",0.6044150590896606
"(1578, 2004, 3834)",0.6044146418571472
"(1800, 4410, 1837)",0.6044139266014099
"(3755, 1430, 1759)",0.6044133305549622
"(1386, 1382, 4454)",0.6044132709503174
"(2529, 2775, 1470, 1943)",0.6044110059738159
"(2570, 2102, 3415)",0.6044108271598816
"(3212, 1963, 1446, 1390)",0.604410707950592
"(2160, 4103, 2399)",0.6044105291366577
"(4000, 1801, 1953)",0.6044095754623413
"(2475, 4446, 1471)",0.6044092178344727
"(2057, 533, 3174)",0.6044090986251831
"(2374, 3085, 54)",0.6044085621833801
"(1490, 2354, 3046)",0.604408323764801
"(1800, 3788, 1703)",0.6044076085090637
"(1953, 1963, 4652, 1446)",0.6044076085090637
"(3536, 1436, 1439)",0.6044073700904846
"(25, 1837, 4103)",0.6044065952301025
"(1963, 1446, 3271)",0.6044057607650757
"(1352, 3075, 2036, 1383)",0.6044050455093384
"(25, 1809, 4543)",0.604404866695404
"(128, 1953, 1963, 1933, 4371)",0.6044028997421265
"(568, 3200, 567)",0.6044027209281921
"(1433, 4545, 1893)",0.6044019460678101
"(568, 1601, 3439)",0.6044018268585205
"(2297, 1844, 3199)",0.604401707649231
"(1800, 4424, 2358)",0.6044010519981384
"(1963, 4420, 1933)",0.6043999791145325
"(4103, 309, 2399)",0.6043974161148071
"(1962, 1709, 5350)",0.6043971180915833
"(1569, 3017, 1478)",0.6043970584869385
"(128, 1953, 5047, 1744)",0.6043969392776489
"(3654, 2582, 1943)",0.6043958067893982
"(1298, 2796, 2133)",0.6043948531150818
"(2057, 1446, 4329, 1390)",0.6043946743011475
"(3075, 1837, 1383)",0.6043946146965027
"(1618, 4407, 1607)",0.6043932437896729
"(1801, 1953, 4329)",0.6043923497200012
"(128, 4347, 660)",0.6043922901153564
"(128, 1953, 1446, 1963, 4178)",0.6043921113014221
"(1809, 3427, 1799)",0.6043919324874878
"(2775, 1349, 2582, 1943)",0.6043911576271057
"(1953, 4350, 1703)",0.6043906807899475
"(3075, 1844, 1837)",0.6043895483016968
"(1809, 309, 4543)",0.6043890118598938
"(1352, 3075, 2071)",0.6043884754180908
"(1386, 3426, 1382)",0.604388415813446
"(1963, 4420, 1446)",0.6043868660926819
"(1800, 2297, 4103)",0.6043867468833923
"(2275, 2956, 2718)",0.6043857336044312
"(568, 4177, 309)",0.6043856739997864
"(1968, 3276, 2541)",0.604385495185852
"(1466, 1298, 2911)",0.6043853163719177
"(4177, 25, 574)",0.6043830513954163
"(385, 4554, 567)",0.6043820977210999
"(1490, 2354, 4677)",0.6043815016746521
"(1968, 5052, 2541)",0.6043810248374939
"(128, 660, 4000)",0.60438072681427
"(128, 3219, 660)",0.6043801307678223
"(2161, 2057, 2959)",0.6043797135353088
"(1601, 2718, 3439)",0.6043777465820312
"(128, 1953, 1963, 1933, 4347)",0.6043776273727417
"(4338, 1844, 1382)",0.6043761372566223
"(1800, 4731, 1382)",0.6043758988380432
"(3200, 1571, 2021)",0.6043758988380432
"(128, 1963, 3788, 1933)",0.6043748259544373
"(128, 1953, 2962)",0.6043741703033447
"(25, 3793, 2399)",0.6043726205825806
"(128, 1953, 3212)",0.6043717861175537
"(128, 1963, 1933, 4358)",0.6043689250946045
"(1282, 2686, 2911)",0.6043688654899597
"(2473, 3903, 1615)",0.6043685078620911
"(128, 1953, 1801, 1933, 4178)",0.6043667793273926
"(1410, 1494, 2775)",0.6043665409088135
"(1960, 1641, 4508)",0.6043654680252075
"(4328, 89, 2718)",0.6043654084205627
"(1809, 3190, 1799)",0.6043635606765747
"(128, 1953, 1963, 1933, 3219)",0.6043635606765747
"(1761, 2354, 4677)",0.6043634414672852
"(1352, 1837, 4103)",0.6043607592582703
"(3200, 1227, 2021)",0.6043602824211121
"(128, 1953, 4329, 1963, 1933)",0.6043585538864136
"(568, 3021, 567)",0.6043585538864136
"(3017, 1490, 2582)",0.604358434677124
"(3536, 2090, 1436)",0.6043580174446106
"(128, 1953, 4524)",0.6043577194213867
"(4328, 89, 2473)",0.6043575406074524
"(128, 1953, 660, 2956)",0.6043571829795837
"(1963, 1446, 3519)",0.6043568849563599
"(2473, 2956, 1615)",0.6043557524681091
"(1800, 4993, 1382)",0.6043550968170166
"(4511, 386, 575)",0.6043547987937927
"(3219, 1963, 1446, 1390)",0.604354739189148
"(1968, 4509, 1566)",0.6043542623519897
"(4545, 2058, 1414)",0.6043526530265808
"(2161, 2441, 3222)",0.604352593421936
"(1426, 3815, 1799)",0.6043523550033569
"(4545, 2395, 2271)",0.6043502688407898
"(128, 4357, 1963, 1933)",0.604350209236145
"(576, 3200, 1071)",0.6043464541435242
"(4353, 1836, 1382)",0.6043455600738525
"(1561, 2953, 2374)",0.6043445467948914
"(1953, 4371, 1703)",0.6043436527252197
"(25, 1469, 3198)",0.6043423414230347
"(4360, 1953, 1703)",0.6043400764465332
"(4177, 25, 2358)",0.6043391227722168
"(1800, 4386, 1836)",0.604338526725769
"(1384, 1484, 3310)",0.6043372750282288
"(128, 660, 3174)",0.6043366193771362
"(4417, 2721, 2275)",0.604334831237793
"(4454, 1837, 1382)",0.6043344140052795
"(1786, 1836, 4103)",0.6043341159820557
"(385, 4431, 567)",0.6043338179588318
"(1476, 3654, 1943)",0.6043336391448975
"(1743, 2052, 2973, 1551)",0.6043332815170288
"(568, 2028, 4647)",0.6043316721916199
"(5241, 1402, 1535)",0.6043311357498169
"(2297, 1844, 3999)",0.6043294668197632
"(1800, 4353, 1836)",0.6043276190757751
"(3426, 1836, 141)",0.6043265461921692
"(4545, 182, 1310)",0.6043260097503662
"(1837, 1382, 3999)",0.6043252348899841
"(1962, 4898, 1439)",0.6043245196342468
"(1968, 5043, 2541)",0.6043241620063782
"(1410, 2775, 1349, 1943)",0.6043230891227722
"(386, 4332, 575)",0.6043213605880737
"(128, 1953, 1963, 1933, 3222)",0.6043193936347961
"(385, 4332, 567)",0.6043176054954529
"(2297, 1836, 4103)",0.604316234588623
"(128, 1953, 4573)",0.6043158173561096
"(1611, 4446, 2351)",0.6043151617050171
"(4376, 2057, 2262)",0.6043145656585693
"(3656, 2541, 1566)",0.6043142080307007
"(3144, 1565, 1566)",0.6043135523796082
"(128, 1801, 4329, 1446)",0.6043111681938171
"(1446, 1963, 3212, 1933, 1390)",0.6043111085891724
"(4304, 2541, 1566)",0.6043104529380798
"(2560, 4419, 1781)",0.6043096780776978
"(1800, 1844, 4103)",0.6043083071708679
"(1953, 1963, 3212, 1446)",0.6043076515197754
"(2057, 2298, 4372)",0.6043066382408142
"(1578, 4028, 1471)",0.6043044924736023
"(1331, 1412, 3535)",0.6043043732643127
"(128, 1953, 4387)",0.6043041348457336
"(128, 4363, 1963, 1933)",0.6043039560317993
"(3682, 1590, 2590)",0.6043034791946411
"(4332, 1836, 309)",0.604303240776062
"(1963, 3860, 1446)",0.6043030023574829
"(2297, 1837, 3199)",0.6043014526367188
"(3021, 1836, 101)",0.604300320148468
"(128, 660, 4328)",0.6042997241020203
"(89, 3212, 2057)",0.6042991876602173
"(128, 1953, 1963, 1933, 4473)",0.6042990684509277
"(4362, 1963, 1446)",0.6042986512184143
"(568, 3190, 1382)",0.60429847240448
"(1800, 1386, 1836, 3426)",0.6042974591255188
"(3236, 1990, 1566)",0.6042972803115845
"(1369, 1372, 3118)",0.6042967438697815
"(1953, 2275, 4347)",0.6042965650558472
"(1362, 1499, 3085)",0.6042961478233337
"(3983, 1433, 1351)",0.6042959690093994
"(4486, 2277, 1574)",0.6042958498001099
"(4103, 1836, 1837, 2071)",0.6042942404747009
"(2297, 1386, 4418, 1382)",0.6042941212654114
"(3085, 2374, 2159)",0.604292094707489
"(2568, 4545, 182)",0.6042913794517517
"(1801, 1953, 4350)",0.6042906641960144
"(5144, 2475, 2446)",0.6042898297309875
"(1139, 2060, 2902)",0.6042898297309875
"(128, 1953, 4103)",0.604289710521698
"(1512, 2185, 3212)",0.604288637638092
"(5104, 386, 575)",0.6042882204055786
"(1800, 25, 3021)",0.6042881011962891
"(577, 4347, 1390)",0.6042881011962891
"(3426, 1837, 1799)",0.60428786277771
"(296, 1777, 5499)",0.604286789894104
"(386, 5101, 575)",0.6042866706848145
"(128, 1953, 1446, 4329, 1963)",0.604286253452301
"(1426, 1836, 3426)",0.6042861342430115
"(1968, 3001, 1555)",0.6042851805686951
"(1809, 1837, 4454)",0.6042848229408264
"(3075, 1093, 141)",0.6042842864990234
"(1410, 1412, 3654)",0.6042835712432861
"(2775, 2582, 1983)",0.6042833924293518
"(2374, 2953, 54)",0.6042832732200623
"(4417, 1577, 1094)",0.6042832136154175
"(4177, 1836, 141)",0.6042824387550354
"(1800, 4410, 1844)",0.6042816042900085
"(2032, 1596, 2973, 1743)",0.6042798757553101
"(386, 4647, 575)",0.6042795777320862
"(1844, 3076, 1383)",0.6042789816856384
"(1386, 4458, 1382)",0.6042783856391907
"(1781, 493, 4350)",0.6042770743370056
"(128, 4360, 660)",0.604275643825531
"(1933, 1390, 3519)",0.6042755246162415
"(3525, 1093, 141)",0.6042753458023071
"(1490, 3276, 2354)",0.6042748689651489
"(128, 4360, 1963, 1933)",0.6042746901512146
"(371, 3085, 1499)",0.6042717695236206
"(4417, 89, 2721)",0.6042711138725281
"(1800, 25, 4523, 1836)",0.6042704582214355
"(4332, 1382, 567)",0.6042699217796326
"(2969, 2722, 2718)",0.6042677164077759
"(1809, 1836, 4103)",0.6042671203613281
"(544, 4177, 1382)",0.6042669415473938
"(1433, 1481, 1414, 4545)",0.6042669415473938
"(89, 2956, 2718)",0.6042666435241699
"(128, 1953, 3079)",0.6042666435241699
"(3224, 1977, 2074)",0.6042666435241699
"(128, 1963, 1933, 4000)",0.604266345500946
"(3001, 1490, 1491)",0.6042653918266296
"(128, 1801, 3219, 1446)",0.6042644381523132
"(1697, 1740, 4263)",0.6042643785476685
"(1936, 1970, 3487)",0.6042636632919312
"(1298, 2356, 2911)",0.6042633056640625
"(2057, 4420, 1446)",0.6042618155479431
"(4760, 1962, 2090)",0.6042596697807312
"(128, 4329, 660)",0.60425865650177
"(128, 1953, 4414)",0.6042585968971252
"(128, 1953, 1446, 1963, 3219)",0.6042584180831909
"(1800, 2297, 3075)",0.6042577624320984
"(1386, 4332, 1382)",0.6042572855949402
"(1963, 1933, 3519)",0.6042570471763611
"(1386, 3021, 1799)",0.6042549014091492
"(4360, 89, 1094)",0.6042548418045044
"(1386, 309, 4543)",0.6042528748512268
"(2481, 1836, 3021)",0.6042521595954895
"(2808, 1933, 1390)",0.6042519211769104
"(4304, 1555, 1566)",0.6042515635490417
"(385, 4454, 567)",0.6042512655258179
"(1809, 1837, 4103)",0.6042512059211731
"(2440, 5171, 567)",0.6042511463165283
"(2953, 1453, 54)",0.6042488813400269
"(2090, 2220, 5044)",0.6042481660842896
"(4463, 1809, 1799)",0.604248046875
"(1801, 1953, 3903)",0.6042474508285522
"(1382, 1800, 1386, 1836, 3190)",0.6042463183403015
"(1800, 4177, 1836, 1383)",0.6042459607124329
"(128, 1953, 4327)",0.6042456030845642
"(2358, 3560, 1382)",0.6042454838752747
"(1386, 4291, 1382)",0.604243814945221
"(1800, 4028, 1836)",0.6042429208755493
"(128, 1953, 4417, 1933)",0.6042425036430359
"(2496, 4417, 2718)",0.6042419672012329
"(1312, 1414, 4886)",0.6042419672012329
"(128, 2057, 4359)",0.6042419075965881
"(3536, 1514, 1439)",0.6042414307594299
"(4417, 2057, 1446)",0.6042405962944031
"(385, 5115, 567)",0.6042402982711792
"(1446, 1963, 1933, 1390, 3219)",0.6042401790618896
"(1386, 1837, 4418)",0.6042389273643494
"(2057, 4372, 2262)",0.6042370200157166
"(1953, 1963, 1446, 4399)",0.6042366623878479
"(1762, 1045, 2775)",0.6042364239692688
"(128, 1953, 4361)",0.6042352318763733
"(2057, 1446, 3519)",0.6042349934577942
"(385, 3198, 567)",0.6042349934577942
"(1953, 4581, 1390)",0.6042340397834778
"(258, 1963, 2956, 1933)",0.6042332649230957
"(5305, 1706, 243)",0.6042330861091614
"(1809, 4103, 2399)",0.6042326092720032
"(2808, 1446, 1390)",0.6042318344116211
"(128, 1963, 1933, 4359)",0.6042309403419495
"(656, 2307, 4654, 1391)",0.6042308807373047
"(4328, 1801, 1953)",0.6042305827140808
"(4169, 1844, 1383)",0.6042296290397644
"(1801, 1953, 4399)",0.6042288541793823
"(128, 1953, 3439)",0.604228675365448
"(128, 1953, 1446, 1963, 4371)",0.6042283773422241
"(4332, 1837, 1382)",0.6042281985282898
"(1574, 4486, 1126)",0.604228138923645
"(5388, 685, 687)",0.6042280793190002
"(4746, 1347, 1436)",0.6042279601097107
"(25, 574, 4614)",0.6042274236679077
"(2057, 2262, 4359)",0.6042272448539734
"(568, 3562, 2028)",0.6042260527610779
"(1836, 1382, 4471)",0.604225754737854
"(25, 4103, 2071)",0.6042249798774719
"(2473, 2722, 3439)",0.6042241454124451
"(128, 1963, 1933, 3174)",0.6042240262031555
"(368, 2265, 4059)",0.6042240262031555
"(513, 4748, 1366)",0.6042229533195496
"(3021, 1469, 1382)",0.6042221188545227
"(2160, 3190, 2399)",0.6042219400405884
"(2560, 1825, 1781, 3519)",0.604221761226654
"(2425, 1635, 2916)",0.6042214632034302
"(1600, 3075, 254)",0.604220986366272
"(553, 4690, 2524)",0.604220449924469
"(1801, 1953, 3177)",0.6042185425758362
"(276, 2366, 3086)",0.6042180061340332
"(2057, 660, 3212)",0.6042172312736511
"(1953, 2718, 2959)",0.6042160391807556
"(4768, 2534, 1351)",0.6042160391807556
"(2297, 4786, 1382)",0.604215145111084
"(3903, 2718, 2519)",0.604215145111084
"(4536, 2297, 1382)",0.604215145111084
"(4177, 385, 567)",0.6042150855064392
"(1953, 4350, 1446, 1390)",0.6042149066925049
"(1800, 1836, 1837, 4676)",0.604214608669281
"(1800, 4770, 1382)",0.6042144894599915
"(2496, 2969, 2718)",0.6042141914367676
"(1466, 1299, 2911)",0.604214072227478
"(128, 1953, 1963, 1933, 3903)",0.6042117476463318
"(1980, 4101, 2598)",0.6042113304138184
"(1665, 2274, 4354)",0.6042110919952393
"(2275, 2718, 2959)",0.604210615158081
"(1953, 2057, 3271)",0.6042094230651855
"(1953, 2962, 1963, 1446)",0.6042086482048035
"(2953, 1499, 2156)",0.6042078733444214
"(1870, 1349, 1470, 2775)",0.6042070984840393
"(1960, 2354, 4677)",0.6042068004608154
"(2057, 2298, 4378)",0.6042066216468811
"(3224, 2593, 2074)",0.6042065620422363
"(2025, 4466, 2275)",0.6042043566703796
"(1844, 3190, 1799)",0.6042038798332214
"(2953, 1490, 54)",0.6042034029960632
"(1849, 2582, 2775)",0.6042027473449707
"(385, 3075, 567)",0.6042016744613647
"(2497, 2042, 3075, 2455)",0.6042016744613647
"(3793, 1836, 141)",0.6042003631591797
"(2374, 1499, 3085, 54)",0.6042001247406006
"(1490, 3276, 54)",0.6041993498802185
"(3200, 2297, 1382)",0.6041990518569946
"(1809, 4646, 1799)",0.6041989922523499
"(2707, 1470, 2775)",0.6041982173919678
"(2298, 1220, 4420)",0.6041980385780334
"(1618, 3042, 1607)",0.6041978597640991
"(2808, 2057, 1446)",0.6041965484619141
"(2529, 2030, 2775)",0.6041964292526245
"(2297, 1837, 4103)",0.6041960716247559
"(2297, 1386, 1836, 4418)",0.6041951775550842
"(2297, 4739, 1382)",0.6041945219039917
"(1809, 1426, 4543)",0.6041940450668335
"(2946, 1446, 1390)",0.6041936874389648
"(4746, 1378, 1351)",0.6041935682296753
"(41, 2969, 2718)",0.6041932106018066
"(1962, 4354, 1709)",0.6041927933692932
"(3211, 2446, 2447)",0.6041926145553589
"(128, 1963, 4372, 1933)",0.6041924357414246
"(2354, 1491, 4677)",0.6041916012763977
"(1825, 4329, 1833)",0.6041911244392395
"(4545, 2058, 1039)",0.6041907072067261
"(4417, 1601, 2722)",0.6041885614395142
"(1953, 1469, 4103)",0.6041883230209351
"(1781, 294, 3519)",0.604188084602356
"(128, 4473, 660)",0.6041870713233948
"(3021, 25, 1837)",0.6041862964630127
"(1578, 2351, 4446, 1471)",0.6041861772537231
"(2057, 3180, 533)",0.6041858196258545
"(128, 1953, 1446, 1963, 3222)",0.6041855812072754
"(4561, 1578, 1606)",0.6041855216026306
"(1589, 3270, 1567)",0.6041851043701172
"(1825, 4350, 1703)",0.6041833758354187
"(128, 1953, 3519)",0.6041829586029053
"(2030, 1470, 2775)",0.6041829586029053
"(4410, 1836, 2028)",0.6041828989982605
"(4177, 25, 567)",0.6041827201843262
"(1825, 3171, 1703)",0.6041821837425232
"(1953, 3174, 1446, 1390)",0.6041819453239441
"(4543, 1386, 1799, 1426)",0.6041818857192993
"(128, 1801, 1953, 3222)",0.6041814684867859
"(3085, 54, 2159)",0.6041808128356934
"(2057, 4371, 2262)",0.6041805148124695
"(2953, 54, 2591)",0.6041803956031799
"(1809, 4175, 1799)",0.6041799783706665
"(1145, 2102, 3415)",0.604179322719574
"(2057, 2298, 3788)",0.6041789054870605
"(25, 1386, 4543)",0.6041772365570068
"(4443, 1461, 791)",0.6041772365570068
"(3021, 1809, 1837)",0.6041747331619263
"(137, 3075, 1815)",0.6041743159294128
"(2808, 1963, 1446)",0.6041743159294128
"(5030, 1614, 2199)",0.6041733622550964
"(128, 1953, 4954)",0.6041733026504517
"(128, 1446, 1801, 1390, 4178)",0.6041724681854248
"(3744, 25, 1837)",0.6041712164878845
"(2568, 182, 4886)",0.604171097278595
"(354, 4486, 1574)",0.6041699051856995
"(3054, 1990, 1566)",0.6041693091392517
"(3017, 1491, 2591)",0.6041691303253174
"(4177, 2202, 1382)",0.6041680574417114
"(2057, 2969, 1446)",0.6041679382324219
"(1825, 2122, 1781, 3177)",0.6041674017906189
"(2297, 1837, 4614)",0.6041669845581055
"(3144, 1761, 1490)",0.6041661500930786
"(128, 1953, 4425, 1744)",0.6041661500930786
"(1960, 2354, 3144)",0.6041656732559204
"(4417, 2722, 2487)",0.6041653156280518
"(1800, 2297, 5208)",0.6041643619537354
"(5409, 2427, 2342)",0.6041637063026428
"(1506, 4354, 1862)",0.604163408279419
"(4169, 2297, 1844)",0.6041632294654846
"(1298, 1828, 2796)",0.6041625738143921
"(2025, 2718, 3439)",0.6041621565818787
"(1433, 1893, 4886)",0.6041616201400757
"(1953, 4103, 2399)",0.6041613817214966
"(3560, 1469, 1382)",0.6041613221168518
"(2475, 4780, 2446)",0.6041606664657593
"(1800, 1844, 5056)",0.6041603684425354
"(1800, 4338, 1844)",0.6041595339775085
"(1585, 2706, 2775)",0.604159414768219
"(2297, 1382, 4103)",0.6041591167449951
"(4328, 2057, 2473)",0.6041589379310608
"(4652, 1963, 1446, 1390)",0.6041584014892578
"(385, 4353, 567)",0.6041579246520996
"(1384, 2302, 3438, 1510)",0.604155957698822
"(1800, 2028, 3021)",0.6041553616523743
"(3224, 2539, 276)",0.6041548848152161
"(568, 4573, 2015)",0.6041539907455444
"(3144, 1641, 1333)",0.604153573513031
"(1800, 3174, 1703)",0.6041533946990967
"(25, 3075, 1836)",0.6041530966758728
"(4486, 2045, 1574)",0.6041528582572937
"(2953, 54, 2159)",0.6041526198387146
"(3085, 1669, 54)",0.6041524410247803
"(2057, 2275, 3212)",0.6041521430015564
"(2297, 3021, 2358)",0.604151725769043
"(1426, 4524, 1799)",0.6041516065597534
"(1704, 2775, 1983)",0.6041515469551086
"(2473, 2722, 3903)",0.6041514873504639
"(4414, 1844, 1382)",0.6041508316993713
"(1352, 4523, 1844)",0.6041504144668579
"(1836, 2028, 4103)",0.6041501760482788
"(1968, 1641, 3656)",0.6041500568389893
"(4169, 1809, 1426)",0.6041492223739624
"(1800, 3075, 1836, 1844)",0.6041483283042908
"(793, 1364, 3125)",0.6041480898857117
"(4417, 2718, 2487)",0.604147732257843
"(1288, 2956, 2718)",0.6041468381881714
"(1704, 2775, 1470, 1943)",0.6041464805603027
"(1386, 3426, 1836, 1382)",0.6041462421417236
"(386, 5124, 575)",0.604145884513855
"(128, 1953, 3904)",0.6041439175605774
"(4328, 2473, 1615)",0.6041435599327087
"(1800, 1836, 1837, 3024)",0.6041433811187744
"(3560, 1382, 1383)",0.6041433811187744
"(2568, 4545, 2692)",0.6041432619094849
"(1953, 660, 3212)",0.6041429042816162
"(3200, 1844, 1382)",0.6041418313980103
"(1943, 2775, 1359)",0.6041417121887207
"(2475, 2140, 4140)",0.6041415929794312
"(1809, 4764, 1799)",0.6041414737701416
"(5484, 1924, 516)",0.6041414737701416
"(1555, 3276, 1566)",0.604140043258667
"(128, 1953, 1963, 1933, 2959)",0.6041384339332581
"(1312, 4545, 1414)",0.6041375994682312
"(1800, 4339, 1836)",0.6041373610496521
"(3200, 1426, 1799)",0.604137122631073
"(128, 1801, 3519)",0.6041364073753357
"(1386, 1799, 4418, 1426)",0.6041340231895447
"(2584, 2980, 516)",0.604132890701294
"(1585, 1870, 2775)",0.604132890701294
"(385, 3211, 567)",0.6041326522827148
"(1578, 4404, 1471)",0.6041318774223328
"(3085, 379, 1621)",0.6041318774223328
"(2626, 1413, 3682)",0.604131281375885
"(1953, 1890, 4347)",0.604130208492279
"(1944, 3075, 1383)",0.6041299700737
"(2298, 4178, 2262)",0.6041297912597656
"(2289, 3075, 2286)",0.6041288375854492
"(3200, 1386, 1799)",0.6041286587715149
"(1571, 5339, 1815)",0.6041285395622253
"(1968, 3001, 1566)",0.6041276454925537
"(1577, 1094, 2959)",0.6041271090507507
"(2938, 1283, 1823)",0.6041256785392761
"(3085, 1499, 1453)",0.6041256189346313
"(4360, 89, 2718)",0.6041245460510254
"(2297, 3075, 1844)",0.6041243076324463
"(2859, 1446, 1390)",0.604124128818512
"(1489, 3682, 1380)",0.6041237115859985
"(2286, 3075, 254)",0.6041229367256165
"(2160, 3075, 1383)",0.6041224002838135
"(1466, 1298, 2796)",0.6041220426559448
"(4545, 1732, 1310)",0.604121744632721
"(2953, 371, 1499)",0.6041216254234314
"(1426, 739, 4244)",0.6041215062141418
"(4376, 89, 493)",0.6041209101676941
"(1539, 1315, 2807)",0.6041206121444702
"(1601, 2956, 2718)",0.6041205525398254
"(568, 2028, 3560)",0.6041185855865479
"(3210, 1382, 1703)",0.6041183471679688
"(2441, 2475, 3222)",0.6041182279586792
"(4417, 2025, 2722)",0.6041178107261658
"(1512, 2185, 4728)",0.6041176319122314
"(1968, 1491, 4901)",0.6041173934936523
"(128, 1801, 4329, 1963, 1933)",0.604116678237915
"(128, 4328, 1963, 1933)",0.6041149497032166
"(3144, 1491, 54)",0.6041122674942017
"(128, 1953, 4809)",0.6041122078895569
"(1684, 1870, 2775)",0.6041121482849121
"(1953, 1446, 1390, 3177)",0.6041120290756226
"(1809, 2297, 4511)",0.6041116118431091
"(89, 1953, 3212)",0.6041094064712524
"(2560, 3171, 1781)",0.6041092872619629
"(2297, 4418, 1620)",0.6041083931922913
"(1836, 1469, 4103)",0.604107677936554
"(385, 4483, 567)",0.6041070818901062
"(1800, 4177, 2262)",0.6041068434715271
"(4360, 1801, 1953)",0.6041065454483032
"(1352, 3075, 1837)",0.6041049957275391
"(1870, 2775, 1470, 1943)",0.6041049361228943
"(1968, 5108, 2541)",0.60410475730896
"(568, 2297, 4614)",0.6041044592857361
"(680, 2972, 1782)",0.6041035652160645
"(128, 1963, 1933, 4350)",0.6041024327278137
"(3017, 1491, 54)",0.6041023135185242
"(2953, 2156, 1669)",0.6041020154953003
"(25, 3075, 1844)",0.604101836681366
"(2057, 2962, 1446, 1390)",0.6041015982627869
"(1362, 1499, 3085, 2374)",0.6041008234024048
"(1352, 1844, 3999)",0.6041005849838257
"(1963, 1933, 4278)",0.6040995121002197
"(4376, 89, 2718)",0.6040990948677063
"(2297, 3075, 1382)",0.6040960550308228
"(4543, 309, 1799)",0.6040949821472168
"(4864, 1962, 1436)",0.604094922542572
"(1963, 4356, 1446)",0.604094386100769
"(2057, 2298, 4329)",0.6040940284729004
"(4442, 1837, 1383)",0.6040928959846497
"(2946, 1963, 1446)",0.604092001914978
"(3017, 2706, 1491)",0.6040918827056885
"(1800, 2297, 5209)",0.604091227054596
"(25, 3075, 1383)",0.6040905117988586
"(1339, 3276, 1943)",0.6040902137756348
"(128, 1953, 1801, 1933, 4371)",0.6040900945663452
"(2473, 4347, 84)",0.6040897965431213
"(128, 1953, 1446, 1963, 4473)",0.6040891408920288
"(4177, 2028, 1071)",0.6040878891944885
"(4417, 1963, 1933, 1390)",0.6040869951248169
"(1953, 1786, 4103)",0.6040856838226318
"(1953, 4346, 1703)",0.6040856242179871
"(89, 4350, 1825)",0.6040853261947632
"(1800, 4850, 1836)",0.6040842533111572
"(1522, 2790, 1487)",0.6040835976600647
"(1800, 1809, 4410, 1382)",0.6040835976600647
"(1386, 3427, 1382)",0.604083240032196
"(385, 4418, 567)",0.6040828824043274
"(128, 1953, 1933, 1390, 3219)",0.6040826439857483
"(3793, 2028, 575)",0.6040820479393005
"(2010, 1970, 3421)",0.6040820479393005
"(1761, 1490, 2354, 3017)",0.6040802597999573
"(1968, 2541, 5005)",0.6040802001953125
"(498, 739, 4701)",0.6040799617767334
"(2297, 3075, 1836)",0.6040794849395752
"(3021, 1836, 141)",0.6040793657302856
"(128, 1953, 4460)",0.6040790677070618
"(1953, 1890, 4329)",0.6040788292884827
"(3426, 1382, 1800, 1836, 1809)",0.6040787696838379
"(1800, 1836, 4623)",0.6040781140327454
"(4545, 2692, 1431)",0.6040781140327454
"(1585, 2708, 2775)",0.604077935218811
"(1953, 1963, 4423)",0.6040773987770081
"(1800, 2297, 5206)",0.6040768027305603
"(1585, 1410, 2775)",0.6040766835212708
"(568, 4426, 1071)",0.6040764451026917
"(2057, 533, 3177)",0.6040754914283752
"(3224, 2074, 276)",0.6040754318237305
"(2028, 4614, 575)",0.6040753126144409
"(128, 1953, 1446, 1963, 3788)",0.6040744781494141
"(2473, 2718, 3439)",0.6040740013122559
"(1382, 1836, 2028, 4177, 25)",0.6040740013122559
"(4545, 2058, 2534)",0.6040738224983215
"(4332, 2028, 309)",0.6040728688240051
"(1561, 3085, 1669)",0.6040716767311096
"(3001, 1990, 1566)",0.6040714979171753
"(4177, 386, 2028)",0.6040712594985962
"(1811, 1836, 4103)",0.6040711402893066
"(2953, 1621, 2159)",0.6040703058242798
"(2208, 1066, 2973, 1743)",0.6040699481964111
"(3535, 2591, 2159)",0.6040698289871216
"(568, 2297, 4418)",0.60406893491745
"(1611, 5222, 1471)",0.6040686368942261
"(2057, 2956, 2718)",0.6040681004524231
"(3085, 1669, 2374)",0.6040681004524231
"(1490, 634, 3257)",0.6040673851966858
"(1996, 4582, 1471)",0.6040667295455933
"(128, 1953, 4454)",0.6040666699409485
"(1800, 3029, 1836, 1837)",0.6040651202201843
"(4176, 25, 2297)",0.6040633916854858
"(2560, 1825, 2122, 3519)",0.604063093662262
"(4465, 1963, 1933)",0.6040629744529724
"(1474, 3085, 54)",0.6040620803833008
"(1825, 2122, 4329)",0.6040619015693665
"(128, 1446, 1801, 2956, 1390)",0.6040612459182739
"(1481, 4746, 1351)",0.6040607690811157
"(2161, 3075, 1844)",0.6040606498718262
"(128, 1953, 3219, 660)",0.6040593385696411
"(128, 1953, 3190)",0.6040593385696411
"(1266, 3682, 1590)",0.6040584444999695
"(4376, 1801, 1953)",0.604057788848877
"(4746, 1980, 2598)",0.6040569543838501
"(3257, 2354, 1491)",0.604056715965271
"(128, 1953, 1963, 3212, 1933)",0.6040564775466919
"(1481, 4545, 2703)",0.6040563583374023
"(1800, 4340, 1836)",0.6040560603141785
"(128, 1446, 1801, 4329, 1963)",0.6040554642677307
"(1953, 2275, 3219)",0.6040550470352173
"(3075, 1099, 1383)",0.6040546894073486
"(1386, 3815, 1799)",0.6040542125701904
"(2354, 1491, 3046)",0.6040538549423218
"(1426, 1382, 4454)",0.6040534377098083
"(2529, 2775, 1983)",0.604051411151886
"(3224, 2593, 276)",0.6040506362915039
"(3171, 533, 1703)",0.6040505170822144
"(385, 4543, 567)",0.6040499806404114
"(1386, 4646, 1426)",0.6040493249893188
"(1800, 3210, 1836, 1383)",0.6040486693382263
"(1800, 4731, 1836)",0.6040484309196472
"(4326, 739, 2358)",0.6040482521057129
"(2025, 2441, 3222)",0.6040480136871338
"(2601, 3682, 1534)",0.6040478348731995
"(2560, 1825, 4329)",0.604047417640686
"(4511, 2045, 567)",0.6040467619895935
"(1800, 4451, 1836, 1837)",0.6040463447570801
"(4417, 2473, 2722)",0.6040463447570801
"(1924, 2980, 516)",0.6040459871292114
"(3200, 1811, 572)",0.6040459275245667
"(2140, 3190, 1383)",0.6040458679199219
"(1825, 2122, 1781, 3174)",0.6040455102920532
"(2475, 5148, 2446)",0.6040451526641846
"(4417, 2473, 2718)",0.6040441989898682
"(1960, 2953, 267)",0.6040430665016174
"(128, 1953, 4423)",0.6040427088737488
"(1800, 3075, 1844, 1382)",0.6040418148040771
"(2956, 2718, 2487)",0.6040416359901428
"(1800, 3075, 1837)",0.6040409803390503
"(1800, 3075, 2399)",0.6040409803390503
"(1446, 4558, 1390)",0.6040402054786682
"(4169, 513, 1366)",0.6040393114089966
"(3976, 1378, 1506)",0.6040388345718384
"(1426, 1382, 3190)",0.6040372848510742
"(3210, 1844, 1837, 1382)",0.6040372252464294
"(128, 1953, 3198)",0.6040372252464294
"(2706, 2775, 1943)",0.6040369868278503
"(1809, 4103, 2071)",0.6040342450141907
"(128, 1890, 2956)",0.6040342450141907
"(1800, 25, 1836, 3021)",0.6040337681770325
"(89, 493, 4399)",0.6040334701538086
"(1574, 5480, 1126)",0.6040334701538086
"(128, 1801, 4420)",0.6040334105491638
"(1953, 4329, 1703)",0.6040331125259399
"(1800, 4291, 1837)",0.6040329337120056
"(2441, 84, 3222)",0.6040324568748474
"(1953, 1469, 2718, 3903)",0.6040322184562683
"(553, 4123, 2524)",0.6040322184562683
"(2297, 4418, 1102)",0.6040318012237549
"(128, 660, 2959)",0.6040317416191101
"(4483, 1844, 1382)",0.6040312647819519
"(4332, 1382, 575)",0.6040306687355042
"(128, 1953, 4357, 1963, 1933)",0.6040302515029907
"(1963, 1446, 4375)",0.604030191898346
"(3224, 2593, 2366)",0.6040300130844116
"(2395, 4605, 2271)",0.6040299534797668
"(4886, 182, 1310)",0.6040297746658325
"(2160, 2140, 4327)",0.6040292382240295
"(4417, 1953, 1963, 1446)",0.6040285229682922
"(4417, 89, 2718)",0.6040285229682922
"(1942, 3755, 1430)",0.6040282845497131
"(1480, 4443, 2405)",0.604028046131134
"(128, 1953, 1446, 1801, 1963, 4178)",0.6040279865264893
"(1577, 2722, 3201)",0.6040276288986206
"(4370, 1963, 1446)",0.6040275692939758
"(128, 1953, 2969)",0.6040268540382385
"(1545, 5372, 1943)",0.6040263772010803
"(1386, 1836, 1382, 4175)",0.6040257215499878
"(1288, 2718, 3903)",0.6040245890617371
"(1168, 1177, 4674)",0.604024350643158
"(1288, 523, 3212)",0.6040237545967102
"(1963, 1933, 4294)",0.6040231585502625
"(1512, 523, 3212)",0.6040229201316833
"(169, 2090, 5067)",0.6040226817131042
"(1446, 1390, 4420)",0.6040226221084595
"(568, 4554, 1805, 567)",0.6040220260620117
"(2297, 4418, 1086)",0.6040218472480774
"(3415, 2102, 1151)",0.6040210127830505
"(4766, 1294, 1463)",0.6040199995040894
"(25, 1469, 3199)",0.6040195822715759
"(2208, 2972, 1743)",0.6040195226669312
"(128, 1953, 2859)",0.6040182709693909
"(1800, 2297, 5180)",0.6040181517601013
"(128, 1953, 3271)",0.604017972946167
"(1953, 3519, 1703)",0.6040174961090088
"(1528, 1828, 2911)",0.6040173172950745
"(1382, 1800, 3560, 1836, 25)",0.6040164232254028
"(2475, 4486, 1574)",0.6040151119232178
"(1396, 70, 2775)",0.6040151119232178
"(1506, 1980, 4101)",0.6040149331092834
"(1890, 660, 3519)",0.6040146946907043
"(2601, 3682, 1413)",0.6040146946907043
"(1378, 1347, 5503)",0.6040146350860596
"(4872, 1962, 1439)",0.60401451587677
"(4417, 1577, 2722)",0.6040136218070984
"(128, 1963, 3860, 1933)",0.6040133833885193
"(2057, 4420, 2262)",0.604013204574585
"(4417, 89, 1094)",0.6040129661560059
"(1464, 1750, 3047)",0.6040122509002686
"(385, 4410, 567)",0.6040120720863342
"(1339, 1870, 3535)",0.6040119528770447
"(3075, 1844, 2140)",0.6040118932723999
"(1953, 1890, 3519)",0.6040118932723999
"(1073, 21, 4337)",0.6040104031562805
"(1809, 4450, 1799)",0.6040101647377014
"(4291, 1837, 1382)",0.6040090322494507
"(568, 2968, 567)",0.6040089726448059
"(2199, 5030, 1535)",0.6040087938308716
"(3200, 1093, 141)",0.6040087938308716
"(2969, 2275, 2718)",0.6040084362030029
"(4417, 1601, 2718)",0.6040083765983582
"(1800, 1386, 4332)",0.6040079593658447
"(1825, 2122, 3183)",0.6040074229240417
"(385, 3426, 567)",0.6040071845054626
"(2593, 2366, 3086)",0.6040071249008179
"(1986, 1960, 3017, 267, 1490, 1333)",0.6040070056915283
"(3788, 398, 1703)",0.6040067076683044
"(4177, 2481, 1836)",0.6040067076683044
"(2057, 1446, 3439)",0.6040059924125671
"(1571, 5252, 1615)",0.6040056347846985
"(128, 1953, 1963, 4652, 1933)",0.6040048599243164
"(4585, 1386, 1382)",0.6040043234825134
"(2529, 2451, 2775)",0.6040038466453552
"(1800, 2297, 1382, 4327)",0.6040036678314209
"(568, 3075, 141)",0.6040031909942627
"(1837, 4454, 1799)",0.6040031909942627
"(2178, 2140, 3525)",0.6040031909942627
"(2161, 660, 3212)",0.6040031313896179
"(568, 1800, 1836, 4177)",0.6040029525756836
"(2956, 84, 2718)",0.6040021777153015
"(568, 3075, 1844)",0.6040018796920776
"(3200, 1217, 2289)",0.604000985622406
"(1491, 2582, 2775)",0.6040001511573792
"(2451, 1470, 2775)",0.6040000915527344
"(25, 3190, 1382, 1383)",0.6039999723434448
"(1601, 2722, 4473)",0.603999674320221
"(25, 4418, 1809)",0.6039990186691284
"(1426, 739, 3298)",0.6039988398551941
"(523, 3212, 1469)",0.6039983034133911
"(2354, 1491, 3276)",0.6039978861808777
"(3017, 634, 2354)",0.6039977073669434
"(1781, 493, 3519)",0.6039969325065613
"(1802, 1315, 3042)",0.6039968729019165
"(128, 1953, 3200)",0.6039965748786926
"(128, 660, 4372)",0.6039961576461792
"(1809, 1426, 4543, 1799)",0.6039955019950867
"(3200, 1386, 1382)",0.6039938926696777
"(1611, 4407, 1471)",0.6039931774139404
"(2374, 371, 3085, 1499)",0.6039931178092957
"(1837, 1469, 4103)",0.6039928793907166
"(1825, 3519, 1703)",0.6039925813674927
"(128, 1953, 4360, 1963, 1933)",0.6039916276931763
"(3075, 1579, 1844)",0.6039913892745972
"(128, 4376, 1963, 1933)",0.6039907932281494
"(1800, 1836, 1101, 3190)",0.6039900779724121
"(3560, 386, 575)",0.6039892435073853
"(568, 3560, 1382)",0.6039890646934509
"(568, 1836, 3021)",0.6039884090423584
"(1394, 2582, 2775)",0.6039883494377136
"(1600, 4103, 1383)",0.603987991809845
"(2418, 2956, 2718)",0.6039876341819763
"(386, 4916, 575)",0.6039873361587524
"(1481, 4069, 1351)",0.6039870381355286
"(3075, 1383, 1071)",0.6039857268333435
"(1836, 141, 4454)",0.6039851903915405
"(128, 1953, 1446, 4359, 1963)",0.6039847731590271
"(25, 4418, 1837)",0.6039847731590271
"(1481, 2692, 4545)",0.6039842367172241
"(1752, 3200, 1382)",0.6039840579032898
"(1800, 1836, 309, 3999)",0.6039840579032898
"(4481, 1426, 1799)",0.6039836406707764
"(2208, 2973, 2182, 1743)",0.6039835810661316
"(2496, 2275, 2718, 3903)",0.603983461856842
"(4328, 2057, 2262)",0.6039832234382629
"(4103, 1836, 2140)",0.6039830446243286
"(2297, 3210, 1844, 1837)",0.6039827466011047
"(1825, 2718, 3903)",0.60398268699646
"(128, 1953, 3174, 1963, 1933)",0.6039813756942749
"(2404, 2133, 2911)",0.6039811372756958
"(1437, 4886, 1039)",0.6039811372756958
"(1809, 4535, 1799)",0.6039808392524719
"(128, 1953, 4357, 1446, 1963)",0.6039801836013794
"(4169, 1386, 1171, 1799)",0.6039798259735107
"(1953, 1446, 1963, 1933, 1390, 3219)",0.6039790511131287
"(2570, 5227, 2102)",0.6039788722991943
"(5016, 2446, 2447)",0.6039782762527466
"(1331, 1470, 3535)",0.603978157043457
"(128, 4417, 660)",0.6039760708808899
"(5330, 2202, 1195)",0.6039760708808899
"(2083, 1444, 3293)",0.6039760708808899
"(1386, 4324, 1382)",0.6039751768112183
"(3075, 2446, 2455)",0.6039748191833496
"(3200, 2289, 2491)",0.6039738059043884
"(128, 1953, 4417, 1963, 1933)",0.6039732694625854
"(2721, 2275, 3903)",0.6039732098579407
"(1953, 1446, 4329, 1963, 1933, 1390)",0.6039714813232422
"(5217, 2028, 1071)",0.6039714217185974
"(64, 3656, 1968)",0.6039712429046631
"(1412, 1470, 3535)",0.6039707660675049
"(1953, 2722, 2956)",0.6039705276489258
"(2775, 2451, 1943)",0.6039703488349915
"(2473, 2298, 3663)",0.603969395160675
"(1800, 4328, 1703)",0.6039692759513855
"(4328, 398, 1703)",0.6039685010910034
"(2475, 1574, 4407)",0.6039684414863586
"(3793, 2045, 567)",0.6039684414863586
"(1953, 3521, 1933)",0.6039677262306213
"(568, 1577, 4417)",0.6039673686027527
"(1386, 4475, 2202)",0.6039667725563049
"(2297, 3190, 1799)",0.6039659976959229
"(2298, 4420, 1781)",0.6039658784866333
"(385, 4305, 567)",0.6039655804634094
"(4360, 2722, 2718)",0.6039652228355408
"(2568, 4545, 1351)",0.603964626789093
"(5136, 1481, 1351)",0.6039643287658691
"(3017, 267, 1478)",0.6039636135101318
"(2307, 3965, 1510)",0.6039633750915527
"(2026, 3682, 1380, 1590)",0.6039626002311707
"(2324, 1701, 3478)",0.6039612293243408
"(128, 1953, 3903, 1744)",0.6039606928825378
"(1968, 2541, 3063)",0.603960394859314
"(3021, 2358, 1383)",0.6039602756500244
"(3085, 1453, 54)",0.6039600968360901
"(2057, 2859, 2262)",0.6039600968360901
"(3426, 1836, 309, 1382)",0.6039600372314453
"(1426, 1836, 4458)",0.6039597392082214
"(128, 1963, 1933, 4493)",0.603959321975708
"(25, 1836, 1837, 4103)",0.6039591431617737
"(5386, 1942, 1430)",0.6039590239524841
"(568, 4953, 1382)",0.6039586663246155
"(2161, 2057, 3200)",0.6039581298828125
"(386, 3068, 575)",0.603958010673523
"(1322, 2298, 4178)",0.603956937789917
"(128, 660, 4103)",0.6039568781852722
"(5012, 2541, 1566)",0.6039566993713379
"(1426, 4468, 1799)",0.6039565801620483
"(1968, 3144, 1555, 1566)",0.6039565205574036
"(1467, 2868, 1294)",0.603955864906311
"(128, 1953, 4466)",0.6039546132087708
"(2473, 2298, 4871)",0.6039541363716125
"(1840, 690, 685, 4910)",0.6039540767669678
"(4328, 89, 493)",0.6039538979530334
"(2161, 2718, 3903)",0.6039528846740723
"(2131, 2796, 2133)",0.6039522290229797
"(3200, 2297, 1836)",0.6039518713951111
"(4417, 1801, 1953)",0.6039511561393738
"(1578, 4103, 1471)",0.6039504408836365
"(4352, 1469, 1382)",0.6039504408836365
"(128, 4361, 2599)",0.6039499044418335
"(128, 1953, 3203)",0.603949785232544
"(1825, 1953, 4329)",0.6039493083953857
"(1836, 4645, 1382)",0.6039493083953857
"(1561, 3085, 54)",0.6039491295814514
"(1825, 4419, 1833)",0.6039491295814514
"(2133, 1485, 2796)",0.6039487719535828
"(1809, 4418, 2297, 1799)",0.6039486527442932
"(2010, 1970, 3397)",0.6039486527442932
"(1331, 1470, 2775)",0.6039486527442932
"(1474, 3085, 2159)",0.6039484739303589
"(1800, 1836, 4177, 1811, 2297)",0.6039478778839111
"(2297, 4103, 2071)",0.6039472222328186
"(3075, 1844, 1837, 1383)",0.603947103023529
"(1809, 3427, 1837)",0.6039469242095947
"(128, 1953, 3021)",0.6039466857910156
"(89, 2962, 1094)",0.6039454340934753
"(576, 3793, 1071)",0.6039453744888306
"(1809, 4916, 2297)",0.6039449572563171
"(900, 3085, 54)",0.6039449572563171
"(4608, 1962, 2090)",0.6039448976516724
"(1288, 4578, 1463)",0.6039441227912903
"(89, 2718, 3439)",0.6039440631866455
"(128, 3212, 660)",0.6039434671401978
"(1825, 1953, 4347)",0.6039423942565918
"(1800, 4426, 1844)",0.6039420962333679
"(1762, 2775, 1470, 1943)",0.6039415001869202
"(2177, 2131, 2911)",0.6039410829544067
"(385, 3190, 567)",0.6039407849311829
"(3144, 2541, 1566)",0.603940486907959
"(3075, 2671, 1383)",0.6039401888847351
"(2775, 1396, 1983)",0.6039401292800903
"(3976, 1506, 1347)",0.6039400100708008
"(386, 4731, 575)",0.6039396524429321
"(3222, 1963, 1974)",0.6039391160011292
"(1800, 3560, 1836, 309)",0.60393887758255
"(1800, 4450, 1836, 1837)",0.6039385795593262
"(1377, 3682, 662)",0.6039385795593262
"(128, 1953, 660, 3222)",0.6039377450942993
"(1953, 2969, 2275)",0.6039370894432068
"(1825, 4330, 1781)",0.603936493396759
"(5399, 1430, 1759)",0.6039364337921143
"(128, 4361, 1963, 1933)",0.6039356589317322
"(5216, 2028, 1071)",0.6039353609085083
"(2297, 5180, 1382)",0.603935182094574
"(4794, 1430, 1759)",0.6039348840713501
"(4417, 2025, 2718)",0.6039347052574158
"(4243, 2446, 2447)",0.6039345264434814
"(4482, 1426, 1799)",0.603934109210968
"(4360, 89, 2298)",0.6039339900016785
"(544, 1800, 4177)",0.6039338707923889
"(4169, 1809, 309)",0.6039338707923889
"(3920, 1579, 1547)",0.6039335131645203
"(1825, 1953, 2956)",0.6039334535598755
"(1977, 2074, 3086)",0.603932797908783
"(4384, 1825, 2122)",0.6039326786994934
"(568, 2506, 4332)",0.6039324402809143
"(2025, 2718, 2959)",0.603931188583374
"(1426, 3426, 1382)",0.6039294600486755
"(128, 1953, 4359, 1963, 1933)",0.603929340839386
"(1555, 3276, 2758)",0.6039281487464905
"(92, 2709, 3535)",0.6039277911186218
"(25, 574, 3079)",0.6039273738861084
"(2473, 2722, 2956)",0.6039272546768188
"(576, 4169, 309)",0.6039271354675293
"(4928, 1979, 1484)",0.6039267182350159
"(4417, 2473, 587)",0.6039262413978577
"(128, 1953, 4370)",0.6039260625839233
"(3646, 1524, 2302)",0.6039252281188965
"(3778, 2324, 1701)",0.6039246916770935
"(1996, 4582, 2351)",0.6039237380027771
"(3125, 685, 687)",0.6039236187934875
"(4417, 1963, 1446, 1390)",0.6039235591888428
"(1377, 3682, 1413)",0.6039233803749084
"(2297, 1844, 4103)",0.6039226055145264
"(2243, 1414, 4886)",0.6039223074913025
"(4360, 2057, 2262)",0.6039221286773682
"(568, 1800, 1836, 3793)",0.6039221286773682
"(3395, 2230, 950)",0.6039219498634338
"(2298, 1067, 4372)",0.6039213538169861
"(4386, 1844, 1382)",0.6039201617240906
"(128, 2057, 4360)",0.6039198040962219
"(3200, 1469, 1382)",0.603919506072998
"(3536, 1962, 1436, 1439)",0.6039192080497742
"(568, 3075, 1071)",0.6039190292358398
"(128, 4347, 2718)",0.6039189100265503
"(128, 1953, 3426)",0.6039181351661682
"(1377, 3682, 1254)",0.6039174795150757
"(1809, 4410, 1799)",0.6039173603057861
"(128, 3177, 660)",0.6039170026779175
"(1809, 4418, 2297, 1837)",0.6039169430732727
"(1356, 2356, 2911)",0.6039167642593384
"(1641, 3017, 54)",0.6039167046546936
"(1786, 1837, 4029)",0.603916347026825
"(1960, 3144, 2541)",0.6039160490036011
"(296, 2058, 3640)",0.6039159893989563
"(4809, 386, 575)",0.6039157509803772
"(128, 1953, 4000, 1963, 1933)",0.6039153933525085
"(1801, 3177, 1703)",0.603914737701416
"(128, 1953, 4420)",0.603914201259613
"(128, 3904, 1963, 1933)",0.6039141416549683
"(1800, 2297, 3075, 1382)",0.6039138436317444
"(1800, 4467, 2399)",0.6039136648178101
"(1986, 1960, 3017, 267, 1490, 1491, 1333)",0.6039135456085205
"(128, 4346, 660)",0.6039130091667175
"(4545, 1437, 1039)",0.6039128303527832
"(2057, 4378, 2262)",0.6039126515388489
"(1800, 4376, 1703)",0.6039125919342041
"(2057, 2013, 3174)",0.6039125323295593
"(5146, 2475, 2446)",0.6039122939109802
"(2156, 3085, 54)",0.6039114594459534
"(680, 2972, 1743)",0.6039113998413086
"(1800, 25, 1836, 4103)",0.6039113402366638
"(2721, 2275, 2956)",0.6039105653762817
"(1577, 2962, 2718)",0.6039105653762817
"(568, 4410, 2028)",0.6039104461669922
"(1466, 1282, 2796)",0.6039100289344788
"(128, 1953, 2968)",0.6039097905158997
"(1800, 2297, 3200, 1382)",0.6039097905158997
"(976, 4910, 687)",0.6039097905158997
"(2956, 2718, 1615)",0.6039094924926758
"(3075, 1844, 309)",0.603909432888031
"(1800, 4993, 1836)",0.6039093136787415
"(1801, 1953, 3212)",0.6039087772369385
"(3200, 1071, 567)",0.6039086580276489
"(4396, 1382, 1703)",0.603908360004425
"(1300, 2133, 2911)",0.6039081811904907
"(3075, 2446, 2447)",0.6039077639579773
"(2525, 2582, 2775)",0.6039077043533325
"(128, 660, 3519)",0.6039075255393982
"(4417, 1577, 2718)",0.6039075255393982
"(1809, 4103, 1799)",0.6039072275161743
"(3788, 1799, 1703)",0.6039068698883057
"(4608, 1436, 1439)",0.6039065718650818
"(4332, 309, 567)",0.6039065718650818
"(128, 1801, 4294)",0.6039056181907654
"(1352, 3075, 2028)",0.6039055585861206
"(1968, 2541, 3054)",0.6039051413536072
"(128, 1963, 1933, 4374)",0.6039049625396729
"(1800, 1386, 3200)",0.6039049625396729
"(568, 4418, 2028)",0.6039048433303833
"(3904, 1825, 1390)",0.6039047837257385
"(2057, 1781, 4350)",0.603904664516449
"(251, 253, 4029)",0.6039044857025146
"(2051, 2590, 2951)",0.6039036512374878
"(89, 1094, 3439)",0.6039035320281982
"(2202, 3021, 1382)",0.6039029359817505
"(1960, 2354, 3276)",0.6039028763771057
"(128, 1953, 4328, 1963, 1933)",0.6039028763771057
"(2290, 3211, 2188)",0.6039026975631714
"(1601, 89, 2962)",0.6039026975631714
"(2297, 5206, 1382)",0.6039021611213684
"(1953, 1963, 1446, 3439)",0.6039018034934998
"(128, 1953, 4638)",0.6039013862609863
"(1954, 1390, 2946)",0.6039009690284729
"(1457, 1466, 1894, 2911)",0.6039003133773804
"(89, 2718, 3271)",0.6039002537727356
"(568, 1469, 3199)",0.6038991808891296
"(2057, 2298, 4375)",0.6038989424705505
"(1890, 4347, 660)",0.6038984060287476
"(1698, 1828, 2911)",0.603898286819458
"(1569, 3017, 2582)",0.6038982272148132
"(4417, 1953, 2275)",0.6038979291915894
"(1809, 1426, 4454, 1799)",0.6038968563079834
"(1801, 3212, 2057)",0.6038968563079834
"(4000, 1426, 1799)",0.60389643907547
"(128, 2025, 4417)",0.60389643907547
"(1979, 1484, 3406)",0.6038962006568909
"(25, 1809, 4103)",0.603895902633667
"(2298, 493, 3663)",0.603895366191864
"(1555, 5012, 2541)",0.603895366191864
"(2440, 3075, 1383)",0.6038945317268372
"(1561, 2953, 54)",0.6038932800292969
"(5147, 2475, 2446)",0.6038930416107178
"(128, 4387, 1963, 1933)",0.6038929224014282
"(1800, 1836, 3156)",0.6038923859596252
"(3276, 1470, 1943)",0.6038917899131775
"(2605, 2045, 4614)",0.6038913726806641
"(3536, 1962, 1436, 2090)",0.603890597820282
"(1825, 3172, 1703)",0.6038904190063477
"(128, 1446, 4329, 1963, 1933, 1390)",0.6038901805877686
"(770, 3731, 2734)",0.6038892269134521
"(568, 1219, 3075)",0.6038891673088074
"(2962, 2718, 2519)",0.603888750076294
"(1801, 4346, 1953)",0.6038886904716492
"(1490, 2582, 2775)",0.6038883924484253
"(3772, 1403, 2443)",0.6038882732391357
"(2953, 1362, 1499)",0.6038881540298462
"(4354, 1740, 1149)",0.6038879156112671
"(1800, 4770, 1836)",0.6038877367973328
"(3024, 25, 1836, 1382)",0.6038874387741089
"(1641, 2354, 3257)",0.6038874387741089
"(747, 3126, 687)",0.6038874387741089
"(4545, 2534, 1039)",0.6038873791694641
"(1800, 4332, 1836, 309)",0.603887140750885
"(128, 3177, 1963, 1933)",0.6038869619369507
"(2475, 4404, 1471)",0.6038869619369507
"(1469, 2262, 3199)",0.6038865447044373
"(568, 1809, 4543)",0.6038860082626343
"(1600, 3075, 1844)",0.6038855314254761
"(1825, 4420, 1833)",0.6038854718208313
"(1481, 4545, 1893)",0.6038854122161865
"(568, 4425, 1071)",0.6038853526115417
"(1577, 2722, 4466)",0.6038851737976074
"(1426, 3021, 1382)",0.6038848757743835
"(1968, 3275, 2541)",0.6038848757743835
"(4426, 1071, 567)",0.6038846373558044
"(1578, 1836, 4103)",0.6038842797279358
"(1464, 5386, 1348)",0.6038836240768433
"(128, 1953, 1801, 3788, 1933)",0.6038833856582642
"(1800, 4449, 1836, 1837)",0.6038830280303955
"(1781, 493, 3177)",0.6038824915885925
"(1968, 1566, 3063)",0.6038820147514343
"(4000, 1953, 2275)",0.6038820147514343
"(2560, 1825, 3213)",0.6038817763328552
"(568, 1601, 4466)",0.6038817167282104
"(1490, 3085, 54)",0.6038814783096313
"(128, 1953, 2959, 1744)",0.6038813591003418
"(544, 4177, 1836)",0.603881299495697
"(2440, 2178, 3843)",0.603880763053894
"(4328, 89, 2722)",0.6038799285888672
"(1953, 2946, 1963, 1933)",0.6038798093795776
"(128, 1577, 3439)",0.6038796901702881
"(4169, 309, 1606)",0.6038792729377747
"(2953, 1499, 2591)",0.6038792133331299
"(1953, 1446, 1390, 3519)",0.6038790941238403
"(128, 1963, 1933, 3271)",0.6038777828216553
"(25, 3075, 2399)",0.6038776636123657
"(4329, 1781, 1933)",0.6038767099380493
"(1577, 2473, 3271)",0.6038761138916016
"(128, 4362, 660)",0.6038760542869568
"(1418, 3347, 1358)",0.603874146938324
"(4103, 2071, 1999)",0.6038733124732971
"(4169, 385, 567)",0.6038729548454285
"(2140, 1469, 4140)",0.6038718819618225
"(2601, 3682, 1380, 1518)",0.6038718223571777
"(4731, 309, 1382)",0.6038716435432434
"(128, 4329, 1890)",0.6038714647293091
"(685, 3702, 687)",0.6038714051246643
"(1489, 3682, 2601)",0.60387122631073
"(2297, 1837, 4663)",0.6038711071014404
"(698, 1484, 3310)",0.6038709282875061
"(4360, 2473, 2718)",0.6038709282875061
"(4337, 863, 687)",0.603870153427124
"(1809, 4348, 1799)",0.6038698554039001
"(2057, 2298, 3519)",0.6038694381713867
"(1600, 4029, 1383)",0.6038686633110046
"(568, 1601, 4360)",0.6038680076599121
"(4897, 1962, 1439)",0.60386723279953
"(128, 1953, 1446, 4360, 1963)",0.6038667559623718
"(386, 5102, 575)",0.6038667559623718
"(860, 2974, 1063)",0.6038663983345032
"(568, 3525, 567)",0.6038663983345032
"(251, 4103, 2071)",0.6038657426834106
"(2464, 2706, 2775)",0.6038657426834106
"(4554, 1615, 567)",0.603865385055542
"(2057, 1781, 3174)",0.6038652658462524
"(1953, 2969, 1963, 1446)",0.6038652658462524
"(1809, 4541, 1799)",0.6038652062416077
"(1426, 1837, 3426)",0.6038644313812256
"(128, 1953, 1963, 1933, 4350)",0.603864312171936
"(4985, 1394, 1939)",0.6038640737533569
"(4511, 2028, 575)",0.603863537311554
"(3075, 1844, 1549)",0.6038632988929749
"(1825, 2122, 2057, 3177)",0.6038630604743958
"(3085, 54, 2591)",0.6038628816604614
"(128, 1953, 4757)",0.6038624048233032
"(128, 4329, 2738)",0.6038622260093689
"(4169, 1809, 1426, 1799)",0.6038622260093689
"(112, 4545, 2271)",0.6038617491722107
"(1426, 4458, 1247)",0.6038614511489868
"(1577, 2057, 2959)",0.6038610339164734
"(128, 1953, 1446, 1963, 4399)",0.6038604378700256
"(1825, 2122, 1781, 4350)",0.6038599014282227
"(4332, 2028, 575)",0.6038588881492615
"(568, 4410, 1836)",0.6038588881492615
"(3983, 1355, 2703)",0.6038581728935242
"(1968, 2541, 5013)",0.6038579940795898
"(976, 793, 3125)",0.6038578152656555
"(5139, 2475, 2446)",0.6038576364517212
"(2057, 2969, 1446, 1390)",0.603857159614563
"(1489, 3682, 1413)",0.6038570404052734
"(3427, 1837, 1382)",0.6038565039634705
"(258, 1963, 1933, 4347)",0.6038561463356018
"(2298, 4178, 1174)",0.6038561463356018
"(128, 4378, 1963, 1933)",0.6038554906845093
"(2473, 2486, 3903)",0.6038554310798645
"(4360, 89, 2722)",0.6038548350334167
"(1509, 1470, 2775)",0.603854775428772
"(568, 2028, 3021)",0.6038543581962585
"(568, 4169, 2028)",0.6038540005683899
"(3200, 1386, 1426)",0.603853702545166
"(336, 1611, 3200)",0.6038536429405212
"(2980, 60, 516)",0.6038534641265869
"(3075, 1611, 1844)",0.6038528680801392
"(4328, 89, 2519)",0.6038522720336914
"(576, 4332, 309)",0.6038522124290466
"(1809, 3204, 1799)",0.6038519740104675
"(4608, 2090, 1439)",0.6038519144058228
"(128, 1825, 4329)",0.6038517951965332
"(128, 1953, 4177)",0.6038514971733093
"(2440, 4140, 567)",0.603851318359375
"(2297, 4865, 1799)",0.6038512587547302
"(2706, 1470, 2775)",0.6038501858711243
"(1345, 117, 3599)",0.6038497090339661
"(1601, 2722, 2473, 3439)",0.603849470615387
"(1417, 3085, 54)",0.6038494110107422
"(576, 309, 3190)",0.6038492321968079
"(3075, 141, 567)",0.6038490533828735
"(2330, 3396, 2230)",0.6038487553596497
"(2057, 3212, 398)",0.603848397731781
"(89, 2956, 1094)",0.6038480401039124
"(1510, 3130, 1502)",0.6038475632667542
"(1577, 2956, 2718)",0.6038472056388855
"(128, 1801, 4370)",0.6038472056388855
"(2994, 2444, 2405)",0.6038470268249512
"(1386, 1837, 1382, 3190)",0.6038469672203064
"(128, 1953, 3174, 1446, 1963)",0.6038467884063721
"(2560, 3172, 1781)",0.6038467884063721
"(1704, 2706, 2775)",0.6038461923599243
"(1041, 3276, 1566)",0.60384601354599
"(1578, 4447, 2351)",0.6038458943367004
"(1578, 4426, 1471)",0.6038458347320557
"(5072, 2290, 2188)",0.6038455367088318
"(1577, 4473, 2721)",0.6038452982902527
"(1825, 2122, 533, 3174)",0.6038451194763184
"(2441, 2473, 4871)",0.6038450598716736
"(25, 1836, 4029)",0.6038448810577393
"(128, 1446, 1963, 1933, 1390, 3219)",0.6038438677787781
"(3075, 1837, 1382)",0.6038434505462646
"(1953, 3271, 1703)",0.6038428544998169
"(1953, 2275, 5076)",0.6038421988487244
"(2910, 1292, 1294)",0.6038418412208557
"(1800, 1836, 1837, 2028, 4177)",0.6038418412208557
"(1386, 4458, 1836, 1382)",0.6038416624069214
"(568, 1601, 3201)",0.6038416028022766
"(1968, 3001, 2541)",0.6038410067558289
"(4169, 1809, 1837)",0.6038409471511841
"(584, 3212, 2279)",0.6038408875465393
"(4626, 1963, 1446)",0.603840708732605
"(1476, 1943, 1435, 2775, 2331)",0.6038405299186707
"(1800, 1809, 1837, 4175)",0.6038402318954468
"(2440, 5170, 567)",0.6038399338722229
"(128, 2738, 3219)",0.6038398146629333
"(128, 1577, 4417)",0.6038390398025513
"(1800, 1844, 3076)",0.6038370132446289
"(4417, 2721, 2718)",0.6038355827331543
"(2703, 4545, 1351)",0.6038352847099304
"(1386, 4324, 1426)",0.6038350462913513
"(1611, 3076, 2286)",0.603834867477417
"(1781, 4419, 493)",0.6038346290588379
"(2475, 5141, 2446)",0.6038342714309692
"(1386, 1382, 4367)",0.6038327217102051
"(1800, 4399, 1703)",0.6038321852684021
"(128, 1953, 1446, 4328, 1963)",0.6038320660591125
"(258, 1963, 1933, 3222)",0.6038306951522827
"(1800, 1386, 4332, 1382)",0.6038305759429932
"(1953, 1963, 1933, 3519)",0.6038305163383484
"(1953, 1446, 1963, 3212, 1933, 1390)",0.6038302183151245
"(4545, 2157, 1351)",0.6038299798965454
"(128, 4360, 2599)",0.6038299202919006
"(128, 1953, 1446, 1963, 3212)",0.603829562664032
"(128, 4329, 660, 1933)",0.603829026222229
"(1800, 1836, 3076)",0.6038286685943604
"(4417, 1954, 1390)",0.6038283109664917
"(2297, 4418, 1383)",0.6038278341293335
"(3075, 2475, 2455)",0.6038270592689514
"(3075, 1099, 2286)",0.6038265228271484
"(4291, 1844, 309, 1382)",0.6038262844085693
"(89, 1094, 2959)",0.6038256287574768
"(4169, 1426, 309)",0.6038254499435425
"(1968, 3656, 2758)",0.6038253307342529
"(2057, 3212, 631)",0.6038248538970947
"(2307, 1484, 4459)",0.6038240194320679
"(3144, 54, 2591)",0.6038239598274231
"(89, 4420, 2057)",0.6038230657577515
"(385, 4407, 567)",0.6038229465484619
"(128, 1953, 1446, 1963, 4350)",0.6038217544555664
"(1809, 1386, 1382, 4454)",0.6038212180137634
"(1282, 2796, 2686)",0.6038212180137634
"(2722, 2962, 2519)",0.6038210391998291
"(2475, 4822, 2446)",0.6038206815719604
"(3200, 1836, 1837)",0.6038203239440918
"(568, 4327, 2015)",0.6038199067115784
"(128, 1801, 4347, 660)",0.6038188338279724
"(128, 1953, 4410)",0.6038187742233276
"(1978, 106, 2776)",0.6038187742233276
"(2052, 2973, 2022, 1743)",0.603818416595459
"(544, 3021, 1382)",0.6038179993629456
"(1801, 4362, 1953)",0.6038174629211426
"(4103, 1996, 1471)",0.6038172841072083
"(1352, 3200, 1383)",0.6038166284561157
"(2539, 276, 3086)",0.6038165092468262
"(1960, 3257, 2354)",0.6038163304328918
"(2025, 2722, 2969)",0.6038159728050232
"(2775, 1869, 1943)",0.6038153767585754
"(2057, 4362, 2262)",0.6038151979446411
"(1968, 4947, 2541)",0.6038151979446411
"(1800, 4177, 1836, 2262)",0.6038147807121277
"(3427, 1837, 1799)",0.6038146018981934
"(2722, 2275, 2959)",0.6038143634796143
"(2416, 1970, 3421)",0.6038132905960083
"(89, 2473, 2959)",0.6038128733634949
"(1352, 3021, 2358)",0.6038122773170471
"(3203, 1093, 141)",0.6038116812705994
"(5208, 2297, 1382)",0.6038110256195068
"(3200, 25, 309)",0.6038107872009277
"(1936, 2010, 1970, 3421)",0.6038102507591248
"(1837, 4422, 1383)",0.6038099527359009
"(128, 1446, 1801, 1390, 3219)",0.6038095951080322
"(1697, 1740, 3119)",0.6038094162940979
"(2475, 2446, 5015)",0.6038092970848083
"(2000, 1515, 3347)",0.6038092970848083
"(1825, 2122, 4420)",0.603809118270874
"(1844, 1382, 3068)",0.6038087606430054
"(1953, 1786, 4029)",0.6038087606430054
"(4177, 25, 1953)",0.6038085222244263
"(128, 1953, 3212, 1933, 1390)",0.6038082242012024
"(3051, 1836, 1469)",0.6038079857826233
"(1825, 2122, 533, 3177)",0.6038079261779785
"(1704, 2451, 2775)",0.6038077473640442
"(4103, 2351, 1471)",0.6038074493408203
"(1092, 2414, 3815)",0.6038073301315308
"(4777, 309, 567)",0.6038070321083069
"(1781, 493, 4359)",0.6038067936897278
"(2980, 516, 1477)",0.6038060784339905
"(1490, 2354, 3063)",0.6038060188293457
"(25, 3075, 1837)",0.6038054823875427
"(3144, 1555, 1501)",0.6038049459457397
"(2211, 2212, 3085)",0.603804886341095
"(4506, 1492, 1373)",0.6038045287132263
"(89, 2962, 2473)",0.603804349899292
"(1825, 2859, 1833)",0.6038042306900024
"(128, 4362, 1963, 1933)",0.6038041114807129
"(1809, 4555, 1799)",0.6038039922714233
"(309, 3190, 575)",0.6038022637367249
"(1953, 1963, 1446, 3519)",0.6038020849227905
"(1520, 1561, 3085)",0.6038019061088562
"(89, 4329, 2718)",0.6038016676902771
"(1466, 2796, 2686)",0.6038010716438293
"(976, 3125, 687)",0.6038007736206055
"(5370, 1979, 132)",0.6038005948066711
"(2298, 1067, 3788)",0.6038001775741577
"(128, 1446, 1801, 4329, 1390)",0.6038001179695129
"(4417, 2275, 2718)",0.6037999391555786
"(1800, 3075, 1836, 1837)",0.6037991642951965
"(1800, 3211, 1836)",0.6037985682487488
"(2722, 2275, 2956)",0.6037978529930115
"(4536, 2297, 1837)",0.6037975549697876
"(1800, 1836, 4177, 1811, 25)",0.6037973761558533
"(128, 1953, 1446, 1963, 4372)",0.6037968993186951
"(1781, 493, 3174)",0.6037968993186951
"(2025, 4466, 1803)",0.6037968993186951
"(4169, 25, 2028)",0.6037968993186951
"(1953, 1390, 4103)",0.6037968397140503
"(1960, 3017, 2541)",0.6037964224815369
"(3075, 1382, 1800, 1836, 1844)",0.6037962436676025
"(2057, 3171, 533)",0.6037961840629578
"(128, 1963, 4492, 1933)",0.6037941575050354
"(3021, 1836, 1805)",0.6037939190864563
"(584, 2962, 2718)",0.603793740272522
"(1616, 1426, 3079)",0.6037935614585876
"(2832, 1748, 1331, 1412)",0.6037933826446533
"(2953, 2156, 54)",0.6037923693656921
"(1481, 4886, 1351)",0.6037917733192444
"(3656, 1555, 2541)",0.6037914156913757
"(1801, 1953, 3519)",0.6037912964820862
"(2057, 2946, 2262)",0.6037912964820862
"(1800, 4327, 1703)",0.6037912964820862
"(4360, 1953, 2275)",0.6037907600402832
"(1963, 1933, 3215)",0.6037903428077698
"(1825, 1953, 3519)",0.6037895083427429
"(4169, 25, 1809)",0.6037885546684265
"(1601, 2718, 2959)",0.603788435459137
"(1800, 1836, 3068)",0.603788435459137
"(2160, 3075, 1844)",0.6037883758544922
"(1836, 1606, 4103)",0.6037876009941101
"(128, 1953, 1963, 1933, 3439)",0.6037868857383728
"(128, 1801, 3212, 1446)",0.6037867069244385
"(1555, 3276, 2541)",0.6037864089012146
"(1480, 4443, 2444)",0.6037861704826355
"(1802, 1315, 5046)",0.6037850379943848
"(2275, 2718, 3439)",0.6037846207618713
"(4545, 1378, 1351)",0.603784441947937
"(1800, 3075, 1836, 1383)",0.6037840843200684
"(258, 1963, 1933, 4178)",0.6037840843200684
"(2004, 1606, 4103)",0.603783905506134
"(2506, 4486, 1574)",0.6037837266921997
"(1512, 4925, 1463)",0.6037832498550415
"(2057, 1781, 3177)",0.6037829518318176
"(1641, 4508, 1333)",0.6037829518318176
"(25, 4676, 2297)",0.6037829518318176
"(2560, 1825, 4420)",0.6037828922271729
"(128, 1953, 4426)",0.6037828922271729
"(2057, 3212, 533)",0.6037826538085938
"(3210, 1837, 1382, 1383)",0.6037826538085938
"(4442, 2140, 1383)",0.6037819385528564
"(2277, 1574, 4407)",0.6037818193435669
"(568, 2178, 4536)",0.6037817597389221
"(1776, 3834, 2475)",0.6037817597389221
"(1356, 2356, 2796)",0.6037815809249878
"(1464, 2018, 3047)",0.6037808656692505
"(3144, 1761, 2354)",0.6037806868553162
"(4545, 2058, 1310, 1351)",0.6037806868553162
"(2057, 2946, 1446, 1390)",0.6037803888320923
"(1571, 4244, 1815)",0.6037803888320923
"(4545, 2243, 1414)",0.603780210018158
"(3144, 1470, 2582)",0.6037797331809998
"(2057, 1446, 1390, 3519)",0.6037795543670654
"(1968, 2541, 4855)",0.6037793755531311
"(3075, 141, 2286)",0.6037793159484863
"(1800, 25, 3834)",0.6037789583206177
"(1520, 3085, 2374)",0.6037788987159729
"(3200, 1097, 567)",0.603778600692749
"(1382, 1800, 1837, 309, 3190)",0.6037785410881042
"(4510, 1732, 1310)",0.6037783622741699
"(2057, 3179, 533)",0.6037783026695251
"(89, 3903, 2519)",0.6037772297859192
"(1968, 2541, 4847)",0.6037762761116028
"(4103, 1469, 1383)",0.6037762761116028
"(241, 5475, 52)",0.603776216506958
"(3408, 1437, 2703)",0.603775143623352
"(3200, 1836, 1469)",0.6037742495536804
"(4372, 398, 1703)",0.6037736535072327
"(1953, 1890, 3212)",0.6037722826004028
"(1578, 3021, 1471)",0.6037707328796387
"(3638, 665, 686)",0.6037704348564148
"(372, 3085, 54)",0.6037699580192566
"(128, 1963, 4389, 1933)",0.603769838809967
"(1777, 2058, 4708)",0.603769063949585
"(3063, 1339, 1943)",0.6037689447402954
"(386, 4483, 575)",0.6037688255310059
"(1960, 1569, 1490, 2953)",0.6037686467170715
"(2592, 5505, 1932)",0.6037678122520447
"(360, 1490, 3276)",0.6037676930427551
"(1836, 4445, 1799)",0.6037673354148865
"(1481, 5530, 150)",0.6037673354148865
"(1953, 5094, 2057)",0.6037670373916626
"(1555, 1566, 3063)",0.6037664413452148
"(1801, 4350, 1703)",0.6037659645080566
"(1499, 54, 5079)",0.6037644743919373
"(2025, 2721, 2959)",0.6037643551826477
"(2208, 2972, 2052)",0.6037642359733582
"(1464, 5386, 1942)",0.603763222694397
"(1762, 1412, 2775)",0.6037629842758179
"(4509, 2541, 1566)",0.6037624478340149
"(128, 1953, 1963, 1933, 2969)",0.6037622690200806
"(568, 141, 4454)",0.6037622094154358
"(1512, 5030, 2199)",0.6037619113922119
"(3017, 634, 1478)",0.6037614941596985
"(128, 1953, 4000, 1801, 1933)",0.6037614345550537
"(128, 1953, 5203)",0.6037612557411194
"(385, 3021, 567)",0.6037611961364746
"(2025, 4466, 2718)",0.6037611365318298
"(1752, 3200, 1469)",0.6037611365318298
"(1386, 3426, 1382, 1799)",0.6037611365318298
"(5030, 1614, 1535)",0.6037606596946716
"(4624, 386, 575)",0.6037604808807373
"(2057, 2298, 4371)",0.603760302066803
"(1960, 3257, 1490, 2354)",0.603760302066803
"(2297, 4969, 1837)",0.6037600040435791
"(4424, 25, 1383)",0.6037594079971313
"(2001, 2140, 3525)",0.6037591695785522
"(2297, 3075, 1844, 1382)",0.6037583947181702
"(568, 1577, 4931)",0.6037580966949463
"(2330, 2230, 3559)",0.603757917881012
"(1600, 4327, 2008)",0.6037576794624329
"(1800, 1836, 1837, 5238)",0.6037576794624329
"(1825, 4346, 1953)",0.6037576198577881
"(1322, 4420, 2298)",0.6037575602531433
"(1800, 4386, 1844)",0.6037573218345642
"(1466, 1298, 2796, 2133)",0.6037572622299194
"(1809, 2297, 4638)",0.6037571430206299
"(1612, 2198, 4420)",0.6037566661834717
"(4384, 1825, 1703)",0.6037565469741821
"(3200, 140, 1382)",0.6037562489509583
"(2290, 2188, 4751)",0.6037561893463135
"(1781, 493, 4377)",0.6037560105323792
"(1963, 1446, 1390, 3519)",0.6037560105323792
"(3075, 1844, 1213)",0.6037554740905762
"(4746, 1347, 1980)",0.6037553548812866
"(1697, 1740, 3414)",0.6037552356719971
"(3682, 2419, 1380, 1518)",0.603754460811615
"(360, 3085, 54)",0.6037544012069702
"(89, 1705, 3212)",0.6037529110908508
"(4360, 398, 1703)",0.6037521362304688
"(2440, 5107, 567)",0.6037514209747314
"(1512, 523, 2956)",0.6037513017654419
"(1953, 4374, 1703)",0.6037498712539673
"(1968, 3257, 1491)",0.6037489175796509
"(5224, 2290, 2188)",0.6037470698356628
"(1800, 1836, 3749)",0.6037468910217285
"(1800, 2297, 4962)",0.6037463545799255
"(89, 1953, 4597)",0.6037458777427673
"(3408, 1414, 182)",0.6037452816963196
"(2208, 2973, 1782, 1743)",0.6037449836730957
"(128, 1953, 4357, 1801, 1933)",0.6037441492080688
"(2777, 106, 2259)",0.6037440896034241
"(128, 1953, 3427)",0.6037440299987793
"(128, 1953, 3212, 1744)",0.6037428379058838
"(498, 739, 4702)",0.6037425398826599
"(1953, 309, 3190)",0.6037423610687256
"(1600, 3079, 1383)",0.6037423014640808
"(1968, 3656, 1315)",0.6037423014640808
"(1552, 3042, 355)",0.6037419438362122
"(2160, 2001, 3525)",0.6037417650222778
"(4782, 84, 2028)",0.6037417054176331
"(1968, 3276, 2758)",0.6037416458129883
"(1953, 1837, 4103)",0.6037415862083435
"(4605, 2341, 1829)",0.6037413477897644
"(128, 587, 2956)",0.6037412285804749
"(4417, 2057, 1446, 1390)",0.6037410497665405
"(4032, 1572, 2111)",0.6037409901618958
"(128, 1953, 1446, 1963, 4363)",0.603740930557251
"(3075, 1844, 1382, 1383)",0.6037406325340271
"(3778, 269, 1445)",0.6037406325340271
"(2042, 3075, 141)",0.6037405729293823
"(1979, 1276, 3406)",0.6037405729293823
"(386, 4327, 575)",0.6037400364875793
"(3075, 1615, 567)",0.603739857673645
"(1641, 2953, 54)",0.6037397384643555
"(2297, 3075, 1837)",0.603739321231842
"(25, 1844, 4676)",0.603739321231842
"(4177, 25, 1426)",0.6037388443946838
"(5209, 2297, 1382)",0.6037383675575256
"(1490, 634, 5228)",0.603738009929657
"(1809, 3051, 1799)",0.6037377715110779
"(3075, 1571, 1815)",0.6037375926971436
"(5396, 863, 687)",0.6037374138832092
"(3204, 1093, 141)",0.6037371158599854
"(2722, 3439, 2519)",0.6037368774414062
"(2000, 1418, 3347)",0.6037367582321167
"(128, 1953, 4294)",0.6037362217903137
"(128, 4362, 2599)",0.6037361025810242
"(3166, 1402, 2162)",0.6037360429763794
"(385, 3525, 567)",0.6037358045578003
"(128, 1953, 2473, 2956)",0.6037354469299316
"(4517, 1469, 1703)",0.6037351489067078
"(128, 2275, 5076)",0.6037349700927734
"(128, 1953, 4486)",0.6037349104881287
"(4545, 2058, 2534, 1351)",0.6037343740463257
"(128, 4370, 660)",0.603734016418457
"(25, 2028, 4676)",0.6037338972091675
"(128, 1953, 4000, 1446, 1963)",0.6037335991859436
"(3200, 385, 567)",0.603733241558075
"(1850, 3478, 1934)",0.6037330627441406
"(1204, 516, 2980)",0.6037330031394958
"(2440, 385, 5171, 567)",0.6037328243255615
"(1386, 4426, 2262)",0.6037326455116272
"(1800, 3177, 1703)",0.6037321090698242
"(5185, 1378, 1351)",0.6037318110466003
"(128, 1953, 4359, 1801, 1933)",0.603731095790863
"(793, 1510, 3863)",0.6037304997444153
"(4874, 1494, 1398)",0.603730320930481
"(568, 141, 4511)",0.603729248046875
"(2593, 2074, 3086)",0.6037291884422302
"(128, 1953, 4197)",0.6037290692329407
"(1836, 4454, 2140)",0.6037288904190063
"(3224, 2593, 2074, 2539)",0.6037288904190063
"(1924, 516, 5420)",0.6037288904190063
"(3202, 1093, 141)",0.6037288308143616
"(128, 1953, 1933, 4327)",0.6037282347679138
"(89, 4372, 493)",0.6037277579307556
"(1762, 2775, 2223)",0.6037276387214661
"(2369, 4443, 2444)",0.603727400302887
"(1800, 25, 2297, 4614)",0.6037273406982422
"(128, 1953, 5225, 1744)",0.6037271022796631
"(89, 1933, 3519)",0.6037269234657288
"(128, 1953, 1446, 1963, 4376)",0.6037268042564392
"(4215, 309, 567)",0.6037268042564392
"(1466, 1299, 2133, 2911)",0.6037266850471497
"(1994, 1484, 3252)",0.6037266254425049
"(140, 3021, 2028)",0.6037261486053467
"(4341, 1933, 1446)",0.6037260293960571
"(2440, 4327, 567)",0.6037259101867676
"(128, 2025, 2959)",0.6037256717681885
"(1352, 25, 3075)",0.6037256717681885
"(2230, 950, 3396)",0.6037256121635437
"(2706, 2030, 2775)",0.6037248969078064
"(2161, 2298, 4178)",0.6037248373031616
"(1097, 4554, 567)",0.6037246584892273
"(1801, 660, 4329)",0.6037243008613586
"(1801, 1953, 4869)",0.6037242412567139
"(4545, 1437, 2703)",0.6037235856056213
"(3075, 1093, 1383)",0.6037235260009766
"(1520, 1499, 3085)",0.6037225127220154
"(25, 1811, 3021)",0.6037221550941467
"(4458, 1836, 1383)",0.6037214994430542
"(1552, 3042, 2484)",0.6037213802337646
"(48, 1618, 3042)",0.6037212014198303
"(2473, 587, 3439)",0.6037209033966064
"(258, 1963, 3212, 1933)",0.6037207841873169
"(1800, 25, 4311)",0.6037206053733826
"(523, 2262, 2959)",0.6037201285362244
"(3144, 1499, 54)",0.60371994972229
"(4360, 89, 493)",0.603719174861908
"(1481, 5095, 1351)",0.603719174861908
"(4177, 2045, 567)",0.603719174861908
"(4479, 1426, 1799)",0.603718638420105
"(2025, 1803, 2959)",0.6037176847457886
"(4328, 385, 567)",0.603717565536499
"(1800, 3834, 2399)",0.6037165522575378
"(4767, 1294, 1463)",0.6037163734436035
"(128, 1953, 2473, 4347)",0.6037161946296692
"(89, 493, 4359)",0.6037158966064453
"(2045, 4782, 567)",0.6037147641181946
"(2592, 1932, 2944)",0.6037136912345886
"(1809, 2297, 4353)",0.6037135720252991
"(128, 3212, 660, 1933)",0.6037134528160095
"(513, 4454, 1366)",0.6037134528160095
"(3190, 2140, 1382)",0.60371333360672
"(2475, 4604, 2446)",0.60371333360672
"(3212, 1890, 660)",0.6037132740020752
"(3021, 25, 1469)",0.6037129163742065
"(1480, 5022, 1502)",0.6037126779556274
"(1488, 4019, 1911)",0.6037123203277588
"(1470, 70, 2775)",0.6037120223045349
"(1968, 5109, 2541)",0.603711724281311
"(4545, 1454, 1310)",0.603711724281311
"(2012, 1837, 4103)",0.6037112474441528
"(3310, 2253, 1502)",0.6037108302116394
"(544, 1836, 3021)",0.6037104725837708
"(1480, 4443, 1461, 1919)",0.603710412979126
"(3017, 1490, 892, 2354)",0.6037102937698364
"(2425, 539, 2916)",0.6037101149559021
"(184, 2529, 3535)",0.6037098169326782
"(3834, 251, 253, 2071)",0.6037096977233887
"(2958, 1446, 1390)",0.6037091612815857
"(3054, 1410, 1470)",0.6037086844444275
"(1809, 1426, 3079, 1799)",0.6037077903747559
"(3536, 1514, 1423)",0.6037076115608215
"(4472, 1844, 1382)",0.6037074327468872
"(89, 660, 3212)",0.6037071943283081
"(128, 3171, 1963, 1933)",0.6037070155143738
"(3560, 25, 2045)",0.6037070155143738
"(1776, 2475, 4582)",0.6037065386772156
"(386, 3075, 575)",0.6037064790725708
"(89, 2718, 2959)",0.6037060618400574
"(89, 2969, 2718)",0.6037060022354126
"(1936, 2416, 3421)",0.6037060022354126
"(1968, 1491, 3063)",0.6037057638168335
"(1352, 1409, 4029)",0.6037053465843201
"(4360, 1601, 2718)",0.6037053465843201
"(1800, 4483, 1844)",0.603705108165741
"(4443, 2332, 1461)",0.6037048697471619
"(3212, 523, 660)",0.6037048697471619
"(128, 1890, 3519)",0.6037046909332275
"(385, 4822, 567)",0.6037042140960693
"(1600, 4103, 2008)",0.6037039160728455
"(128, 1890, 4347)",0.6037036776542664
"(4376, 89, 2718, 1390)",0.6037035584449768
"(1352, 3075, 2286)",0.6037032008171082
"(3017, 1491, 2159)",0.6037030816078186
"(3276, 2758, 1566)",0.6037030220031738
"(1979, 1484, 4459)",0.6037026643753052
"(1800, 2297, 3834, 1382)",0.6037024855613708
"(73, 1470, 2775)",0.6037022471427917
"(1577, 2718, 2959)",0.6037020683288574
"(568, 1577, 4554)",0.6037014722824097
"(3891, 739, 526)",0.6037012934684753
"(1464, 3755, 1942)",0.6037005186080933
"(1953, 1836, 4103)",0.6036994457244873
"(2298, 524, 4420)",0.6036990284919739
"(4417, 89, 2722)",0.6036988496780396
"(1837, 1549, 4103)",0.6036986708641052
"(128, 1953, 4417, 1446, 1963)",0.6036986112594604
"(128, 1801, 1953, 3212)",0.6036983132362366
"(2969, 2722, 2275)",0.6036979556083679
"(513, 3068, 1366)",0.6036968231201172
"(4330, 1963, 1933)",0.6036962270736694
"(2057, 2718, 2959)",0.6036958694458008
"(1714, 451, 4195)",0.603695809841156
"(568, 3068, 1071)",0.6036956906318665
"(1137, 3085, 54)",0.6036955714225769
"(1352, 2140, 3076)",0.6036955714225769
"(3075, 1611, 141)",0.6036955118179321
"(89, 2185, 3212)",0.6036949157714844
"(128, 1953, 4573, 1744)",0.6036949157714844
"(1233, 2441, 3222)",0.603694498538971
"(1800, 4359, 1703)",0.6036940813064575
"(2058, 3639, 1351)",0.6036934852600098
"(128, 1953, 4483)",0.603693425655365
"(739, 1844, 4326)",0.6036931872367859
"(4338, 1382, 1703)",0.6036931276321411
"(3200, 2297, 1386)",0.6036930084228516
"(568, 3076, 567)",0.6036930084228516
"(3200, 1809, 1799)",0.6036925315856934
"(128, 1953, 1446, 1963, 4378)",0.603692352771759
"(1800, 4029, 1382)",0.603692352771759
"(2297, 1382, 574, 4614)",0.603692352771759
"(128, 1953, 3521)",0.6036920547485352
"(1996, 1855, 4446, 1471)",0.6036919355392456
"(385, 3212, 567)",0.6036916971206665
"(1809, 4638, 1799)",0.6036916971206665
"(128, 1963, 1933, 3663)",0.603691041469574
"(1809, 2202, 4983)",0.6036906838417053
"(4545, 1378, 1506)",0.6036896109580994
"(841, 809, 4654)",0.6036894917488098
"(3536, 1514, 1436, 1439)",0.6036894917488098
"(4545, 1422, 1351)",0.6036891341209412
"(1481, 4708, 1351)",0.6036888360977173
"(128, 660, 4420)",0.6036884188652039
"(1953, 1963, 4420, 1933)",0.6036883592605591
"(128, 1953, 1963, 1933, 4346)",0.6036882400512695
"(568, 3199, 2015)",0.6036878228187561
"(1825, 2122, 4350, 2057)",0.6036877632141113
"(1433, 2243, 4545)",0.6036872267723083
"(1339, 1470, 3063)",0.6036871671676636
"(2122, 493, 4350)",0.6036867499351501
"(2529, 1762, 1470, 2775)",0.6036866903305054
"(128, 1953, 4353)",0.6036865711212158
"(3019, 1788, 54)",0.6036864519119263
"(1809, 4353, 1799)",0.6036861538887024
"(2889, 2074, 2539)",0.6036860942840576
"(3017, 1490, 2541)",0.6036859750747681
"(5014, 2446, 2447)",0.6036855578422546
"(128, 1801, 1953, 4417)",0.6036853790283203
"(1512, 2482, 5030)",0.6036849617958069
"(4030, 2085, 198)",0.6036848425865173
"(1466, 2796, 1894)",0.6036843657493591
"(1378, 283, 5503)",0.6036841869354248
"(5200, 1436, 1423)",0.6036835312843323
"(568, 4994, 1382)",0.6036834716796875
"(1382, 1800, 1836, 4338, 1844)",0.6036830544471741
"(2560, 1953, 4347)",0.6036829352378845
"(568, 4410, 2605)",0.6036829352378845
"(1578, 3021, 1382)",0.6036825776100159
"(5346, 1611, 1471)",0.6036820411682129
"(3075, 1837, 141)",0.6036818027496338
"(2953, 371, 54)",0.6036816239356995
"(1809, 4418, 1383)",0.6036815643310547
"(1800, 25, 1836, 4585)",0.6036813855171204
"(128, 1801, 2275, 4347)",0.6036806702613831
"(4324, 1837, 1382)",0.6036803126335144
"(4401, 1426, 739)",0.6036803126335144
"(2074, 276, 3086)",0.6036801934242249
"(2057, 2262, 3519)",0.6036795377731323
"(1924, 516, 5485)",0.603679358959198
"(568, 1800, 1836, 3190)",0.6036791205406189
"(128, 1953, 1446, 1801, 4329, 1963)",0.6036790609359741
"(386, 3903, 575)",0.6036789417266846
"(3200, 1469, 1390)",0.603678822517395
"(251, 4467, 253)",0.6036784052848816
"(1963, 1933, 1390, 3519)",0.6036781072616577
"(4169, 1386, 1247)",0.6036775708198547
"(128, 1801, 1963, 3212, 1933)",0.6036764979362488
"(1382, 1800, 1386, 1837, 3190)",0.6036758422851562
"(2568, 4886, 1319)",0.6036755442619324
"(3172, 533, 1703)",0.6036751866340637
"(128, 1953, 5197)",0.6036749482154846
"(128, 1953, 4324)",0.6036741137504578
"(385, 3068, 567)",0.6036735773086548
"(128, 1953, 3177, 1963, 1933)",0.6036731004714966
"(89, 4466, 2718)",0.6036730408668518
"(5072, 385, 567)",0.6036729216575623
"(3200, 1844, 1837)",0.6036728620529175
"(513, 1366, 3079)",0.6036728024482727
"(1382, 1386, 1836, 1837, 3190)",0.6036725044250488
"(1968, 3656, 2014)",0.6036717891693115
"(1800, 1844, 3068)",0.6036715507507324
"(128, 1953, 3815)",0.6036713719367981
"(1801, 1953, 3788, 1703)",0.6036708950996399
"(1939, 2220, 4948)",0.6036708950996399
"(1800, 2028, 4103)",0.6036707162857056
"(2529, 2451, 1470, 2775)",0.6036703586578369
"(3408, 2058, 1351)",0.6036696434020996
"(1386, 3202, 1799)",0.6036695837974548
"(568, 3211, 2028)",0.6036694645881653
"(568, 2297, 1382, 4614)",0.6036694645881653
"(2307, 3642, 1979)",0.6036689877510071
"(1953, 1963, 1446, 4423)",0.6036689877510071
"(128, 1801, 258, 4329)",0.6036686301231384
"(459, 4925, 1463)",0.6036686301231384
"(4324, 1933, 1390)",0.6036684513092041
"(1382, 1800, 3210, 1836, 2071)",0.6036681532859802
"(1578, 4404, 2351)",0.6036680340766907
"(128, 1953, 1890, 4652)",0.6036674976348877
"(3656, 2541, 2006)",0.6036673188209534
"(1825, 3219, 1781)",0.6036665439605713
"(2946, 1963, 1446, 1390)",0.6036660671234131
"(2298, 493, 4178)",0.603665828704834
"(2473, 2969, 2718)",0.6036656498908997
"(1067, 4420, 2559)",0.6036654710769653
"(1704, 3654, 1943)",0.6036654114723206
"(568, 4332, 141)",0.6036644577980042
"(1520, 1561, 2953)",0.6036642789840698
"(360, 361, 5356)",0.6036637425422668
"(3642, 1979, 87)",0.6036636829376221
"(3007, 1481, 1351)",0.6036630272865295
"(2297, 498, 4418)",0.6036621928215027
"(1578, 4029, 1471)",0.6036620736122131
"(4354, 1980, 1270)",0.6036620140075684
"(498, 739, 4494)",0.6036617159843445
"(2972, 2052, 1743)",0.6036612391471863
"(4103, 1606, 2071)",0.6036608815193176
"(1960, 2354, 4508)",0.6036607027053833
"(128, 1953, 1933, 3519)",0.603660523891449
"(2507, 574, 4614)",0.6036601662635803
"(2069, 1989, 3262)",0.6036596894264221
"(2382, 5059, 1990)",0.6036593317985535
"(385, 4486, 567)",0.6036592125892639
"(1578, 1382, 3190)",0.6036591529846191
"(3200, 1577, 2487)",0.6036581993103027
"(296, 2058, 4708)",0.6036581993103027
"(1781, 1933, 3519)",0.6036578416824341
"(1800, 2297, 4785)",0.603657603263855
"(128, 1963, 1933, 3519)",0.6036569476127625
"(1552, 2019, 4486, 1574)",0.6036566495895386
"(1800, 2297, 4586)",0.6036544442176819
"(128, 1801, 3212, 1390)",0.6036540865898132
"(128, 4370, 1963, 1933)",0.6036539077758789
"(1799, 1386, 1809, 1426, 4543)",0.6036524772644043
"(568, 1601, 4332)",0.6036513447761536
"(1953, 660, 4326)",0.6036510467529297
"(568, 2297, 1382, 4511)",0.6036508083343506
"(568, 2178, 4140)",0.6036505699157715
"(1512, 2057, 3212)",0.6036505103111267
"(4561, 2446, 2447)",0.6036500334739685
"(1800, 25, 3021, 2297)",0.6036498546600342
"(4545, 2058, 1422)",0.6036497354507446
"(1936, 3421, 2326)",0.6036495566368103
"(1800, 4177, 2475, 1836)",0.6036495566368103
"(1809, 4386, 1836)",0.6036487221717834
"(1426, 1837, 4454)",0.6036481261253357
"(1963, 2956, 1933, 519)",0.6036479473114014
"(3224, 1977, 2593)",0.603647768497467
"(2131, 2133, 2911)",0.6036474108695984
"(1944, 3526, 2015)",0.6036467552185059
"(2953, 540, 2374)",0.6036466956138611
"(1490, 3276, 1478)",0.603646457195282
"(1800, 4424, 1836, 1837, 25)",0.6036463975906372
"(368, 1665, 4059)",0.6036461591720581
"(1386, 29, 4543)",0.603645920753479
"(4511, 1809, 1799)",0.6036458015441895
"(1960, 1490, 1491, 3085)",0.603645384311676
"(1600, 3076, 1383)",0.6036453247070312
"(336, 1611, 4324)",0.6036452651023865
"(4387, 493, 2599)",0.6036450862884521
"(1968, 3057, 1491)",0.6036450862884521
"(698, 1484, 3702)",0.6036449670791626
"(2626, 3682, 1380, 1518)",0.6036444306373596
"(1072, 4328, 2718)",0.6036442518234253
"(1800, 25, 4780)",0.6036438345909119
"(2721, 2962, 2718)",0.6036438345909119
"(2080, 2251, 3983)",0.6036435961723328
"(2968, 385, 567)",0.603643000125885
"(3426, 1799, 1800, 1836, 1809)",0.603643000125885
"(1490, 2775, 1943)",0.6036425828933716
"(568, 4467, 1836)",0.6036419868469238
"(2122, 493, 3174)",0.6036415696144104
"(4032, 1572, 1685)",0.6036407947540283
"(568, 3426, 309)",0.6036405563354492
"(2808, 2057, 1446, 1390)",0.6036403179168701
"(128, 2057, 3271)",0.6036401391029358
"(25, 1811, 3156)",0.603640079498291
"(1960, 1410, 3144)",0.6036399602890015
"(3903, 2438, 423)",0.6036394238471985
"(3745, 1469, 1382)",0.6036393046379089
"(1386, 4551, 1426)",0.6036390662193298
"(385, 4559, 567)",0.6036384701728821
"(568, 25, 4243)",0.6036381721496582
"(128, 1953, 1801, 1933, 4372)",0.6036375761032104
"(1160, 1697, 4768)",0.6036375761032104
"(1481, 4963, 1351)",0.6036372184753418
"(128, 1953, 5384, 1744)",0.6036363840103149
"(89, 1953, 3212, 2057)",0.6036356091499329
"(4545, 1046, 1351)",0.6036345362663269
"(3076, 1844, 1837)",0.6036337614059448
"(2506, 4867, 2262)",0.6036337614059448
"(1641, 3275, 2638)",0.6036337018013
"(3656, 1829, 1830)",0.6036332249641418
"(1469, 4494, 1703)",0.6036331057548523
"(2775, 1491, 1943)",0.6036331057548523
"(1800, 2481, 1836, 3793)",0.6036322712898254
"(3076, 1837, 1383)",0.6036321520805359
"(128, 4329, 1963, 1933, 660)",0.6036316752433777
"(4994, 309, 1382)",0.6036316156387329
"(1809, 4554, 1799)",0.6036314368247986
"(128, 4357, 1446, 1801, 1390)",0.6036311388015747
"(2776, 1665, 2598)",0.6036310195922852
"(1601, 2473, 2718, 3439)",0.6036310195922852
"(2160, 1836, 3021)",0.6036309003829956
"(2160, 2297, 4177)",0.6036300659179688
"(3075, 1092, 2414)",0.6036299467086792
"(2298, 2262, 3174)",0.6036286354064941
"(1953, 1801, 4329, 1933, 1390)",0.6036284565925598
"(1388, 2790, 1487)",0.6036282777786255
"(4426, 1837, 1382)",0.6036273241043091
"(2953, 884, 54)",0.6036270260810852
"(1409, 2140, 4029)",0.6036267876625061
"(4586, 1836, 1382)",0.6036267280578613
"(128, 1801, 3222, 1390)",0.6036263704299927
"(2297, 3075, 1383)",0.6036261916160583
"(2440, 3075, 1844)",0.6036261916160583
"(2859, 1953, 1963, 1446)",0.603625476360321
"(1801, 4370, 1953)",0.6036248207092285
"(2473, 2956, 2486)",0.6036240458488464
"(533, 4350, 1703)",0.6036233305931091
"(371, 2156, 3085, 2374)",0.6036233305931091
"(2297, 2475, 4780)",0.60362309217453
"(1490, 634, 3054)",0.60362309217453
"(2298, 4419, 493)",0.6036228537559509
"(4443, 1244, 1461)",0.6036221981048584
"(128, 2275, 1446, 4347)",0.6036221981048584
"(2464, 1490, 3054)",0.6036220192909241
"(568, 25, 3021)",0.6036219000816345
"(3560, 1426, 1382)",0.6036217212677002
"(1800, 4401, 1703)",0.6036214232444763
"(1968, 4470, 1566)",0.6036213636398315
"(3021, 2605, 2045)",0.603621244430542
"(128, 2275, 4460)",0.6036210656166077
"(386, 3021, 575)",0.6036207675933838
"(1968, 3001, 470)",0.6036205887794495
"(2775, 70, 1943)",0.6036202907562256
"(1800, 3049, 1836)",0.6036198735237122
"(793, 747, 3863)",0.6036193370819092
"(4500, 309, 1382)",0.6036188006401062
"(568, 4931, 576)",0.6036184430122375
"(128, 1953, 2946)",0.603618323802948
"(3075, 1383, 567)",0.6036179661750793
"(1953, 1446, 1801, 4329, 1390)",0.6036178469657898
"(2369, 2217, 4443)",0.603617250919342
"(4545, 1756, 2703)",0.6036171317100525
"(1809, 1426, 4892)",0.6036170721054077
"(3408, 1481, 2058)",0.60361647605896
"(1386, 4386, 1799)",0.6036161780357361
"(1800, 2481, 1836, 3021)",0.6036158204078674
"(568, 3999, 1071)",0.6036158204078674
"(336, 1611, 3075)",0.6036152243614197
"(1800, 5074, 1837)",0.6036146879196167
"(89, 2057, 3519)",0.6036139130592346
"(1809, 141, 4454)",0.6036114692687988
"(2808, 1953, 2057)",0.6036098599433899
"(128, 1953, 5137)",0.6036098003387451
"(3054, 1470, 2582)",0.603609561920166
"(25, 574, 4327)",0.6036094427108765
"(568, 2178, 5306)",0.603609025478363
"(1837, 1549, 3190)",0.6036088466644287
"(4359, 398, 1703)",0.6036086082458496
"(560, 305, 4886)",0.6036084294319153
"(2297, 1382, 574, 4511)",0.603608250617981
"(2057, 2262, 3271)",0.6036077737808228
"(1457, 484, 2796)",0.6036075949668884
"(1386, 1382, 4366)",0.6036075353622437
"(128, 1953, 4329, 2718)",0.6036068201065063
"(128, 1953, 4387, 1446, 1963)",0.6036063432693481
"(3200, 2443, 1844)",0.6036060452461243
"(576, 1578, 4446)",0.6036039590835571
"(1800, 5203, 1836)",0.6036036014556885
"(128, 1953, 1963, 1933, 4571)",0.6036035418510437
"(2057, 1446, 1390, 4420)",0.6036034822463989
"(656, 4151, 1391)",0.6036033034324646
"(128, 1953, 4626)",0.6036030054092407
"(128, 4178, 2718)",0.603602409362793
"(1963, 1446, 4351)",0.6036018133163452
"(800, 809, 3125)",0.6036015748977661
"(4332, 1615, 567)",0.6036010980606079
"(568, 3265, 567)",0.6036006212234497
"(2529, 1470, 3054)",0.6036005616188049
"(1953, 1963, 4420, 1446)",0.6036001443862915
"(1781, 4178, 493)",0.6035999655723572
"(3177, 2122, 493)",0.6035997867584229
"(3200, 25, 1811)",0.6035996079444885
"(3144, 1490, 1943)",0.6035996079444885
"(1491, 3085, 54)",0.6035991311073303
"(128, 1953, 4360, 1801, 1933)",0.6035990118980408
"(128, 2956, 1890, 660)",0.6035977005958557
"(4517, 2446, 2447)",0.6035972833633423
"(1800, 3793, 1836, 2262)",0.6035965085029602
"(1800, 1811, 3200)",0.6035965085029602
"(128, 1953, 1890, 4329)",0.6035963892936707
"(4177, 1836, 1469, 2358)",0.6035962104797363
"(4032, 1587, 1572)",0.6035959124565125
"(2722, 3271, 2519)",0.6035956740379333
"(2193, 3222, 567)",0.6035954356193542
"(898, 3085, 54)",0.6035951375961304
"(1555, 2541, 3063)",0.603594958782196
"(2360, 2684, 5270)",0.6035942435264587
"(1800, 4616, 1836)",0.603594183921814
"(128, 1446, 1963, 3212, 1933, 1390)",0.6035940647125244
"(1800, 2297, 3156)",0.6035937070846558
"(371, 3085, 2159)",0.6035934090614319
"(2473, 2722, 2969)",0.6035930514335632
"(1799, 4169, 1386, 1426, 1171)",0.6035928130149841
"(4458, 1836, 141)",0.6035922169685364
"(3200, 1578, 1471)",0.6035921573638916
"(1513, 2777, 1846)",0.603591799736023
"(25, 4426, 1811)",0.6035917401313782
"(1585, 2775, 2529, 1943)",0.6035915613174438
"(2968, 2446, 2447)",0.6035908460617065
"(1825, 2122, 533, 4178)",0.6035901308059692
"(2297, 1386, 1382, 4511)",0.6035889983177185
"(568, 5257, 2178)",0.6035889387130737
"(4338, 1382, 2071)",0.6035885214805603
"(2775, 1964, 1943)",0.6035882830619812
"(1481, 5119, 1351)",0.6035871505737305
"(2506, 1574, 4407)",0.6035863161087036
"(128, 2025, 4466)",0.6035862565040588
"(4417, 2025, 1803)",0.6035857796669006
"(2297, 1837, 4638)",0.6035856604576111
"(1800, 5238, 1836, 2028)",0.6035852432250977
"(3976, 117, 2598)",0.6035850048065186
"(2880, 182, 1711)",0.6035837531089783
"(128, 1953, 660, 3212)",0.6035835146903992
"(3772, 1403, 2140)",0.6035833954811096
"(2973, 1558, 2590)",0.6035828590393066
"(1800, 4360, 1703)",0.6035827994346619
"(1776, 251, 253, 4103)",0.603582501411438
"(4545, 2058, 1437)",0.6035824418067932
"(3766, 1574, 1607)",0.6035824418067932
"(977, 2529, 2775)",0.6035816669464111
"(1403, 3772, 2013)",0.6035813689231873
"(2354, 1491, 3063)",0.6035809516906738
"(128, 1953, 1446, 1963, 4374)",0.603580117225647
"(4417, 2473, 2519)",0.6035797595977783
"(1092, 2414, 4103)",0.6035794615745544
"(3075, 1844, 2422)",0.6035791039466858
"(1435, 2708, 2775)",0.6035782694816589
"(1386, 3426, 1837, 1382)",0.6035781502723694
"(296, 2058, 3980)",0.6035780906677246
"(568, 2178, 4141)",0.6035779118537903
"(2045, 4486, 1615)",0.6035776734352112
"(3200, 1092, 2414)",0.6035773158073425
"(1837, 4332, 309)",0.6035769581794739
"(3525, 1836, 141)",0.6035769581794739
"(3980, 1939, 1732)",0.6035767793655396
"(251, 1837, 4103)",0.6035765409469604
"(4511, 1844, 1383)",0.6035763621330261
"(2775, 2451, 1470, 1943)",0.603576123714447
"(2464, 3017, 1490)",0.6035760045051575
"(1800, 25, 3075, 1836)",0.6035756468772888
"(4904, 385, 1815, 567)",0.6035749912261963
"(2618, 3085, 54)",0.6035746335983276
"(1426, 1837, 4418)",0.6035735607147217
"(1431, 4545, 1351)",0.6035735011100769
"(2859, 1801, 1953)",0.6035733222961426
"(2994, 2444, 1919)",0.603573203086853
"(1762, 1470, 3535)",0.6035729050636292
"(73, 1349, 2775)",0.6035728454589844
"(1600, 3075, 2286)",0.6035727858543396
"(568, 309, 4103)",0.6035725474357605
"(3075, 1092, 1383)",0.6035719513893127
"(2161, 2057, 4418)",0.6035717129707336
"(128, 1446, 1801, 1390, 4350)",0.6035714149475098
"(25, 3021, 2358)",0.6035708785057068
"(25, 3525, 2399)",0.603570282459259
"(128, 1801, 660, 4329)",0.6035701036453247
"(1446, 1963, 1933, 1390, 3519)",0.603569746017456
"(3265, 1386, 1799)",0.6035693883895874
"(1208, 3200, 1752)",0.6035686135292053
"(1352, 4177, 2358)",0.6035685539245605
"(128, 1953, 4387, 1963, 1933)",0.6035682559013367
"(1809, 4332, 1799)",0.6035679578781128
"(496, 1809, 4418)",0.6035678386688232
"(1825, 2956, 2718)",0.6035676002502441
"(25, 4291, 574)",0.6035674810409546
"(1781, 1222, 3519)",0.6035674810409546
"(3200, 1571, 1238)",0.6035674810409546
"(1600, 1837, 4103)",0.6035667061805725
"(1960, 1641, 2354, 3144)",0.6035662889480591
"(4169, 25, 1383)",0.6035661697387695
"(3028, 2028, 1071)",0.6035659313201904
"(128, 1446, 1801, 4329, 1963, 1390)",0.6035658717155457
"(3816, 1809, 1799)",0.6035655736923218
"(2972, 1782, 1743)",0.603565514087677
"(1953, 1844, 4103)",0.603565514087677
"(1800, 2297, 5205)",0.6035653352737427
"(1561, 3085, 2591)",0.6035653352737427
"(2297, 4586, 1382)",0.6035650372505188
"(4545, 1939, 1310)",0.6035647392272949
"(386, 3766, 575)",0.6035646200180054
"(1844, 1382, 3156)",0.6035645604133606
"(1801, 660, 3519)",0.6035645008087158
"(2298, 4178, 2198)",0.6035643815994263
"(128, 1953, 4554, 1744)",0.6035640239715576
"(1490, 3276, 1943)",0.6035638451576233
"(3075, 1382, 2071)",0.6035637855529785
"(1800, 4350, 1703)",0.603563666343689
"(4545, 1893, 1351)",0.603563666343689
"(3075, 2028, 575)",0.6035633683204651
"(2440, 385, 5107, 567)",0.6035628318786621
"(568, 4353, 309)",0.6035627126693726
"(25, 4327, 1383)",0.6035625338554382
"(128, 1953, 1446, 1963, 3439)",0.6035625338554382
"(128, 1953, 660, 4417)",0.6035624742507935
"(1968, 3054, 1990)",0.6035624742507935
"(128, 1953, 1446, 3177, 1963)",0.6035617589950562
"(2776, 1513, 511)",0.6035615801811218
"(3200, 1386, 483)",0.6035615801811218
"(523, 2956, 2262)",0.6035613417625427
"(386, 4410, 575)",0.6035613417625427
"(4545, 1939, 1414)",0.6035609245300293
"(2057, 2718, 3271)",0.6035599112510681
"(4328, 2275, 2718)",0.6035592555999756
"(4417, 1601, 2722, 2473)",0.603559136390686
"(2953, 2374, 2591)",0.6035582423210144
"(2775, 2582, 1359)",0.6035581231117249
"(1601, 1577, 4417, 2718)",0.6035580039024353
"(128, 1801, 1446, 3519)",0.603557825088501
"(2297, 2475, 4326)",0.6035573482513428
"(1963, 4420, 1933, 1390)",0.6035572290420532
"(2618, 1499, 3085)",0.6035571098327637
"(568, 2297, 3198)",0.6035568714141846
"(1426, 309, 4543)",0.6035568714141846
"(25, 3075, 2071)",0.6035565733909607
"(2570, 3053, 2102)",0.6035565733909607
"(73, 2775, 1943)",0.6035563945770264
"(385, 4526, 567)",0.6035562753677368
"(128, 1953, 1963, 2859, 1933)",0.6035562753677368
"(3276, 2541, 1566)",0.6035556793212891
"(568, 1836, 4103)",0.60355544090271
"(3976, 2300, 1341)",0.6035546660423279
"(128, 1801, 1953, 3519)",0.6035545468330383
"(25, 1811, 4676)",0.6035544872283936
"(1825, 2122, 4387, 1781)",0.6035540103912354
"(4680, 1426, 739)",0.6035539507865906
"(568, 1800, 1836, 4332)",0.6035536527633667
"(1800, 2057, 4177)",0.603553295135498
"(128, 1953, 3075)",0.6035532355308533
"(2529, 2775, 1470, 1359)",0.6035531759262085
"(128, 1953, 2808)",0.6035529971122742
"(2529, 2775, 1470, 1983)",0.6035516262054443
"(568, 1953, 4177)",0.6035515666007996
"(688, 3682, 1590)",0.6035515666007996
"(1513, 2777, 1415)",0.6035515666007996
"(576, 4177, 1071)",0.6035513281822205
"(2560, 1781, 3183)",0.6035510897636414
"(1953, 4362, 1703)",0.6035509705543518
"(1800, 1578, 3021)",0.603550910949707
"(1410, 267, 2775)",0.6035506725311279
"(2473, 2506, 2956)",0.6035505533218384
"(3200, 409, 1469)",0.603550374507904
"(5139, 2297, 2475)",0.603550136089325
"(1457, 1284, 2911)",0.6035500168800354
"(3144, 482, 1315)",0.6035493612289429
"(3144, 1669, 54)",0.6035486459732056
"(2121, 1373, 3118)",0.6035482287406921
"(3144, 1491, 2541)",0.6035482287406921
"(1954, 4326, 1703)",0.603547990322113
"(2083, 1452, 4263)",0.6035463213920593
"(1953, 1446, 1801, 1390, 4350)",0.6035455465316772
"(2473, 3439, 2519)",0.6035453677177429
"(33, 1356, 2911)",0.6035453677177429
"(568, 385, 3200)",0.6035448908805847
"(1801, 1953, 4359, 1703)",0.6035447120666504
"(4545, 1506, 1347)",0.6035446524620056
"(1466, 1282, 1298, 2796)",0.6035442352294922
"(1953, 3174, 1801, 1933, 1390)",0.6035439372062683
"(25, 4543, 1809, 1799)",0.6035429835319519
"(2440, 2001, 3525)",0.603542685508728
"(128, 1953, 1446, 4359, 1801, 1963)",0.6035423278808594
"(4304, 2758, 1566)",0.6035420298576355
"(1825, 2122, 3172, 1781)",0.6035417318344116
"(1953, 3174, 1446, 1801, 1390)",0.6035416722297668
"(4360, 1577, 2718)",0.6035416126251221
"(1800, 1836, 3021, 2262)",0.6035414338111877
"(184, 2529, 2775)",0.6035414338111877
"(4029, 1836, 1837, 2071)",0.6035408973693848
"(3772, 1403, 2148)",0.6035406589508057
"(4993, 309, 1382)",0.6035402417182922
"(3021, 1836, 1221)",0.603539764881134
"(3001, 2006, 1566)",0.6035397052764893
"(1481, 4429, 1351)",0.6035392880439758
"(89, 3174, 1825)",0.603538990020752
"(25, 1786, 1837, 4103)",0.6035387516021729
"(2776, 106, 2259)",0.6035386323928833
"(128, 1953, 1801, 4329, 1933, 1390)",0.6035376787185669
"(1707, 1469, 3198)",0.6035376191139221
"(2302, 3438, 654)",0.6035376191139221
"(89, 3177, 1825)",0.603537380695343
"(2057, 2298, 4363)",0.6035372018814087
"(1800, 1811, 1836, 3021)",0.6035370230674744
"(2121, 2073, 3118)",0.6035369634628296
"(1600, 2028, 4103)",0.6035369038581848
"(1809, 4551, 1799)",0.60353684425354
"(2984, 1339, 1870)",0.6035366654396057
"(568, 1811, 3200)",0.6035364270210266
"(128, 1446, 1963, 1390, 4178, 660)",0.603536069393158
"(128, 1953, 4328, 1801, 1933)",0.6035358309745789
"(1800, 25, 4338)",0.6035355925559998
"(1697, 1740, 3014)",0.6035354733467102
"(89, 4522, 2519)",0.6035354137420654
"(1800, 4448, 1836, 1837)",0.6035347580909729
"(4768, 1378, 1351)",0.6035347580909729
"(128, 4417, 587)",0.6035345792770386
"(1352, 1409, 4103)",0.6035340428352356
"(385, 4103, 567)",0.6035340428352356
"(3778, 1701, 1991)",0.6035339832305908
"(1825, 1835, 4420)",0.6035336852073669
"(1800, 1836, 4140, 2140)",0.6035336256027222
"(2025, 2722, 3271)",0.6035327315330505
"(1386, 3156, 1382)",0.6035326719284058
"(4424, 25, 1811)",0.6035324335098267
"(1800, 1836, 4364)",0.6035323739051819
"(385, 5197, 567)",0.603532075881958
"(1382, 1800, 1386, 309, 3190)",0.6035317778587341
"(1944, 2443, 3203)",0.6035317778587341
"(4352, 385, 567)",0.6035317182540894
"(2443, 1836, 4175)",0.6035314798355103
"(1616, 1426, 3068)",0.6035313606262207
"(4545, 1378, 1347)",0.6035313606262207
"(498, 739, 3298)",0.6035312414169312
"(4561, 2446, 1606)",0.6035306453704834
"(1426, 3427, 1837)",0.6035305261611938
"(568, 4624, 1071)",0.6035301685333252
"(128, 2275, 5165)",0.6035301089286804
"(1436, 5199, 1423)",0.6035300493240356
"(1960, 1501, 5374)",0.6035300493240356
"(1352, 1800, 3210, 1836)",0.6035288572311401
"(5409, 1526, 687)",0.6035283207893372
"(2140, 4422, 1383)",0.6035277843475342
"(1750, 1430, 3047)",0.6035276055335999
"(128, 1953, 4362, 1963, 1933)",0.6035274863243103
"(1963, 1446, 1390, 4420)",0.6035273671150208
"(1146, 3019, 2410)",0.603527307510376
"(128, 2057, 4362)",0.603527307510376
"(25, 3075, 1844, 1382)",0.6035269498825073
"(385, 3839, 567)",0.6035268902778625
"(1800, 4370, 1703)",0.603526771068573
"(128, 1953, 258, 1963, 2956, 1933)",0.6035263538360596
"(157, 510, 5541)",0.6035258769989014
"(2297, 2475, 5141)",0.603525698184967
"(1490, 1478, 3263)",0.6035254597663879
"(5015, 2446, 2447)",0.6035252213478088
"(4303, 2045, 567)",0.6035252213478088
"(4426, 2475, 2446)",0.6035251021385193
"(1704, 3535, 1943)",0.603524923324585
"(4418, 1382, 1837, 1809, 2297)",0.6035244464874268
"(1809, 3815, 1799)",0.6035243272781372
"(1801, 1953, 3271)",0.6035243272781372
"(3076, 254, 1383)",0.6035239100456238
"(3265, 1093, 141)",0.603523313999176
"(3017, 1490, 516)",0.6035230755805969
"(1953, 2946, 2275)",0.6035230159759521
"(128, 1953, 4624)",0.603522777557373
"(3408, 85, 1414)",0.6035224199295044
"(1800, 2140, 4103)",0.6035224199295044
"(1288, 1705, 3212)",0.603522002696991
"(3075, 525, 567)",0.603521466255188
"(1800, 4483, 1844, 1382)",0.6035211086273193
"(544, 1800, 3021)",0.6035204529762268
"(4473, 1601, 2722, 2473)",0.6035202741622925
"(4328, 2473, 2486)",0.6035202145576477
"(371, 3085, 54)",0.6035199165344238
"(128, 1953, 4854)",0.6035197377204895
"(1800, 1578, 3190)",0.6035192012786865
"(2568, 2692, 4886)",0.6035186052322388
"(1800, 1836, 3190, 2140)",0.6035184860229492
"(1099, 3076, 1383)",0.6035172343254089
"(2178, 2140, 3839)",0.6035170555114746
"(1953, 1963, 3521, 1933)",0.603516697883606
"(1698, 1557, 5126)",0.603516697883606
"(1809, 1426, 4324)",0.6035164594650269
"(1825, 3183, 1703)",0.6035163402557373
"(3200, 84, 1469)",0.6035163402557373
"(568, 4888, 2028)",0.6035162806510925
"(4325, 1382, 1703)",0.6035161018371582
"(3438, 2307, 654)",0.6035159230232239
"(1665, 1492, 3118)",0.6035153269767761
"(5154, 2045, 567)",0.6035147905349731
"(568, 2028, 4103)",0.6035146713256836
"(1836, 1805, 4103)",0.6035142540931702
"(25, 3075, 1844, 1383)",0.6035140752792358
"(3200, 1836, 1383)",0.6035140752792358
"(568, 1617, 3200)",0.6035139560699463
"(2440, 1549, 3839)",0.6035138964653015
"(2473, 2506, 3903)",0.603513777256012
"(128, 1953, 4543, 1744)",0.6035134196281433
"(2969, 2718, 2487)",0.603513240814209
"(1801, 660, 3212)",0.6035131216049194
"(1800, 1386, 4445, 1382)",0.6035127639770508
"(2057, 1446, 1390, 3439)",0.603512704372406
"(576, 1235, 5224)",0.6035125851631165
"(568, 141, 4614)",0.6035125851631165
"(2473, 2298, 4211)",0.603512167930603
"(128, 1953, 1801, 1933, 4376)",0.6035119295120239
"(128, 1446, 1801, 1963, 3212)",0.6035100817680359
"(1578, 4332, 1382)",0.6035100221633911
"(1811, 3021, 1606)",0.6035097241401672
"(4256, 1868, 1326)",0.6035090088844299
"(3075, 1836, 254)",0.6035088896751404
"(1802, 1315, 5079)",0.6035088896751404
"(128, 2057, 4423)",0.6035088896751404
"(2441, 3222, 2486)",0.603508710861206
"(1968, 3276, 2541, 1566)",0.6035085916519165
"(128, 1953, 4815, 1744)",0.6035083532333374
"(258, 660, 3222)",0.6035076975822449
"(4464, 25, 2140)",0.6035075783729553
"(1352, 3200, 1071)",0.603507399559021
"(5304, 386, 575)",0.6035069823265076
"(568, 857, 3200)",0.6035067439079285
"(2160, 4326, 2358)",0.6035062074661255
"(385, 5068, 567)",0.6035060286521912
"(1968, 3257, 1566)",0.6035056710243225
"(5276, 2230, 950)",0.6035056710243225
"(1352, 4446, 2351)",0.6035053730010986
"(128, 1953, 1890, 4347)",0.6035053730010986
"(4410, 2605, 2045)",0.6035053133964539
"(560, 305, 3200)",0.6035052537918091
"(128, 1953, 1446, 1963, 2956, 2718)",0.6035045981407166
"(89, 2721, 2956)",0.6035045981407166
"(1433, 1939, 4545)",0.6035041809082031
"(568, 3525, 2015)",0.6035038232803345
"(2057, 2298, 4473)",0.6035037040710449
"(4291, 309, 575)",0.6035036444664001
"(1801, 1953, 3198)",0.603503406047821
"(1481, 4874, 1351)",0.6035028696060181
"(1481, 3353, 1351)",0.6035022139549255
"(1811, 574, 4614)",0.6035014986991882
"(1801, 1953, 2956, 1703)",0.6035005450248718
"(1963, 4373, 1446)",0.6035005450248718
"(89, 4378, 493)",0.6035004258155823
"(2440, 1549, 4734)",0.6035003662109375
"(1512, 1705, 3212)",0.6035001277923584
"(1960, 1410, 3276)",0.6035001277923584
"(2057, 2013, 3177)",0.6034994125366211
"(2080, 3408, 2541)",0.603499174118042
"(128, 3174, 1446, 1801, 1390)",0.6034989953041077
"(1800, 4442, 1836, 1383)",0.6034985184669495
"(128, 1953, 4389, 1446, 1963)",0.6034979820251465
"(1416, 4801, 2192, 1430)",0.6034977436065674
"(3001, 470, 1566)",0.603497326374054
"(2475, 5140, 2446)",0.6034972667694092
"(128, 1953, 4424)",0.6034963130950928
"(25, 4523, 2140)",0.6034959554672241
"(2297, 4785, 1382)",0.6034959554672241
"(4169, 1386, 1639)",0.6034955978393555
"(1944, 1953, 4140)",0.6034954786300659
"(2161, 2298, 4420)",0.6034952402114868
"(2160, 2001, 3526)",0.6034950017929077
"(2473, 2722, 2718, 3439)",0.6034948825836182
"(2008, 3075, 1844)",0.6034946441650391
"(1384, 1841, 3125, 1502)",0.6034943461418152
"(1792, 4371, 2262)",0.6034940481185913
"(568, 2297, 4353)",0.6034939885139465
"(73, 1509, 3535)",0.6034932732582092
"(2552, 4545, 1355)",0.6034928560256958
"(4329, 1974, 1446)",0.603492796421051
"(3219, 1974, 1446)",0.603492796421051
"(128, 1953, 1446, 4361, 1963)",0.6034926176071167
"(4417, 2721, 1803)",0.6034921407699585
"(128, 1953, 4357, 1446, 1801, 1963)",0.603492021560669
"(4977, 1514, 2338)",0.603491485118866
"(128, 1953, 3911)",0.6034906506538391
"(25, 4418, 1383)",0.6034897565841675
"(3920, 2699, 1588)",0.6034892797470093
"(1386, 1101, 1382, 3190)",0.6034892201423645
"(568, 2028, 4638)",0.6034891605377197
"(1356, 2133, 1894, 2911)",0.603489100933075
"(4291, 1382, 1800, 1844, 309)",0.603487491607666
"(3200, 1313, 482)",0.603487491607666
"(1825, 1835, 4347)",0.603487491607666
"(1968, 5052, 1566)",0.6034872531890869
"(3001, 1555, 2758)",0.6034868955612183
"(1382, 1383, 1837, 3190, 25)",0.6034865379333496
"(305, 1315, 5046)",0.6034864187240601
"(1800, 1836, 3029, 1383)",0.6034859418869019
"(1512, 5030, 1766)",0.6034858822822571
"(1944, 4579, 2140)",0.6034855842590332
"(1809, 1786, 3426, 1799)",0.6034855246543884
"(128, 1953, 2718, 2959)",0.603485107421875
"(25, 1809, 4622)",0.6034844517707825
"(128, 1953, 4662)",0.6034842729568481
"(128, 1446, 1801, 3212, 1390)",0.6034841537475586
"(25, 251, 4103)",0.6034839153289795
"(1809, 1786, 1837, 4103)",0.6034836769104004
"(1288, 4423, 1463)",0.6034834980964661
"(2969, 2722, 2487)",0.6034834384918213
"(128, 1963, 4356, 1933)",0.6034832000732422
"(89, 2298, 4329)",0.6034831404685974
"(567, 568, 25, 4573, 574)",0.6034824848175049
"(2290, 3075, 2188)",0.6034823656082153
"(747, 3125, 687)",0.6034823656082153
"(523, 2262, 3903)",0.603482186794281
"(3200, 386, 575)",0.6034820079803467
"(1481, 2083, 4545)",0.6034818887710571
"(1380, 2973, 1551)",0.6034817695617676
"(4417, 2722, 2275)",0.6034815907478333
"(1800, 25, 2297, 4103)",0.6034815907478333
"(2269, 3521, 1933)",0.6034807562828064
"(1148, 3118, 1372)",0.6034802794456482
"(568, 4464, 1071)",0.6034796237945557
"(1953, 1446, 1801, 1963, 1933, 1390, 3219)",0.6034796237945557
"(4354, 1436, 1439)",0.6034795641899109
"(2307, 1484, 3406)",0.6034793853759766
"(5052, 2541, 1566)",0.6034790873527527
"(1990, 318, 3639)",0.6034790277481079
"(1698, 1427, 2911)",0.6034786701202393
"(1953, 2946, 1963, 1446)",0.603478193283081
"(3075, 1837, 2455)",0.6034777760505676
"(2496, 2473, 2956, 2718)",0.6034773588180542
"(1801, 1953, 4420)",0.6034766435623169
"(3054, 1339, 1870)",0.6034765243530273
"(1800, 1836, 3076, 1844)",0.6034764647483826
"(2297, 4585, 1799)",0.6034761667251587
"(1601, 4473, 2473, 2718)",0.6034761667251587
"(3144, 1490, 2093)",0.6034761667251587
"(1276, 2253, 4164)",0.6034760475158691
"(128, 1446, 1801, 1390, 3222)",0.6034759879112244
"(1800, 1836, 1837, 4471)",0.6034756898880005
"(3017, 1490, 1943)",0.6034756898880005
"(2529, 1490, 3017)",0.6034756898880005
"(4554, 1386, 1426)",0.6034748554229736
"(1611, 3021, 1471)",0.6034746766090393
"(3211, 2446, 2455)",0.6034737825393677
"(1809, 1786, 3426, 1382)",0.6034737229347229
"(4332, 309, 1095)",0.6034732460975647
"(1490, 3276, 2541)",0.6034729480743408
"(1837, 253, 4103)",0.6034722924232483
"(1811, 3834, 251)",0.603471577167511
"(4418, 1799, 1836, 1809, 2297)",0.6034713387489319
"(2140, 4446, 1471)",0.6034711599349976
"(1936, 4804, 2326)",0.6034711003303528
"(513, 4779, 1366)",0.603471040725708
"(4655, 1502, 1807)",0.603471040725708
"(1352, 3075, 1844, 1382)",0.6034709215164185
"(3834, 251, 2668, 253)",0.6034707427024841
"(3682, 1628, 1413)",0.6034706830978394
"(2057, 2969, 2718)",0.603470504283905
"(1490, 2267, 4674)",0.603470504283905
"(128, 1963, 3212, 1933, 660)",0.6034703254699707
"(1386, 4475, 1382)",0.6034702658653259
"(25, 5257, 1811)",0.6034696102142334
"(2057, 3172, 533)",0.6034695506095886
"(2297, 1800, 1836, 3021, 25)",0.6034690141677856
"(386, 4663, 575)",0.6034675240516663
"(128, 1953, 1446, 1963, 3860)",0.6034674644470215
"(1481, 2058, 4886)",0.6034667491912842
"(1800, 4410, 574)",0.6034657955169678
"(1426, 1836, 1837, 3426)",0.6034656167030334
"(1800, 1836, 5110)",0.6034653782844543
"(5351, 1294, 1463)",0.6034653782844543
"(576, 306, 5075)",0.6034651398658752
"(3834, 251, 1837)",0.6034651398658752
"(25, 1811, 4431)",0.6034644246101379
"(1800, 4410, 2668)",0.6034638285636902
"(1426, 1382, 4511)",0.6034638285636902
"(25, 1836, 4324)",0.6034637093544006
"(3682, 2397, 2590)",0.6034631729125977
"(1409, 1578, 4446)",0.6034614443778992
"(128, 1953, 4418, 1744)",0.6034613847732544
"(2473, 587, 2956)",0.6034612655639648
"(4417, 1601, 2473, 2718)",0.6034611463546753
"(3200, 2057, 526)",0.6034608483314514
"(552, 3144, 1852)",0.6034606099128723
"(251, 4103, 253, 2071)",0.6034591197967529
"(3200, 1844, 309)",0.6034587025642395
"(1574, 3042, 1126)",0.60345858335495
"(128, 4491, 660)",0.6034585237503052
"(3212, 2275, 660)",0.6034581065177917
"(4273, 386, 575)",0.6034579873085022
"(3075, 381, 1383)",0.6034578084945679
"(2015, 3525, 567)",0.6034576296806335
"(2028, 3068, 575)",0.6034575700759888
"(1996, 4884, 2351)",0.6034573912620544
"(1800, 4481, 1703)",0.6034573316574097
"(2220, 4907, 1436, 1439)",0.603456974029541
"(568, 1601, 2959)",0.6034568548202515
"(3200, 1953, 1963, 1446)",0.6034563183784485
"(1800, 2297, 4029)",0.6034560799598694
"(2775, 2708, 1943)",0.6034560203552246
"(1953, 1801, 1933, 1390, 4350)",0.6034559011459351
"(4681, 1953, 567)",0.6034551858901978
"(1426, 1837, 4103)",0.6034550666809082
"(568, 4931, 576, 567)",0.6034549474716187
"(128, 1953, 660, 3519)",0.6034548878669739
"(128, 1801, 4519)",0.60345458984375
"(2330, 4181, 2230)",0.6034541130065918
"(4417, 89, 2298)",0.6034539341926575
"(2529, 92, 3535)",0.6034537553787231
"(2464, 1490, 2775)",0.6034536361694336
"(2560, 1825, 2122, 4329)",0.6034533977508545
"(1748, 3085, 2159)",0.6034533381462097
"(1990, 1566, 3063)",0.6034531593322754
"(513, 3202, 1366)",0.6034529805183411
"(2425, 539, 2807)",0.6034529805183411
"(3200, 84, 399)",0.6034526824951172
"(3408, 1437, 94)",0.6034526824951172
"(128, 1953, 4332)",0.6034525036811829
"(4845, 1963, 1933)",0.6034524440765381
"(3076, 1836, 1837)",0.6034521460533142
"(1825, 2122, 3171, 533)",0.6034520864486694
"(25, 2140, 3525)",0.6034501194953918
"(385, 2946, 567)",0.6034497618675232
"(3834, 1099, 2028)",0.6034497618675232
"(1953, 1446, 1801, 1390, 3222)",0.6034496426582336
"(3778, 1850, 1934)",0.6034491658210754
"(4103, 1996, 2351)",0.6034490466117859
"(1337, 3347, 1358)",0.6034489870071411
"(1825, 3177, 2057, 1703)",0.6034488081932068
"(1809, 3075, 1837)",0.6034486889839172
"(267, 3276, 2541)",0.6034480333328247
"(3017, 1410, 267)",0.6034479141235352
"(128, 1801, 2946)",0.6034477353096008
"(2016, 3200, 2397)",0.6034471988677979
"(1960, 3017, 1990)",0.6034471392631531
"(3200, 2443, 1383)",0.6034471392631531
"(3980, 2058, 1732)",0.6034469604492188
"(386, 4638, 575)",0.6034467220306396
"(1466, 1282, 2686, 2911)",0.6034455895423889
"(1491, 3276, 1501)",0.6034435033798218
"(1800, 4404, 1837)",0.6034432053565979
"(333, 309, 4103)",0.6034428477287292
"(2512, 2606, 2973, 1782)",0.6034426093101501
"(2330, 2230, 5375)",0.603441596031189
"(1740, 1149, 3415)",0.6034414172172546
"(1426, 739, 4324)",0.6034412980079651
"(2916, 1924, 516)",0.6034411787986755
"(128, 1953, 4521)",0.6034409403800964
"(3298, 739, 2127)",0.6034407615661621
"(568, 1809, 4410)",0.6034407019615173
"(568, 1574, 4407)",0.6034406423568726
"(1616, 1809, 4169)",0.6034405827522278
"(2297, 1226, 1382, 4638)",0.603440523147583
"(128, 1953, 4822)",0.6034403443336487
"(3222, 1953, 1963, 1974)",0.6034401655197144
"(2297, 4324, 2071)",0.6034400463104248
"(128, 660, 4373)",0.6034398674964905
"(3144, 1761, 1490, 2354)",0.6034395694732666
"(89, 2969, 2473)",0.6034390926361084
"(1800, 25, 3075, 1844)",0.6034389734268188
"(25, 1844, 3076)",0.6034387946128845
"(576, 1578, 3834)",0.6034387350082397
"(1960, 3017, 1410)",0.6034386157989502
"(1097, 3075, 567)",0.6034384369850159
"(1809, 498, 4543)",0.603438138961792
"(25, 2140, 4327)",0.603438138961792
"(2217, 132, 4164)",0.6034379601478577
"(1476, 70, 2775)",0.6034377813339233
"(4029, 254, 2071)",0.6034377217292786
"(1707, 4707, 1703)",0.6034374237060547
"(1600, 4327, 1383)",0.6034371852874756
"(2202, 4531, 1382)",0.6034367084503174
"(4432, 2026, 1590)",0.6034367084503174
"(4551, 1571, 1815)",0.6034361124038696
"(128, 1953, 4843)",0.6034360527992249
"(1481, 1378, 4545, 1351)",0.6034356951713562
"(128, 1953, 4329, 159)",0.6034356355667114
"(128, 2969, 2718)",0.6034347414970398
"(4768, 1506, 1347)",0.6034344434738159
"(1698, 1557, 2911)",0.6034342050552368
"(3904, 89, 2718, 1390)",0.6034328937530518
"(1986, 1960, 3144, 267, 1490, 1491, 1333)",0.6034325361251831
"(816, 747, 4844)",0.6034321188926697
"(2496, 2962, 2275, 2718)",0.6034318804740906
"(3891, 2446, 2447)",0.6034315824508667
"(3200, 309, 1469)",0.6034315228462219
"(1577, 4332, 567)",0.603431224822998
"(128, 4833, 1446, 1963, 1933)",0.6034309267997742
"(128, 1953, 4351)",0.6034308075904846
"(258, 3219, 660)",0.6034300327301025
"(2160, 1786, 4029)",0.6034297943115234
"(2297, 3075, 1844, 1837)",0.6034297943115234
"(3075, 1844, 309, 1382)",0.6034290790557861
"(1093, 141, 4454)",0.603428840637207
"(568, 1577, 2959)",0.6034281849861145
"(4347, 1801, 1953, 1703)",0.6034281253814697
"(2160, 4029, 1999)",0.603428065776825
"(1800, 3075, 309, 1382)",0.6034277081489563
"(1953, 4357, 1446, 1801, 1390)",0.6034272313117981
"(2298, 493, 3519)",0.6034271717071533
"(2083, 1452, 5397)",0.6034271121025085
"(128, 660, 3271)",0.6034271121025085
"(1578, 5324, 2290)",0.6034269332885742
"(1752, 2297, 3200)",0.6034262180328369
"(2425, 2499, 2916)",0.6034261584281921
"(4545, 2578, 1039)",0.6034259796142578
"(568, 4332, 1837)",0.6034258008003235
"(385, 2506, 5172, 567)",0.6034250855445862
"(3500, 1502, 1807)",0.6034250855445862
"(4291, 1837, 309, 1382)",0.6034250855445862
"(1809, 1953, 4103)",0.6034249067306519
"(4417, 84, 2718)",0.6034246683120728
"(1298, 2131, 2796)",0.603424608707428
"(1471, 1996, 2351, 4446, 1855)",0.603424608707428
"(4328, 89, 2506)",0.6034244894981384
"(1811, 1611, 4446)",0.6034243702888489
"(1384, 1510, 3438, 654)",0.6034242510795593
"(3200, 2202, 1469)",0.6034238338470459
"(1800, 3265, 1836)",0.6034234166145325
"(5204, 1837, 1382)",0.6034224629402161
"(2776, 1777, 1740)",0.6034224629402161
"(1417, 2953, 371)",0.6034213304519653
"(1800, 1811, 1836, 4103)",0.6034204959869385
"(2057, 2013, 3519)",0.6034203171730042
"(128, 1801, 2738, 4329)",0.603420078754425
"(2160, 3075, 1836)",0.603420078754425
"(2297, 1226, 4916, 1382)",0.6034197807312012
"(128, 1953, 4103, 1744)",0.6034194231033325
"(2400, 4354, 1709)",0.6034188866615295
"(40, 1953, 2956, 2718)",0.60341876745224
"(4328, 1781, 493)",0.6034186482429504
"(4545, 1437, 2534)",0.6034184694290161
"(3021, 1837, 1549)",0.603418231010437
"(3085, 1499, 1669, 54)",0.6034181118011475
"(1809, 3202, 1799)",0.6034181118011475
"(3560, 2202, 1382)",0.6034178137779236
"(2028, 1710, 3199)",0.6034176349639893
"(568, 2290, 3075)",0.6034173369407654
"(1578, 4103, 2351)",0.6034170389175415
"(2346, 2891, 437)",0.6034170389175415
"(1800, 3793, 1836, 2160)",0.6034166812896729
"(2297, 3075, 2071)",0.6034162044525146
"(3257, 1491, 1943)",0.6034159064292908
"(568, 3788, 1615)",0.6034153699874878
"(568, 1800, 4410, 1836)",0.6034151315689087
"(2568, 4545, 1319)",0.60341477394104
"(1481, 3262, 1351)",0.6034146547317505
"(1825, 1835, 3519, 1703)",0.6034142971038818
"(1924, 516, 3535)",0.6034142374992371
"(1481, 1355, 4069)",0.6034140586853027
"(4360, 2722, 2519)",0.6034138798713684
"(1682, 5030, 1614)",0.6034138202667236
"(128, 1953, 1446, 4423, 1963)",0.6034135222434998
"(128, 1953, 4522)",0.6034133434295654
"(2451, 2582, 2775)",0.6034119129180908
"(196, 2356, 2911)",0.6034110188484192
"(128, 1953, 1446, 3174, 1801, 1963)",0.6034109592437744
"(3265, 1426, 1799)",0.6034104824066162
"(2298, 3180, 2262)",0.6034104228019714
"(2808, 1953, 1963, 1446)",0.6034098267555237
"(1512, 3212, 2279)",0.6034092307090759
"(128, 1963, 3172, 1933)",0.6034089922904968
"(568, 1953, 4353)",0.603408932685852
"(128, 2956, 258, 660)",0.603408932685852
"(1963, 4380, 1446)",0.6034088134765625
"(89, 3212, 631)",0.6034087538719177
"(2057, 1203, 3212)",0.6034087538719177
"(3075, 1382, 1800, 1836, 1844, 2297)",0.6034084558486938
"(128, 1953, 1963, 1933, 3519)",0.6034083366394043
"(1352, 3075, 1175)",0.6034079790115356
"(4177, 1837, 1549)",0.6034076809883118
"(3788, 2438, 423)",0.603407621383667
"(1960, 3001, 2354)",0.6034070253372192
"(2330, 1979, 3642)",0.6034066081047058
"(4466, 2275, 2718)",0.6034061908721924
"(2057, 2298, 4330)",0.6034061908721924
"(568, 1811, 3021)",0.6034058928489685
"(25, 3075, 574)",0.6034051179885864
"(1836, 4365, 1382)",0.6034048795700073
"(2297, 1386, 1382, 4638)",0.6034048795700073
"(1809, 2202, 4475)",0.6034045815467834
"(128, 1953, 4341)",0.6034042835235596
"(4816, 698, 1484)",0.6034034490585327
"(2160, 2358, 4431)",0.6034031510353088
"(1953, 1954, 4707, 1469)",0.603402853012085
"(1600, 4029, 2008)",0.6034027934074402
"(2404, 2133, 2796)",0.6034022569656372
"(2208, 2029, 2973, 1743)",0.6034015417098999
"(2297, 4779, 1382)",0.6034014821052551
"(2192, 4801, 1430, 1759)",0.6034013628959656
"(1573, 5030, 1535)",0.6034013628959656
"(1704, 3654, 1494)",0.6034008860588074
"(336, 3075, 2286)",0.6034000515937805
"(1800, 1219, 3021)",0.6033997535705566
"(3017, 1491, 2709)",0.6033995747566223
"(3200, 2495, 567)",0.6033995747566223
"(128, 4419, 660)",0.6033995151519775
"(1777, 106, 4708)",0.6033994555473328
"(1386, 4559, 1799)",0.6033985018730164
"(2160, 2297, 4418)",0.6033979058265686
"(568, 2272, 3200)",0.6033975481987
"(1761, 2635, 3017)",0.6033973097801208
"(1685, 1662, 2975)",0.6033969521522522
"(3210, 1837, 1382, 1703)",0.6033961772918701
"(128, 1953, 2968, 1744)",0.6033959984779358
"(25, 3076, 1383)",0.603395938873291
"(4672, 386, 575)",0.6033958196640015
"(1800, 1809, 4426, 1836)",0.6033958196640015
"(128, 1953, 2275, 3788)",0.6033955812454224
"(1825, 4420, 1781)",0.6033948063850403
"(3079, 574, 1815)",0.6033945083618164
"(128, 1953, 1963, 1933, 4370)",0.6033943891525269
"(3190, 1549, 1382)",0.6033938527107239
"(4417, 2722, 2519)",0.6033936738967896
"(568, 4243, 1844)",0.6033935546875
"(2080, 4411, 163)",0.6033933758735657
"(4424, 1809, 1799)",0.6033931374549866
"(1844, 3076, 1799)",0.6033930778503418
"(3999, 1837, 1382, 1383)",0.6033930778503418
"(128, 1801, 4415)",0.6033928990364075
"(1800, 1890, 4119, 1703)",0.6033927798271179
"(1480, 1461, 3166)",0.6033927798271179
"(5162, 1979, 1524)",0.6033918261528015
"(1944, 1809, 4103)",0.6033917665481567
"(660, 2358, 4119)",0.6033917665481567
"(1067, 2486, 4871)",0.6033915281295776
"(2131, 2196, 2911)",0.6033914089202881
"(128, 2057, 660, 3212)",0.6033908128738403
"(698, 1484, 5388)",0.6033905148506165
"(2033, 2029, 2973, 1743)",0.6033905148506165
"(1489, 3682, 1380, 1335)",0.6033903360366821
"(568, 1800, 1836, 3021)",0.6033902168273926
"(2161, 1781, 3519)",0.6033900380134583
"(1800, 4403, 2668)",0.6033899784088135
"(1433, 2341, 4886)",0.6033899784088135
"(2473, 2298, 4178)",0.6033898591995239
"(2440, 3525, 567)",0.6033898591995239
"(89, 2722, 2969)",0.6033897399902344
"(3200, 739, 2485)",0.6033896207809448
"(3659, 2267, 2573)",0.6033895611763
"(1447, 4655, 1303)",0.6033892631530762
"(4024, 385, 567)",0.6033891439437866
"(1386, 1837, 4454, 1799)",0.6033891439437866
"(128, 1953, 1963, 1933, 3663)",0.6033889055252075
"(2297, 3788, 1799)",0.6033883094787598
"(3426, 1836, 254)",0.6033874750137329
"(1600, 3211, 2008)",0.6033874154090881
"(1953, 4329, 519)",0.603386640548706
"(1809, 3834, 1606)",0.603386640548706
"(1800, 2297, 5211)",0.603386640548706
"(1800, 2297, 5212)",0.603386640548706
"(1809, 1837, 4029)",0.6033864617347717
"(2161, 2298, 4329)",0.6033862829208374
"(2297, 1226, 1382, 4511)",0.6033862233161926
"(1782, 2972, 1558)",0.603385865688324
"(4955, 516, 85)",0.603385865688324
"(1611, 4103, 1471)",0.6033850908279419
"(48, 4582, 1471)",0.6033849120140076
"(25, 1811, 5238)",0.6033846139907837
"(4376, 1799, 1703)",0.6033845543861389
"(1577, 2969, 2718)",0.6033845543861389
"(1836, 4364, 1382)",0.6033843159675598
"(1513, 1900, 2777)",0.6033839583396912
"(4531, 1469, 1382)",0.6033838391304016
"(1481, 4123, 1351)",0.6033837795257568
"(698, 1484, 3125)",0.603383481502533
"(3024, 2028, 1071)",0.6033834218978882
"(4371, 1801, 1953, 1703)",0.6033833026885986
"(1809, 1386, 3815)",0.6033828854560852
"(128, 1953, 4969)",0.6033828258514404
"(3500, 2302, 1807)",0.6033822298049927
"(2160, 1836, 4029)",0.6033815741539001
"(73, 1509, 2775)",0.6033811569213867
"(2775, 1491, 2582, 1943)",0.6033807992935181
"(3075, 309, 1095)",0.6033803224563599
"(2160, 3198, 2399)",0.6033803224563599
"(1809, 2443, 4543)",0.6033802032470703
"(1800, 3075, 1836, 309)",0.6033798456192017
"(1457, 1284, 2796)",0.6033798456192017
"(128, 1953, 2946, 1963, 1933)",0.6033794283866882
"(25, 3156, 1383)",0.6033791899681091
"(2297, 4426, 2475)",0.6033786535263062
"(1469, 2486, 3199)",0.6033785343170166
"(3075, 1382, 1703)",0.603378176689148
"(25, 3075, 2297)",0.6033778786659241
"(2641, 1481, 4545)",0.6033778786659241
"(2705, 1740, 3415)",0.6033777594566345
"(898, 1499, 3085)",0.603377640247345
"(2626, 3682, 1405, 1413)",0.6033772826194763
"(25, 3021, 567)",0.6033769249916077
"(568, 1809, 4535)",0.6033767461776733
"(128, 1953, 1446, 1801, 1963, 1933, 1390, 3219)",0.6033766269683838
"(2302, 1182, 3166)",0.6033764481544495
"(3076, 1837, 2071)",0.6033763289451599
"(2298, 348, 4420)",0.6033756732940674
"(25, 2297, 1837, 3198)",0.6033756136894226
"(4554, 2443, 567)",0.6033751964569092
"(386, 2028, 3021)",0.6033751964569092
"(1322, 2298, 3519)",0.6033750772476196
"(3200, 1836, 1837, 1382)",0.6033750176429749
"(568, 385, 4103, 567)",0.6033747792243958
"(386, 4418, 575)",0.6033745408058167
"(385, 3075, 1383)",0.6033740639686584
"(676, 2253, 3310)",0.6033729910850525
"(2208, 1743, 2973, 1551)",0.6033728718757629
"(128, 1953, 2275, 4417)",0.6033728122711182
"(568, 385, 2968)",0.6033727526664734
"(4624, 2178, 567)",0.6033726334571838
"(2560, 1835, 3903)",0.6033724546432495
"(128, 1953, 4731)",0.6033721566200256
"(2525, 1470, 2775)",0.6033719778060913
"(2440, 4622, 567)",0.6033719778060913
"(2916, 2213, 2214)",0.6033715009689331
"(128, 1953, 4420, 1963, 1933)",0.6033713817596436
"(25, 1836, 2297, 4103)",0.603371262550354
"(1426, 3075, 1382)",0.603371262550354
"(385, 4291, 567)",0.6033711433410645
"(128, 1953, 1446, 1963, 3519)",0.6033708453178406
"(2473, 2298, 4652)",0.603370726108551
"(1426, 141, 4454)",0.6033704876899719
"(4425, 25, 1811)",0.6033703088760376
"(3243, 54, 2159)",0.603369951248169
"(128, 1953, 1446, 4362, 1963)",0.6033697724342346
"(1811, 2140, 4103)",0.6033693552017212
"(1491, 2582, 4599)",0.6033689975738525
"(1953, 4418, 309)",0.6033689379692078
"(251, 4103, 1999)",0.6033689379692078
"(3200, 1227, 254)",0.6033685207366943
"(1382, 4614, 1800, 2297, 574)",0.603367269039154
"(25, 1837, 1809, 4103)",0.6033672094345093
"(1809, 1386, 3202)",0.6033672094345093
"(2941, 516, 1477)",0.6033667325973511
"(1386, 2109, 3426)",0.6033667325973511
"(1333, 3276, 1077)",0.6033664345741272
"(128, 1953, 4357, 1446, 1801, 1390)",0.6033662557601929
"(2953, 2442, 2159)",0.6033662557601929
"(2057, 4378, 2718)",0.6033661365509033
"(2474, 2973, 1782)",0.603365957736969
"(3075, 141, 574)",0.6033658981323242
"(128, 4490, 1963, 1933)",0.6033657193183899
"(513, 1366, 3815)",0.6033656597137451
"(3085, 379, 2211)",0.6033656001091003
"(2057, 1963, 4799)",0.6033651828765869
"(3001, 2758, 1566)",0.6033651828765869
"(1953, 4103, 1469, 2399)",0.6033650040626526
"(305, 4725, 1313)",0.603364884853363
"(3075, 1837, 1382, 1383)",0.6033640503883362
"(4178, 1781, 1174)",0.6033636331558228
"(128, 1953, 1446, 1801, 1963, 4350)",0.6033630967140198
"(2609, 4956, 911)",0.6033630967140198
"(128, 660, 2960)",0.6033628582954407
"(128, 1953, 1801, 1933, 4374)",0.6033627390861511
"(128, 3521, 660)",0.6033626198768616
"(4768, 1378, 1347)",0.6033625602722168
"(1578, 2004, 4103)",0.603362500667572
"(568, 3075, 1837)",0.6033623218536377
"(1704, 2706, 2582, 2775)",0.6033617854118347
"(1600, 4554, 2008)",0.6033617258071899
"(1578, 309, 4103)",0.6033613085746765
"(128, 1953, 4328, 2718)",0.6033612489700317
"(1800, 3068, 2358)",0.6033608317375183
"(4768, 1378, 1506)",0.6033601760864258
"(2560, 1801, 3519)",0.6033598184585571
"(4232, 1836, 2140)",0.6033596992492676
"(1600, 3075, 1837)",0.6033594012260437
"(2290, 3075, 1383)",0.6033594012260437
"(1811, 1611, 4582)",0.6033589839935303
"(1382, 1800, 3051, 1836, 1837)",0.6033588647842407
"(1577, 2718, 2956, 1390)",0.6033587455749512
"(128, 1953, 4849)",0.6033580899238586
"(89, 2298, 4361)",0.6033579707145691
"(1825, 2122, 4420, 1833)",0.6033574938774109
"(568, 1601, 3212)",0.6033569574356079
"(1144, 4354, 1372)",0.6033569574356079
"(4024, 1426, 739)",0.6033568978309631
"(4582, 1606, 2351)",0.6033565402030945
"(128, 1953, 1446, 1801, 1390, 4350)",0.6033561825752258
"(4371, 398, 1703)",0.603355884552002
"(1800, 4779, 1836)",0.6033552289009094
"(1099, 4332, 309)",0.6033551096916199
"(217, 3347, 1358)",0.6033543944358826
"(1953, 1446, 1801, 3177, 1390)",0.6033543348312378
"(4332, 1382, 127)",0.6033540964126587
"(2441, 4363, 2487)",0.6033536791801453
"(568, 1800, 3426, 1836)",0.6033533215522766
"(1825, 2122, 3172, 2057)",0.6033532023429871
"(1386, 4332, 309, 1382)",0.6033527851104736
"(1512, 1577, 3212)",0.603352427482605
"(1953, 1446, 1801, 4329, 1963, 1933, 1390)",0.6033523678779602
"(568, 1800, 1844, 3190)",0.6033521890640259
"(1953, 4347, 1933, 1974)",0.6033521890640259
"(1953, 4331, 1933)",0.6033520698547363
"(4931, 574, 567)",0.6033518314361572
"(128, 1953, 2738, 4329)",0.6033516526222229
"(568, 1616, 3068)",0.6033515334129333
"(2358, 25, 3560, 1382)",0.6033514142036438
"(128, 1953, 4273)",0.6033514142036438
"(2374, 1561, 3085, 54)",0.6033512353897095
"(128, 1953, 3042)",0.6033510565757751
"(2057, 493, 4329)",0.6033507585525513
"(747, 4910, 687)",0.6033505201339722
"(1800, 1836, 4177, 25, 574)",0.6033503413200378
"(568, 370, 3199)",0.6033503413200378
"(1481, 5118, 1351)",0.6033499240875244
"(5185, 1481, 1378, 1351)",0.6033497452735901
"(2972, 2029, 1782)",0.6033492088317871
"(2395, 182, 3983)",0.6033488512039185
"(1382, 1836, 3021, 2028, 25)",0.6033487915992737
"(4705, 253, 1383)",0.6033486127853394
"(1096, 2298, 3519)",0.6033486127853394
"(360, 1788, 4599)",0.6033486127853394
"(4376, 1801, 1953, 1703)",0.6033485531806946
"(1963, 1933, 4391)",0.603348433971405
"(576, 3525, 2015)",0.6033480763435364
"(2529, 267, 2775)",0.6033470630645752
"(1577, 2473, 4329)",0.6033467650413513
"(4418, 1386, 1837, 1809, 2297)",0.6033464670181274
"(1800, 1836, 4365)",0.6033464670181274
"(2400, 106, 4708)",0.6033464670181274
"(568, 1601, 3075)",0.6033464074134827
"(4696, 498, 739)",0.6033461093902588
"(1809, 4386, 1837)",0.6033459305763245
"(1809, 4475, 1799)",0.6033455729484558
"(1800, 1811, 1836, 4424)",0.6033451557159424
"(1577, 2962, 2721)",0.6033449769020081
"(3200, 1124, 1615)",0.6033447980880737
"(128, 1953, 5385)",0.6033445596694946
"(3904, 1390, 1198)",0.6033444404602051
"(1410, 1476, 1349, 2775, 2582, 1943, 1435)",0.6033444404602051
"(1968, 218, 4508, 2541)",0.6033442616462708
"(1470, 70, 3535)",0.603344202041626
"(128, 2738, 4421, 1933)",0.6033440828323364
"(2475, 2140, 3199)",0.6033440828323364
"(1170, 2891, 1847)",0.6033433079719543
"(89, 3788, 493)",0.6033428907394409
"(385, 3265, 567)",0.6033427715301514
"(2208, 2973, 1558, 1743)",0.6033419966697693
"(2546, 1318, 3535)",0.6033419966697693
"(4746, 1481, 1378, 1351)",0.6033413410186768
"(568, 1611, 3075)",0.6033400893211365
"(1362, 3085, 54)",0.6033399701118469
"(1800, 4451, 1836, 1383)",0.603339672088623
"(568, 4327, 1744)",0.6033377647399902
"(3755, 1627, 2461)",0.6033373475074768
"(3200, 1615, 567)",0.6033373475074768
"(3760, 2433, 1283)",0.6033369898796082
"(385, 5249, 567)",0.6033368706703186
"(1481, 4545, 1326)",0.6033366322517395
"(1152, 2972, 2208, 1743)",0.6033363342285156
"(2297, 2475, 5015)",0.6033359169960022
"(1506, 3278, 1862)",0.6033357977867126
"(2008, 2140, 3200)",0.6033356189727783
"(4545, 2434, 2220)",0.6033351421356201
"(2297, 5205, 1382)",0.6033349633216858
"(2601, 3682, 1628)",0.6033348441123962
"(1457, 1466, 2796, 1894)",0.6033348441123962
"(2473, 2275, 2718, 2959)",0.6033347249031067
"(2968, 2290, 2188)",0.6033341884613037
"(128, 2718, 5335)",0.6033328771591187
"(128, 2946, 660)",0.6033328175544739
"(1092, 3076, 1383)",0.6033326387405396
"(3834, 251, 1999)",0.6033325791358948
"(1210, 3204, 1426)",0.6033322811126709
"(25, 2140, 3198)",0.6033318042755127
"(1800, 1836, 4477)",0.6033316254615784
"(2775, 1869, 1870, 1943)",0.6033307313919067
"(2425, 2916, 2577)",0.603330671787262
"(1953, 1801, 3177, 1933, 1390)",0.6033304333686829
"(1697, 1740, 4545)",0.6033304333686829
"(128, 1953, 4953)",0.6033303141593933
"(1447, 3500, 1303)",0.6033301949501038
"(128, 4419, 1963, 1933)",0.6033300161361694
"(568, 1953, 4410)",0.6033297181129456
"(4751, 385, 567)",0.603329598903656
"(568, 1800, 1836, 4215)",0.6033295392990112
"(680, 2972, 1782, 1743)",0.6033294200897217
"(4410, 2028, 575)",0.6033294200897217
"(1809, 4029, 2071)",0.603329062461853
"(1571, 4734, 1815)",0.6033290028572083
"(2297, 2475, 5148)",0.603328287601471
"(1944, 3075, 2071)",0.6033282279968262
"(3840, 2446, 2447)",0.6033281087875366
"(1509, 1494, 2775)",0.6033276915550232
"(2297, 2202, 4663)",0.6033273339271545
"(2160, 2140, 3526)",0.6033271551132202
"(4374, 398, 1703)",0.6033270955085754
"(128, 1953, 2473, 3212)",0.6033265590667725
"(4417, 1577, 2721, 2275)",0.6033264994621277
"(1800, 4467, 2668)",0.6033263206481934
"(128, 1953, 3027)",0.6033257246017456
"(128, 1953, 258, 1963, 1933, 4347)",0.603325605392456
"(1837, 3834, 251, 253)",0.6033255457878113
"(128, 1953, 2738, 4529)",0.6033254861831665
"(2529, 1490, 3257)",0.6033252477645874
"(3144, 2541, 1565)",0.6033250093460083
"(128, 1953, 3525)",0.6033245921134949
"(1492, 1373, 3116)",0.6033239960670471
"(3051, 140, 1836)",0.6033238768577576
"(1384, 2307, 3504)",0.6033238768577576
"(1809, 1386, 3265)",0.6033228635787964
"(4381, 398, 1703)",0.6033223867416382
"(2968, 386, 575)",0.6033220291137695
"(1963, 3212, 1933, 519)",0.6033215522766113
"(4410, 1578, 1836)",0.6033211350440979
"(2122, 493, 3519)",0.6033204793930054
"(2290, 2475, 4822)",0.6033204197883606
"(5425, 1476, 1494)",0.6033198237419128
"(1944, 25, 4177)",0.603319525718689
"(5278, 1398, 1359)",0.6033191084861755
"(92, 2582, 2775)",0.6033190488815308
"(251, 4029, 2071)",0.6033188700675964
"(1800, 1811, 1836, 3200)",0.6033186912536621
"(3144, 1490, 1879)",0.6033186912536621
"(2706, 1491, 2775)",0.6033185720443726
"(568, 2178, 4431)",0.6033183932304382
"(2968, 1836, 141)",0.6033183336257935
"(1800, 1836, 4422, 1383)",0.6033183336257935
"(568, 3075, 2486)",0.6033180952072144
"(1426, 739, 3471)",0.60331791639328
"(2136, 2568, 3262)",0.60331791639328
"(3778, 2547, 1934)",0.6033174395561218
"(2480, 3682, 1413)",0.6033172011375427
"(25, 2297, 1837, 4103)",0.6033170223236084
"(2297, 1836, 1469, 4103)",0.6033168435096741
"(128, 1953, 3078)",0.603316605091095
"(4417, 1577, 2473, 2718)",0.6033163070678711
"(4169, 386, 575)",0.6033158302307129
"(128, 1953, 1446, 3271, 1963)",0.6033156514167786
"(2297, 4524, 1213)",0.6033154726028442
"(2297, 1837, 4990)",0.6033147573471069
"(3017, 1478, 54)",0.6033143997192383
"(2297, 1844, 3076)",0.6033141613006592
"(4693, 2412, 1477)",0.6033141016960144
"(25, 1836, 3068)",0.6033139228820801
"(1352, 2481, 4103)",0.6033139228820801
"(1578, 3427, 254)",0.6033138036727905
"(1424, 5501, 87)",0.6033132076263428
"(576, 1235, 4916)",0.6033127903938293
"(361, 2442, 2953)",0.6033127307891846
"(128, 1963, 4491, 1933)",0.603312611579895
"(1601, 2718, 3271)",0.6033125519752502
"(3200, 2297, 1386, 1382)",0.6033124923706055
"(3560, 1469, 574)",0.6033123135566711
"(3076, 1844, 1549)",0.6033115386962891
"(2973, 389, 1782, 1743)",0.603310763835907
"(2297, 4103, 1382, 2071)",0.6033103466033936
"(1800, 4426, 1811, 1836)",0.6033099889755249
"(2668, 4403, 2140)",0.6033098697662354
"(1800, 25, 4426, 1836)",0.6033097505569458
"(1611, 1996, 4446, 2351)",0.6033096313476562
"(1288, 3212, 660)",0.6033083200454712
"(1953, 1963, 3521, 1446)",0.6033083200454712
"(1801, 660, 3198)",0.6033080220222473
"(4169, 140, 1799)",0.6033080220222473
"(1233, 2441, 3221)",0.6033072471618652
"(1512, 1953, 3212)",0.6033072471618652
"(1960, 3276, 1478)",0.603306770324707
"(1802, 1315, 4126)",0.603306770324707
"(4417, 2473, 2722, 2718)",0.6033065319061279
"(1944, 2140, 4581)",0.6033062934875488
"(3075, 1837, 1549)",0.6033061146736145
"(2529, 1491, 2775)",0.6033059358596802
"(2706, 2775, 1470, 1943)",0.6033058166503906
"(1469, 4927, 1703)",0.6033056378364563
"(4545, 2220, 2534)",0.6033052802085876
"(3212, 258, 660)",0.6033052206039429
"(1809, 1426, 3426, 1382)",0.6033049821853638
"(3200, 1837, 1469)",0.6033046841621399
"(1386, 2109, 3190)",0.6033044457435608
"(2057, 4420, 2013)",0.6033043265342712
"(2177, 1300, 2911)",0.6033040285110474
"(4576, 1386, 1799)",0.6033039093017578
"(2529, 1491, 3017)",0.6033036708831787
"(1352, 2289, 3075)",0.6033033728599548
"(1953, 1890, 2859)",0.6033031344413757
"(1552, 355, 4486)",0.603302538394928
"(4432, 2626, 861)",0.6033024191856384
"(128, 1953, 1446, 1963, 3663)",0.6033022999763489
"(233, 2570, 3415)",0.6033022999763489
"(2440, 5169, 567)",0.6033019423484802
"(128, 1963, 4388, 1933)",0.6033018231391907
"(2297, 3075, 1837, 1382)",0.6033017635345459
"(3075, 25, 1579)",0.6033016443252563
"(128, 5337, 2718)",0.6033011674880981
"(25, 4386, 2297)",0.6033010482788086
"(1800, 1386, 1382, 4815)",0.6033003926277161
"(4169, 2443, 567)",0.6033002734184265
"(2297, 1210, 3079)",0.6032998561859131
"(2560, 4329, 294)",0.6032997965812683
"(1240, 2298, 4871)",0.6032995581626892
"(1707, 4581, 1703)",0.6032995581626892
"(1481, 2058, 3639)",0.603299081325531
"(568, 5124, 141)",0.6032987833023071
"(169, 4996, 1439)",0.603298544883728
"(3200, 2297, 1469, 1382)",0.6032982468605042
"(128, 1953, 1890, 3519)",0.6032981276512146
"(5024, 89, 2718)",0.6032979488372803
"(568, 1219, 4486)",0.6032976508140564
"(1825, 4357, 1703)",0.6032971739768982
"(1491, 3085, 2159)",0.6032965779304504
"(2473, 2275, 2956, 2718)",0.6032964587211609
"(128, 1953, 2859, 660)",0.6032957434654236
"(3890, 739, 2358)",0.6032955646514893
"(4704, 498, 739)",0.603295087814331
"(1800, 2297, 4427)",0.6032947897911072
"(1960, 2775, 1943)",0.6032946705818176
"(4328, 1801, 1953, 1703)",0.6032946705818176
"(1513, 5393, 511)",0.6032943725585938
"(568, 1811, 4103)",0.6032938361167908
"(1585, 1490, 3276)",0.6032936573028564
"(2013, 1781, 3174)",0.6032934188842773
"(89, 3788, 2438)",0.6032932996749878
"(4177, 25, 2297, 1799)",0.6032930016517639
"(4435, 1382, 1703)",0.6032928824424744
"(1380, 2973, 2031)",0.6032925248146057
"(128, 1953, 3021, 1744)",0.6032925248146057
"(128, 1953, 1446, 3174, 1801, 1390)",0.6032924652099609
"(2496, 89, 4328, 2718)",0.6032924056053162
"(1611, 141, 4454)",0.6032922267913818
"(1800, 1836, 1837, 4175, 25)",0.6032914519309998
"(2008, 25, 4327)",0.6032914519309998
"(128, 1953, 4356, 1963, 1933)",0.6032909154891968
"(1800, 1836, 1837, 4463, 25)",0.6032904386520386
"(1825, 2122, 3215)",0.603290319442749
"(1800, 4424, 1836, 2160)",0.603290319442749
"(2601, 3682, 1413, 1335)",0.6032899618148804
"(3608, 1437, 94)",0.603289783000946
"(1800, 1844, 3156)",0.6032894253730774
"(1939, 4510, 190)",0.6032893657684326
"(1800, 25, 4386, 1836)",0.6032887101173401
"(128, 1801, 660, 3212)",0.6032887101173401
"(128, 1953, 1446, 4360, 1801, 1963)",0.6032884120941162
"(386, 5180, 575)",0.6032881736755371
"(1489, 3682, 1380, 2601)",0.6032881736755371
"(1953, 1837, 4029)",0.603287935256958
"(1761, 4677, 1490, 1491, 2354)",0.6032875180244446
"(48, 1996, 4446)",0.6032869219779968
"(128, 89, 1953, 3212)",0.6032869219779968
"(2994, 1461, 791)",0.6032868027687073
"(128, 1953, 4417, 2718)",0.6032866835594177
"(25, 1953, 3021)",0.603286623954773
"(3983, 2251, 1535)",0.6032865643501282
"(1809, 3427, 1837, 1799)",0.6032853126525879
"(3200, 1426, 1469)",0.6032851934432983
"(568, 4931, 574, 567)",0.6032847166061401
"(1963, 4381, 1446)",0.6032842993736267
"(3199, 574, 1815)",0.6032842993736267
"(793, 1364, 3310)",0.6032842397689819
"(1960, 2464, 2775)",0.6032842397689819
"(1320, 2953, 1499)",0.6032837629318237
"(1802, 4429, 2503)",0.6032837629318237
"(568, 1611, 3200)",0.6032837629318237
"(1578, 4029, 2351)",0.603283703327179
"(1968, 3257, 2541)",0.6032832860946655
"(1840, 1979, 3125)",0.6032829284667969
"(2275, 84, 2718, 3903)",0.6032825708389282
"(1825, 4350, 2057, 1703)",0.6032825112342834
"(2090, 2534, 4746)",0.6032821536064148
"(3075, 141, 575)",0.60328209400177
"(1800, 1836, 3021, 1837, 2028)",0.6032817959785461
"(2004, 253, 4103)",0.6032814383506775
"(1977, 3086, 2593)",0.6032813787460327
"(1809, 3427, 141)",0.6032810807228088
"(128, 1953, 3210)",0.6032806038856506
"(128, 1446, 1963, 3788, 1390, 660)",0.6032806038856506
"(2776, 1378, 1506)",0.6032801270484924
"(3200, 1802, 1315)",0.6032799482345581
"(1512, 1211, 3200)",0.6032796502113342
"(2953, 1362, 54)",0.6032793521881104
"(2473, 2298, 4958)",0.6032787561416626
"(2956, 1801, 660, 1703)",0.6032781600952148
"(2297, 1837, 4029)",0.6032780408859253
"(3746, 1836, 1382)",0.603277862071991
"(2706, 92, 2775)",0.6032772660255432
"(1386, 4324, 1837)",0.6032770276069641
"(1801, 2946, 1953)",0.603276789188385
"(4446, 1606, 2351)",0.603276789188385
"(3098, 1436, 1439)",0.6032763123512268
"(1600, 2028, 5062)",0.6032763123512268
"(1825, 1835, 4521)",0.6032759547233582
"(3076, 309, 1383)",0.6032755970954895
"(1400, 4411, 163)",0.6032755970954895
"(2185, 4835, 2486)",0.6032755374908447
"(2001, 1837, 4103)",0.6032754778862
"(1800, 2297, 4785, 1382)",0.6032752990722656
"(1809, 4349, 2297)",0.6032752394676208
"(2160, 4739, 1836)",0.6032750010490417
"(1491, 3085, 2591)",0.6032747626304626
"(25, 1386, 2297, 4418)",0.6032746434211731
"(1953, 1446, 1963, 1933, 1390, 3519)",0.6032745242118835
"(128, 1953, 2721, 4417)",0.6032745242118835
"(568, 3075, 1844, 1382)",0.6032743453979492
"(385, 5105, 567)",0.6032740473747253
"(2560, 1825, 4329, 1390)",0.6032736301422119
"(576, 3075, 2015)",0.6032733917236328
"(128, 1963, 1933, 4375)",0.6032732725143433
"(1799, 4372, 1703)",0.6032730937004089
"(251, 1836, 4103)",0.6032728552818298
"(2618, 3085, 2374)",0.6032724976539612
"(128, 1953, 4420, 1446, 1963)",0.6032720804214478
"(498, 739, 3890)",0.6032719612121582
"(3983, 1294, 1287)",0.6032716631889343
"(128, 1953, 1446, 1801, 4329, 1963, 1933, 1390)",0.6032715439796448
"(2083, 1989, 3262)",0.6032713055610657
"(128, 660, 4351)",0.6032711267471313
"(128, 1953, 2275, 4328)",0.6032711267471313
"(4708, 2083, 1452)",0.6032707095146179
"(5008, 721, 2134)",0.6032699346542358
"(4561, 1836, 1606)",0.6032697558403015
"(568, 1601, 4000)",0.6032696962356567
"(1792, 4372, 2262)",0.6032696962356567
"(3200, 2475, 2446)",0.6032692790031433
"(1571, 3211, 1815)",0.603269100189209
"(128, 1801, 660, 4417)",0.603269100189209
"(128, 2275, 4814)",0.6032684445381165
"(1577, 2025, 4329)",0.6032683253288269
"(4545, 1939, 2220)",0.6032682657241821
"(1968, 3145, 2541)",0.6032679677009583
"(2122, 4420, 2262)",0.6032675504684448
"(137, 3075, 2286)",0.6032673716545105
"(4561, 574, 1815)",0.6032668948173523
"(4000, 1801, 1953, 1703)",0.6032665371894836
"(1800, 2475, 1836, 3021)",0.6032657623291016
"(1610, 2298, 4178)",0.6032657623291016
"(3200, 1386, 29)",0.6032653450965881
"(3076, 1844, 1837, 1383)",0.603265106678009
"(25, 4175, 1383)",0.6032649874687195
"(1446, 1390, 4415)",0.6032649278640747
"(2297, 5146, 2475)",0.6032648086547852
"(128, 2275, 4421)",0.6032644510269165
"(128, 1953, 1801, 4362, 1933)",0.6032639145851135
"(2374, 3085, 54, 2159)",0.6032634973526001
"(128, 1953, 4792)",0.6032631397247314
"(1800, 1219, 3068)",0.6032631397247314
"(568, 2473, 3075)",0.6032629013061523
"(1578, 309, 3190)",0.6032623052597046
"(1801, 4330, 1953)",0.6032622456550598
"(1761, 2354, 3257)",0.6032621264457703
"(386, 4541, 575)",0.6032617688179016
"(1578, 2290, 4541)",0.6032617688179016
"(128, 660, 4356)",0.6032615303993225
"(184, 2832, 1470)",0.6032614707946777
"(3079, 1837, 2599)",0.603261411190033
"(3200, 2770, 1574)",0.6032612919807434
"(1968, 218, 3276, 2541)",0.6032610535621643
"(1836, 141, 4638)",0.6032609939575195
"(1800, 25, 3075, 2297)",0.6032605171203613
"(1409, 4103, 1471)",0.6032604575157166
"(1402, 1588, 3165)",0.603260338306427
"(3202, 1836, 141)",0.6032602787017822
"(3075, 1382, 1800, 2028, 1844)",0.6032600998878479
"(5152, 1490, 1491)",0.6032600998878479
"(1481, 4545, 1271)",0.6032600998878479
"(25, 3746, 309)",0.6032597422599792
"(2616, 459, 2869)",0.6032589077949524
"(2298, 4420, 294)",0.6032584309577942
"(1569, 2582, 2775)",0.6032583713531494
"(128, 1801, 2738, 4830)",0.6032581925392151
"(128, 1953, 5101)",0.603257954120636
"(1600, 4835, 1974)",0.6032577753067017
"(4029, 1837, 1999)",0.6032570004463196
"(385, 1953, 3198)",0.6032568216323853
"(4523, 1837, 1095)",0.6032568216323853
"(3212, 2718, 423)",0.6032568216323853
"(4103, 2140, 1471)",0.6032567024230957
"(1800, 4449, 1836, 1383)",0.6032566428184509
"(89, 2298, 4419)",0.6032566428184509
"(1800, 25, 4028, 1836)",0.6032566428184509
"(1082, 1115, 2956)",0.6032562851905823
"(1800, 25, 1836, 3200)",0.603256106376648
"(25, 4410, 1836, 1809)",0.6032558679580688
"(1944, 2178, 3839)",0.6032536029815674
"(4169, 25, 1386, 1799)",0.6032533049583435
"(1544, 1658, 2981)",0.603253185749054
"(1800, 3075, 140, 1836)",0.6032522916793823
"(2817, 1492, 1373)",0.6032522916793823
"(568, 1953, 3021)",0.603252112865448
"(1512, 577, 4347)",0.6032519936561584
"(568, 2968, 1071)",0.6032519340515137
"(2969, 2722, 2519)",0.6032518744468689
"(128, 1801, 660, 3519)",0.603251576423645
"(3426, 1799, 1386, 1837, 1809)",0.6032515168190002
"(1512, 2938, 1933)",0.6032515168190002
"(385, 5253, 567)",0.6032512784004211
"(1800, 4332, 1836, 567)",0.6032509803771973
"(2160, 2358, 4103)",0.6032509207725525
"(89, 2298, 4420)",0.6032508611679077
"(2374, 1561, 2953, 54)",0.60325026512146
"(3001, 2541, 1566)",0.6032498478889465
"(1466, 1298, 2686, 2911)",0.6032498478889465
"(2298, 4178, 1222)",0.6032490730285645
"(1240, 2298, 3179)",0.6032490730285645
"(2297, 1210, 4418)",0.6032490134239197
"(3200, 1809, 1426)",0.6032490134239197
"(2440, 385, 5248, 567)",0.6032485365867615
"(128, 1953, 3203, 1744)",0.6032484173774719
"(1417, 898, 3085)",0.6032482981681824
"(3211, 2446, 567)",0.603247880935669
"(4225, 2300, 1341)",0.603247880935669
"(2057, 3190, 1382)",0.6032477617263794
"(1219, 574, 4614)",0.6032472848892212
"(2298, 4420, 2198)",0.6032470464706421
"(4980, 2300, 1341)",0.6032469868659973
"(2057, 493, 3519)",0.6032469272613525
"(128, 1953, 4352)",0.6032466292381287
"(1809, 4410, 2071)",0.6032459735870361
"(1936, 1970, 2416, 3397)",0.6032455563545227
"(576, 1235, 4486)",0.6032454967498779
"(4624, 2446, 1606)",0.603245198726654
"(1836, 4454, 127)",0.6032450795173645
"(513, 3427, 1366)",0.6032450199127197
"(568, 4904, 1071)",0.6032443046569824
"(322, 4835, 1469)",0.6032440662384033
"(1968, 1641, 3055)",0.6032435894012451
"(1968, 5012, 2541, 1990)",0.603243350982666
"(3271, 398, 1703)",0.6032429933547974
"(1809, 252, 4511)",0.6032427549362183
"(2475, 2140, 4103)",0.6032426357269287
"(2298, 3860, 2269)",0.6032425761222839
"(128, 4379, 1963, 1933)",0.6032425165176392
"(1426, 1837, 4458)",0.6032423973083496
"(4536, 2297, 1382, 567)",0.6032422184944153
"(1953, 1890, 2956, 2718)",0.6032422184944153
"(4343, 1836, 2071)",0.6032419800758362
"(1800, 4953, 1836, 309)",0.6032418608665466
"(296, 1777, 4354)",0.6032418012619019
"(3017, 1491, 1943)",0.6032410860061646
"(1481, 58, 4545)",0.6032408475875854
"(2330, 3642, 87)",0.603240430355072
"(2560, 1835, 4347)",0.6032401323318481
"(128, 1953, 1933, 1390, 3519)",0.6032399535179138
"(1809, 3079, 575)",0.603239893913269
"(4329, 2718, 423)",0.6032397150993347
"(4360, 2718, 1615)",0.6032391786575317
"(2457, 1658, 4706)",0.603239119052887
"(3265, 1836, 1382)",0.6032390594482422
"(1809, 3265, 1799)",0.6032389998435974
"(4370, 1799, 1703)",0.6032389998435974
"(3054, 2541, 1566)",0.6032389998435974
"(4329, 258, 2718)",0.6032385230064392
"(1048, 2080, 4932)",0.6032384037971497
"(4360, 2718, 2519)",0.603238046169281
"(2196, 1356, 2911)",0.6032376885414124
"(1426, 1836, 1837, 4454)",0.6032376289367676
"(1825, 493, 4350, 1703)",0.6032375693321228
"(2057, 2275, 2956, 2718)",0.6032370328903198
"(3834, 251, 1836)",0.6032370328903198
"(1944, 2178, 4734)",0.6032369136810303
"(4244, 1469, 1703)",0.6032364368438721
"(1800, 2668, 4103)",0.6032360196113586
"(1800, 1836, 4965)",0.6032359600067139
"(2529, 3535, 71)",0.6032357811927795
"(1059, 747, 4975)",0.6032357811927795
"(2297, 1469, 1382, 4103)",0.60323566198349
"(4473, 1963, 1933, 1974)",0.6032350659370422
"(5013, 2541, 1566)",0.6032350063323975
"(128, 4377, 660)",0.6032349467277527
"(568, 1953, 3075)",0.6032349467277527
"(498, 739, 4468)",0.6032346487045288
"(112, 4545, 1310)",0.6032345294952393
"(361, 3085, 54)",0.6032344102859497
"(2968, 2446, 2455)",0.6032341718673706
"(3144, 1339, 1870)",0.603234052658081
"(4608, 1329, 2546)",0.6032339930534363
"(1512, 2946, 523)",0.603233814239502
"(89, 2298, 4178)",0.6032336354255676
"(1939, 5350, 1310)",0.6032336354255676
"(4169, 1809, 29)",0.6032336354255676
"(4536, 1809, 1799)",0.603233277797699
"(2593, 2074, 2539, 3086)",0.6032329201698303
"(1616, 1809, 4418)",0.6032328605651855
"(1809, 4349, 1799)",0.6032322645187378
"(1282, 1298, 1894, 2911)",0.6032315492630005
"(128, 1953, 3211)",0.6032313704490662
"(1953, 3521, 1933, 1390)",0.6032313704490662
"(4426, 2446, 2447)",0.6032313704490662
"(1963, 1933, 1974, 4347)",0.6032309532165527
"(1801, 1953, 4373)",0.6032307744026184
"(25, 4332, 1383)",0.6032306551933289
"(2026, 3682, 1518)",0.6032305359840393
"(568, 2178, 5062)",0.6032304167747498
"(128, 1446, 1801, 1963, 3212, 1390)",0.603230357170105
"(2942, 1460, 1949, 190)",0.6032300591468811
"(3642, 2307, 2734)",0.6032300591468811
"(2208, 2972, 2182, 1743)",0.603229820728302
"(2530, 1499, 3085)",0.6032295823097229
"(1800, 1836, 4364, 1382)",0.6032292246818542
"(128, 660, 1933, 3519)",0.6032288074493408
"(2160, 4327, 2399)",0.6032288074493408
"(128, 1801, 3471)",0.6032288074493408
"(1809, 3426, 309, 1799)",0.6032286882400513
"(128, 1801, 1953, 4420)",0.6032286882400513
"(2217, 2994, 2405)",0.6032283306121826
"(5144, 2297, 2475)",0.6032281517982483
"(128, 1963, 1933, 4351)",0.6032281517982483
"(128, 1801, 2738, 4828)",0.6032276749610901
"(128, 1953, 1446, 1963, 4466)",0.6032275557518005
"(128, 1953, 4140, 1744)",0.6032274961471558
"(568, 4458, 1836, 1382)",0.6032270789146423
"(4329, 2738, 519)",0.6032262444496155
"(128, 1801, 1390, 3519)",0.6032261848449707
"(128, 1446, 1801, 3177, 1390)",0.6032260656356812
"(1522, 3285, 1487)",0.6032259464263916
"(1944, 3203, 1383)",0.6032256484031677
"(4586, 1382, 1247)",0.603225588798523
"(1616, 1426, 3199)",0.6032251119613647
"(4446, 1578, 2422)",0.6032249927520752
"(568, 3211, 2446)",0.6032248139381409
"(2529, 1490, 2775)",0.6032246947288513
"(4545, 1939, 1893)",0.6032245755195618
"(1800, 1836, 2968)",0.6032243371009827
"(267, 3276, 1990)",0.603223979473114
"(576, 4614, 567, 568, 574, 575)",0.6032235622406006
"(1890, 4460, 1390)",0.6032232046127319
"(4844, 863, 687)",0.6032227277755737
"(1781, 1174, 3519)",0.6032224297523499
"(2298, 2262, 3519)",0.6032224297523499
"(1800, 2297, 3192)",0.6032220721244812
"(386, 1836, 4614)",0.6032220125198364
"(25, 1811, 5054)",0.60322105884552
"(1809, 2605, 4559)",0.60322105884552
"(1800, 25, 3075, 2399)",0.6032208204269409
"(2560, 1801, 4347)",0.6032201647758484
"(1800, 3076, 1837)",0.6032192707061768
"(1490, 3085, 2374)",0.6032182574272156
"(1802, 1315, 2938)",0.6032182574272156
"(128, 1953, 1890, 1963, 2956, 1933)",0.6032178401947021
"(1968, 4368, 218, 267)",0.6032177805900574
"(568, 4888, 2178)",0.6032176613807678
"(5245, 1614, 2199)",0.6032175421714783
"(498, 739, 4699)",0.6032171249389648
"(128, 1890, 660, 3519)",0.603216826915741
"(2560, 1963, 1933, 4347)",0.603216290473938
"(89, 4381, 493)",0.6032159328460693
"(3075, 1382, 1800, 1837, 2297)",0.6032154560089111
"(3200, 2297, 1836, 1837)",0.603215217590332
"(3118, 2073, 2094)",0.6032145619392395
"(4470, 1555, 1566)",0.6032145619392395
"(2013, 3177, 1781)",0.60321444272995
"(2297, 1786, 1837, 4103)",0.60321444272995
"(4103, 1836, 1095)",0.6032141447067261
"(2972, 2029, 1558)",0.6032138466835022
"(1792, 3788, 2262)",0.6032137870788574
"(3200, 2161, 2441)",0.6032131314277649
"(1809, 3202, 1836)",0.6032125353813171
"(1800, 4618, 1836, 309)",0.6032125353813171
"(1836, 2358, 3068)",0.6032120585441589
"(128, 4834, 1446, 1963, 1933)",0.6032118201255798
"(4731, 309, 567)",0.603211522102356
"(2160, 25, 4327)",0.6032114624977112
"(2122, 4419, 493)",0.6032114028930664
"(25, 3075, 2297, 1382)",0.6032113432884216
"(4543, 1426, 1799, 1639)",0.6032113432884216
"(2297, 4338, 1844, 1837)",0.6032111644744873
"(25, 1426, 3021)",0.6032111048698425
"(1944, 3298, 2140)",0.6032108068466187
"(4338, 1579, 1836)",0.6032107472419739
"(1800, 4450, 1836, 1383)",0.6032103896141052
"(2297, 4524, 2015)",0.6032102704048157
"(1568, 3156, 2462)",0.6032102704048157
"(3075, 385, 1579, 567)",0.6032099723815918
"(128, 1446, 4415)",0.603209376335144
"(128, 1953, 1446, 1801, 1963, 4363)",0.6032092571258545
"(1953, 4473, 1933, 1974)",0.6032089591026306
"(4624, 1578, 1606)",0.6032078862190247
"(4338, 1844, 1382, 1383)",0.6032077074050903
"(1426, 739, 3078)",0.6032071709632874
"(128, 4373, 1963, 1933)",0.6032071113586426
"(2057, 2013, 4350)",0.6032071113586426
"(386, 4324, 575)",0.6032068729400635
"(128, 4417, 1446, 1801, 1390)",0.6032068133354187
"(2972, 1596, 2052, 1743)",0.6032063364982605
"(3144, 1201, 1329)",0.6032063364982605
"(1825, 1835, 4420, 1833)",0.6032062768936157
"(1241, 5036, 1836)",0.6032058000564575
"(128, 1446, 1801, 1963, 3519)",0.6032055020332336
"(1496, 3085, 2374)",0.6032054424285889
"(25, 1837, 3766)",0.6032053828239441
"(1801, 1953, 3903, 1703)",0.6032044887542725
"(1800, 4427, 1836)",0.6032044291496277
"(2025, 2275, 2718, 2959)",0.6032043695449829
"(1800, 1836, 1837, 25, 4410)",0.6032034158706665
"(1800, 4353, 1836, 101)",0.6032033562660217
"(1499, 4485, 54)",0.6032031178474426
"(2017, 1588, 5549)",0.6032031178474426
"(4688, 2267, 54)",0.6032030582427979
"(2440, 574, 4614)",0.603202760219574
"(3904, 1825, 2718)",0.6032025218009949
"(568, 141, 4232)",0.6032024025917053
"(4103, 2071, 1471)",0.6032021641731262
"(1800, 1953, 3198, 1703)",0.6032020449638367
"(4588, 2140, 1471)",0.6032015681266785
"(137, 3075, 1383)",0.6032013893127441
"(4554, 1578, 309)",0.6032013893127441
"(498, 739, 4695)",0.6032010316848755
"(2009, 3085, 54)",0.6032006740570068
"(2290, 4243, 2188)",0.6032006144523621
"(3118, 1709, 2598)",0.6032006144523621
"(2832, 92, 2582)",0.6032005548477173
"(2057, 2298, 4370)",0.6032002568244934
"(1386, 4291, 1837)",0.6032001376152039
"(2709, 1470, 2775)",0.6032001376152039
"(2161, 3076, 1383)",0.6031997203826904
"(128, 1953, 3271, 1801, 1933)",0.6031994819641113
"(25, 2028, 4324)",0.6031990051269531
"(128, 1953, 2275, 3439)",0.6031983494758606
"(2161, 25, 4243)",0.6031980514526367
"(2465, 2582, 2775)",0.6031980514526367
"(1809, 4410, 567)",0.6031979918479919
"(1800, 498, 1836, 3021)",0.6031976938247681
"(1382, 1386, 4523, 1809, 25)",0.6031975746154785
"(25, 3204, 1383)",0.6031970977783203
"(89, 1067, 2718, 3903)",0.603196918964386
"(1970, 2582, 2775)",0.6031968593597412
"(4103, 1836, 1382, 2140)",0.6031965017318726
"(753, 2561, 3166)",0.6031964421272278
"(3212, 660, 2454)",0.6031956672668457
"(3200, 1386, 1469, 1382)",0.6031956076622009
"(1929, 1317, 5423)",0.603195309638977
"(1800, 1844, 3815)",0.6031950116157532
"(1953, 1836, 1469, 4103)",0.6031942963600159
"(3265, 1650, 933, 414)",0.6031940579414368
"(3200, 933, 414)",0.6031937599182129
"(4545, 2338, 2434)",0.6031931638717651
"(2297, 1844, 4029)",0.6031930446624756
"(1800, 4338, 1836, 1383)",0.603192925453186
"(1520, 3085, 2159)",0.6031920909881592
"(1800, 4451, 2262)",0.6031920909881592
"(3200, 2297, 1210)",0.6031918525695801
"(3560, 2140, 1382)",0.6031914949417114
"(35, 1684, 3054)",0.6031914949417114
"(128, 4417, 1890)",0.6031913757324219
"(680, 1782, 2972, 1558)",0.6031911969184875
"(89, 2275, 2956, 2718)",0.6031908988952637
"(3200, 1386, 1229)",0.6031904816627502
"(361, 2618, 3085)",0.6031904220581055
"(5203, 2028, 1071)",0.6031901836395264
"(1288, 1512, 3042)",0.6031895875930786
"(568, 2495, 3200, 567)",0.6031894683837891
"(3408, 2395, 182)",0.6031894683837891
"(5282, 1294, 1463)",0.6031891107559204
"(1382, 1800, 1836, 4338, 2071)",0.6031888127326965
"(5032, 1809, 567)",0.6031886339187622
"(1491, 4677, 54)",0.603188157081604
"(540, 2374, 5079)",0.6031878590583801
"(1600, 4554, 1383)",0.6031877994537354
"(770, 2998, 2734)",0.6031876802444458
"(2057, 4522, 2473)",0.603187620639801
"(1512, 2473, 3212)",0.6031875610351562
"(1578, 4404, 2351, 1471)",0.6031873822212219
"(1288, 4205, 1463)",0.603186845779419
"(5241, 1682, 1535)",0.6031866073608398
"(1809, 4622, 575)",0.6031864285469055
"(1836, 4454, 1247)",0.6031864285469055
"(1574, 3043, 46)",0.6031859517097473
"(1226, 141, 3815)",0.603185772895813
"(2298, 4350, 1974)",0.6031854748725891
"(3118, 1980, 1270)",0.603184700012207
"(1960, 3085, 2159)",0.603184700012207
"(128, 1953, 1963, 1933, 2808)",0.6031844615936279
"(1800, 4546, 2358)",0.6031844615936279
"(1809, 4729, 1799)",0.6031844019889832
"(3075, 1837, 1799)",0.603183925151825
"(1801, 1953, 4372, 1703)",0.6031836271286011
"(3075, 574, 1383)",0.6031835675239563
"(2009, 2953, 54)",0.6031829714775085
"(160, 4545, 1939)",0.603182852268219
"(1800, 4381, 1703)",0.6031823754310608
"(73, 2775, 1870, 1519)",0.6031822562217712
"(1800, 4000, 1703)",0.6031821370124817
"(1800, 1386, 4770, 1382)",0.6031820178031921
"(667, 1508, 2981)",0.6031819581985474
"(1378, 5091, 1351)",0.6031818389892578
"(4546, 1844, 1382)",0.6031812429428101
"(568, 1577, 4169)",0.6031810641288757
"(3536, 2090, 2483)",0.603181004524231
"(2475, 4243, 2446)",0.6031808853149414
"(2946, 2438, 423)",0.6031808257102966
"(4545, 1347, 2534, 1351)",0.6031807065010071
"(3815, 1799, 127)",0.603180468082428
"(379, 3085, 54)",0.6031803488731384
"(2178, 2668, 4197)",0.6031802892684937
"(1512, 2057, 2185, 3212)",0.6031802892684937
"(1968, 2953, 1566)",0.6031802296638489
"(3200, 2057, 1212)",0.6031799912452698
"(2297, 4418, 575)",0.6031793355941772
"(1616, 1426, 4483)",0.6031791567802429
"(1377, 3682, 1413, 1335)",0.6031789779663086
"(296, 2201, 4708)",0.6031789183616638
"(385, 3076, 567)",0.6031784415245056
"(128, 1953, 2722, 2956)",0.6031781435012817
"(2161, 2298, 3519)",0.6031781435012817
"(3200, 409, 597)",0.6031778454780579
"(1968, 3656, 1829)",0.6031777858734131
"(2140, 4446, 2351)",0.6031773686408997
"(1578, 4404, 2422)",0.6031773090362549
"(2464, 1490, 3063)",0.6031773090362549
"(89, 1953, 3766)",0.6031770706176758
"(4697, 498, 739)",0.6031758785247803
"(1512, 4430, 1710)",0.6031755208969116
"(3075, 574, 1815)",0.603175163269043
"(4377, 2122, 493)",0.6031749248504639
"(3512, 1473, 2227)",0.6031749248504639
"(1446, 4330, 1963, 1933, 1390)",0.6031748056411743
"(128, 1953, 3200, 1446, 1963)",0.6031745672225952
"(544, 4177, 1837)",0.6031744480133057
"(2775, 1494, 1359)",0.6031743884086609
"(2297, 2475, 5145)",0.6031742095947266
"(1837, 251, 253, 4103)",0.6031741499900818
"(3203, 1067, 2443)",0.6031739711761475
"(3075, 309, 254)",0.6031737327575684
"(1811, 1611, 4404)",0.6031730771064758
"(2161, 3190, 1383)",0.6031725406646729
"(3654, 1490, 2582)",0.6031724214553833
"(3017, 267, 1990)",0.6031723022460938
"(1800, 2057, 4549)",0.603172242641449
"(4599, 54, 2591)",0.603172242641449
"(1800, 1953, 3021, 1703)",0.603172242641449
"(1529, 2123, 5446)",0.6031721830368042
"(1809, 2202, 4426)",0.6031720638275146
"(1481, 1893, 4886)",0.6031718850135803
"(1425, 3698, 2302)",0.603171706199646
"(2441, 2446, 3079)",0.603171706199646
"(1386, 4349, 1799)",0.6031716465950012
"(2953, 1490, 1478)",0.6031709909439087
"(4329, 2298, 493)",0.6031708121299744
"(1825, 2122, 3172, 533)",0.6031703352928162
"(128, 1953, 1446, 1390, 4399, 660)",0.603169858455658
"(1953, 1963, 2956, 1974)",0.6031696200370789
"(1809, 3203, 1799)",0.6031695604324341
"(513, 1366, 4543)",0.6031690835952759
"(1825, 2122, 533, 3519)",0.6031690239906311
"(2297, 5211, 1382)",0.6031689047813416
"(2297, 5212, 1382)",0.6031689047813416
"(2298, 4572, 493)",0.6031687259674072
"(25, 3075, 1837, 1382)",0.6031684279441833
"(361, 1490, 2953)",0.6031684279441833
"(1800, 1809, 4404, 1382)",0.603168249130249
"(3200, 1650, 414)",0.6031681299209595
"(258, 1963, 4420, 1933)",0.6031680107116699
"(1377, 3682, 1405, 1413)",0.6031679511070251
"(2057, 4716, 493)",0.6031679511070251
"(1552, 2045, 4486)",0.6031679511070251
"(2057, 2275, 3212, 1469)",0.6031671762466431
"(1836, 5062, 1095)",0.6031671762466431
"(2400, 106, 3014)",0.6031667590141296
"(568, 1800, 1836, 3744)",0.6031666994094849
"(1844, 5197, 1382)",0.6031665802001953
"(1507, 5342, 1439)",0.6031661629676819
"(3904, 2473, 2722)",0.6031654477119446
"(4424, 251, 253)",0.6031653881072998
"(568, 1800, 4291, 1836)",0.6031653881072998
"(4329, 1446, 1390, 519)",0.6031653881072998
"(4332, 1837, 567)",0.6031652688980103
"(1641, 2775, 1943)",0.6031652092933655
"(3203, 1837, 1383)",0.6031647324562073
"(1825, 2122, 1781, 3183)",0.6031646132469177
"(1561, 3019, 1788)",0.6031646132469177
"(3075, 1382, 1800, 1836, 1837, 1844)",0.6031637787818909
"(568, 5056, 1071)",0.6031637191772461
"(128, 1446, 1963, 1390, 4371, 660)",0.6031633615493774
"(1529, 516, 2941)",0.6031631231307983
"(568, 2028, 4597)",0.6031628251075745
"(3203, 1469, 1382)",0.6031625270843506
"(3200, 1844, 2140)",0.603162407875061
"(25, 3211, 574)",0.6031623482704163
"(1585, 2775, 2331, 1359)",0.6031618714332581
"(568, 4418, 2440)",0.6031617522239685
"(1440, 4881, 2085)",0.603161633014679
"(1611, 4029, 1471)",0.603161633014679
"(568, 1800, 3075, 1836)",0.603161633014679
"(2216, 2973, 1743)",0.6031609177589417
"(1800, 1836, 1837, 4332, 25)",0.6031604409217834
"(224, 1980, 4101)",0.6031603813171387
"(2496, 2473, 2722, 2956)",0.6031599640846252
"(2217, 3500, 1479)",0.6031595468521118
"(5147, 2297, 2475)",0.6031593680381775
"(128, 4357, 1801, 1963, 1933, 660)",0.6031593680381775
"(3200, 1837, 141)",0.6031591892242432
"(1426, 3815, 127)",0.6031590104103088
"(128, 1801, 4329, 1963, 1933, 660)",0.6031588912010193
"(386, 4103, 575)",0.6031588315963745
"(1953, 1446, 1801, 1963, 3212, 1933, 1390)",0.6031585335731506
"(2297, 1836, 3076)",0.6031584739685059
"(2969, 2722, 1615)",0.6031582355499268
"(1592, 1561, 3085)",0.6031581163406372
"(128, 1953, 1801, 1933, 4370)",0.6031579971313477
"(4169, 25, 1809, 1799)",0.6031579375267029
"(1382, 1800, 1386, 4555, 1809, 2297)",0.6031578183174133
"(1888, 2284, 2796)",0.603157639503479
"(1800, 3051, 1836, 2028)",0.6031575798988342
"(1960, 3017, 1943)",0.6031574606895447
"(2121, 1665, 3118)",0.6031572818756104
"(3075, 1382, 1383, 1800, 2297)",0.6031571626663208
"(2160, 25, 3525)",0.603157103061676
"(568, 1426, 4418)",0.6031569242477417
"(1809, 4559, 1799)",0.6031569242477417
"(3900, 1469, 1703)",0.6031568646430969
"(2521, 1788, 4599)",0.6031568050384521
"(2008, 1606, 4103)",0.6031566858291626
"(4029, 2351, 1855)",0.6031564474105835
"(128, 1953, 4523, 1744)",0.6031563878059387
"(2360, 5258, 1485)",0.6031562685966492
"(1490, 634, 3063)",0.6031559705734253
"(3200, 2297, 140)",0.6031559705734253
"(1800, 25, 3075, 1837)",0.603155791759491
"(1953, 4332, 309)",0.6031557321548462
"(1600, 2968, 1383)",0.6031554341316223
"(1665, 2083, 3118)",0.6031550168991089
"(1448, 3682, 1628)",0.6031545400619507
"(1520, 3085, 54)",0.6031543612480164
"(1825, 493, 3177, 1703)",0.603154182434082
"(3904, 2718, 1198)",0.6031537652015686
"(1800, 3840, 1836)",0.6031535267829895
"(1485, 5099, 197)",0.6031535267829895
"(2298, 4420, 1222)",0.6031532883644104
"(2008, 2358, 4431)",0.6031528115272522
"(3983, 2395, 2271)",0.6031526923179626
"(2297, 554, 4418)",0.6031525731086731
"(128, 1953, 1446, 1963, 4370)",0.6031522154808044
"(2160, 4418, 2399)",0.6031516790390015
"(2432, 3021, 1382)",0.6031515598297119
"(89, 493, 3271)",0.6031502485275269
"(568, 1577, 5130)",0.6031500697135925
"(251, 4029, 254)",0.603149950504303
"(128, 1953, 4169, 1744)",0.603149950504303
"(3121, 1675, 1676)",0.6031497716903687
"(128, 1953, 4441)",0.6031495332717896
"(4545, 1378, 2058, 1351)",0.6031494736671448
"(4324, 2443, 1836)",0.6031490564346313
"(2442, 3085, 2591)",0.6031488180160522
"(1352, 2289, 3200)",0.6031485199928284
"(2560, 1890, 660, 3519)",0.6031478643417358
"(3200, 2057, 2486)",0.6031477451324463
"(1577, 1174, 3439)",0.6031472682952881
"(1968, 3054, 2541, 1566)",0.6031470894813538
"(568, 3211, 2440)",0.6031469702720642
"(3200, 2057, 2454)",0.6031463742256165
"(2192, 2461, 5477)",0.6031463742256165
"(576, 3525, 2440)",0.6031463146209717
"(4969, 322, 1469)",0.6031461358070374
"(128, 1953, 4770)",0.6031458377838135
"(128, 1953, 4547, 1963, 1933)",0.6031457781791687
"(568, 2297, 3021, 1382)",0.6031453609466553
"(2212, 3085, 2374)",0.6031448841094971
"(1490, 2030, 2775)",0.6031448245048523
"(1800, 2668, 4406)",0.6031445264816284
"(1800, 1890, 3199, 1703)",0.6031444072723389
"(2960, 1801, 1953)",0.603144109249115
"(3243, 884, 54)",0.603144109249115
"(2568, 4545, 2427)",0.6031438708305359
"(128, 1801, 1390, 3271)",0.6031437516212463
"(4417, 89, 1705)",0.6031436920166016
"(3144, 1491, 1476)",0.6031435132026672
"(2969, 523, 2262)",0.6031432151794434
"(3477, 1934, 2335)",0.6031427979469299
"(4329, 2122, 2559)",0.6031422019004822
"(25, 3022, 1382)",0.6031421422958374
"(2474, 2972, 1782)",0.6031419038772583
"(3639, 2093, 2143)",0.6031419038772583
"(2297, 3076, 1382)",0.6031418442726135
"(1426, 739, 4707)",0.6031417846679688
"(1411, 2541, 5005)",0.6031416654586792
"(1446, 1933, 493, 1390, 4350)",0.603141188621521
"(680, 2029, 2033, 1782, 1558, 2973)",0.6031410098075867
"(3200, 2446, 2447)",0.6031408309936523
"(4370, 398, 1703)",0.6031405925750732
"(1844, 3021, 2422)",0.6031405329704285
"(4329, 2718, 1703)",0.6031404137611389
"(2560, 1953, 4347, 1703)",0.603140115737915
"(4649, 2718, 1390)",0.603140115737915
"(2440, 4554, 567)",0.6031399369239807
"(3075, 2286, 1175)",0.6031395792961121
"(1956, 4125, 2070)",0.6031394600868225
"(1953, 1963, 1974, 4347)",0.603139340877533
"(3144, 1410, 1470, 1943)",0.6031386256217957
"(1433, 4545, 2341)",0.6031383872032166
"(4328, 2506, 2262)",0.6031380891799927
"(976, 793, 3863)",0.6031380295753479
"(128, 1953, 1446, 1963, 2962, 2718)",0.6031377911567688
"(1476, 2775, 1359, 1943, 1470)",0.6031375527381897
"(1800, 1836, 3200, 2358)",0.6031375527381897
"(1426, 1837, 4175)",0.6031374335289001
"(3298, 285, 2127)",0.6031373739242554
"(4273, 1844, 1382)",0.6031365990638733
"(4360, 1781, 493)",0.6031364798545837
"(128, 1953, 1801, 1933, 3519)",0.6031362414360046
"(128, 4377, 1963, 1933)",0.6031361222267151
"(2775, 1435, 1879)",0.6031361222267151
"(128, 1953, 1446, 1801, 3177, 1963)",0.6031356453895569
"(1600, 4523, 1837)",0.6031351089477539
"(2473, 2298, 3219)",0.60313481092453
"(4455, 1809, 1426, 1799)",0.6031345725059509
"(322, 1469, 3199)",0.6031345129013062
"(2374, 2953, 371, 54)",0.6031343936920166
"(1800, 1844, 1382, 3156)",0.6031343936920166
"(1618, 3766, 1607)",0.6031343340873718
"(1800, 2481, 1836, 3200)",0.6031336188316345
"(1578, 1996, 3013)",0.6031332015991211
"(4361, 398, 1703)",0.6031330227851868
"(568, 3200, 2502)",0.6031330227851868
"(1801, 1825, 3174, 1703)",0.6031327247619629
"(770, 3731, 1666)",0.6031327247619629
"(4439, 1382, 1703)",0.6031326651573181
"(4545, 1378, 283)",0.603132426738739
"(568, 4645, 1071)",0.6031321287155151
"(2568, 4545, 58)",0.6031319499015808
"(267, 3276, 1478)",0.6031316518783569
"(169, 1962, 5067)",0.6031314730644226
"(2374, 3085, 1453, 54)",0.6031314730644226
"(4000, 1799, 1703)",0.6031309962272644
"(1490, 4989, 2582)",0.6031309366226196
"(1836, 4029, 1606)",0.6031305193901062
"(128, 1953, 1446, 3212, 1390, 660)",0.6031303405761719
"(568, 1601, 2966)",0.6031302213668823
"(2959, 2718, 2719)",0.6031297445297241
"(128, 1953, 4356, 1446, 1963)",0.6031296253204346
"(1809, 1606, 4103)",0.6031296253204346
"(1801, 1953, 4375)",0.603129506111145
"(2440, 2443, 3075, 254)",0.6031292080879211
"(2506, 3079, 575)",0.6031291484832764
"(25, 3204, 1809)",0.60312819480896
"(1800, 1836, 3076, 1383)",0.6031280755996704
"(1809, 4410, 1067)",0.6031278967857361
"(2083, 1452, 3639)",0.603127658367157
"(1800, 1844, 3076, 1383)",0.6031269431114197
"(128, 1801, 1963, 1933, 3519)",0.6031267642974854
"(4101, 2125, 2598)",0.603126585483551
"(1329, 2546, 3019)",0.6031264662742615
"(128, 1953, 4419, 1963, 1933)",0.6031264066696167
"(1400, 4545, 2058)",0.6031256914138794
"(1985, 4602, 2230)",0.6031247973442078
"(3200, 1836, 567)",0.6031244397163391
"(1464, 1942, 3047)",0.6031238436698914
"(4360, 1801, 1953, 1703)",0.6031237244606018
"(2524, 5030, 1535)",0.6031235456466675
"(1953, 4418, 1800, 1836, 1469)",0.6031233072280884
"(3021, 1836, 1469, 2358)",0.6031232476234436
"(3075, 1382, 575)",0.6031230688095093
"(2298, 1222, 3519)",0.6031229496002197
"(2560, 1825, 4420, 1781)",0.6031225323677063
"(3075, 1067, 254)",0.6031224131584167
"(2297, 2475, 4401)",0.6031221747398376
"(4511, 2297, 1382, 575)",0.6031219959259033
"(128, 3521, 1446, 1963, 1933)",0.6031212210655212
"(2297, 2475, 5140)",0.6031211614608765
"(568, 2178, 3525)",0.603120744228363
"(1800, 3746, 1836)",0.6031206250190735
"(3712, 1502, 1807)",0.6031205058097839
"(25, 3746, 1382)",0.6031203866004944
"(128, 4357, 1446, 1963, 1390, 660)",0.6031202673912048
"(3192, 2297, 1382)",0.6031202077865601
"(1953, 1837, 1469, 4103)",0.6031200885772705
"(2161, 1825, 4347)",0.6031200289726257
"(2272, 2297, 3200)",0.6031198501586914
"(251, 4029, 1999)",0.6031193137168884
"(258, 660, 4420)",0.6031192541122437
"(1578, 1996, 4103)",0.6031190752983093
"(2045, 1382, 4103)",0.6031187772750854
"(386, 3426, 575)",0.6031185984611511
"(2427, 2356, 2796)",0.6031183004379272
"(2953, 901, 54)",0.6031181812286377
"(2297, 4483, 1799)",0.603117823600769
"(747, 1502, 4975)",0.6031177639961243
"(1960, 3017, 2143)",0.6031177043914795
"(1481, 4545, 1317)",0.6031174063682556
"(1469, 1974, 4103)",0.6031168699264526
"(568, 4993, 1382)",0.6031162142753601
"(2616, 3413, 1294)",0.6031155586242676
"(2395, 182, 5007)",0.6031150817871094
"(25, 2140, 4141)",0.6031150221824646
"(4417, 2473, 2275, 2718)",0.6031149625778198
"(523, 3788, 2262)",0.603114902973175
"(689, 955, 3054)",0.6031147837638855
"(2440, 1549, 4735)",0.6031145453453064
"(1800, 25, 4386, 2297)",0.6031144857406616
"(89, 3903, 2718, 1577)",0.6031143665313721
"(568, 1611, 4523)",0.6031143665313721
"(2475, 4244, 2446)",0.603114128112793
"(128, 1953, 1801, 1933, 4378)",0.6031140089035034
"(1352, 140, 3200)",0.6031137704849243
"(1825, 1953, 4420)",0.6031131744384766
"(128, 1953, 3471)",0.6031128168106079
"(128, 1801, 3219, 1174)",0.603112518787384
"(4417, 2275, 2718, 2487)",0.6031123995780945
"(568, 2178, 4523)",0.6031122803688049
"(304, 2868, 303)",0.6031115651130676
"(1953, 4178, 1963, 1974)",0.6031114459037781
"(1512, 2956, 2279)",0.6031111478805542
"(3075, 1579, 1837)",0.6031110882759094
"(3257, 2546, 1318)",0.6031110882759094
"(128, 1801, 2738, 4813)",0.6031107902526855
"(5000, 1514, 1436, 1439)",0.6031107902526855
"(568, 2297, 4353, 1382)",0.6031107306480408
"(4464, 1426, 739)",0.6031105518341064
"(2297, 3075, 2071, 1383)",0.6031105518341064
"(819, 1701, 3478)",0.6031103134155273
"(2275, 2956, 2718, 2487)",0.603110134601593
"(4356, 1933, 1838)",0.6031100153923035
"(2008, 978, 3525)",0.6031100153923035
"(140, 3525, 2028)",0.6031098365783691
"(4545, 1437, 94)",0.6031098365783691
"(3211, 574, 1815)",0.6031097769737244
"(3646, 1526, 687)",0.6031096577644348
"(3904, 1601, 2718, 1390)",0.60310959815979
"(1996, 4404, 2351)",0.60310959815979
"(128, 1953, 4417, 1446, 1801, 1963)",0.6031094193458557
"(3891, 2475, 2446)",0.6031093597412109
"(1386, 1799, 4454, 1383)",0.6031087040901184
"(4792, 2057, 2473)",0.6031087040901184
"(4545, 1939, 1847)",0.6031085848808289
"(2568, 58, 4886)",0.6031084656715393
"(2497, 2290, 3075)",0.6031079888343811
"(1809, 1837, 1382, 4585)",0.6031076312065125
"(2001, 2443, 3772)",0.6031062006950378
"(1499, 3085, 54, 2591)",0.6031058430671692
"(4608, 2093, 2143)",0.6031058430671692
"(4395, 1844, 2422)",0.6031055450439453
"(4150, 1963, 1446)",0.6031051874160767
"(2275, 3439, 2718, 2487)",0.603104829788208
"(1577, 2718, 3271)",0.6031040549278259
"(4103, 2351, 1855)",0.6031038761138916
"(2196, 1557, 2796)",0.6031038165092468
"(4103, 1382, 567)",0.6031036972999573
"(2161, 523, 4781)",0.6031036376953125
"(2969, 2718, 2519)",0.6031036376953125
"(898, 3085, 2374)",0.6031034588813782
"(2008, 4624, 1837)",0.6031032800674438
"(128, 1953, 4329, 1963, 1933, 159)",0.6031031608581543
"(3200, 2340, 1246)",0.6031031012535095
"(2161, 1825, 2956)",0.6031025648117065
"(3682, 2029, 2590)",0.6031023859977722
"(89, 4420, 1825)",0.6031023859977722
"(1426, 4373, 1799)",0.6031018495559692
"(128, 1446, 1801, 1390, 3519)",0.6031011939048767
"(1800, 1890, 4326, 1703)",0.6031010150909424
"(4207, 1836, 1799)",0.6031010150909424
"(3192, 1386, 1382)",0.6031008362770081
"(128, 1953, 4845)",0.6030998229980469
"(1572, 1662, 2975)",0.6030997037887573
"(568, 4169, 2486)",0.6030995845794678
"(1800, 4450, 2262)",0.6030992865562439
"(1953, 1963, 4548)",0.6030992269515991
"(128, 1953, 4415)",0.6030990481376648
"(25, 4324, 1809)",0.6030988693237305
"(1234, 539, 2916)",0.603098452091217
"(4362, 398, 1703)",0.6030982136726379
"(1288, 4509, 1463)",0.6030980944633484
"(1352, 3298, 2140)",0.6030979156494141
"(1800, 2481, 3075, 1836)",0.6030977368354797
"(25, 4426, 1809)",0.6030976176261902
"(128, 1953, 4150)",0.6030973792076111
"(2051, 2459, 2951)",0.6030972003936768
"(128, 1953, 3075, 1744)",0.6030969619750977
"(128, 1953, 3076)",0.6030967831611633
"(3144, 2395, 2271)",0.603096604347229
"(1512, 3212, 2486)",0.603096604347229
"(568, 2297, 4418, 1837)",0.6030964851379395
"(3144, 1433, 2541)",0.6030964851379395
"(1585, 70, 2775)",0.6030962467193604
"(1706, 1939, 4510)",0.6030961871147156
"(1225, 2298, 4420)",0.603096067905426
"(2473, 2506, 2969)",0.6030958890914917
"(2568, 4545, 2083)",0.6030958294868469
"(1809, 2297, 1837, 4585)",0.6030952334403992
"(1426, 739, 3198)",0.6030952334403992
"(498, 3021, 2358)",0.6030952334403992
"(1809, 1386, 3815, 1799)",0.6030950546264648
"(1426, 3075, 1837)",0.6030945777893066
"(4865, 386, 575)",0.6030941009521484
"(1800, 1578, 4410)",0.6030941009521484
"(128, 258, 3219, 660)",0.6030930280685425
"(3834, 251, 1836, 253)",0.6030929684638977
"(2240, 2568, 4886)",0.6030927896499634
"(1809, 3266, 1799)",0.6030927300453186
"(1394, 1396, 2775)",0.6030926704406738
"(1641, 3257, 1943)",0.60309237241745
"(1962, 4898, 1367)",0.60309237241745
"(3126, 809, 806)",0.6030923128128052
"(1809, 1426, 3815)",0.6030918955802917
"(1836, 141, 3815)",0.603091835975647
"(4454, 1836, 254)",0.6030916571617126
"(128, 1446, 4359, 1963, 1390, 660)",0.6030915379524231
"(386, 3076, 575)",0.6030914783477783
"(3224, 2074, 275)",0.6030914783477783
"(1800, 25, 2297, 4638)",0.603090763092041
"(385, 4341, 567)",0.6030903458595276
"(1800, 2297, 1836, 3076)",0.6030899286270142
"(1168, 1177, 5357)",0.6030898690223694
"(3440, 1979, 1276)",0.6030895113945007
"(1409, 1611, 4446)",0.6030893325805664
"(2475, 4103, 1471)",0.6030890345573425
"(1776, 3834, 251, 2071)",0.6030888557434082
"(128, 1890, 4420)",0.6030884385108948
"(128, 1801, 4626, 1953)",0.6030882596969604
"(2096, 3290, 557)",0.6030872464179993
"(4963, 1310, 1351)",0.6030870676040649
"(3183, 533, 1703)",0.6030870676040649
"(141, 4454, 575)",0.6030865907669067
"(1225, 2298, 4178)",0.6030865907669067
"(128, 1825, 4420)",0.6030862927436829
"(128, 1953, 1446, 1801, 1963, 3860)",0.6030861139297485
"(4243, 2140, 2446)",0.603085994720459
"(128, 1446, 1963, 1933, 1390, 3519)",0.6030859351158142
"(3017, 1490, 1476)",0.6030859351158142
"(128, 1953, 4331)",0.6030859351158142
"(2959, 2718, 2519)",0.6030855774879456
"(1600, 1837, 4327)",0.6030855178833008
"(3200, 2506, 1382)",0.6030849814414978
"(3778, 1445, 943)",0.603084921836853
"(3525, 1974, 1383)",0.6030845642089844
"(2703, 3408, 1351)",0.6030845642089844
"(4354, 1436, 1709, 1439)",0.6030842661857605
"(1800, 5100, 1844)",0.6030839681625366
"(2008, 4169, 1426)",0.6030837297439575
"(3200, 1426, 1836, 1382)",0.6030831336975098
"(3395, 1877, 2230)",0.6030828952789307
"(2960, 1801, 660)",0.6030828952789307
"(568, 3815, 567)",0.6030827164649963
"(1963, 3221, 1446)",0.6030826568603516
"(4955, 2534, 1351)",0.603082537651062
"(2354, 1491, 3085)",0.603082537651062
"(1953, 1933, 1974, 3903)",0.6030824780464172
"(568, 5055, 1071)",0.6030822992324829
"(1616, 3068, 574)",0.603082001209259
"(128, 1953, 3219, 159)",0.6030817031860352
"(1970, 1498, 2975)",0.6030817031860352
"(3200, 1469, 326)",0.6030814051628113
"(3075, 1383, 1837, 1844, 25)",0.6030813455581665
"(2008, 4494, 1383)",0.603081226348877
"(1844, 3076, 1382, 1383)",0.6030811071395874
"(5059, 1283, 1294)",0.6030809879302979
"(1800, 5057, 1836, 574)",0.6030806303024292
"(3075, 1091, 1383)",0.6030804514884949
"(128, 1953, 4638, 1744)",0.6030803322792053
"(1498, 1662, 2975)",0.6030799150466919
"(568, 3200, 574, 567)",0.6030797958374023
"(1552, 5074, 1574)",0.6030797362327576
"(568, 89, 4624)",0.6030796766281128
"(385, 4579, 567)",0.6030789613723755
"(1665, 2274, 2817)",0.6030786633491516
"(1963, 4532, 1933)",0.6030781269073486
"(739, 4243, 1382)",0.60307776927948
"(1382, 1386, 1837, 309, 3190)",0.603077232837677
"(1353, 3980, 1709)",0.6030769348144531
"(3075, 324, 1844)",0.6030767560005188
"(1962, 1436, 2220, 4038)",0.6030765175819397
"(5559, 85, 2703)",0.6030764579772949
"(1410, 91, 3535)",0.6030762791633606
"(3200, 1426, 29)",0.6030762791633606
"(1801, 1953, 4351)",0.6030762791633606
"(25, 4483, 1844, 1382)",0.603076159954071
"(128, 1953, 1446, 1963, 4375)",0.6030758619308472
"(2009, 3085, 2159)",0.6030758023262024
"(1953, 1786, 1837, 4103)",0.6030757427215576
"(1825, 2122, 533, 4350)",0.6030754446983337
"(1426, 739, 4426)",0.6030754446983337
"(2152, 1513, 2777)",0.6030753254890442
"(1752, 3200, 1383)",0.6030753254890442
"(1801, 1825, 3177, 1703)",0.6030752658843994
"(4744, 25, 1383)",0.6030751466751099
"(1568, 2441, 3222)",0.6030750274658203
"(3200, 2057, 523)",0.6030741333961487
"(2374, 3085, 1669, 54)",0.6030739545822144
"(2202, 4386, 1382)",0.6030738949775696
"(3408, 85, 2703)",0.6030738949775696
"(2984, 2529, 2451)",0.603073000907898
"(25, 3029, 574)",0.6030726432800293
"(128, 1801, 2859, 660)",0.6030720472335815
"(360, 1490, 3085)",0.6030718684196472
"(2633, 2796, 2389)",0.6030718088150024
"(1825, 493, 3174, 1703)",0.6030716300010681
"(1743, 2972, 1551)",0.6030716300010681
"(4018, 1492, 1373)",0.6030715107917786
"(1512, 4428, 1710)",0.6030707955360413
"(1569, 2953, 1499)",0.6030705571174622
"(89, 2298, 3519)",0.6030701398849487
"(4000, 2057, 493)",0.6030691266059875
"(4029, 254, 1471)",0.6030689477920532
"(1512, 5128, 1463)",0.6030688285827637
"(544, 3021, 1837)",0.6030686497688293
"(2248, 4979, 2220)",0.6030686497688293
"(1426, 3068, 1382)",0.603068470954895
"(1800, 2297, 3525)",0.6030679941177368
"(1954, 4420, 1390)",0.6030672192573547
"(1800, 1707, 1836, 3021)",0.6030668616294861
"(1837, 309, 3190, 1799)",0.6030668616294861
"(4624, 2178, 2140)",0.6030656099319458
"(816, 747, 5326)",0.603065013885498
"(1960, 2953, 1333, 54)",0.6030648946762085
"(1386, 3203, 1382)",0.603064775466919
"(3200, 25, 1383)",0.6030644774436951
"(1994, 1484, 2935)",0.603064239025116
"(2015, 3211, 567)",0.6030637621879578
"(3200, 129, 2057)",0.603063702583313
"(2362, 3162, 2118)",0.6030630469322205
"(1953, 4103, 567)",0.6030629277229309
"(1466, 1299, 2796, 2133)",0.6030627489089966
"(3656, 1990, 2143)",0.6030625700950623
"(498, 739, 4479)",0.6030622720718384
"(1800, 1836, 3021, 1811, 2297)",0.6030622720718384
"(4910, 793, 1510)",0.6030617952346802
"(1288, 2019, 4486)",0.6030616760253906
"(1800, 1836, 574, 5056)",0.6030615568161011
"(3200, 1217, 2475)",0.6030614376068115
"(25, 4348, 574)",0.603060781955719
"(3200, 1250, 1382)",0.6030601859092712
"(3200, 2475, 1383)",0.6030601859092712
"(89, 2057, 4351)",0.6030601859092712
"(1825, 2958, 1833)",0.6030600666999817
"(1836, 3076, 1799)",0.603059709072113
"(1410, 1704, 1494, 2775, 2582)",0.603059709072113
"(89, 4371, 493)",0.6030596494674683
"(1953, 2275, 3519)",0.6030595898628235
"(1432, 3553, 1932)",0.6030594706535339
"(2010, 3421, 1575)",0.6030592918395996
"(304, 2869, 303)",0.6030591130256653
"(2440, 4353, 567)",0.6030590534210205
"(1128, 4886, 1311)",0.6030587553977966
"(1466, 2404, 2796)",0.6030586957931519
"(4379, 1801, 1953)",0.6030585169792175
"(2308, 1398, 2775)",0.6030569672584534
"(1809, 1426, 4551)",0.6030567288398743
"(1282, 1894, 1298, 2133, 2911)",0.6030565500259399
"(568, 4561, 1247)",0.6030561923980713
"(4545, 1827, 1351)",0.6030560731887817
"(84, 3021, 2028)",0.6030558943748474
"(568, 1800, 3075, 1844)",0.6030558347702026
"(2057, 3212, 493)",0.603055477142334
"(2765, 2985, 1901)",0.6030552983283997
"(4434, 1382, 1703)",0.6030552387237549
"(1426, 3426, 1837, 1382)",0.6030541062355042
"(3075, 140, 575)",0.603053867816925
"(1800, 1067, 1836, 3075)",0.603053867816925
"(3200, 2441, 1212)",0.6030537486076355
"(4354, 2125, 2598)",0.603053629398346
"(1578, 4458, 254)",0.6030535697937012
"(1960, 1410, 2775)",0.6030535697937012
"(4169, 25, 1386, 1426)",0.6030533909797668
"(2161, 1825, 2946)",0.6030533909797668
"(1953, 1446, 1801, 1390, 3860)",0.6030531525611877
"(1539, 1315, 5547)",0.6030523777008057
"(2808, 523, 1446)",0.6030523777008057
"(128, 1953, 1446, 1801, 3177, 1390)",0.6030522584915161
"(568, 2297, 1382, 4638)",0.6030520796775818
"(89, 3212, 2486)",0.6030517816543579
"(89, 493, 4374)",0.6030513048171997
"(1386, 4332, 1837, 1382)",0.6030511260032654
"(1800, 1578, 4332)",0.6030511260032654
"(2297, 1611, 3199)",0.6030506491661072
"(1944, 2140, 3900)",0.6030505299568176
"(1386, 1382, 4455)",0.6030502915382385
"(1378, 2058, 4038, 1351)",0.6030499339103699
"(3682, 1628, 1405, 1413)",0.6030496954917908
"(128, 1446, 3174, 1963, 1390, 660)",0.6030496954917908
"(1800, 4809, 1890, 1703)",0.6030495166778564
"(1800, 2057, 3021)",0.6030493974685669
"(1446, 1933, 493, 1390, 4376)",0.6030493378639221
"(568, 1809, 4103)",0.603049099445343
"(2560, 1953, 4000)",0.6030488014221191
"(2057, 660, 4351)",0.6030487418174744
"(1989, 1949, 2942)",0.6030487418174744
"(1512, 3212, 660)",0.6030484437942505
"(2297, 1382, 5075, 574)",0.6030484437942505
"(3778, 1934, 2335)",0.6030478477478027
"(1953, 258, 4420)",0.603047788143158
"(25, 385, 4243, 567)",0.6030470132827759
"(1809, 4774, 1799)",0.603046715259552
"(1953, 1446, 1801, 1390, 4346)",0.6030463576316833
"(1800, 25, 3200, 2297)",0.6030462384223938
"(128, 1446, 1963, 1390, 660, 4350)",0.6030454635620117
"(1600, 1837, 4029)",0.6030453443527222
"(4438, 1382, 1703)",0.6030449271202087
"(2240, 2568, 4545)",0.6030445694923401
"(1800, 4362, 1703)",0.6030433773994446
"(1968, 2832, 1491)",0.6030433773994446
"(3318, 1502, 1807)",0.603042721748352
"(4545, 1310, 1319)",0.603042721748352
"(1569, 1499, 3017)",0.6030426025390625
"(1578, 5203, 2290)",0.6030425429344177
"(1382, 1800, 1837, 3190, 568)",0.6030425429344177
"(1578, 1382, 3198)",0.6030418872833252
"(1492, 1373, 3278)",0.6030417680740356
"(793, 1364, 3702)",0.6030417680740356
"(89, 2298, 4466)",0.6030417084693909
"(2541, 1566, 3063)",0.6030413508415222
"(2475, 4782, 1471)",0.6030409932136536
"(1809, 4410, 574)",0.6030408143997192
"(1610, 4420, 294)",0.6030402779579163
"(1844, 5085, 2422)",0.6030398607254028
"(4353, 1426, 739)",0.6030393838882446
"(1409, 1996, 4103)",0.6030393838882446
"(128, 1446, 1963, 1390, 660, 3222)",0.6030392050743103
"(1800, 1954, 4326)",0.6030391454696655
"(128, 258, 1963, 2956, 1933, 660)",0.6030391454696655
"(3778, 1701, 1934)",0.6030390858650208
"(2080, 4545, 2541)",0.603039026260376
"(3212, 660, 567)",0.6030386686325073
"(568, 2297, 4555, 1382)",0.6030386090278625
"(3126, 2253, 1502)",0.6030386090278625
"(3144, 1333, 1077)",0.603038489818573
"(2161, 523, 4351)",0.6030380725860596
"(3075, 1844, 1999)",0.60303795337677
"(4424, 140, 2028)",0.6030375957489014
"(4029, 1837, 2015)",0.6030368208885193
"(64, 3656, 1819)",0.6030367016792297
"(2597, 1365, 4973)",0.6030362248420715
"(2008, 25, 3525)",0.6030361652374268
"(1512, 2161, 2185, 3212)",0.6030359864234924
"(1481, 2083, 3262)",0.6030354499816895
"(1578, 3078, 1103)",0.6030351519584656
"(3200, 1313, 1315)",0.6030349731445312
"(25, 3075, 1549)",0.6030348539352417
"(2136, 4545, 1351)",0.6030343174934387
"(3017, 1410, 1943)",0.6030341386795044
"(2953, 2706, 2159)",0.6030340790748596
"(2473, 574, 3439)",0.6030339598655701
"(3347, 1337, 1515, 1358)",0.603033721446991
"(3560, 1650, 933, 414)",0.6030335426330566
"(568, 577, 3903)",0.6030335426330566
"(1096, 2298, 4420, 1781)",0.6030333638191223
"(2473, 2298, 4420)",0.6030331254005432
"(2136, 2568, 4545)",0.6030330657958984
"(360, 3019, 1788)",0.6030329465866089
"(2177, 1300, 2796)",0.6030328869819641
"(128, 1953, 4483, 1744)",0.6030328869819641
"(3080, 1979, 1381)",0.6030327081680298
"(1512, 4899, 1463)",0.6030322313308716
"(4404, 140, 2028)",0.6030317544937134
"(4417, 2025, 2275, 2718)",0.6030316352844238
"(128, 1446, 4328, 1963, 1390, 660)",0.6030312180519104
"(4417, 89, 2025, 2718)",0.6030310988426208
"(1513, 2777, 119)",0.6030309796333313
"(1800, 1836, 4365, 1382)",0.6030309796333313
"(3057, 1410, 1470, 1943)",0.6030309200286865
"(739, 3900, 2127)",0.6030306816101074
"(2297, 2486, 3199)",0.6030305624008179
"(568, 1844, 4414, 1382)",0.6030305027961731
"(3408, 1422, 182)",0.6030299067497253
"(4243, 2475, 2140)",0.6030293703079224
"(1666, 2998, 2734)",0.6030287742614746
"(1800, 2297, 3076, 1382)",0.6030279397964478
"(258, 1963, 1933, 2946)",0.6030277609825134
"(1512, 2185, 3212, 631)",0.6030276417732239
"(2297, 3525, 1382)",0.6030274033546448
"(1800, 3075, 1108, 1836)",0.6030272245407104
"(25, 4850, 1836)",0.6030272245407104
"(2464, 73, 2775)",0.6030271053314209
"(1802, 1539, 3042)",0.6030264496803284
"(4761, 819, 1701)",0.6030259132385254
"(128, 1953, 4419, 1446, 1963)",0.6030256748199463
"(1953, 4103, 1471)",0.6030253767967224
"(3177, 2298, 2262)",0.6030253171920776
"(1944, 1836, 1382, 4103)",0.6030252575874329
"(1996, 1855, 4447, 1471)",0.6030246615409851
"(2160, 3076, 2399)",0.603024423122406
"(2298, 2013, 3519)",0.6030243635177612
"(1457, 1299, 2796, 2133)",0.6030234694480896
"(4454, 1799, 1386, 1837, 1809)",0.6030234694480896
"(2081, 1508, 2981)",0.6030234694480896
"(4401, 2475, 2446)",0.6030234098434448
"(128, 1953, 4330, 1963, 1933)",0.6030233502388
"(1347, 1980, 4101)",0.6030231714248657
"(1585, 267, 2775)",0.6030226349830627
"(386, 4551, 575)",0.6030222773551941
"(1777, 4708, 2598)",0.6030222177505493
"(1953, 2122, 4347, 1703)",0.6030219197273254
"(1960, 3144, 91)",0.6030219197273254
"(3075, 1837, 1095)",0.6030218601226807
"(2455, 4927, 567)",0.603021502494812
"(4326, 2475, 2446)",0.6030211448669434
"(4177, 25, 2045, 567)",0.603020191192627
"(2560, 1953, 4521)",0.6030200123786926
"(4746, 1709, 2534, 1351)",0.6030199527740479
"(128, 1953, 3521, 1446, 1963)",0.603019654750824
"(3535, 1331, 1748, 2159)",0.6030195355415344
"(4779, 1844, 1382)",0.6030195355415344
"(2441, 2490, 3222)",0.6030192375183105
"(2297, 4549, 2015)",0.6030191779136658
"(1665, 4059, 2598)",0.6030190587043762
"(1800, 2297, 3265)",0.6030189990997314
"(2008, 2140, 3900)",0.6030189990997314
"(3075, 1800, 1837, 2071, 2297)",0.6030187010765076
"(2530, 1605, 2374, 3085)",0.603018581867218
"(4545, 1709, 1367)",0.6030184030532837
"(568, 1800, 5074, 1836)",0.6030182242393494
"(3021, 2262, 1710)",0.603018045425415
"(3190, 1837, 1382, 567)",0.6030179262161255
"(1600, 5065, 2028)",0.6030176877975464
"(1426, 1837, 3198)",0.60301673412323
"(2560, 4521, 1835)",0.60301673412323
"(2160, 3772, 2446)",0.6030165553092957
"(89, 2718, 2057, 2959)",0.6030163168907166
"(128, 1446, 4423, 1801, 1390)",0.603016197681427
"(3202, 1469, 1382)",0.6030160188674927
"(2568, 201, 3262)",0.6030159592628479
"(4169, 1809, 739)",0.6030158400535583
"(1426, 3815, 1383)",0.6030157208442688
"(1616, 1469, 4303)",0.6030157208442688
"(1417, 2442, 3085)",0.6030152440071106
"(128, 1953, 1963, 3219, 1974)",0.603015124797821
"(1809, 4586, 1382)",0.6030148863792419
"(3054, 2014, 2006)",0.6030148863792419
"(2028, 3029, 1071)",0.6030146479606628
"(4581, 1390, 1469, 1382)",0.6030146479606628
"(128, 1953, 1446, 1801, 1963, 3212, 1933, 1390)",0.6030141115188599
"(128, 1801, 660, 4420)",0.6030139327049255
"(544, 1800, 4456)",0.603013813495636
"(2472, 516, 2941)",0.6030137538909912
"(5258, 1347, 1436)",0.6030136942863464
"(1352, 1996, 4446)",0.6030133366584778
"(88, 5437, 1317)",0.6030129790306091
"(4472, 2202, 1195)",0.6030129790306091
"(1600, 140, 3200)",0.60301274061203
"(2475, 4526, 2446)",0.6030126810073853
"(3184, 2297, 1836, 1382)",0.6030117869377136
"(2057, 2958, 1446, 1390)",0.6030117273330688
"(1352, 1800, 4338, 1836)",0.6030116677284241
"(3200, 1577, 2473)",0.6030116677284241
"(1578, 2290, 4338)",0.603011429309845
"(3200, 385, 1219)",0.6030111908912659
"(128, 1963, 4380, 1933)",0.6030110716819763
"(4417, 89, 2275, 2718)",0.6030110716819763
"(1792, 4755, 1799)",0.6030110716819763
"(4414, 1844, 1469, 1382)",0.6030104756355286
"(3999, 309, 1382, 2071)",0.6030104756355286
"(2080, 3144, 2541)",0.6030104756355286
"(2758, 1566, 3063)",0.6030104160308838
"(568, 3211, 1744)",0.6030101180076599
"(2776, 1506, 1347)",0.6030095219612122
"(1960, 1641, 2775)",0.6030095219612122
"(128, 1446, 1963, 1390, 660, 4372)",0.6030094623565674
"(4032, 2498, 1572)",0.6030093431472778
"(2297, 4418, 1931, 1836)",0.6030093431472778
"(2360, 5550, 110)",0.6030092835426331
"(4000, 1825, 1835)",0.603009045124054
"(1386, 1171, 4555, 1799)",0.6030088663101196
"(1361, 4746, 1347)",0.6030088663101196
"(1491, 1501, 3063)",0.6030088663101196
"(1288, 2057, 2808)",0.6030082106590271
"(4674, 2267, 2397)",0.6030082106590271
"(4329, 2298, 2013)",0.6030076146125793
"(3265, 1836, 141)",0.6030076146125793
"(4410, 1836, 575)",0.603007435798645
"(1752, 3200, 1837)",0.6030073761940002
"(89, 2122, 3174, 1825)",0.6030070185661316
"(4993, 1837, 1382)",0.6030069589614868
"(1800, 1837, 1844, 2071, 2297, 5055)",0.6030067801475525
"(385, 2506, 4822, 567)",0.6030067801475525
"(2775, 1365, 1943)",0.6030067205429077
"(3200, 1426, 309)",0.6030064821243286
"(3200, 1382, 1799, 1800, 1386)",0.6030060648918152
"(3200, 2185, 631)",0.6030060648918152
"(1800, 1953, 1890, 3788)",0.6030054092407227
"(1953, 1386, 1469, 4103)",0.6030051112174988
"(2760, 827, 3708)",0.6030051112174988
"(523, 3212, 1463)",0.6030046343803406
"(196, 1828, 2911)",0.6030042767524719
"(3075, 253, 1383)",0.6030041575431824
"(2473, 2722, 2275, 3439)",0.6030041575431824
"(1800, 2297, 3746)",0.6030041575431824
"(1869, 2030, 2775)",0.6030039191246033
"(1284, 1828, 2796)",0.6030039191246033
"(92, 2709, 2775)",0.6030037999153137
"(4141, 1382, 1703)",0.603003740310669
"(4545, 1962, 1709)",0.6030033826828003
"(1800, 4291, 309, 2071)",0.6030031442642212
"(128, 1953, 2946, 660)",0.6030029654502869
"(4585, 1386, 1837, 1382)",0.6030029058456421
"(2714, 1310, 3983)",0.603002667427063
"(4432, 2569, 1413)",0.6030019521713257
"(1944, 3560, 1382)",0.6030016541481018
"(4347, 1963, 1933, 519)",0.6030015349388123
"(3068, 1382, 575)",0.6030009388923645
"(1305, 2201, 2916)",0.6030008792877197
"(1577, 3271, 631)",0.603000283241272
"(2297, 554, 3079)",0.6030001640319824
"(2441, 3222, 399)",0.6029999852180481
"(1744, 385, 3211)",0.6029998064041138
"(1682, 4123, 2524)",0.6029993295669556
"(4432, 2626, 1628)",0.602999210357666
"(1380, 2564, 2973, 2031)",0.6029991507530212
"(360, 1788, 3085)",0.6029991507530212
"(2916, 1697, 1740)",0.6029985547065735
"(1782, 2972, 2029, 1558)",0.6029985547065735
"(1836, 4614, 2140)",0.6029981970787048
"(1585, 1490, 2775)",0.6029981970787048
"(2289, 1606, 4103)",0.6029981970787048
"(2808, 2161, 2441)",0.6029981374740601
"(2722, 2958, 2718)",0.6029980778694153
"(2156, 3085, 54, 2159)",0.6029977202415466
"(1939, 1310, 4886)",0.6029976010322571
"(1960, 267, 3019)",0.6029974818229675
"(3200, 2019, 1574)",0.6029972434043884
"(25, 3525, 574)",0.6029971241950989
"(2290, 2475, 4418)",0.6029970645904541
"(1579, 1547, 3647)",0.6029967665672302
"(884, 3085, 54)",0.6029966473579407
"(128, 1953, 2946, 1446, 1963)",0.6029961109161377
"(2297, 3746, 1382)",0.6029961109161377
"(3076, 1837, 1382)",0.6029959917068481
"(184, 3276, 1470)",0.6029959917068481
"(2012, 1996, 4103)",0.602995753288269
"(385, 4586, 567)",0.6029954552650452
"(1960, 3144, 2143)",0.6029952764511108
"(1953, 1446, 4330, 1963, 1933, 1390)",0.6029947400093079
"(2201, 1802, 4733)",0.6029943823814392
"(2496, 2473, 2722, 2962)",0.6029936671257019
"(4418, 2140, 2446)",0.6029934883117676
"(2440, 385, 3525, 567)",0.602992832660675
"(1520, 1362, 3085)",0.6029926538467407
"(2473, 2969, 2275, 2718)",0.6029926538467407
"(1616, 1426, 4541)",0.6029924750328064
"(568, 4353, 1426)",0.6029924750328064
"(4437, 1382, 1703)",0.6029923558235168
"(5173, 251, 253)",0.6029921770095825
"(128, 3271, 2599)",0.6029919981956482
"(3075, 1844, 1382, 1703)",0.6029917597770691
"(1305, 4970, 1326)",0.6029917001724243
"(1800, 3050, 1836)",0.6029916405677795
"(3106, 2211, 2212)",0.6029908061027527
"(1466, 1298, 5099)",0.6029905676841736
"(4394, 1963, 1933)",0.6029902696609497
"(251, 2140, 4103)",0.6029900312423706
"(4332, 1837, 1799)",0.6029898524284363
"(568, 1601, 2946)",0.6029893755912781
"(25, 1426, 3426, 1382)",0.6029888987541199
"(1426, 381, 3815)",0.6029888987541199
"(2983, 2529, 1943)",0.6029888391494751
"(1488, 3014, 1911)",0.6029888391494751
"(128, 1446, 4360, 1963, 1390, 660)",0.6029883027076721
"(1410, 1491, 2775, 1943)",0.6029883027076721
"(25, 1426, 3204)",0.6029879450798035
"(2217, 4443, 2405)",0.6029879450798035
"(4886, 1422, 1351)",0.6029877066612244
"(2440, 3075, 574)",0.60298752784729
"(128, 4571, 2275, 1446)",0.6029869914054871
"(992, 2330, 4005)",0.6029861569404602
"(1225, 4291, 1382)",0.6029858589172363
"(1825, 4420, 1469)",0.602985680103302
"(1473, 4443, 2227)",0.6029856204986572
"(568, 1800, 4338, 1844)",0.6029850244522095
"(1481, 1827, 4545)",0.6029849052429199
"(89, 2122, 3177, 1825)",0.6029845476150513
"(1800, 3021, 1836, 1944)",0.6029843091964722
"(1800, 4373, 1703)",0.6029840707778931
"(1552, 4486, 1574, 2495)",0.6029839515686035
"(2297, 1382, 4614, 568, 25)",0.6029837131500244
"(4136, 1467, 1294)",0.6029834747314453
"(2475, 1574, 4615)",0.6029834747314453
"(1800, 4340, 1836, 1383)",0.6029831171035767
"(1697, 4545, 1351)",0.6029828190803528
"(1601, 89, 2956, 2718)",0.6029823422431946
"(1512, 4426, 1710)",0.6029820442199707
"(1409, 1611, 4407)",0.6029820442199707
"(1800, 1836, 5220)",0.6029812097549438
"(1953, 1446, 1801, 1390, 3519)",0.6029812097549438
"(1600, 3076, 2008)",0.6029810905456543
"(568, 4103, 1805, 567)",0.6029799580574036
"(1507, 5341, 1439)",0.6029793620109558
"(1747, 589, 2895)",0.6029792428016663
"(128, 1446, 1801, 1963, 4460, 1390)",0.6029789447784424
"(3200, 1322, 2310)",0.6029789447784424
"(1650, 933, 414, 3190)",0.6029781699180603
"(3200, 1601, 2185)",0.6029775738716125
"(89, 2473, 2718, 2959)",0.602977454662323
"(4338, 1837, 1382, 1383)",0.6029773354530334
"(1800, 2297, 3815)",0.6029770970344543
"(2889, 2593, 2366)",0.6029770970344543
"(1386, 4291, 1837, 1382)",0.6029770374298096
"(1960, 2354, 4509)",0.60297691822052
"(1208, 2028, 4103)",0.6029768586158752
"(5362, 2605, 574)",0.6029767990112305
"(3265, 1226, 141)",0.6029767394065857
"(1953, 1786, 1836, 4103)",0.6029763221740723
"(1707, 1469, 3199)",0.6029761433601379
"(1825, 4420, 1703)",0.6029760241508484
"(1585, 2706, 1470, 2775)",0.6029760241508484
"(576, 4931, 1615)",0.6029758453369141
"(2298, 4871, 567)",0.6029757261276245
"(128, 1963, 1933, 660, 3519)",0.6029754281044006
"(2529, 2775, 71)",0.6029753088951111
"(2057, 4547, 660)",0.6029752492904663
"(1800, 4345, 1836)",0.6029751300811768
"(1801, 660, 3078)",0.6029749512672424
"(128, 2718, 5336)",0.6029748916625977
"(1960, 2529, 2775)",0.6029740571975708
"(1380, 2564, 2182, 2031, 2973)",0.6029736399650574
"(1283, 5060, 1294)",0.602973461151123
"(1466, 1284, 2911)",0.6029727458953857
"(568, 2178, 3749)",0.6029726266860962
"(1288, 1467, 2868)",0.6029723286628723
"(3839, 2446, 2447)",0.6029720902442932
"(1792, 4370, 2262)",0.6029720306396484
"(2307, 1979, 4164, 1510)",0.6029715538024902
"(1512, 2185, 3212, 2279)",0.6029713749885559
"(1578, 4332, 309)",0.6029707789421082
"(1960, 1501, 4544)",0.6029707193374634
"(1800, 1426, 3076)",0.6029706001281738
"(1446, 1933, 493, 1390, 4178)",0.6029701828956604
"(33, 1356, 2796)",0.6029701232910156
"(2938, 1283, 132)",0.6029699444770813
"(2297, 252, 1382, 4511)",0.6029692888259888
"(385, 3203, 567)",0.6029689908027649
"(25, 3562, 1579)",0.602968692779541
"(4561, 2140, 1606)",0.6029686331748962
"(3200, 1578, 2351)",0.6029684543609619
"(128, 1953, 2275, 3904)",0.6029684543609619
"(1939, 1310, 3639)",0.6029682755470276
"(2057, 1426, 4454)",0.6029682159423828
"(3075, 1837, 574)",0.6029679179191589
"(3200, 1809, 1836, 2297)",0.6029675602912903
"(1650, 933, 414, 4622)",0.6029675006866455
"(3698, 2302, 1807)",0.602967381477356
"(128, 3212, 1890, 660)",0.6029671430587769
"(568, 2668, 4197)",0.6029671430587769
"(2968, 1578, 399)",0.6029666066169739
"(3017, 1491, 2582, 1943)",0.6029665470123291
"(1426, 3068, 1247)",0.6029659509658813
"(3200, 2036, 1383)",0.6029657125473022
"(1258, 1267, 2973)",0.6029654741287231
"(1776, 1809, 3834)",0.6029652953147888
"(1490, 1478, 4599)",0.6029651761054993
"(1480, 2994, 1484)",0.6029648780822754
"(1666, 1979, 2998)",0.602964460849762
"(3682, 1380, 1518, 2590)",0.6029640436172485
"(2008, 4353, 567)",0.6029638648033142
"(1792, 4454, 1799)",0.6029636859893799
"(4353, 2262, 567)",0.602963387966156
"(1832, 3017, 54)",0.6029632091522217
"(1466, 1282, 2796, 2686)",0.6029627919197083
"(1953, 2958, 1703)",0.6029627919197083
"(128, 1953, 2958)",0.6029627323150635
"(25, 4683, 1836)",0.6029624938964844
"(1792, 4294, 2262)",0.6029616594314575
"(368, 4059, 2598)",0.6029616594314575
"(1800, 2298, 4549)",0.6029609441757202
"(793, 3125, 1526)",0.6029607057571411
"(2009, 2953, 1499, 54)",0.6029605865478516
"(1704, 92, 3535)",0.6029602289199829
"(1600, 2968, 2008)",0.6029600501060486
"(1426, 4454, 2599)",0.6029596924781799
"(1446, 4328, 1933, 493, 1390)",0.6029592156410217
"(1800, 4177, 1781)",0.6029585599899292
"(1448, 2626, 3682)",0.6029585003852844
"(1616, 3068, 1469)",0.6029585003852844
"(1284, 1828, 2911)",0.6029580235481262
"(4536, 2297, 140, 1382)",0.6029577851295471
"(1800, 1953, 4327, 1703)",0.6029577851295471
"(1552, 3075, 1574)",0.6029577255249023
"(128, 1953, 1446, 4327, 1390)",0.6029574871063232
"(1960, 4507, 1501)",0.6029570698738098
"(3265, 1809, 1836)",0.6029567718505859
"(1611, 5238, 1471)",0.6029564142227173
"(1963, 1933, 1974, 3903)",0.6029559373855591
"(3200, 2473, 1469)",0.6029559373855591
"(2161, 1809, 4103)",0.6029553413391113
"(1433, 2083, 4545)",0.6029551029205322
"(2008, 309, 3190)",0.6029546856880188
"(2074, 275, 3086)",0.6029546856880188
"(1512, 1705, 2185, 3212)",0.6029543280601501
"(3198, 2028, 1710)",0.6029542684555054
"(2926, 1390, 2310)",0.6029542088508606
"(1481, 1378, 5091, 1351)",0.6029541492462158
"(4546, 1382, 1703)",0.6029541492462158
"(1360, 3144, 1960)",0.6029539704322815
"(1809, 1426, 3815, 1799)",0.6029539108276367
"(1352, 1386, 1382, 3190)",0.6029539108276367
"(3471, 739, 967)",0.6029532551765442
"(1578, 3190, 1471)",0.6029531359672546
"(296, 4545, 1351)",0.6029529571533203
"(128, 1953, 4417, 1801, 1963, 1933, 1390)",0.602952778339386
"(128, 1953, 4547, 1446, 1963)",0.6029526591300964
"(1800, 1836, 3021, 1811, 25)",0.6029526591300964
"(1611, 4486, 574)",0.6029523015022278
"(3200, 2473, 1815)",0.6029521822929382
"(1825, 2275, 2718, 3903)",0.6029520034790039
"(1800, 2297, 2968)",0.6029520034790039
"(128, 1953, 1963, 1933, 4351)",0.6029520034790039
"(498, 739, 4703)",0.6029516458511353
"(3265, 1836, 1799)",0.6029514670372009
"(739, 3900, 526)",0.6029513478279114
"(3200, 1247, 567)",0.6029510498046875
"(568, 1800, 1836, 4103)",0.6029508709907532
"(4012, 35, 1684)",0.6029508709907532
"(1800, 4332, 1836, 575)",0.6029506921768188
"(4603, 309, 567)",0.6029505729675293
"(1472, 182, 3983)",0.6029505133628845
"(128, 4000, 1446, 1963, 1390, 660)",0.6029496192932129
"(1565, 1566, 3055)",0.6029493808746338
"(1481, 2107, 4545)",0.6029492616653442
"(4169, 1809, 498, 1799)",0.6029491424560547
"(2593, 2539, 276, 3224, 2074)",0.6029489040374756
"(251, 1974, 4103)",0.6029484868049622
"(1512, 523, 3212, 2279)",0.6029480695724487
"(2297, 141, 1382, 4511)",0.6029480695724487
"(251, 4524, 253)",0.6029478907585144
"(1512, 2482, 5030, 2199)",0.6029478311538696
"(1800, 2297, 3192, 1382)",0.6029477119445801
"(1386, 3427, 1799, 1383)",0.6029475331306458
"(739, 4326, 2127)",0.602947473526001
"(4169, 1386, 29, 1426)",0.6029470562934875
"(1426, 4141, 1382)",0.6029468774795532
"(2057, 1837, 3190)",0.6029465794563293
"(568, 577, 4328)",0.6029465794563293
"(4545, 2346, 437)",0.6029463410377502
"(2865, 1308, 1309)",0.6029460430145264
"(1800, 4449, 2262)",0.6029456257820129
"(4145, 385, 567)",0.6029453277587891
"(3075, 1174, 1383)",0.6029451489448547
"(568, 1953, 3211)",0.6029451489448547
"(1809, 3194, 1799)",0.6029450297355652
"(3200, 1836, 1933)",0.6029447913169861
"(128, 1953, 1446, 4423, 1801, 1963)",0.6029441952705383
"(1610, 4420, 2298)",0.6029441356658936
"(1825, 2958, 1390)",0.6029438972473145
"(3072, 1469, 1703)",0.6029436588287354
"(370, 1469, 3199)",0.6029431819915771
"(1386, 1382, 4586)",0.602942943572998
"(1800, 2297, 4931)",0.6029427647590637
"(2808, 1953, 363)",0.6029427647590637
"(371, 3276, 54)",0.6029425263404846
"(3166, 2330, 2230)",0.6029423475265503
"(1426, 309, 4541)",0.6029422879219055
"(568, 1800, 3051, 1836)",0.602942168712616
"(3017, 892, 1333, 1478)",0.602942168712616
"(2440, 3766, 574)",0.6029415130615234
"(73, 2775, 1349, 1943)",0.6029413938522339
"(2217, 4443, 1919)",0.60294109582901
"(1426, 4418, 567)",0.6029409766197205
"(2057, 1446, 3215)",0.6029408574104309
"(128, 1801, 2956, 660, 2718)",0.6029407382011414
"(3659, 2267, 2383)",0.6029407382011414
"(386, 4446, 575)",0.6029403805732727
"(251, 1837, 4029)",0.6029402017593384
"(1298, 2131, 2911)",0.6029402017593384
"(1825, 2122, 4178, 1222)",0.602939784526825
"(2201, 1802, 3639)",0.6029395461082458
"(4454, 574, 1815)",0.6029394865036011
"(3266, 1836, 141)",0.6029388904571533
"(4844, 1524, 687)",0.602938711643219
"(128, 5083, 660)",0.6029386520385742
"(1809, 4446, 1471)",0.6029385328292847
"(3075, 1382, 1800, 309, 2297)",0.6029383540153503
"(360, 2374, 3085, 54)",0.6029382944107056
"(2568, 5402, 2427)",0.6029382944107056
"(3646, 802, 2302)",0.602938175201416
"(3144, 2541, 2006)",0.6029380559921265
"(3118, 1361, 2094)",0.6029373407363892
"(568, 2443, 3203)",0.6029368042945862
"(4874, 1412, 1398)",0.6029366254806519
"(3890, 1469, 1703)",0.6029354333877563
"(2083, 1452, 4261)",0.6029354333877563
"(1641, 2638, 3063)",0.6029346585273743
"(1953, 2275, 4420)",0.6029345393180847
"(1512, 523, 3212, 631)",0.6029343008995056
"(1545, 2775, 2708, 1943)",0.6029340624809265
"(128, 1953, 2738, 5160)",0.6029338836669922
"(1944, 1386, 4543)",0.6029337644577026
"(568, 1776, 251, 3834)",0.6029337048530579
"(2568, 2692, 3983)",0.6029337048530579
"(1472, 4545, 1454)",0.6029332280158997
"(1426, 1836, 1837, 4458)",0.6029331088066101
"(1481, 1444, 3302, 1351)",0.6029331088066101
"(128, 1953, 4586)",0.6029329895973206
"(2297, 1226, 4353, 1382)",0.6029328107833862
"(2297, 4555, 1382, 1383)",0.6029327511787415
"(2297, 3075, 574)",0.6029326319694519
"(2105, 3682, 2419)",0.6029322743415833
"(903, 235, 3086, 431)",0.602931797504425
"(251, 1836, 253, 4103)",0.6029314398765564
"(1403, 4420, 2013)",0.6029314398765564
"(3144, 2529, 91)",0.6029311418533325
"(128, 89, 4417, 2718)",0.6029310822486877
"(2560, 1835, 4000)",0.6029310822486877
"(1953, 2958, 1963, 1446)",0.6029308438301086
"(128, 1446, 1801, 2859, 1390)",0.6029308438301086
"(4480, 1426, 1799)",0.6029300689697266
"(2217, 3500, 1303)",0.6029300093650818
"(2641, 2891, 459)",0.6029295921325684
"(2298, 1612, 4420)",0.6029293537139893
"(1601, 2275, 2718, 2959)",0.6029292941093445
"(1426, 141, 3202)",0.6029292941093445
"(5408, 1201, 1329)",0.6029291749000549
"(1383, 1386, 1836, 3190, 25)",0.6029287576675415
"(1571, 4734, 1615)",0.602928638458252
"(25, 1836, 3076, 1844)",0.6029285192489624
"(1464, 3755, 2461)",0.6029284596443176
"(128, 1953, 1890, 1963, 1933, 4347)",0.6029284596443176
"(2298, 1220, 3519)",0.6029282212257385
"(568, 1800, 4731, 1836)",0.6029280424118042
"(1601, 1890, 2956)",0.6029279828071594
"(1512, 1705, 3212, 2057)",0.6029272675514221
"(1386, 3203, 2202)",0.6029272675514221
"(5352, 2297, 1382, 567)",0.6029267311096191
"(1424, 3642, 87)",0.6029265522956848
"(1953, 3212, 159)",0.6029262542724609
"(1574, 4486, 574)",0.6029261350631714
"(1466, 1298, 2796, 2686)",0.6029257774353027
"(1232, 2140, 4140)",0.6029247045516968
"(3017, 2354, 2635)",0.602924644947052
"(1837, 141, 4614)",0.6029245257377625
"(568, 1601, 3911)",0.6029244065284729
"(2560, 1801, 4420)",0.6029243469238281
"(739, 4494, 398)",0.6029243469238281
"(2450, 1355, 4886)",0.6029243469238281
"(2028, 4638, 575)",0.6029242277145386
"(1953, 1933, 1974, 2959)",0.6029240489006042
"(3265, 1836, 2028)",0.6029237508773804
"(2105, 3682, 1518)",0.602923572063446
"(1800, 3029, 2262)",0.6029233932495117
"(128, 1953, 1446, 1801, 1963, 3519)",0.6029232740402222
"(1288, 1953, 1954, 3903)",0.6029230952262878
"(2968, 385, 2015)",0.6029205322265625
"(1071, 4175, 567)",0.6029201745986938
"(4417, 1963, 1933, 1974)",0.6029200553894043
"(3432, 961, 1381)",0.6029199361801147
"(4417, 1953, 1933, 1974)",0.6029186844825745
"(2080, 5195, 1932)",0.6029185652732849
"(1611, 4332, 567)",0.6029185056686401
"(128, 1953, 1446, 1801, 4362, 1963)",0.6029181480407715
"(2208, 2972, 1782, 1743)",0.6029181480407715
"(568, 2178, 4332)",0.6029181480407715
"(2968, 1571, 1815)",0.6029177904129028
"(128, 1953, 1446, 1801, 4361, 1963)",0.6029177308082581
"(3017, 267, 1318)",0.6029177308082581
"(1868, 4693, 1326)",0.6029173731803894
"(4545, 2714, 1310)",0.6029168963432312
"(1386, 1837, 5234)",0.6029167771339417
"(4353, 1386, 1639)",0.6029165387153625
"(128, 5082, 660)",0.6029161214828491
"(1385, 1298, 2911)",0.6029161214828491
"(1960, 2354, 3085)",0.6029157042503357
"(1704, 1943, 2706, 2582, 2775)",0.6029150485992432
"(4324, 2358, 1383)",0.6029149889945984
"(5408, 1158, 215)",0.6029149889945984
"(128, 1953, 4614, 1744)",0.6029148697853088
"(1800, 1836, 3021, 2486)",0.6029148697853088
"(1650, 3075, 933, 414)",0.6029146313667297
"(4676, 1800, 1836, 1837, 2028)",0.6029140949249268
"(2006, 1566, 3063)",0.602914035320282
"(3815, 1799, 1383)",0.6029136776924133
"(1801, 1953, 4381)",0.602913498878479
"(4841, 1514, 2090)",0.6029132008552551
"(568, 2297, 4103)",0.6029129028320312
"(793, 3310, 1526)",0.6029127240180969
"(4340, 1382, 1703)",0.6029126048088074
"(3017, 1490, 2030)",0.6029123067855835
"(568, 1837, 4967)",0.6029120087623596
"(1352, 3075, 1974)",0.6029118299484253
"(5079, 54, 2591)",0.6029115915298462
"(1792, 4753, 1799)",0.6029113531112671
"(2179, 1956, 4125)",0.6029112339019775
"(1490, 1476, 2775)",0.6029111742973328
"(73, 92, 3535)",0.6029110550880432
"(3200, 857, 2446)",0.6029106974601746
"(1489, 3682, 2459)",0.602910578250885
"(3265, 1844, 1837)",0.6029103994369507
"(1528, 2985, 1901)",0.6029103994369507
"(2440, 4543, 567)",0.6029102802276611
"(1288, 2251, 5023)",0.6029102206230164
"(1953, 4410, 1836, 1469)",0.602910041809082
"(3200, 2297, 1383)",0.6029099225997925
"(4654, 809, 806)",0.6029096245765686
"(1809, 1426, 4645)",0.6029090881347656
"(1968, 3001, 2006)",0.6029089093208313
"(4624, 2140, 1606)",0.602908730506897
"(2370, 2989, 855)",0.6029086709022522
"(2008, 4964, 567)",0.6029083132743835
"(3427, 1071, 567)",0.6029083132743835
"(1552, 355, 4407)",0.602908194065094
"(568, 2025, 4324)",0.602908194065094
"(576, 3200, 2015)",0.6029078364372253
"(112, 2425, 2916)",0.6029077768325806
"(1865, 2777, 2102)",0.6029072403907776
"(1426, 739, 3815)",0.602907121181488
"(140, 5053, 2028)",0.6029070615768433
"(128, 1801, 4626, 1390)",0.6029068827629089
"(3017, 892, 1788)",0.6029066443443298
"(4433, 2475, 2446)",0.6029065847396851
"(1481, 4545, 2157, 1310)",0.6029065847396851
"(3200, 25, 1844, 309)",0.6029061675071716
"(4417, 2473, 2722, 2275)",0.6029057502746582
"(4169, 1809, 574)",0.6029056310653687
"(137, 3075, 574)",0.6029054522514343
"(3212, 1974, 1446)",0.6029054522514343
"(4291, 1382, 1800, 1099, 309)",0.6029053926467896
"(1836, 4029, 1999)",0.6029053330421448
"(1960, 3001, 1478)",0.6029046773910522
"(1802, 4886, 2503)",0.6029044985771179
"(4140, 253, 1383)",0.6029044389724731
"(4987, 1781, 1174)",0.6029040813446045
"(1825, 4212, 1703)",0.6029039621353149
"(3076, 2140, 1837)",0.6029039025306702
"(4384, 1825, 2122, 2057)",0.6029037833213806
"(568, 2178, 4414)",0.6029037237167358
"(2240, 2568, 3262)",0.6029037237167358
"(128, 4420, 1446, 1801, 1390)",0.6029036045074463
"(770, 2998, 1666)",0.6029032468795776
"(3051, 140, 2028)",0.6029029488563538
"(1968, 1565, 3055)",0.602902889251709
"(1697, 1740, 3313)",0.6029028296470642
"(2160, 3560, 2358)",0.6029024720191956
"(3200, 1469, 1710)",0.6029022932052612
"(2541, 2341, 4631)",0.6029015779495239
"(5331, 2541, 2006)",0.6029015183448792
"(1296, 4161, 1475)",0.6029013395309448
"(568, 3192, 567)",0.6029013395309448
"(4963, 2534, 1351)",0.6029012203216553
"(128, 1953, 1963, 1933, 4373)",0.6029011011123657
"(1800, 2262, 4471)",0.6029009222984314
"(128, 1801, 4818, 2560)",0.6029003858566284
"(1355, 4069, 1351)",0.6028991341590881
"(2185, 2486, 3078)",0.6028991341590881
"(5057, 1800, 1837, 1844, 2071, 2297)",0.6028990149497986
"(1800, 3271, 1703)",0.6028990149497986
"(1288, 2019, 3043)",0.6028989553451538
"(2298, 4420, 2013)",0.6028988361358643
"(3200, 1786, 1836)",0.6028988361358643
"(3290, 1170, 1427)",0.6028988361358643
"(4363, 1799, 1703)",0.6028986573219299
"(5277, 1398, 1359)",0.6028985977172852
"(2073, 1492, 3116)",0.6028984785079956
"(4464, 1707, 1703)",0.602898359298706
"(2009, 2530, 3085)",0.602898359298706
"(2760, 2881, 827)",0.602898359298706
"(568, 3200, 2021)",0.6028978228569031
"(1481, 4926, 1351)",0.6028974652290344
"(3144, 1329, 1490)",0.6028972864151001
"(25, 4410, 1836, 574)",0.6028972268104553
"(128, 1953, 3815, 1744)",0.6028968691825867
"(576, 4946, 1710)",0.6028967499732971
"(2889, 1977, 2074)",0.6028964519500732
"(4353, 1611, 141)",0.6028963327407837
"(3200, 1836, 1710)",0.6028960347175598
"(1480, 2994, 1461, 1919)",0.602895975112915
"(2001, 3075, 1383)",0.6028957962989807
"(3904, 1601, 575)",0.6028956770896912
"(1356, 2133, 1894, 2796)",0.6028956174850464
"(576, 1578, 4103)",0.6028953790664673
"(2561, 1402, 3166)",0.6028950214385986
"(1801, 1953, 4374, 1703)",0.6028948426246643
"(1944, 2178, 4735)",0.60289466381073
"(1577, 2275, 2718, 2959)",0.60289466381073
"(89, 2946, 2438)",0.6028943657875061
"(3076, 1836, 1805)",0.6028943657875061
"(25, 4386, 2358)",0.6028941869735718
"(1480, 2307, 4654)",0.6028938889503479
"(2913, 1698, 1949)",0.6028937101364136
"(1616, 2297, 3075)",0.6028936505317688
"(1809, 3202, 1837)",0.602893054485321
"(1446, 4359, 1933, 493, 1390)",0.6028929948806763
"(1276, 2253, 3406)",0.6028926372528076
"(1944, 3843, 2140)",0.6028925180435181
"(89, 2140, 4372)",0.6028924584388733
"(3257, 1490, 2541)",0.6028923392295837
"(3200, 1809, 1953)",0.6028923392295837
"(544, 1800, 3200)",0.602892279624939
"(3408, 2341, 1414)",0.6028921008110046
"(385, 4823, 567)",0.6028919219970703
"(4545, 2234, 1414, 182)",0.6028916835784912
"(128, 1801, 2738, 4620)",0.6028913259506226
"(2440, 2297, 4418)",0.6028911471366882
"(1799, 5318, 567)",0.6028904318809509
"(5323, 1356, 2356)",0.6028904318809509
"(4103, 1469, 567)",0.6028902530670166
"(3222, 1781, 1174)",0.6028900146484375
"(568, 857, 4561)",0.6028900146484375
"(2032, 1267, 1596, 2973)",0.602889895439148
"(4370, 1067, 1573)",0.6028898358345032
"(1369, 2819, 1372)",0.6028895974159241
"(3762, 1294, 1287)",0.6028890609741211
"(1600, 1800, 3075, 1836)",0.6028885841369629
"(4440, 1382, 1703)",0.6028883457183838
"(3054, 1509, 1470)",0.6028881669044495
"(1953, 1801, 1933, 1390, 3519)",0.6028878688812256
"(1578, 4418, 2446)",0.602887749671936
"(2057, 3298, 739)",0.6028866767883301
"(1611, 141, 3815)",0.6028866171836853
"(322, 1469, 4990)",0.6028863787651062
"(1801, 2275, 2956, 1703)",0.6028862595558167
"(568, 2025, 3075)",0.6028861403465271
"(2008, 3891, 1383)",0.6028854846954346
"(128, 1953, 4356, 1801, 1933)",0.6028854846954346
"(1829, 1414, 4886)",0.602885365486145
"(2057, 2441, 2956)",0.6028853058815002
"(1153, 3019, 54)",0.6028851866722107
"(2298, 3179, 2262)",0.6028850674629211
"(1447, 3318, 1303)",0.6028844714164734
"(89, 4497, 1953, 660)",0.6028842329978943
"(1836, 4749, 1382)",0.6028839945793152
"(1800, 3076, 1703)",0.6028836369514465
"(1811, 3076, 2286)",0.6028835773468018
"(1409, 1578, 4404)",0.6028833985328674
"(2968, 2297, 1382)",0.6028833389282227
"(4506, 1492, 1487)",0.6028832793235779
"(3840, 1571, 1815)",0.6028828024864197
"(4103, 2140, 2351)",0.602882444858551
"(1352, 1800, 1836, 3076)",0.6028823852539062
"(3983, 1310, 2239)",0.6028823852539062
"(568, 4825, 1382)",0.6028823256492615
"(3200, 2290, 2475)",0.6028823256492615
"(386, 3525, 575)",0.6028822064399719
"(3654, 2451, 1470, 1943)",0.6028818488121033
"(686, 662, 3334)",0.6028818488121033
"(25, 4029, 1999)",0.602881669998169
"(1800, 3075, 1836, 567)",0.6028813719749451
"(25, 4457, 1811)",0.6028812527656555
"(2473, 2969, 2519)",0.6028809547424316
"(4339, 1382, 1703)",0.6028806567192078
"(589, 646, 2895)",0.6028797030448914
"(1512, 4426, 523)",0.6028794646263123
"(2506, 4845, 2262)",0.6028793454170227
"(1410, 1453, 2775)",0.6028793454170227
"(128, 1953, 3297, 1744)",0.6028788089752197
"(273, 2868, 303)",0.6028785109519958
"(2496, 89, 2722, 4328)",0.6028782725334167
"(3200, 162, 1469)",0.6028778553009033
"(568, 1601, 3271)",0.6028778553009033
"(4190, 1836, 1382)",0.602877676486969
"(128, 2275, 5164)",0.6028770804405212
"(1968, 1491, 2775)",0.6028770804405212
"(1501, 2709, 2775)",0.602876603603363
"(89, 2718, 2486, 3903)",0.6028763055801392
"(1953, 2718, 3911)",0.6028762459754944
"(1953, 258, 3519)",0.6028761267662048
"(1641, 3017, 1943)",0.6028761267662048
"(2444, 4443, 2332)",0.6028753519058228
"(568, 1601, 2969)",0.6028753519058228
"(2298, 4581, 567)",0.6028751730918884
"(2443, 3203, 567)",0.6028751134872437
"(89, 1953, 4407)",0.6028749942779541
"(5492, 1929, 1756, 1893)",0.6028749942779541
"(3521, 258, 660)",0.6028746962547302
"(1800, 4331, 1836)",0.6028744578361511
"(1426, 285, 3298)",0.6028742790222168
"(3535, 70, 1943)",0.6028739809989929
"(2473, 4420, 2486)",0.6028739213943481
"(4545, 2090, 2220)",0.6028732061386108
"(5349, 1492, 1373)",0.6028728485107422
"(1512, 4948, 1463)",0.6028727889060974
"(2161, 2441, 4420)",0.6028727293014526
"(1953, 4029, 1471)",0.6028726100921631
"(4363, 398, 1703)",0.6028724908828735
"(568, 2178, 4647)",0.6028724312782288
"(25, 3746, 1811)",0.602872371673584
"(4363, 1801, 1953, 1703)",0.6028722524642944
"(1809, 739, 4543)",0.6028721332550049
"(739, 3900, 2358)",0.6028719544410706
"(568, 4360, 2718)",0.602871835231781
"(1505, 2187, 4211)",0.6028716564178467
"(568, 1800, 1836, 4665)",0.6028715968132019
"(1224, 4446, 1574)",0.6028713583946228
"(1529, 2980, 60)",0.602871298789978
"(1944, 3021, 2358)",0.602870762348175
"(4410, 84, 2028)",0.6028705835342407
"(1577, 526, 2959)",0.6028702259063721
"(3144, 1410, 1491, 1943)",0.6028701663017273
"(3271, 1963, 1933, 519)",0.6028701066970825
"(1809, 3298, 739)",0.6028699278831482
"(25, 4835, 2140)",0.6028697490692139
"(2297, 2475, 5142)",0.6028696894645691
"(2331, 4599, 1359)",0.6028693914413452
"(1513, 2777, 2565, 511)",0.6028690934181213
"(3075, 1382, 1800, 1844, 568)",0.6028689742088318
"(4177, 498, 739)",0.6028689742088318
"(4169, 1809, 29, 1799)",0.6028686761856079
"(2045, 5191, 567)",0.602868378162384
"(1288, 4426, 2019)",0.6028683185577393
"(1944, 4624, 1383)",0.6028682589530945
"(680, 1782, 3543)",0.6028681993484497
"(2473, 4420, 2599)",0.6028680205345154
"(1426, 1382, 4559)",0.602867841720581
"(5098, 1934, 2335)",0.6028673648834229
"(1288, 2808, 1463)",0.6028673052787781
"(1524, 1381, 3311)",0.6028672456741333
"(1944, 1836, 4660)",0.602867066860199
"(568, 1800, 4410, 1837)",0.602867066860199
"(258, 4329, 1963, 1933, 159)",0.6028664708137512
"(1426, 1382, 4455)",0.6028655767440796
"(1608, 1466, 2796)",0.6028655171394348
"(1801, 1825, 4350, 1703)",0.6028643250465393
"(2606, 2973, 1782, 1743)",0.6028642654418945
"(128, 660, 2958)",0.6028640866279602
"(1403, 1837, 4103)",0.6028639078140259
"(25, 3075, 2297, 1837)",0.6028636693954468
"(568, 4968, 1837)",0.6028636693954468
"(4272, 2297, 574)",0.602863609790802
"(2668, 2140, 4406)",0.602863073348999
"(2008, 4541, 567)",0.6028628945350647
"(2050, 5099, 1164)",0.602862536907196
"(1512, 89, 3903)",0.6028623580932617
"(1512, 89, 3212)",0.6028621196746826
"(128, 4381, 1963, 1933)",0.6028615832328796
"(1978, 2300, 1341, 2790)",0.6028609871864319
"(1040, 2890, 1036)",0.6028605699539185
"(3265, 1844, 1382)",0.6028602719306946
"(1849, 4874, 1494, 1398)",0.6028602123260498
"(2080, 2921, 2655)",0.602859616279602
"(3075, 1844, 1213, 1382)",0.6028593182563782
"(568, 2803, 1382)",0.6028593182563782
"(1600, 3075, 1844, 1382)",0.6028592586517334
"(3075, 1382, 1800, 1844, 2036)",0.60285884141922
"(2441, 3219, 84)",0.6028585433959961
"(1489, 3682, 1380, 1628)",0.6028584837913513
"(568, 3746, 567)",0.6028579473495483
"(194, 1444, 2942)",0.6028579473495483
"(1944, 2297, 4523)",0.602857768535614
"(2298, 1974, 3174)",0.6028575301170349
"(1800, 4448, 2262)",0.6028570532798767
"(1776, 251, 4349)",0.6028569340705872
"(2297, 2475, 4243)",0.6028568148612976
"(128, 1801, 2738, 4832)",0.6028565764427185
"(89, 2025, 2718, 2959)",0.6028562784194946
"(89, 4362, 493)",0.6028560996055603
"(827, 3252, 2341)",0.6028560400009155
"(1953, 1890, 4347, 2718)",0.6028558015823364
"(2440, 3525, 574)",0.6028558015823364
"(2946, 1963, 1933, 519)",0.6028556227684021
"(4444, 1836, 1799)",0.6028554439544678
"(1578, 2290, 3079)",0.6028552651405334
"(4353, 1226, 141)",0.6028552651405334
"(1481, 2107, 5321, 1351)",0.6028549075126648
"(1454, 1310, 4886)",0.6028545498847961
"(128, 1953, 4559, 1744)",0.6028544902801514
"(128, 1953, 4024)",0.6028543710708618
"(4417, 1974, 1446)",0.6028527617454529
"(128, 1446, 1963, 1390, 660, 4378)",0.6028526425361633
"(128, 660, 3525)",0.6028525233268738
"(1825, 3172, 2057, 1703)",0.602852463722229
"(3200, 2475, 2455)",0.6028524041175842
"(1953, 1386, 1786, 4103)",0.6028523445129395
"(4177, 2297, 253)",0.6028521656990051
"(1403, 461, 4835)",0.602851927280426
"(128, 1446, 1963, 4363, 1390, 660)",0.6028518676757812
"(1641, 2638, 3535)",0.6028516888618469
"(1382, 1800, 4303, 1426, 2297)",0.6028510332107544
"(3174, 1446, 1933, 493, 1390)",0.6028505563735962
"(4768, 1347, 2220)",0.6028505563735962
"(4536, 1809, 1426)",0.6028503775596619
"(4464, 1953, 1954, 1469)",0.602850079536438
"(2475, 4028, 2351)",0.6028494834899902
"(1568, 5314, 2462)",0.6028494834899902
"(2350, 3633, 2302)",0.6028494238853455
"(1809, 251, 4103)",0.6028489470481873
"(2160, 2297, 3021)",0.6028489470481873
"(4328, 1577, 2473, 2718)",0.6028485298156738
"(5390, 1502, 1807)",0.6028485298156738
"(3252, 1484, 2341)",0.6028483510017395
"(25, 3075, 1382, 2071)",0.6028481721878052
"(1968, 3276, 2541, 1990)",0.6028479933738708
"(1698, 1427, 5127)",0.6028479933738708
"(1762, 2451, 1470, 2775)",0.6028478741645813
"(2297, 1382, 25, 574, 4511)",0.6028475761413574
"(4417, 2473, 574)",0.6028472781181335
"(3200, 177, 739)",0.6028472781181335
"(128, 1953, 4414, 567)",0.602847158908844
"(1800, 1837, 1844, 2071, 2297, 3999)",0.602846622467041
"(2297, 4418, 1781)",0.6028465032577515
"(4338, 1837, 1382, 1703)",0.6028465032577515
"(1800, 25, 1836, 3076)",0.6028463244438171
"(128, 2738, 3519)",0.6028462052345276
"(1513, 2777, 1846, 511)",0.6028462052345276
"(1800, 3068, 1703)",0.6028461456298828
"(2297, 4426, 1383)",0.6028461456298828
"(281, 4329, 2718)",0.602846086025238
"(5352, 1650, 933, 414)",0.602846086025238
"(369, 2541, 4886)",0.6028456687927246
"(2160, 1469, 4029)",0.6028450131416321
"(128, 1953, 4338, 1744)",0.6028448939323425
"(1968, 1476, 3054)",0.602844774723053
"(2057, 2298, 4380)",0.602844774723053
"(2025, 2441, 3219)",0.6028444170951843
"(25, 3075, 1844, 567)",0.60284423828125
"(1512, 2057, 3212, 2161)",0.6028441786766052
"(1552, 1574, 4215)",0.6028440594673157
"(2473, 2298, 1067, 4211)",0.6028440594673157
"(25, 3075, 1836, 574)",0.6028435826301575
"(3266, 1386, 1382)",0.6028434038162231
"(1800, 4424, 1836, 25, 574)",0.6028434038162231
"(1382, 1703, 1383, 3210, 1837)",0.6028431057929993
"(568, 5054, 1071)",0.6028426885604858
"(385, 3075, 1836, 567)",0.6028426885604858
"(3408, 1433, 2341)",0.6028422713279724
"(2009, 2953, 2159)",0.6028421521186829
"(4330, 1974, 1446)",0.6028417348861694
"(1953, 1836, 1469, 4582)",0.6028415560722351
"(4708, 1939, 1732)",0.6028413772583008
"(2616, 459, 3214)",0.602841317653656
"(128, 1953, 1446, 1801, 1390, 3519)",0.6028412580490112
"(1825, 1781, 3519, 2559)",0.6028409600257874
"(89, 2298, 3439)",0.6028404235839844
"(3200, 1802, 2503)",0.60284024477005
"(576, 1235, 4638)",0.6028401255607605
"(89, 2140, 4140)",0.6028400659561157
"(1801, 1953, 4606)",0.6028397679328918
"(4544, 1491, 1501)",0.6028397679328918
"(25, 3203, 1383)",0.6028397679328918
"(2473, 2298, 4419)",0.6028396487236023
"(5488, 487, 151)",0.6028394103050232
"(128, 1953, 4243, 1744)",0.6028389930725098
"(3200, 2443, 2071)",0.6028389930725098
"(2475, 2004, 4103)",0.6028389930725098
"(1601, 4378, 2718)",0.6028386950492859
"(3017, 1499, 1333)",0.6028385162353516
"(568, 4483, 1844, 1382)",0.6028382778167725
"(1809, 3265, 1382)",0.6028379201889038
"(2297, 3075, 1382, 1703)",0.602837860584259
"(1446, 4360, 1933, 493, 1390)",0.602837860584259
"(3200, 1837, 309, 1382)",0.6028376817703247
"(3075, 1837, 1175)",0.6028374433517456
"(1481, 5322, 2107, 1351)",0.6028372645378113
"(2168, 650, 5420)",0.602837085723877
"(25, 1579, 3525)",0.6028369665145874
"(3471, 385, 567)",0.6028369069099426
"(5195, 1932, 1437)",0.6028367877006531
"(2307, 3731, 2734)",0.6028366684913635
"(2008, 4245, 1383)",0.6028366088867188
"(3075, 1800, 1836, 1844, 568)",0.6028364896774292
"(4554, 1426, 309)",0.6028364300727844
"(128, 1953, 4329, 1963, 1974)",0.6028357744216919
"(3265, 1386, 1382)",0.6028355956077576
"(1512, 2161, 523, 3212)",0.6028355360031128
"(2041, 662, 3334)",0.6028353571891785
"(1160, 1802, 4886)",0.6028353571891785
"(3076, 1469, 1383)",0.6028353571891785
"(2568, 4545, 439)",0.6028350591659546
"(1386, 1171, 4638, 1799)",0.6028350591659546
"(1944, 25, 3526)",0.6028348803520203
"(3408, 1371, 558)",0.6028345823287964
"(1698, 1949, 2942)",0.6028345823287964
"(576, 4614, 2015)",0.602834165096283
"(2283, 3085, 54)",0.602834165096283
"(3682, 1259, 2590)",0.6028337478637695
"(4534, 54, 2159)",0.6028336882591248
"(4614, 1800, 1837, 2297, 574)",0.60283362865448
"(1825, 1835, 3169)",0.60283362865448
"(1960, 3085, 2374)",0.6028333902359009
"(1224, 1574, 4447)",0.6028329730033875
"(128, 1953, 1890, 1963, 1933, 3222)",0.6028328537940979
"(1561, 2530, 3085)",0.6028328537940979
"(89, 2275, 2718, 3439)",0.6028327941894531
"(2777, 1740, 1149)",0.602832555770874
"(770, 3731, 878)",0.6028321385383606
"(1800, 1836, 2028, 568, 4410)",0.6028321385383606
"(128, 660, 4415)",0.6028321385383606
"(1800, 3076, 1836, 309)",0.6028317809104919
"(1963, 1933, 1974, 2959)",0.6028315424919128
"(3079, 2297, 1799, 1383)",0.6028311848640442
"(128, 3212, 258, 660)",0.6028311848640442
"(1520, 5079, 2159)",0.6028310060501099
"(1825, 1833, 4329, 1703)",0.6028310060501099
"(128, 1953, 4353, 1744)",0.6028308868408203
"(575, 4646, 567)",0.602830708026886
"(2008, 4418, 567)",0.6028304100036621
"(128, 1953, 3911, 1744)",0.6028302907943726
"(4554, 2202, 1195)",0.6028300523757935
"(128, 258, 1963, 1933, 660, 4347)",0.6028299331665039
"(1809, 498, 3079, 1799)",0.60282963514328
"(1801, 4481, 1953)",0.6028294563293457
"(128, 1953, 1446, 1963, 4377)",0.6028293371200562
"(2080, 2890, 2541)",0.6028293371200562
"(1512, 4425, 1710)",0.6028289794921875
"(568, 3202, 141)",0.602828860282898
"(568, 2178, 4676)",0.6028286218643188
"(322, 1469, 4303)",0.6028284430503845
"(1426, 3076, 1382)",0.602828323841095
"(2483, 1709, 3118)",0.602828323841095
"(385, 3202, 567)",0.6028282046318054
"(1800, 2297, 1836, 3192)",0.6028277277946472
"(2953, 1499, 884)",0.6028276085853577
"(568, 2473, 3200)",0.6028273701667786
"(1611, 4103, 2351)",0.6028271913528442
"(2681, 3453, 1887)",0.6028269529342651
"(128, 1953, 3521, 1933, 1390)",0.6028266549110413
"(1481, 4545, 2598)",0.6028262972831726
"(89, 4626, 2718)",0.6028261780738831
"(4768, 1347, 1351, 1481, 2058)",0.6028255820274353
"(4169, 25, 1426, 1809)",0.6028253436088562
"(3200, 1836, 2605, 2028)",0.6028252840042114
"(386, 1836, 4614, 575)",0.6028251647949219
"(112, 4545, 2058)",0.602824866771698
"(401, 1925, 5121)",0.6028245687484741
"(1995, 2597, 4126)",0.6028245687484741
"(5081, 2028, 575)",0.6028243899345398
"(3426, 1071, 567)",0.602824330329895
"(5232, 1809, 1386, 2202)",0.6028240919113159
"(385, 1219, 3211)",0.6028236150741577
"(4674, 1990, 2582)",0.6028234362602234
"(3656, 2541, 38)",0.6028233170509338
"(4545, 1939, 1261)",0.60282301902771
"(1099, 4103, 1471)",0.6028221845626831
"(4545, 1378, 2083, 1351)",0.6028221845626831
"(1953, 1446, 1703, 4329, 1963, 1933, 1390)",0.6028220653533936
"(1512, 4728, 660)",0.6028218865394592
"(1800, 3189, 1382, 1703)",0.6028217673301697
"(568, 4418, 1931)",0.6028213500976562
"(3200, 140, 1837, 1836)",0.6028212308883667
"(1809, 2441, 4418)",0.6028209924697876
"(568, 1800, 1386, 3190)",0.6028209924697876
"(128, 1953, 1801, 4620, 1933)",0.602820873260498
"(2546, 3276, 1318)",0.6028207540512085
"(1800, 1890, 4464, 1703)",0.6028201580047607
"(1446, 1963, 1933, 2958, 1390)",0.602819561958313
"(25, 3068, 1837)",0.6028193235397339
"(568, 1800, 1836, 5124)",0.6028193235397339
"(4992, 322, 1469)",0.6028188467025757
"(128, 1825, 2057, 2959)",0.6028185486793518
"(1968, 3656, 1715)",0.6028178334236145
"(3200, 1710, 1238)",0.6028177738189697
"(128, 2718, 3519)",0.6028174161911011
"(770, 2330, 3642)",0.6028169393539429
"(2161, 385, 2968)",0.6028168797492981
"(1352, 1996, 4103)",0.6028168201446533
"(1175, 3075, 575)",0.6028165221214294
"(3075, 1837, 2486)",0.6028164625167847
"(4560, 1994, 1524)",0.6028159856796265
"(128, 1953, 1890, 1963, 1933, 4473)",0.6028156876564026
"(1809, 3202, 141)",0.6028156876564026
"(1579, 1837, 3999)",0.6028156876564026
"(4417, 1963, 1933, 519)",0.6028155088424683
"(1801, 1953, 3212, 1703)",0.6028152704238892
"(5408, 1058, 390)",0.6028151512145996
"(3063, 1339, 1983)",0.6028150320053101
"(3200, 1763, 1469)",0.6028143763542175
"(1600, 1571, 3200)",0.6028141975402832
"(128, 1953, 1890, 1963, 4652, 1933)",0.6028140783309937
"(1288, 4548, 2718)",0.6028139591217041
"(1801, 4370, 1953, 1703)",0.6028138399124146
"(89, 4466, 2025, 2718)",0.6028137803077698
"(4460, 1974, 1446)",0.6028136014938354
"(1481, 4545, 2271)",0.6028136014938354
"(3200, 381, 1469)",0.6028133034706116
"(903, 235, 3224, 431)",0.6028132438659668
"(3536, 1347, 2534, 1351)",0.6028129458427429
"(2297, 1382, 3815)",0.6028128862380981
"(1962, 1709, 3118)",0.6028128266334534
"(3656, 2541, 2341)",0.6028125882148743
"(1800, 1953, 3204, 1703)",0.6028122305870056
"(4273, 141, 567)",0.6028121709823608
"(1411, 5188, 2541)",0.6028121113777161
"(4103, 1836, 575)",0.6028120517730713
"(1426, 2443, 4551)",0.6028120517730713
"(296, 4545, 2157)",0.6028117537498474
"(3256, 2354, 1491)",0.6028115749359131
"(3075, 1382, 1800, 1844, 2071, 2297)",0.6028113961219788
"(1512, 1577, 523, 3212)",0.6028110384941101
"(4169, 857, 574)",0.6028109192848206
"(1963, 4532, 1446)",0.6028108596801758
"(2297, 4418, 1799, 1383)",0.6028107404708862
"(2441, 4875, 2148)",0.6028106212615967
"(1529, 3001, 1566)",0.6028106212615967
"(4545, 1829, 1414)",0.6028106212615967
"(861, 2974, 1063)",0.6028104424476624
"(1825, 4178, 493, 1703)",0.6028099656105042
"(3200, 1606, 2071)",0.6028096675872803
"(4190, 2028, 1382)",0.602809488773346
"(3075, 2140, 1103)",0.6028088927268982
"(385, 4190, 567)",0.6028077602386475
"(3200, 1809, 1383)",0.6028077006340027
"(3200, 1571, 2725)",0.6028075814247131
"(4624, 2140, 1549)",0.602807343006134
"(3068, 1382, 1703)",0.602807343006134
"(4345, 1386, 1382)",0.6028071045875549
"(128, 1446, 1801, 1963, 1390, 3519)",0.6028065085411072
"(4417, 1577, 1174)",0.602806031703949
"(360, 2953, 1410)",0.6028057932853699
"(128, 1801, 1953, 4351)",0.6028056740760803
"(1800, 1836, 4029, 2160)",0.6028053760528564
"(1890, 2958, 1390)",0.6028053760528564
"(568, 1577, 4541)",0.6028051972389221
"(2025, 4466, 2275, 2718)",0.6028048992156982
"(1811, 3021, 1815)",0.6028048992156982
"(1382, 1800, 3560, 1836, 568, 25)",0.6028046011924744
"(4103, 1996, 1855, 1471)",0.6028044819831848
"(1811, 2140, 3021)",0.60280442237854
"(1705, 2718, 3271)",0.6028042435646057
"(1944, 3203, 2008)",0.6028041243553162
"(1800, 554, 1836, 3021)",0.6028039455413818
"(2090, 3098, 1436)",0.6028039455413818
"(1970, 1662, 2975)",0.6028037071228027
"(1409, 4403, 1611)",0.602803647518158
"(1800, 4375, 1703)",0.6028035283088684
"(2080, 2592, 5195)",0.6028035283088684
"(4177, 1953, 498)",0.6028033494949341
"(3200, 1650, 933, 414)",0.6028028726577759
"(25, 1953, 1837, 4103)",0.6028026938438416
"(1953, 1954, 1288, 2956, 1469)",0.6028019785881042
"(2230, 4181, 950)",0.6028010845184326
"(1241, 1836, 4561)",0.6028009653091431
"(1386, 1786, 1382, 4454)",0.6028006672859192
"(1600, 2481, 3200)",0.6028006076812744
"(1974, 4356, 1446)",0.6028004884719849
"(1968, 3145, 1490)",0.6028001308441162
"(2297, 4865, 1382, 575)",0.6027998328208923
"(576, 1800, 1836, 3021)",0.6027998328208923
"(1953, 1446, 1390, 3219, 1974)",0.6027992963790894
"(128, 4329, 83)",0.602799117565155
"(498, 739, 4700)",0.6027987599372864
"(2529, 2775, 1491, 1943)",0.602798581123352
"(3017, 2546, 1318)",0.602798342704773
"(2473, 2298, 3519)",0.6027976870536804
"(2160, 2446, 3199)",0.6027976274490356
"(1601, 89, 2718, 2959)",0.6027974486351013
"(1800, 25, 1844, 3076)",0.6027973294258118
"(2956, 2438, 567)",0.602797269821167
"(2161, 1825, 3519, 1833)",0.6027970314025879
"(4680, 25, 1383)",0.6027966737747192
"(4232, 1837, 1549)",0.6027966141700745
"(385, 3526, 567)",0.6027964353561401
"(3076, 1844, 1837, 1382)",0.6027962565422058
"(552, 3017, 1852)",0.6027962565422058
"(1392, 1470, 2775)",0.602796196937561
"(360, 898, 3085)",0.602796196937561
"(1800, 498, 1836, 4103)",0.6027960777282715
"(1705, 1810, 3203)",0.6027960181236267
"(1577, 1836, 4614)",0.6027958989143372
"(1954, 4347, 1974)",0.6027958393096924
"(251, 333, 4103)",0.6027957201004028
"(568, 4854, 1071)",0.6027954816818237
"(128, 1953, 3210, 1744)",0.6027952432632446
"(128, 1801, 2738, 4826)",0.6027951240539551
"(1096, 1825, 4420, 1833)",0.6027951240539551
"(128, 1953, 4425, 1744, 568)",0.6027950644493103
"(4169, 1578, 2290)",0.6027947664260864
"(1800, 4448, 1836, 1383)",0.6027947068214417
"(1960, 2514, 3063)",0.6027946472167969
"(1953, 1446, 1703, 1963, 1933, 1390, 3219)",0.6027944684028625
"(25, 251, 4103, 2071)",0.6027944684028625
"(5340, 2591, 2159)",0.602794349193573
"(1825, 2122, 2057, 3183)",0.6027942895889282
"(1491, 1501, 3591)",0.6027942895889282
"(2160, 4581, 2358)",0.6027942895889282
"(3560, 1386, 1390)",0.6027941703796387
"(1488, 3302, 1911)",0.6027941703796387
"(1512, 2279, 3212, 631)",0.60279381275177
"(793, 5388, 1526)",0.6027937531471252
"(1809, 4561, 1606)",0.6027936339378357
"(4387, 1446, 1933, 493, 1390)",0.6027935147285461
"(1953, 1836, 1469, 4029)",0.6027931571006775
"(4420, 1781, 1222)",0.6027931571006775
"(5361, 2605, 574)",0.6027930378913879
"(4169, 1577, 1836)",0.6027927994728088
"(1825, 2298, 2740, 4871)",0.6027927994728088
"(386, 3204, 575)",0.6027925610542297
"(4418, 1382, 1931, 1836, 2297)",0.6027918457984924
"(128, 3204, 1944)",0.6027912497520447
"(128, 1953, 3211, 1744)",0.6027911901473999
"(1600, 5066, 2028)",0.6027910709381104
"(3298, 739, 285)",0.6027907729148865
"(128, 4505, 660)",0.6027907729148865
"(1954, 1469, 2962, 2487)",0.6027905344963074
"(1800, 2057, 3426, 1836)",0.602790117263794
"(1361, 4506, 2094)",0.6027899980545044
"(1473, 2227, 4654)",0.602789044380188
"(3904, 1801, 1953, 1703)",0.602789044380188
"(1512, 523, 3200)",0.6027888059616089
"(1426, 3815, 1639)",0.6027885675430298
"(1960, 1501, 2983)",0.6027880311012268
"(4545, 1378, 2598)",0.6027877330780029
"(4410, 309, 1095)",0.6027876734733582
"(2440, 4454, 574)",0.6027876734733582
"(4466, 2275, 2718, 2487)",0.6027876138687134
"(1446, 3177, 1933, 493, 1390)",0.602787435054779
"(568, 4454, 1247)",0.6027871370315552
"(3200, 1245, 1469)",0.6027871370315552
"(1974, 1446, 3519)",0.6027870774269104
"(4545, 2598, 1351)",0.6027870178222656
"(3136, 747, 687)",0.6027868986129761
"(3054, 2541, 1990)",0.602786660194397
"(1707, 1836, 3021, 1382)",0.6027863621711731
"(1963, 660, 1933, 4351)",0.6027860641479492
"(4441, 1801, 1953)",0.6027860045433044
"(1666, 2998, 87)",0.6027855277061462
"(25, 4353, 1383)",0.6027851700782776
"(25, 1549, 4543)",0.6027851104736328
"(2775, 115, 1943)",0.6027849316596985
"(1457, 5099, 1284)",0.6027837991714478
"(2560, 1963, 4420, 1933)",0.6027836799621582
"(128, 1953, 4944)",0.6027836799621582
"(1288, 1552, 4486)",0.6027836203575134
"(2953, 1146, 2374)",0.602782666683197
"(1384, 4337, 1502)",0.6027825474739075
"(1446, 1933, 493, 1390, 4378)",0.6027824878692627
"(4328, 89, 2718, 1577)",0.6027807593345642
"(2521, 3019, 1788)",0.6027806401252747
"(1799, 4169, 1386, 1426, 25)",0.6027803421020508
"(3257, 1490, 2374)",0.6027800440788269
"(1352, 3075, 575)",0.6027799844741821
"(4904, 631, 567)",0.6027796268463135
"(128, 1953, 258, 4417, 1963, 1933)",0.6027795076370239
"(3076, 1382, 2071)",0.6027794480323792
"(1963, 4357, 1974)",0.6027793884277344
"(2297, 1611, 4303)",0.6027790904045105
"(1800, 4103, 567)",0.602778971195221
"(3013, 1809, 1837)",0.6027788519859314
"(1426, 4541, 127)",0.6027788519859314
"(128, 1953, 4420, 1446, 1801, 1963)",0.6027786135673523
"(5502, 1092, 2414)",0.6027784943580627
"(25, 1426, 3298)",0.6027781367301941
"(2008, 3075, 567)",0.602777898311615
"(48, 3042, 1574)",0.6027776002883911
"(4355, 2029, 1558)",0.6027775406837463
"(128, 1446, 1963, 4587, 1933)",0.6027774810791016
"(568, 2178, 5054)",0.6027774810791016
"(2096, 1698, 2911)",0.6027774810791016
"(3054, 1829, 1830)",0.6027774810791016
"(498, 739, 3021)",0.6027771830558777
"(1505, 1705, 4420)",0.6027771234512329
"(3682, 1558, 2590)",0.6027770638465881
"(1809, 4103, 1999)",0.6027767062187195
"(128, 1953, 1446, 1801, 1963, 3663)",0.602776288986206
"(568, 2968, 575)",0.6027759313583374
"(2776, 1993, 106)",0.6027757525444031
"(2440, 4332, 309)",0.6027756333351135
"(2832, 1762, 1470, 1943)",0.6027755737304688
"(5150, 254, 2015)",0.602774977684021
"(4511, 2297, 1382, 1615)",0.6027746200561523
"(1377, 3682, 2044, 1590)",0.6027740836143494
"(3200, 305, 1382)",0.6027735471725464
"(2440, 3843, 1549)",0.6027733087539673
"(1800, 3075, 1836, 574)",0.6027733087539673
"(568, 1953, 2968)",0.6027732491493225
"(2473, 4486, 1574)",0.6027731895446777
"(128, 1953, 4417, 1446, 1963, 2718)",0.6027730703353882
"(73, 1331, 2775)",0.6027730107307434
"(1730, 1410, 2775)",0.6027727723121643
"(2616, 3214, 1535)",0.6027727127075195
"(1552, 4407, 1574, 2495)",0.6027724742889404
"(1809, 4103, 1071)",0.6027724146842957
"(568, 3265, 2028)",0.6027724146842957
"(3409, 1929, 2703)",0.6027722358703613
"(1968, 1476, 2775)",0.6027722358703613
"(1512, 1953, 2185, 3212)",0.6027716398239136
"(1617, 3075, 2297)",0.6027715802192688
"(1800, 3298, 739)",0.6027712225914001
"(1800, 1578, 3198)",0.6027710437774658
"(128, 1801, 2275, 4869)",0.6027705073356628
"(128, 1096, 660, 4420)",0.6027698516845703
"(485, 5525, 2255)",0.6027695536613464
"(128, 4387, 1801, 1963, 1933, 660)",0.6027694940567017
"(1616, 1426, 4676)",0.6027694344520569
"(1571, 3212, 1815)",0.6027692556381226
"(1569, 1986, 1478, 3017, 267, 1491, 1333)",0.602769136428833
"(128, 1446, 4330, 1963, 1933, 1390)",0.6027690172195435
"(1481, 58, 3983)",0.6027687191963196
"(2447, 3211, 567)",0.60276859998703
"(576, 1837, 4614)",0.6027684807777405
"(360, 2009, 3085)",0.6027683615684509
"(3144, 1802, 2503)",0.6027681231498718
"(3192, 1836, 141)",0.6027675867080688
"(2972, 2029, 1782, 1743)",0.6027675271034241
"(1386, 3815, 1639)",0.6027665734291077
"(4688, 516, 54)",0.6027652621269226
"(1513, 4933, 511)",0.6027651429176331
"(3075, 574, 2071)",0.6027651429176331
"(2196, 1557, 2911)",0.6027649641036987
"(1809, 2202, 4527)",0.6027646660804749
"(251, 1836, 1837, 4103)",0.6027640104293823
"(1782, 2972, 1558, 1743)",0.6027635335922241
"(4586, 1382, 567)",0.6027635335922241
"(128, 1953, 1446, 3271, 1801, 1963)",0.6027632355690002
"(3219, 1781, 1174)",0.6027632355690002
"(4803, 1380, 1518)",0.6027628779411316
"(1512, 2185, 2275, 3212)",0.6027628183364868
"(2969, 2275, 2718, 2487)",0.6027628183364868
"(3266, 2443, 1836)",0.6027624011039734
"(3200, 739, 1382)",0.6027620434761047
"(2473, 1574, 4407)",0.602761447429657
"(576, 4332, 1744)",0.602761447429657
"(25, 251, 1837, 4103)",0.6027613282203674
"(1413, 3682, 1405, 1406)",0.6027610898017883
"(2832, 2529, 1762, 1470)",0.6027605533599854
"(793, 747, 4910)",0.602760374546051
"(2192, 3755, 2461)",0.6027597784996033
"(4436, 1382, 1703)",0.6027594208717346
"(1072, 4522, 2718)",0.6027592420578003
"(568, 4500, 1382)",0.6027587652206421
"(408, 1771, 3422)",0.6027585864067078
"(4353, 1426, 567)",0.6027584671974182
"(4419, 533, 1703)",0.6027584075927734
"(1809, 3265, 1837)",0.6027582287788391
"(3017, 2267, 54)",0.6027580499649048
"(4894, 2446, 2447)",0.6027578711509705
"(3200, 2057, 2005)",0.6027576923370361
"(4417, 2473, 2722, 2519)",0.6027576327323914
"(4513, 2598, 1967)",0.6027575135231018
"(3019, 1621, 2159)",0.6027572751045227
"(4417, 2718, 2559)",0.6027570962905884
"(2298, 4212, 493)",0.6027567386627197
"(1944, 25, 4424)",0.6027567386627197
"(1963, 4420, 1933, 519)",0.6027563810348511
"(1929, 5401, 2703)",0.6027559041976929
"(169, 2090, 4746)",0.6027557253837585
"(2057, 2441, 2946)",0.6027557253837585
"(128, 4417, 1890, 660)",0.602755606174469
"(568, 2968, 574, 567)",0.602755606174469
"(1963, 1974, 3519)",0.6027551889419556
"(3200, 2297, 1571)",0.6027551293373108
"(1433, 2890, 2541)",0.602755069732666
"(25, 1386, 4543, 1383)",0.6027548313140869
"(89, 1953, 4486)",0.6027548313140869
"(132, 5245, 2263)",0.6027548313140869
"(1352, 386, 3075)",0.6027547121047974
"(2251, 1294, 3623)",0.6027545928955078
"(1801, 4362, 1953, 1703)",0.602754533290863
"(128, 1953, 1963, 1974, 4347)",0.6027544140815735
"(1288, 1953, 4329, 1390)",0.6027540564537048
"(360, 1410, 2775)",0.6027539372444153
"(1944, 4619, 2140)",0.6027535796165466
"(1600, 254, 4551)",0.6027529239654541
"(128, 1801, 2808, 660)",0.6027526259422302
"(1382, 1800, 1386, 1809, 2297, 4638)",0.6027525067329407
"(140, 2028, 4407)",0.6027522683143616
"(1479, 3500, 1303)",0.6027520895004272
"(1240, 2298, 3200)",0.6027519702911377
"(2297, 4585, 1382, 567)",0.6027517914772034
"(128, 1953, 1446, 1963, 4351)",0.6027516722679138
"(1465, 3298, 739)",0.602751612663269
"(568, 1426, 3198)",0.6027514934539795
"(4103, 1606, 2351)",0.6027514934539795
"(3212, 2446, 2447)",0.6027513146400452
"(1382, 1800, 4332, 1837, 568)",0.6027509570121765
"(3408, 182, 1711)",0.6027506589889526
"(1512, 1705, 523, 3212)",0.602750301361084
"(40, 1953, 4417, 2718)",0.6027502417564392
"(2968, 1067, 567)",0.6027502417564392
"(2057, 1203, 4329)",0.6027500033378601
"(128, 1953, 4818, 1781)",0.602749764919281
"(2057, 178, 3212)",0.6027485728263855
"(1410, 2541, 3535)",0.6027485132217407
"(1809, 3076, 1837)",0.6027483940124512
"(2086, 3075, 1382)",0.6027483344078064
"(3204, 2140, 1469)",0.6027482748031616
"(1650, 933, 414, 4511)",0.6027476787567139
"(128, 1953, 4854, 1744)",0.6027475595474243
"(2148, 4875, 1838, 2422, 1403)",0.6027475595474243
"(4624, 25, 2140)",0.6027475595474243
"(5344, 2475, 2140)",0.6027472019195557
"(1512, 1953, 3212, 2057)",0.6027471423149109
"(2440, 4486, 567)",0.6027471423149109
"(4353, 1426, 1639)",0.6027466058731079
"(4304, 2635, 1491)",0.6027464270591736
"(128, 2946, 1446, 1801, 1390)",0.602745532989502
"(1426, 309, 3815)",0.6027454733848572
"(258, 1963, 1933, 3519)",0.6027453541755676
"(3887, 2446, 2447)",0.6027448177337646
"(5043, 2541, 2006)",0.6027445197105408
"(1456, 4545, 2248)",0.602744460105896
"(25, 4531, 1836)",0.6027442216873169
"(128, 1953, 1890, 4000, 1963, 1933)",0.6027441024780273
"(1224, 4404, 1574)",0.6027440428733826
"(1509, 54, 4599)",0.602743923664093
"(128, 1953, 3525, 1744)",0.6027438640594482
"(1611, 4029, 2351)",0.6027437448501587
"(128, 1953, 1963, 1933, 3215)",0.6027435660362244
"(2346, 437, 4886)",0.6027435064315796
"(4624, 2042, 2290)",0.6027432680130005
"(4486, 1972, 1574)",0.6027431488037109
"(1800, 25, 3013)",0.6027427911758423
"(25, 739, 4243)",0.6027424931526184
"(25, 4418, 1809, 1383)",0.6027421355247498
"(1800, 4953, 1836, 567)",0.6027421355247498
"(568, 1800, 4603, 1836)",0.6027420163154602
"(3200, 2403, 1469)",0.6027419567108154
"(976, 3863, 687)",0.6027418971061707
"(1800, 1953, 1890, 4328)",0.6027415990829468
"(1464, 5386, 2461)",0.602741539478302
"(1953, 1963, 1446, 4415)",0.6027413010597229
"(1840, 690, 685, 3630)",0.6027412414550781
"(3200, 2019, 1382)",0.6027410626411438
"(1744, 1571, 2968)",0.602741003036499
"(2083, 2220, 5156)",0.6027408838272095
"(128, 1953, 1890, 1963, 3212, 1933)",0.6027406454086304
"(1578, 4418, 399)",0.6027405858039856
"(35, 1684, 4820)",0.6027405858039856
"(3075, 1800, 1836, 1837, 309)",0.6027404069900513
"(128, 89, 2718, 3439)",0.602739691734314
"(2440, 4579, 567)",0.6027395725250244
"(3075, 2005, 1383)",0.6027395129203796
"(1600, 4554, 309)",0.6027390360832214
"(1953, 1446, 1703, 1963, 3212, 1933, 1390)",0.6027389764785767
"(3535, 2582, 1359)",0.6027389764785767
"(1818, 1555, 3063)",0.6027384996414185
"(3017, 1990, 2582)",0.6027384996414185
"(3265, 386, 575)",0.6027381420135498
"(1585, 267, 3017)",0.6027381420135498
"(1968, 2541, 2775)",0.602738082408905
"(2279, 5286, 567)",0.6027379631996155
"(3200, 2489, 2446)",0.6027379035949707
"(1809, 4103, 1471)",0.6027371883392334
"(322, 4683, 1469)",0.6027371287345886
"(568, 1578, 4990)",0.6027368307113647
"(1809, 1799, 4454, 567)",0.6027367115020752
"(1800, 3184, 1382, 1703)",0.6027365922927856
"(2473, 1322, 2298, 4178)",0.6027365922927856
"(2529, 2451, 4741)",0.6027362942695618
"(2959, 2718, 2559)",0.6027359962463379
"(1153, 3085, 54)",0.6027359962463379
"(1520, 1499, 3085, 54)",0.6027355194091797
"(1800, 1836, 4190)",0.6027354598045349
"(1972, 1574, 4407)",0.602735161781311
"(3815, 1382, 1383)",0.6027348637580872
"(4420, 1781, 1174)",0.6027346253395081
"(576, 4486, 1744)",0.6027345061302185
"(4418, 2671, 1383)",0.6027343273162842
"(3344, 1529, 2123)",0.6027339100837708
"(2601, 3682, 1628, 1413)",0.6027335524559021
"(1801, 1953, 3471)",0.6027331948280334
"(3863, 1526, 687)",0.6027330160140991
"(1650, 3427, 933, 414)",0.6027329564094543
"(3145, 1529, 1566)",0.6027325987815857
"(4329, 2738, 2718)",0.6027314066886902
"(2001, 1837, 4029)",0.6027310490608215
"(3438, 2252, 2302)",0.6027308702468872
"(4486, 140, 2028)",0.6027306914329529
"(4768, 954, 2058)",0.6027306914329529
"(568, 251, 4103)",0.6027302742004395
"(1800, 574, 4103)",0.6027302145957947
"(1953, 4772, 2071)",0.6027301549911499
"(1289, 2226, 4476)",0.6027299761772156
"(3408, 1378, 1351)",0.6027299761772156
"(1545, 92, 2775)",0.6027297973632812
"(2953, 1410, 1499)",0.602729320526123
"(2160, 2297, 3075)",0.602729320526123
"(568, 2297, 1837, 3198)",0.6027288436889648
"(385, 4931, 2605, 567)",0.6027278900146484
"(1539, 1802, 1315, 4886)",0.6027278304100037
"(3075, 2297, 1611)",0.6027277112007141
"(1491, 2709, 2775)",0.6027274131774902
"(385, 3815, 567)",0.6027268171310425
"(1600, 3816, 1383)",0.6027268171310425
"(1539, 3144, 1802, 1315)",0.6027266979217529
"(1410, 1491, 3535, 1943)",0.6027266383171082
"(4375, 398, 1703)",0.6027264595031738
"(3161, 1834, 2162)",0.6027262210845947
"(1825, 493, 3519, 1703)",0.6027259230613708
"(4464, 2001, 2015)",0.6027255058288574
"(3200, 322, 1703)",0.6027253866195679
"(1800, 4352, 1890, 1703)",0.6027252078056335
"(1803, 2718, 3439)",0.602724552154541
"(3682, 2590, 1551)",0.6027244329452515
"(4324, 2140, 1469)",0.6027243733406067
"(2442, 3085, 54)",0.6027241945266724
"(1288, 2057, 660, 3212)",0.6027240753173828
"(1377, 3682, 1380, 1413, 1518)",0.6027235984802246
"(1299, 190, 2911)",0.6027235984802246
"(2217, 3500, 132)",0.6027234792709351
"(1825, 2122, 533, 3183)",0.602723240852356
"(2473, 2298, 3182)",0.6027231216430664
"(2243, 1422, 4886)",0.6027231216430664
"(1825, 2122, 4387, 533)",0.6027223467826843
"(1472, 3408, 182)",0.6027213335037231
"(3513, 754, 747)",0.6027212738990784
"(978, 3075, 1383)",0.6027207374572754
"(1697, 1740, 3278)",0.6027204990386963
"(128, 1953, 3560, 1744)",0.6027204394340515
"(4389, 1446, 1933, 493, 1390)",0.6027204394340515
"(1515, 1358, 3599)",0.6027202606201172
"(128, 1953, 1890, 1963, 1933, 2959)",0.6027202010154724
"(128, 4505, 1963, 1933)",0.6027200818061829
"(128, 1953, 4626, 660)",0.6027199625968933
"(89, 2122, 3180, 1825)",0.6027196049690247
"(3192, 386, 575)",0.6027193665504456
"(1569, 2953, 1478)",0.602718710899353
"(2968, 385, 1953)",0.6027184724807739
"(1809, 1386, 5287, 2202)",0.6027184128761292
"(385, 2958, 567)",0.6027182936668396
"(4545, 1351, 1271)",0.6027181148529053
"(1208, 4420, 1781)",0.6027181148529053
"(3200, 309, 254)",0.6027174592018127
"(2946, 2438, 567)",0.6027167439460754
"(3214, 1467, 1294)",0.6027159690856934
"(5080, 1962, 1709)",0.6027159690856934
"(1437, 2534, 4886)",0.6027153134346008
"(385, 2297, 1382, 4614)",0.6027149558067322
"(25, 4103, 1471)",0.6027148962020874
"(3200, 1953, 1786)",0.6027134656906128
"(4404, 574, 1815)",0.6027129888534546
"(556, 1117, 4886)",0.602712869644165
"(3072, 739, 2127)",0.6027127504348755
"(3200, 2473, 84, 2487)",0.6027127504348755
"(2008, 4177, 140)",0.6027123928070068
"(1329, 2546, 4933, 1318)",0.6027121543884277
"(1481, 2123, 4545)",0.6027117371559143
"(1954, 2966, 1390)",0.6027116179466248
"(1800, 4353, 2160)",0.60271155834198
"(1703, 1801, 4329, 1963, 1933)",0.6027106046676636
"(2529, 2953, 1943)",0.6027103066444397
"(2028, 3525, 575)",0.6027102470397949
"(1577, 4329, 2718)",0.6027100086212158
"(1512, 1294, 5126)",0.6027100086212158
"(1123, 251, 4103)",0.6027098894119263
"(2953, 1555, 1566)",0.6027095317840576
"(3200, 2161, 1954)",0.6027094721794128
"(1426, 739, 4103)",0.6027093529701233
"(2455, 3200, 567)",0.6027092337608337
"(1800, 1707, 1836, 4325)",0.6027088761329651
"(1616, 1426, 4140)",0.6027088761329651
"(3200, 1403, 1974)",0.6027086973190308
"(2057, 533, 3183)",0.602708101272583
"(1641, 3063, 1943)",0.6027079224586487
"(4536, 2178, 575)",0.6027076244354248
"(3144, 1410, 1349, 1943)",0.6027072072029114
"(25, 2140, 4709)",0.6027071475982666
"(1611, 739, 4244)",0.6027071475982666
"(4384, 1825, 2057, 1703)",0.602706789970398
"(2998, 878, 1279)",0.6027064919471741
"(89, 2122, 3519, 1825)",0.6027064323425293
"(2440, 385, 5169, 567)",0.602706253528595
"(2475, 2140, 4526)",0.6027061939239502
"(1539, 1315, 3813)",0.6027061939239502
"(1801, 1953, 4361, 1703)",0.6027060747146606
"(3192, 2297, 1836, 1382)",0.6027054190635681
"(521, 1900, 3415)",0.6027054190635681
"(2959, 89, 2718, 1577)",0.6027052998542786
"(3649, 1378, 1351)",0.6027051210403442
"(568, 1800, 1837, 4103)",0.6027051210403442
"(1978, 2300, 1341, 4550)",0.6027047634124756
"(1800, 1953, 1890, 4399)",0.6027047634124756
"(576, 1382, 4614, 1800, 2297)",0.6027043461799622
"(1264, 1265, 2973, 1558)",0.6027041673660278
"(128, 1446, 3177, 1963, 1390, 660)",0.6027041077613831
"(89, 2958, 2718)",0.6027040481567383
"(1800, 498, 3075, 1836)",0.6027039289474487
"(3834, 2140, 1471)",0.6027036905288696
"(1999, 4103, 1471)",0.6027035117149353
"(2262, 1710, 3199)",0.6027035117149353
"(2369, 1461, 791, 4443, 1919)",0.6027032732963562
"(1800, 2298, 4456)",0.6027031540870667
"(1953, 1446, 1390, 3222, 1974)",0.602702796459198
"(128, 1963, 1933, 3221)",0.6027027368545532
"(251, 4103, 255)",0.6027027368545532
"(1396, 92, 3535)",0.6027026772499084
"(2425, 2577, 3414)",0.6027026772499084
"(1953, 1837, 1469, 4029)",0.6027026176452637
"(1408, 3054, 2006)",0.602702260017395
"(1282, 1298, 2796, 1894)",0.6027017831802368
"(1705, 2441, 3222)",0.602701723575592
"(64, 1968, 4919)",0.6027015447616577
"(1545, 92, 3535)",0.6027013659477234
"(2297, 2475, 3891)",0.6027008891105652
"(1792, 4843, 2262)",0.6027004718780518
"(3075, 309, 1382, 2071)",0.6026999354362488
"(3265, 1386, 1837)",0.6026996970176697
"(3900, 285, 2127)",0.6026995182037354
"(1953, 1836, 1469, 4446)",0.6026992797851562
"(4169, 1809, 2443, 1799)",0.6026991605758667
"(1800, 4410, 1836, 575)",0.602698802947998
"(1800, 2668, 4404)",0.6026983857154846
"(128, 1953, 4853)",0.6026982665061951
"(2297, 3194, 1382)",0.6026979684829712
"(1825, 2122, 4150)",0.6026976704597473
"(568, 2178, 3211)",0.6026976704597473
"(128, 1801, 660, 4347, 2718)",0.6026976108551025
"(1786, 251, 1837, 4103)",0.6026970148086548
"(1512, 2057, 3212, 1469)",0.6026968955993652
"(1953, 1954, 1288, 3788, 1469)",0.6026968359947205
"(128, 1953, 1890, 4423)",0.6026967167854309
"(1552, 3042, 84)",0.6026965379714966
"(1968, 1041, 4919)",0.6026959419250488
"(1953, 3021, 575)",0.6026955842971802
"(1226, 141, 2959)",0.6026949882507324
"(576, 1836, 141, 4454)",0.6026948094367981
"(1809, 1386, 5230, 2202)",0.6026945114135742
"(1800, 3075, 1844, 574)",0.6026945114135742
"(1744, 385, 3211, 567)",0.6026943922042847
"(128, 1953, 1446, 1801, 1963, 4370)",0.6026942133903503
"(1469, 1382, 3815)",0.6026942133903503
"(4456, 386, 2028)",0.602694034576416
"(1953, 4103, 1800, 1836, 1469)",0.6026939749717712
"(25, 3211, 2140)",0.6026937961578369
"(1825, 2473, 4420)",0.6026936769485474
"(296, 4708, 1437)",0.6026933789253235
"(1800, 3051, 1836, 1837, 25)",0.6026930212974548
"(3266, 1844, 1382)",0.6026926636695862
"(568, 2178, 4410)",0.6026924848556519
"(4545, 2058, 2598)",0.6026924848556519
"(1776, 1809, 4103)",0.6026924252510071
"(4447, 1606, 2351)",0.6026919484138489
"(3200, 1809, 1579)",0.6026918292045593
"(568, 2178, 4175)",0.6026912927627563
"(1641, 3019, 54)",0.6026911735534668
"(322, 1469, 4991)",0.6026909947395325
"(1953, 1382, 1703, 1800, 4809)",0.6026903986930847
"(1560, 1829, 2799)",0.6026900410652161
"(128, 1801, 2275, 4420)",0.6026895642280579
"(2160, 4353, 1382)",0.6026890873908997
"(2057, 3212, 159)",0.6026886105537415
"(1960, 1545, 1490, 2775)",0.6026886105537415
"(568, 5266, 576, 567)",0.6026883721351624
"(2722, 4626, 2718)",0.6026877164840698
"(2297, 3265, 1382)",0.6026874780654907
"(1382, 1800, 1844, 568, 3834)",0.6026869416236877
"(4029, 2414, 1855)",0.6026867032051086
"(3712, 2302, 1807)",0.6026867032051086
"(3560, 1844, 2422)",0.6026866436004639
"(1800, 1953, 1890, 4606)",0.6026865243911743
"(576, 1809, 4646)",0.6026859879493713
"(3617, 1294, 1535)",0.602685809135437
"(2808, 1953, 363, 1446)",0.6026855111122131
"(1616, 25, 1836, 3021)",0.6026853919029236
"(2045, 3427, 141)",0.6026853322982788
"(2297, 4916, 1382, 1615)",0.6026852130889893
"(2161, 4244, 2140)",0.6026852130889893
"(4340, 1837, 1382, 1383)",0.6026852130889893
"(128, 1953, 4521, 1963, 1933)",0.6026849746704102
"(2958, 2718, 423)",0.6026847958564758
"(1800, 2140, 309, 3190)",0.6026846766471863
"(2972, 2052, 1558, 1743)",0.6026843786239624
"(3075, 1382, 1836, 1844, 2071, 2297)",0.6026837229728699
"(1953, 1446, 1801, 1390, 2808)",0.6026835441589355
"(2012, 1837, 4541)",0.602683424949646
"(4328, 89, 2140)",0.6026833057403564
"(1800, 1844, 5197, 1382)",0.6026832461357117
"(2560, 1890, 4347, 660)",0.6026831865310669
"(1953, 1890, 1703, 1800, 3788, 660)",0.6026829481124878
"(1960, 2953, 1410)",0.6026827096939087
"(1650, 933, 414, 4418)",0.6026821732521057
"(1800, 2297, 3076, 1837)",0.6026821136474609
"(1800, 4456, 1836, 1837, 2028)",0.6026817560195923
"(1801, 3171, 1825, 1703)",0.6026815176010132
"(4681, 2475, 2140)",0.6026813983917236
"(3224, 2074, 431)",0.6026811003684998
"(3144, 2541, 38)",0.6026806235313416
"(4378, 2140, 1446)",0.6026805639266968
"(1410, 91, 2775)",0.6026805639266968
"(128, 1953, 1890, 4360, 1963, 1933)",0.6026800870895386
"(1800, 2297, 3075, 574)",0.602679431438446
"(3192, 1836, 2071)",0.6026790142059326
"(2057, 4373, 493)",0.6026788949966431
"(385, 3078, 567)",0.6026788353919983
"(128, 1801, 258, 3519)",0.6026783585548401
"(3076, 1382, 1800, 1836, 1844, 2297)",0.6026778817176819
"(1288, 273, 2868)",0.6026778817176819
"(4516, 2029, 1558)",0.6026775240898132
"(2953, 1410, 1453)",0.6026775240898132
"(251, 1836, 4467)",0.6026774048805237
"(25, 2140, 4622)",0.6026771664619446
"(89, 3212, 493)",0.6026767492294312
"(5202, 1963, 2718)",0.6026767492294312
"(2269, 4329, 1781)",0.602676272392273
"(2832, 2354, 1491)",0.6026759147644043
"(1577, 1578, 2959)",0.6026757955551147
"(1825, 3171, 493, 1703)",0.6026756763458252
"(2297, 1837, 4614, 575)",0.6026756763458252
"(1800, 1953, 1890, 3174)",0.6026753187179565
"(5325, 1294, 1535)",0.6026752591133118
"(892, 3085, 54)",0.6026750802993774
"(1409, 3013, 1471)",0.6026744842529297
"(1426, 309, 4551)",0.6026736497879028
"(1968, 3238, 1566)",0.602673351764679
"(128, 1890, 660, 4420)",0.6026729345321655
"(4360, 2275, 2718, 2487)",0.6026727557182312
"(169, 1507, 4879)",0.6026714444160461
"(1698, 1298, 2942)",0.6026712656021118
"(4032, 1685, 1662)",0.6026710271835327
"(2027, 2102, 3415)",0.6026708483695984
"(3257, 1410, 2451)",0.6026707887649536
"(128, 1953, 3900)",0.6026706695556641
"(2083, 1347, 1452, 4545)",0.602670431137085
"(1426, 1811, 3078)",0.6026696562767029
"(576, 1578, 4410)",0.6026694774627686
"(128, 1953, 1801, 1933, 4373)",0.6026692986488342
"(1944, 1426, 3298)",0.6026692986488342
"(392, 2808, 2397)",0.6026692390441895
"(1362, 2530, 3085)",0.6026690602302551
"(2475, 2446, 4703)",0.6026683449745178
"(25, 3079, 1809, 575)",0.6026682257652283
"(2057, 1578, 2959)",0.6026678085327148
"(296, 4708, 2239)",0.6026672720909119
"(668, 2973, 1743)",0.6026672720909119
"(1288, 1552, 3042)",0.6026672720909119
"(1480, 4337, 2643)",0.6026672124862671
"(25, 2140, 4657)",0.602666974067688
"(568, 1800, 1836, 5309)",0.6026667356491089
"(1322, 4420, 631)",0.6026666164398193
"(568, 3265, 309)",0.6026661992073059
"(1953, 3298, 660)",0.6026661992073059
"(5357, 1990, 2582)",0.6026660203933716
"(1386, 1171, 4541, 1426)",0.6026657819747925
"(2496, 2718, 4328, 2486)",0.6026656627655029
"(1499, 379, 3085, 54)",0.602665364742279
"(1800, 4731, 1836, 567)",0.602665364742279
"(128, 1953, 1963, 1974, 4473)",0.6026648283004761
"(1943, 3276, 1359)",0.6026647686958313
"(3200, 2506, 574)",0.6026646494865417
"(1368, 1384, 3125)",0.6026633977890015
"(2298, 3212, 2487)",0.6026632785797119
"(1800, 4920, 1836)",0.6026630997657776
"(128, 1953, 4341, 1744)",0.6026629209518433
"(3200, 381, 1383)",0.6026627421379089
"(2297, 4524, 29)",0.6026617288589478
"(258, 4626, 660)",0.6026614904403687
"(1933, 1838, 3215)",0.6026612520217896
"(128, 1446, 1963, 1390, 660, 3519)",0.6026611328125
"(258, 660, 2946)",0.6026610732078552
"(4332, 309, 1615)",0.602660596370697
"(89, 2298, 2969)",0.6026604771614075
"(128, 1953, 3076, 1744)",0.6026604771614075
"(1601, 1577, 2959, 2519)",0.6026604771614075
"(1512, 523, 4351)",0.6026604771614075
"(3049, 386, 575)",0.6026604175567627
"(1578, 4103, 1855)",0.6026603579521179
"(25, 5315, 574)",0.602660059928894
"(1579, 1837, 4103)",0.6026595830917358
"(4560, 1364, 2302)",0.6026590466499329
"(1489, 2026, 3682)",0.6026589870452881
"(1800, 4379, 1703)",0.6026586294174194
"(2681, 4914, 1827)",0.6026585698127747
"(1704, 92, 2775)",0.6026581525802612
"(1968, 3656, 2541, 38)",0.6026580929756165
"(4561, 1606, 2071)",0.6026579141616821
"(3085, 1478, 54)",0.6026578545570374
"(2441, 4489, 2487)",0.6026578545570374
"(3535, 1396, 1983)",0.602657675743103
"(128, 1801, 2738, 4562)",0.6026576161384583
"(2297, 1382, 1799, 1800, 4176, 25)",0.6026574373245239
"(361, 2442, 3085)",0.6026574373245239
"(1953, 4410, 1837, 1469)",0.6026574373245239
"(1800, 2298, 4424)",0.6026572585105896
"(1800, 4401, 1890, 1703)",0.6026570200920105
"(2953, 54, 895)",0.6026567220687866
"(1953, 251, 4029)",0.6026564836502075
"(4947, 1411, 2541)",0.6026560068130493
"(568, 2297, 4418, 2071)",0.6026558876037598
"(1444, 1949, 2942)",0.6026557683944702
"(1577, 4362, 2718)",0.6026557087898254
"(4581, 2262, 1710)",0.6026553511619568
"(739, 2358, 3471)",0.6026550531387329
"(2290, 2188, 4349)",0.6026549339294434
"(576, 2290, 4582)",0.6026548147201538
"(128, 4103, 1933, 1390, 660)",0.6026543974876404
"(1288, 2933, 1463)",0.6026543974876404
"(1577, 2718, 4359)",0.6026540398597717
"(2025, 2722, 3219, 2718)",0.6026537418365479
"(2568, 4545, 94)",0.6026535034179688
"(4912, 459, 1319)",0.6026533246040344
"(2633, 2796, 190)",0.6026532649993896
"(3922, 539, 2213)",0.6026526689529419
"(2122, 493, 3213)",0.6026526093482971
"(1800, 25, 3525, 2297)",0.6026521921157837
"(3633, 2307, 2350)",0.6026521325111389
"(697, 1829, 3422)",0.6026521325111389
"(2440, 3190, 574)",0.6026520133018494
"(4263, 2483, 1439)",0.6026519536972046
"(2681, 5403, 1887)",0.602651834487915
"(2191, 4038, 1887)",0.6026515960693359
"(1466, 1284, 2796)",0.6026514768600464
"(4417, 1953, 519)",0.6026510000228882
"(1382, 1800, 1836, 4340, 2071)",0.6026507616043091
"(2475, 4103, 2351)",0.6026506423950195
"(1999, 4029, 1471)",0.6026503443717957
"(4403, 1996, 1855, 1471)",0.6026502251625061
"(1799, 4622, 567)",0.6026501655578613
"(3200, 2298, 1781)",0.6026501655578613
"(4561, 2028, 1710)",0.6026500463485718
"(1585, 3017, 1333)",0.6026498675346375
"(1953, 4404, 1837)",0.6026495695114136
"(3076, 1837, 2455)",0.6026490926742554
"(1825, 2275, 2718, 2959)",0.6026488542556763
"(3200, 1382, 590)",0.6026487350463867
"(2440, 3526, 567)",0.6026486158370972
"(1953, 1963, 3212, 1974)",0.6026485562324524
"(4511, 1386, 1171, 1799)",0.6026484370231628
"(1400, 2058, 4886)",0.6026482582092285
"(1953, 398, 4351)",0.6026479601860046
"(1426, 1837, 3202)",0.6026477813720703
"(4361, 1799, 1703)",0.6026475429534912
"(2298, 1974, 3519)",0.6026471257209778
"(1811, 1574, 4407)",0.602647066116333
"(3076, 1382, 1703)",0.6026467680931091
"(3076, 1837, 1799)",0.6026467084884644
"(2297, 1210, 3021)",0.6026463508605957
"(1392, 2499, 5472)",0.6026462912559509
"(568, 2178, 4549)",0.6026461124420166
"(1409, 1996, 4103, 1471)",0.602645754814148
"(3075, 1615, 575)",0.6026455760002136
"(589, 2895, 1375)",0.6026443243026733
"(2451, 1396, 3535)",0.6026438474655151
"(3144, 1329, 2546, 1318)",0.6026436686515808
"(568, 2178, 4543)",0.6026434898376465
"(25, 1579, 4622)",0.6026433706283569
"(568, 2178, 3560)",0.6026430726051331
"(1481, 58, 4545, 1351)",0.6026430726051331
"(385, 4419, 567)",0.6026425957679749
"(2057, 493, 4703)",0.6026419401168823
"(3265, 1837, 1799)",0.6026418209075928
"(128, 4330, 660, 1933)",0.6026411652565002
"(1953, 4103, 1836, 1837, 1469)",0.6026411652565002
"(4433, 1382, 1703)",0.6026408672332764
"(3298, 739, 2140)",0.6026408672332764
"(1224, 4403, 1574)",0.6026408076286316
"(1577, 2473, 5196)",0.6026405096054077
"(4417, 2417, 567)",0.6026402115821838
"(25, 3075, 1382, 1703)",0.6026401519775391
"(25, 3075, 2286)",0.6026399731636047
"(3439, 2718, 2559)",0.6026397347450256
"(2050, 1300, 2911)",0.6026383638381958
"(576, 1235, 4615)",0.6026380062103271
"(1809, 3834, 251, 253)",0.6026380062103271
"(1800, 1953, 1890, 4376)",0.6026379466056824
"(1333, 1077, 3275)",0.6026378273963928
"(1953, 363, 4415)",0.602637767791748
"(25, 3746, 1836, 1382)",0.6026375889778137
"(1512, 1211, 2807)",0.6026375889778137
"(1953, 498, 3021)",0.6026374101638794
"(3904, 1890, 285)",0.6026372313499451
"(2777, 2027, 2102)",0.602636992931366
"(1560, 3252, 1829)",0.6026365160942078
"(2441, 4294, 2487)",0.6026362776756287
"(3144, 267, 70)",0.6026362180709839
"(2568, 2692, 2869)",0.6026356220245361
"(2013, 1781, 4350)",0.6026354432106018
"(1600, 2028, 4559)",0.6026352643966675
"(1837, 3076, 1549)",0.6026352047920227
"(128, 1801, 258, 4415)",0.6026349663734436
"(4354, 1980, 1351)",0.6026346683502197
"(1800, 3050, 1836, 1382)",0.6026346683502197
"(1512, 2185, 3212, 2486)",0.6026344895362854
"(1698, 1460, 2942)",0.6026343703269958
"(3190, 332, 1382)",0.6026343107223511
"(3021, 25, 2045, 567)",0.6026343107223511
"(1944, 1836, 3200)",0.6026341319084167
"(128, 1953, 4388, 1446, 1963)",0.6026337742805481
"(1953, 1800, 1836, 4410, 1469)",0.6026337146759033
"(1347, 4038, 1351, 1481, 2058)",0.6026330590248108
"(1800, 4386, 1811, 1836)",0.6026330590248108
"(1446, 1933, 493, 1390, 3663)",0.6026327610015869
"(1616, 4140, 1469)",0.6026325821876526
"(576, 309, 4190)",0.6026325821876526
"(1352, 2632, 3076, 1383)",0.6026324033737183
"(2905, 217, 1358)",0.6026319861412048
"(2278, 2916, 2214)",0.6026319265365601
"(251, 1836, 4029)",0.602631688117981
"(547, 1892, 3054)",0.6026315689086914
"(128, 2738, 3219, 660)",0.6026315093040466
"(1953, 1446, 1801, 1963, 1933, 1390, 3519)",0.6026313304901123
"(568, 1953, 3203)",0.6026310324668884
"(2014, 2006, 4919)",0.6026310324668884
"(2297, 2475, 4703)",0.6026308536529541
"(1953, 1386, 1469, 4029)",0.6026307344436646
"(1809, 4345, 1799)",0.6026305556297302
"(2297, 2475, 4822)",0.6026303768157959
"(2442, 1499, 3085)",0.6026303172111511
"(1512, 2417, 5254)",0.6026301383972168
"(576, 3560, 2015)",0.6026298999786377
"(2297, 3076, 1844, 1837)",0.6026298999786377
"(1288, 1953, 4329, 2057)",0.6026296019554138
"(568, 1837, 3839)",0.602629542350769
"(568, 1931, 3079)",0.6026293635368347
"(1827, 38, 4583)",0.6026293039321899
"(1499, 4669, 54)",0.6026293039321899
"(1800, 1836, 3021, 25, 574)",0.6026291847229004
"(3440, 1276, 2253)",0.6026285886764526
"(2616, 2672, 2869)",0.6026285886764526
"(1382, 1800, 1099, 4332, 309)",0.6026273965835571
"(1800, 4273, 1844, 1382)",0.6026273965835571
"(89, 2185, 2718, 2962)",0.6026262640953064
"(1610, 2298, 3519)",0.6026260852813721
"(1800, 3265, 1386, 1836)",0.6026259660720825
"(2968, 25, 574)",0.6026259064674377
"(2057, 4468, 493)",0.6026254892349243
"(25, 1426, 4244)",0.6026253700256348
"(1426, 3075, 567)",0.60262531042099
"(554, 2262, 3519)",0.6026252508163452
"(1611, 4324, 2351)",0.6026250123977661
"(128, 1953, 5048, 1744)",0.602624773979187
"(1944, 1426, 3471)",0.6026246547698975
"(3200, 2275, 526)",0.6026245355606079
"(4796, 1836, 1382)",0.6026243567466736
"(89, 493, 4375)",0.602624237537384
"(1960, 1545, 1490, 3276)",0.6026239991188049
"(4418, 2297, 1799, 1386, 25)",0.6026236414909363
"(1611, 5062, 2351)",0.602623462677002
"(1944, 409, 3200)",0.6026232838630676
"(2160, 3525, 1999)",0.6026232242584229
"(1578, 1382, 3815)",0.6026231646537781
"(128, 1705, 4329)",0.6026231050491333
"(1664, 3278, 2598)",0.6026230454444885
"(386, 4779, 575)",0.6026228070259094
"(3072, 739, 2358)",0.6026226878166199
"(4329, 483, 1974)",0.6026225090026855
"(739, 4468, 493)",0.6026224493980408
"(128, 4356, 1446, 1801, 1390)",0.6026221513748169
"(2541, 2494, 4886)",0.6026216745376587
"(1365, 1470, 2775)",0.6026216745376587
"(2083, 1452, 3118)",0.6026216745376587
"(1825, 493, 4377, 1703)",0.6026215553283691
"(128, 1446, 1801, 1390, 4377)",0.6026209592819214
"(1792, 2262, 4375)",0.6026207804679871
"(1417, 2706, 2582, 4599)",0.6026201844215393
"(2341, 1310, 4886)",0.6026199460029602
"(4511, 25, 1809, 1799)",0.6026196479797363
"(25, 4386, 567)",0.6026193499565125
"(2425, 2890, 539)",0.6026188731193542
"(1800, 1953, 1890, 4103)",0.6026186347007751
"(2447, 3211, 2446, 567)",0.6026182174682617
"(128, 1953, 1890, 1963, 1933, 3519)",0.6026178598403931
"(25, 3298, 1383)",0.6026176810264587
"(2440, 4103, 567)",0.6026175618171692
"(1979, 1524, 3294)",0.6026173830032349
"(89, 2722, 3439, 2519)",0.6026167869567871
"(1201, 3017, 1329)",0.6026167869567871
"(2529, 2451, 4742)",0.6026167273521423
"(1288, 89, 1512, 3212)",0.6026164889335632
"(128, 1953, 2275, 3911)",0.6026162505149841
"(1352, 4456, 2358)",0.6026161909103394
"(5074, 1386, 1837, 1382)",0.6026161909103394
"(1953, 3519, 567)",0.6026159524917603
"(3200, 1571, 2052)",0.6026158928871155
"(2160, 2297, 4386)",0.6026157736778259
"(1809, 1386, 574, 4543)",0.6026157736778259
"(1800, 498, 4424, 1836)",0.6026153564453125
"(1505, 996, 3860, 2263)",0.6026148796081543
"(3075, 1403, 1836)",0.6026141047477722
"(3075, 1382, 1703, 1800, 1836, 1844)",0.6026139259338379
"(89, 1835, 2718, 3903)",0.6026137471199036
"(128, 1953, 1801, 1933, 4375)",0.6026136875152588
"(2807, 1988, 2644)",0.6026134490966797
"(2045, 3202, 141)",0.6026132702827454
"(1480, 1461, 4654)",0.6026129126548767
"(3408, 2341, 1437)",0.6026129126548767
"(1539, 1315, 5428)",0.6026125550270081
"(2105, 3682, 1380)",0.602612316608429
"(4545, 1506, 1436)",0.6026121377944946
"(1800, 4457, 2298)",0.6026118397712708
"(568, 3068, 2358)",0.6026115417480469
"(1960, 1545, 1490, 3017)",0.602611243724823
"(4768, 1939, 2068)",0.6026111841201782
"(385, 2506, 4526, 567)",0.6026108860969543
"(1617, 2297, 4103)",0.6026108264923096
"(1600, 3076, 1837)",0.60261070728302
"(1481, 1454, 5071)",0.6026105284690857
"(3408, 1732, 1414, 2703)",0.6026102900505066
"(2473, 2958, 2718)",0.6026102304458618
"(4355, 1933, 1446)",0.6026098132133484
"(1800, 1836, 1837, 25, 4638)",0.6026095151901245
"(128, 1953, 4417, 2487, 2718)",0.6026087403297424
"(2668, 4410, 2140)",0.6026085019111633
"(1386, 1837, 1382, 4503)",0.6026082634925842
"(1386, 1382, 574, 4454)",0.6026079058647156
"(360, 361, 3019)",0.6026074886322021
"(128, 4441, 660)",0.6026071310043335
"(309, 1606, 3815)",0.602607011795044
"(128, 1446, 1801, 2738, 4347)",0.602607011795044
"(3471, 2475, 2455)",0.6026067733764648
"(1512, 2057, 2275, 3212)",0.6026065349578857
"(1781, 4362, 493)",0.6026063561439514
"(568, 1800, 3211, 1836)",0.6026061773300171
"(4680, 2475, 2140)",0.6026061773300171
"(3075, 1382, 1837, 1844, 2071, 2297)",0.6026059985160828
"(612, 1318, 3639)",0.6026058793067932
"(3200, 1577, 1836)",0.6026052236557007
"(1146, 3019, 2374)",0.6026049852371216
"(128, 1963, 1933, 4150)",0.602604866027832
"(2026, 4420, 645)",0.6026042699813843
"(2057, 1446, 1390, 4415)",0.6026039719581604
"(4670, 2297, 1382, 1383)",0.6026038527488708
"(128, 1953, 2473, 3519)",0.6026036739349365
"(4410, 1836, 1247)",0.602603554725647
"(1704, 3054, 1470, 1943)",0.6026031374931335
"(128, 1953, 1963, 4845, 1933)",0.6026029586791992
"(1809, 1386, 1382, 3202)",0.6026025414466858
"(1880, 1298, 2911)",0.6026024222373962
"(4169, 1650, 933, 414)",0.6026023626327515
"(5025, 2610, 1901)",0.6026022434234619
"(1089, 4332, 1382)",0.6026020050048828
"(1512, 523, 3271)",0.602601945400238
"(1974, 4558, 1446)",0.6026018261909485
"(89, 4381, 575)",0.6026018261909485
"(739, 4244, 2183)",0.6026018261909485
"(2042, 3076, 2290)",0.6026015877723694
"(3902, 2475, 2446)",0.6026012897491455
"(1539, 1315, 3200)",0.6026012897491455
"(1995, 2597, 4973)",0.6026011109352112
"(513, 3265, 1366)",0.6026011109352112
"(1953, 1786, 1836, 4029)",0.6026010513305664
"(2482, 1294, 5023)",0.602600634098053
"(1953, 1786, 4332)",0.6026003360748291
"(2298, 493, 294, 3174)",0.6026003360748291
"(1412, 1365, 2775)",0.6026000380516052
"(1276, 2253, 3335)",0.6025992035865784
"(1491, 2582, 3263)",0.6025989651679993
"(1800, 4998, 1382, 1703)",0.6025984287261963
"(4875, 2422, 2015)",0.602598249912262
"(2721, 2859, 2718)",0.6025973558425903
"(1288, 1552, 3043)",0.6025972962379456
"(4404, 1606, 2351)",0.6025972366333008
"(3177, 2298, 1974)",0.6025972366333008
"(1841, 747, 3796)",0.602597177028656
"(25, 2297, 1837, 4303)",0.602597177028656
"(3200, 1377, 662)",0.6025970578193665
"(568, 3211, 2446, 2447)",0.6025969386100769
"(1288, 89, 3222)",0.6025968194007874
"(1067, 2956, 1781)",0.6025967001914978
"(4353, 1611, 2351)",0.6025965213775635
"(568, 3526, 2015)",0.6025962829589844
"(1480, 4443, 1919, 791)",0.6025959253311157
"(2193, 3219, 2198)",0.6025957465171814
"(3019, 892, 1788)",0.6025955080986023
"(128, 1707, 3519)",0.6025953888893127
"(2057, 493, 4494)",0.6025951504707336
"(2529, 2451, 4740)",0.6025951504707336
"(2266, 4103, 2351)",0.6025949716567993
"(1801, 3271, 1953, 1703)",0.602594792842865
"(25, 3204, 574)",0.6025946736335754
"(4544, 121, 1034)",0.6025941371917725
"(1641, 1333, 2775)",0.602593719959259
"(2297, 2475, 4244)",0.6025936603546143
"(1170, 196, 5482)",0.6025933623313904
"(1426, 3076, 1837)",0.6025930047035217
"(1577, 3190, 567)",0.6025928258895874
"(2290, 1619, 3772)",0.6025925278663635
"(385, 4863, 567)",0.6025920510292053
"(568, 2297, 3068)",0.6025920510292053
"(1944, 4454, 1837, 1382)",0.6025915145874023
"(1744, 3525, 1071)",0.6025915145874023
"(1809, 1386, 5231, 2202)",0.6025915145874023
"(1836, 1837, 4332, 1809, 309)",0.602591335773468
"(2705, 1740, 2790)",0.602591335773468
"(1809, 2202, 1836, 4983)",0.6025912761688232
"(1512, 1954, 3212, 1469)",0.6025910973548889
"(4432, 861, 1413)",0.6025909185409546
"(5403, 1685, 1662)",0.6025907397270203
"(1512, 523, 4573)",0.6025905609130859
"(568, 2298, 4418)",0.6025905609130859
"(1901, 3262, 1351)",0.6025905609130859
"(1960, 1641, 2354, 3055)",0.6025905609130859
"(2440, 251, 4103)",0.6025905013084412
"(3904, 1390, 2718, 1198)",0.6025905013084412
"(4975, 657, 687)",0.6025905013084412
"(3318, 2302, 1807)",0.6025905013084412
"(739, 1549, 4245)",0.6025903224945068
"(1962, 2090, 4687)",0.6025902032852173
"(1801, 660, 3471)",0.6025901436805725
"(4586, 1837, 1382)",0.6025894284248352
"(25, 2001, 3525)",0.6025894284248352
"(4384, 1825, 1703, 2122, 1835)",0.6025886535644531
"(3815, 309, 1095)",0.6025884747505188
"(2817, 426, 1372)",0.6025882959365845
"(2890, 2395, 182)",0.6025882959365845
"(1809, 739, 4951)",0.6025880575180054
"(1329, 2546, 3415)",0.6025876998901367
"(386, 3050, 575)",0.6025875210762024
"(3200, 251, 253)",0.6025874018669128
"(322, 1469, 4197)",0.6025872826576233
"(1448, 3682, 1380, 1518)",0.602587103843689
"(4337, 2324, 1701)",0.602587103843689
"(4545, 2243, 1422)",0.6025870442390442
"(1288, 2185, 660, 3212)",0.6025868654251099
"(2008, 140, 3021)",0.6025867462158203
"(1953, 4524, 519)",0.6025866866111755
"(4638, 2297, 1382, 1615)",0.602586567401886
"(1426, 3426, 2486)",0.6025860905647278
"(2298, 4178, 567)",0.6025860905647278
"(3265, 251, 253)",0.6025853753089905
"(3045, 1430, 1759)",0.6025853157043457
"(128, 1953, 1890, 4330)",0.6025853157043457
"(568, 577, 2962)",0.6025851964950562
"(4243, 739, 2028)",0.6025848388671875
"(128, 1963, 1933, 4383)",0.6025848388671875
"(1513, 2777, 117)",0.6025845408439636
"(2425, 3922, 539)",0.6025843620300293
"(1953, 1446, 4329, 1390, 1974)",0.6025841236114502
"(128, 1801, 1953, 4752)",0.602583646774292
"(1456, 2938, 1286)",0.6025832295417786
"(385, 4267, 567)",0.6025829911231995
"(3275, 267, 1990)",0.6025828123092651
"(1968, 1555, 3276, 189)",0.6025825142860413
"(2473, 3201, 574)",0.6025821566581726
"(1933, 2718, 4743)",0.6025816202163696
"(3085, 1509, 54)",0.6025815010070801
"(4545, 2234, 182, 1711)",0.6025813817977905
"(3200, 1315, 1071)",0.6025811433792114
"(3682, 1413, 2590)",0.6025809049606323
"(2217, 132, 3310)",0.6025806069374084
"(128, 1446, 3271, 1963, 1390, 660)",0.6025805473327637
"(2160, 4245, 2358)",0.6025801301002502
"(2298, 4958, 567)",0.6025797128677368
"(697, 1829, 3425)",0.602579653263092
"(1386, 5197, 1799)",0.602579653263092
"(2051, 1380, 2951)",0.6025794744491577
"(2473, 4818, 1781)",0.6025792956352234
"(1561, 3019, 54)",0.6025790572166443
"(4169, 1809, 575)",0.6025787591934204
"(1800, 1250, 3200)",0.6025786399841309
"(1144, 2817, 1372)",0.6025786399841309
"(1440, 2790, 1992)",0.6025785803794861
"(1944, 3203, 1469)",0.6025781631469727
"(793, 2979, 1510)",0.6025779843330383
"(1809, 739, 4633)",0.6025779843330383
"(1809, 4651, 1799)",0.6025779247283936
"(25, 2028, 3068, 575)",0.6025776863098145
"(2057, 4370, 493)",0.6025771498680115
"(1777, 4708, 1039)",0.6025769710540771
"(1288, 89, 1953, 3212)",0.6025769710540771
"(1800, 2481, 4424, 1836)",0.6025767922401428
"(3200, 2603, 1836)",0.602576494216919
"(3276, 2541, 38)",0.6025763154029846
"(2441, 3834, 251)",0.6025760769844055
"(3200, 1836, 1390)",0.6025760173797607
"(3200, 2298, 1703)",0.6025760173797607
"(1825, 2473, 3519, 1833)",0.6025756597518921
"(1800, 1837, 4407)",0.6025751829147339
"(4544, 2267, 54)",0.6025750637054443
"(1382, 1800, 1386, 4332, 568)",0.60257488489151
"(1641, 2546, 3017)",0.6025745868682861
"(2568, 3408, 2541)",0.6025745272636414
"(4545, 1506, 2598, 1351)",0.6025744676589966
"(1600, 2968, 1837)",0.602574348449707
"(1555, 2541, 1566, 3063)",0.6025741100311279
"(25, 1426, 3204, 1799)",0.6025738716125488
"(1225, 2298, 3519)",0.6025738716125488
"(1577, 4332, 309)",0.6025735139846802
"(3900, 2446, 2447)",0.6025733947753906
"(2185, 4197, 2486)",0.6025732159614563
"(2208, 1743, 2972, 1551)",0.6025729179382324
"(2777, 1866, 1846)",0.6025728583335876
"(128, 1953, 4417, 2275, 2718)",0.6025728583335876
"(296, 1385, 4708)",0.6025726199150085
"(2529, 1788, 2582, 2775)",0.602572500705719
"(1480, 1461, 791, 4443, 1919)",0.6025723814964294
"(2440, 1844, 4614)",0.6025723218917847
"(1786, 3203, 1382)",0.6025722622871399
"(128, 1953, 1446, 1801, 1963, 2808)",0.6025717258453369
"(2298, 4652, 567)",0.6025716662406921
"(25, 4349, 574)",0.602571427822113
"(544, 3746, 1382)",0.6025709509849548
"(3050, 1836, 2071)",0.602570652961731
"(4515, 1836, 309)",0.6025704741477966
"(128, 1446, 1963, 4813, 1390, 660)",0.6025698781013489
"(3200, 1549, 1382)",0.6025696396827698
"(1744, 2968, 1944)",0.6025694608688354
"(4123, 2524, 1477)",0.6025694012641907
"(1600, 2298, 3222)",0.6025691032409668
"(2808, 1963, 1933, 519)",0.6025682091712952
"(233, 1339, 3019)",0.6025682091712952
"(1481, 1317, 4886)",0.6025678515434265
"(1282, 1894, 2796, 1298, 2133)",0.602567732334137
"(1801, 1890, 660, 3198)",0.6025676131248474
"(1968, 3085, 1566)",0.6025676131248474
"(4329, 1963, 1933, 2417, 159)",0.6025674343109131
"(4455, 1426, 2599)",0.6025671362876892
"(1201, 2953, 1329)",0.6025670170783997
"(1641, 1315, 3017)",0.6025665402412415
"(1953, 1954, 1288, 2718, 3903)",0.6025661826133728
"(3265, 1426, 1836)",0.6025660634040833
"(568, 2668, 3198)",0.6025660037994385
"(309, 4190, 567)",0.602565586566925
"(128, 1953, 4419, 1446, 1801, 1390)",0.6025647521018982
"(2298, 2956, 2487)",0.6025646328926086
"(3642, 2307, 87)",0.6025646328926086
"(25, 1242, 3900)",0.6025639772415161
"(1968, 3085, 2541)",0.6025639772415161
"(1426, 4541, 567)",0.6025639176368713
"(1968, 3656, 1476)",0.6025637984275818
"(1512, 2473, 523, 3212)",0.6025636196136475
"(5073, 1386, 1837, 1382)",0.6025635004043579
"(1697, 1740, 4101)",0.6025633811950684
"(1801, 1825, 3519, 1703)",0.6025631427764893
"(5175, 2302, 791)",0.6025630235671997
"(1288, 2019, 4407)",0.6025630235671997
"(3200, 1386, 1836, 1837, 1469)",0.6025623679161072
"(4545, 2234, 2327)",0.6025621891021729
"(1800, 1953, 1890, 4359)",0.602561891078949
"(2994, 2405, 1919)",0.6025615930557251
"(568, 3076, 574, 567)",0.6025615930557251
"(568, 2297, 1837, 4103)",0.6025612354278564
"(1800, 4401, 1954)",0.6025611162185669
"(2234, 1414, 182, 4886)",0.6025606989860535
"(1489, 3682, 407)",0.6025606989860535
"(4673, 2297, 1382, 1383)",0.6025604605674744
"(1520, 3085, 2591)",0.60256028175354
"(1578, 5378, 1471)",0.6025598645210266
"(698, 678, 4975)",0.6025595664978027
"(563, 3204, 1799)",0.602559506893158
"(1600, 4524, 254)",0.6025594472885132
"(2718, 5283, 1390, 2519)",0.6025591492652893
"(3076, 2446, 1383)",0.6025590896606445
"(128, 1446, 4361, 1963, 1390, 660)",0.6025590896606445
"(2160, 1836, 4663)",0.6025587916374207
"(1960, 3017, 2603)",0.6025587916374207
"(2298, 398, 3519)",0.6025585532188416
"(3552, 1461, 791)",0.602558434009552
"(1600, 4103, 2351)",0.6025577783584595
"(793, 1364, 5388)",0.6025575995445251
"(3019, 540, 2374)",0.6025575995445251
"(73, 3654, 1943)",0.6025567054748535
"(1809, 5316, 1837, 1382)",0.6025564074516296
"(4417, 1403, 2446)",0.6025564074516296
"(2161, 1825, 4420, 1833)",0.6025562286376953
"(4353, 309, 575)",0.602556049823761
"(4338, 2446, 1383)",0.602556049823761
"(2297, 1800, 25, 4410, 574)",0.6025559306144714
"(25, 2140, 3156)",0.6025556921958923
"(1489, 3683, 2601)",0.6025556921958923
"(1743, 3682, 1551)",0.6025556325912476
"(2161, 1825, 4384)",0.6025556325912476
"(2202, 1382, 3815)",0.6025553345680237
"(3144, 1315, 2541)",0.602554976940155
"(386, 1382, 575, 2297, 4511)",0.6025549173355103
"(1520, 3019, 54)",0.6025543808937073
"(1800, 2297, 4177, 493)",0.6025543212890625
"(1288, 2890, 1535)",0.6025539636611938
"(25, 3746, 1844)",0.6025537252426147
"(5260, 2605, 574)",0.6025537252426147
"(2609, 4602, 911)",0.60255366563797
"(1481, 2890, 1351)",0.6025534272193909
"(2529, 1986, 3017)",0.6025534272193909
"(1457, 1284, 2686, 2911)",0.6025530695915222
"(4123, 2524, 2263)",0.6025527119636536
"(568, 857, 3203)",0.602552592754364
"(4417, 89, 2722, 2519)",0.6025519371032715
"(2828, 2269, 1446)",0.6025518774986267
"(1241, 1836, 4404)",0.6025508046150208
"(2568, 4545, 1827)",0.6025503873825073
"(1512, 1953, 523, 3212)",0.6025499701499939
"(3344, 1529, 2375)",0.6025499701499939
"(2331, 2572, 2775)",0.6025496125221252
"(1977, 2074, 3086, 2593)",0.6025493144989014
"(2775, 2331, 1879)",0.6025490164756775
"(1577, 2722, 4938)",0.6025484204292297
"(3200, 1836, 1574)",0.602548360824585
"(2267, 54, 5079)",0.6025470495223999
"(385, 1953, 4407, 567)",0.6025465726852417
"(2568, 2066, 3262)",0.6025465130805969
"(2808, 1953, 258)",0.6025464534759521
"(2274, 4354, 2063)",0.6025463342666626
"(3200, 2140, 2446)",0.602546215057373
"(128, 2057, 2185, 3212, 660)",0.602545976638794
"(1089, 3075, 1383)",0.6025457978248596
"(2417, 5030, 2199)",0.6025456786155701
"(281, 4329, 519)",0.6025456190109253
"(3593, 1764, 2431)",0.6025454998016357
"(739, 4701, 493)",0.6025454998016357
"(25, 4573, 574, 1071)",0.6025453209877014
"(1809, 1799, 4454, 1247)",0.6025451421737671
"(128, 1953, 3265, 1744)",0.6025450229644775
"(1800, 1382, 3200, 1062)",0.6025449633598328
"(568, 4614, 1247)",0.6025446653366089
"(4103, 1776, 2004, 251, 253)",0.6025446653366089
"(1394, 4708, 2598)",0.602544367313385
"(1808, 2616, 3214)",0.602544367313385
"(2440, 5124, 309)",0.6025442481040955
"(2570, 3415, 2023)",0.6025442481040955
"(4454, 1799, 1386, 1809, 1786)",0.6025441884994507
"(1844, 4486, 1799)",0.6025439500808716
"(1953, 4103, 1836, 1837, 1786)",0.6025437116622925
"(2090, 2534, 5258)",0.6025436520576477
"(2211, 2212, 3085, 2374)",0.6025435924530029
"(4329, 1220, 1781)",0.6025430560112
"(128, 1953, 1890, 1446, 1801, 1390, 3219)",0.6025428175926208
"(1924, 516, 3414)",0.6025426983833313
"(128, 1801, 1953, 4415)",0.6025426387786865
"(3075, 1382, 1800, 1844, 574)",0.6025426387786865
"(4480, 498, 739)",0.6025425791740417
"(1529, 1566, 3054)",0.602542519569397
"(1408, 1544, 2981)",0.6025420427322388
"(523, 1446, 4415)",0.602541983127594
"(2456, 1300, 2911)",0.602541983127594
"(1418, 1358, 2822)",0.602541983127594
"(2057, 3210, 1837)",0.6025419235229492
"(1953, 1386, 1390, 4103)",0.6025417447090149
"(1833, 4347, 1638)",0.6025416851043701
"(1704, 3257, 1491)",0.6025416851043701
"(2001, 3426, 1836)",0.6025415062904358
"(1703, 1800, 1707, 1836, 3021)",0.6025413274765015
"(1611, 4407, 1855)",0.6025413274765015
"(1561, 1788, 5079)",0.6025407314300537
"(128, 1953, 5203, 567)",0.6025406718254089
"(1560, 1829, 3231)",0.6025405526161194
"(25, 1809, 3815)",0.6025404930114746
"(568, 5251, 1382)",0.6025403738021851
"(1426, 739, 4822)",0.6025400757789612
"(2529, 3085, 2159)",0.6025396585464478
"(3408, 1939, 1310)",0.6025390625
"(568, 2290, 3211, 2188)",0.6025388836860657
"(568, 2178, 4424)",0.6025384068489075
"(1979, 1948, 2998)",0.6025382876396179
"(386, 3203, 575)",0.6025382280349731
"(4732, 1380, 1534)",0.6025380492210388
"(4551, 2443, 127)",0.6025380492210388
"(1578, 3076, 2290)",0.6025378704071045
"(1288, 3042, 2019)",0.6025375723838806
"(1469, 1710, 4303)",0.6025375723838806
"(128, 4426, 2275)",0.6025375127792358
"(2080, 4545, 1351)",0.6025373339653015
"(4545, 1347, 2598)",0.6025372743606567
"(3017, 1490, 2267, 1478)",0.6025371551513672
"(1382, 1800, 1386, 4748, 1809, 2297)",0.6025369763374329
"(2297, 3075, 1382, 2015)",0.6025369167327881
"(1800, 25, 1836, 2968)",0.6025364995002747
"(3265, 1469, 1382)",0.6025363802909851
"(1456, 4886, 2248)",0.6025357842445374
"(3983, 1422, 2239)",0.6025357246398926
"(3075, 242, 1195)",0.6025351881980896
"(1352, 3200, 1933)",0.6025351881980896
"(1409, 1578, 4447)",0.6025350689888
"(2672, 2356, 2796)",0.6025348901748657
"(128, 1953, 1446, 1801, 1963, 1933, 1390, 3519)",0.6025344729423523
"(568, 1611, 4103)",0.6025344133377075
"(2302, 4602, 2230)",0.6025339365005493
"(3425, 1829, 1871)",0.6025339365005493
"(2298, 19, 3663)",0.6025338768959045
"(3075, 1612, 1383)",0.6025336384773254
"(1512, 1953, 2946)",0.6025335192680359
"(1800, 4779, 1836, 1844)",0.6025335192680359
"(568, 1800, 2028, 5124)",0.6025332808494568
"(128, 1953, 1890, 1446, 1801, 4652, 1390)",0.6025327444076538
"(2953, 2530, 1499)",0.6025323867797852
"(128, 1953, 1890, 1446, 1801, 1390, 4347)",0.6025322675704956
"(1953, 1963, 3433)",0.602532148361206
"(1963, 2718, 4799)",0.6025320291519165
"(4545, 1706, 1351)",0.6025317907333374
"(1744, 4417, 2738)",0.6025316715240479
"(1833, 19, 4329)",0.6025316119194031
"(1825, 1222, 3169)",0.602531373500824
"(2808, 1974, 1446)",0.6025307178497314
"(2441, 2109, 3222)",0.6025305986404419
"(2331, 1491, 2775)",0.6025301814079285
"(1799, 4373, 1703)",0.6025300621986389
"(1577, 3903, 575)",0.6025297045707703
"(482, 2586, 3042)",0.6025297045707703
"(2199, 2951, 1535)",0.6025294661521912
"(1953, 1811, 1469, 4103)",0.6025294661521912
"(128, 4420, 2718)",0.6025294661521912
"(1611, 251, 3834)",0.6025292873382568
"(2440, 4410, 574)",0.6025292873382568
"(1704, 3017, 2706)",0.6025292277336121
"(128, 1953, 4343, 1744)",0.6025289297103882
"(89, 660, 1801, 3212)",0.6025279760360718
"(128, 2859, 587)",0.6025277972221375
"(2953, 2212, 54)",0.6025277376174927
"(4294, 2718, 2487)",0.6025275588035583
"(1283, 132, 3095)",0.6025274991989136
"(5056, 1800, 1837, 1844, 2071, 2297)",0.6025266647338867
"(2297, 4418, 2036)",0.6025260090827942
"(481, 1294, 3615)",0.6025257706642151
"(1809, 4586, 1799)",0.6025252342224121
"(3922, 2213, 1463)",0.6025250554084778
"(3200, 2475, 2447)",0.6025249361991882
"(25, 2045, 574, 4647)",0.6025248169898987
"(1382, 1800, 1836, 4339, 2071)",0.6025246977806091
"(128, 1963, 1933, 4247)",0.6025242805480957
"(552, 4977, 1852)",0.6025242805480957
"(3075, 1838, 1383)",0.6025238633155823
"(568, 3192, 1071)",0.6025235652923584
"(4354, 1798, 2023)",0.6025235652923584
"(1512, 1294, 5127)",0.6025224924087524
"(128, 4489, 1963, 1933)",0.6025222539901733
"(3200, 1382, 423)",0.6025221943855286
"(2008, 25, 4353)",0.6025221347808838
"(3161, 1402, 2162)",0.6025218963623047
"(2475, 2140, 4717)",0.6025217771530151
"(4768, 1378, 2598)",0.6025217771530151
"(1800, 1836, 3021, 2414)",0.6025215983390808
"(1585, 3276, 2529, 1943)",0.6025215983390808
"(2057, 1963, 3433)",0.6025214791297913
"(1844, 4407, 1799)",0.6025213003158569
"(3682, 1380, 1413, 1518, 1628)",0.6025211811065674
"(1952, 1410, 1870, 1943, 2775)",0.6025210022926331
"(1466, 5099, 2686)",0.6025204658508301
"(568, 3076, 575)",0.6025202870368958
"(2546, 612, 5462)",0.6025199890136719
"(1552, 3068, 1574)",0.6025197505950928
"(128, 1446, 4362, 1963, 1390, 660)",0.6025195717811584
"(1800, 3068, 1382, 1703)",0.6025192141532898
"(4792, 89, 2506)",0.6025189757347107
"(3200, 2014, 2006)",0.6025187969207764
"(4914, 2069, 1351)",0.6025187373161316
"(2178, 2668, 3199)",0.6025187373161316
"(2010, 1970, 2775)",0.6025187373161316
"(3021, 25, 2297, 1799)",0.6025185585021973
"(1446, 3271, 1933, 493, 1390)",0.6025185585021973
"(25, 3524, 2140)",0.6025181412696838
"(3192, 2297, 1837)",0.6025180220603943
"(89, 4370, 493)",0.6025173664093018
"(1600, 3079, 575)",0.6025168895721436
"(2297, 4483, 141)",0.6025164127349854
"(128, 1963, 1933, 3183)",0.6025161147117615
"(3203, 1615, 567)",0.6025159358978271
"(1376, 5508, 2589)",0.6025159358978271
"(1305, 5513, 1326)",0.602515697479248
"(1956, 1740, 2790)",0.6025152802467346
"(4169, 2290, 2188)",0.6025151610374451
"(128, 1953, 3022)",0.6025146245956421
"(1571, 4415, 1815)",0.6025142073631287
"(2769, 2346, 2938)",0.6025142073631287
"(4433, 2297, 2475)",0.6025141477584839
"(4417, 2722, 1803)",0.6025140881538391
"(1825, 2122, 533, 4357)",0.6025140285491943
"(4511, 1809, 386, 575)",0.6025139689445496
"(3144, 1641, 2546)",0.6025135517120361
"(3019, 54, 2591)",0.6025134325027466
"(1382, 1800, 3560, 1707, 1836)",0.6025132536888123
"(2953, 594, 54)",0.6025131344795227
"(1856, 2350, 3679)",0.6025131344795227
"(25, 4140, 1809, 1799)",0.6025123000144958
"(1960, 3085, 1478)",0.6025120615959167
"(2586, 1669, 3085)",0.602512001991272
"(1283, 132, 3813)",0.6025118231773376
"(1512, 5245, 2263)",0.6025115251541138
"(1529, 2123, 2941)",0.602511465549469
"(4584, 793, 1510)",0.6025112867355347
"(1099, 2028, 4404)",0.6025112271308899
"(1512, 89, 4399)",0.6025111079216003
"(2161, 2441, 4413)",0.6025110483169556
"(1776, 4169, 251)",0.602510392665863
"(2552, 1283, 4886)",0.6025101542472839
"(128, 5163, 2275)",0.6025100946426392
"(3192, 1650, 933, 414)",0.6025094985961914
"(3642, 2643, 87)",0.6025093197822571
"(128, 1953, 4638, 567)",0.6025091409683228
"(128, 1953, 1446, 1963, 4381)",0.6025091409683228
"(2480, 3682, 1413, 1590)",0.6025090217590332
"(128, 1801, 1963, 1933, 660, 3519)",0.6025089621543884
"(89, 2140, 4359)",0.6025088429450989
"(1953, 4326, 1382, 1800, 1703)",0.6025087833404541
"(2208, 2972, 2029, 1782)",0.6025087833404541
"(4545, 2341, 1310)",0.6025087833404541
"(128, 1446, 1801, 4330, 1963, 1390)",0.6025086045265198
"(1600, 4554, 1837)",0.6025083661079407
"(128, 1953, 1890, 4417, 1963, 1933)",0.6025083661079407
"(1944, 2178, 3843)",0.6025081872940063
"(251, 1836, 4454)",0.602508008480072
"(857, 4410, 574)",0.602508008480072
"(1490, 4508, 1943)",0.6025079488754272
"(1811, 739, 4243)",0.6025078892707825
"(1616, 385, 3068, 567)",0.6025077104568481
"(3200, 1837, 254)",0.6025075912475586
"(1968, 3257, 2452)",0.602507472038269
"(3435, 2057, 1963)",0.6025074124336243
"(1480, 2643, 5510)",0.6025070548057556
"(2080, 4169, 1067)",0.6025068163871765
"(1800, 3050, 1837)",0.6025067567825317
"(1800, 3021, 1781)",0.6025065779685974
"(128, 1953, 1446, 1801, 1963, 4626)",0.6025064587593079
"(1328, 1734, 4544)",0.6025063395500183
"(2968, 1579, 1836)",0.602506160736084
"(1825, 4420, 2013)",0.6025058627128601
"(3200, 1402, 1535)",0.6025058627128601
"(1386, 3156, 1837, 1382)",0.6025050282478333
"(1953, 4103, 1836, 25, 1469)",0.6025048494338989
"(1386, 4603, 1837, 1382)",0.6025043725967407
"(3257, 2354, 1318)",0.6025043725967407
"(2425, 2938, 539)",0.6025040745735168
"(1825, 1953, 2958)",0.602503776550293
"(1352, 4447, 2351)",0.6025036573410034
"(1978, 2300, 1341, 3014)",0.6025033593177795
"(1809, 2178, 4543)",0.60250324010849
"(1382, 1800, 309, 3190, 2140)",0.6025031805038452
"(1305, 1326, 4870)",0.6025031805038452
"(1800, 4426, 1836, 2160)",0.6025031805038452
"(2441, 4486, 1574)",0.6025028228759766
"(1777, 4545, 2534)",0.6025026440620422
"(128, 1953, 1446, 1963, 4380)",0.6025024652481079
"(554, 4420, 2262)",0.6025022864341736
"(3265, 1836, 1805)",0.6025022268295288
"(128, 1446, 1963, 1390, 4370, 660)",0.6025021076202393
"(2440, 3525, 454)",0.6025020480155945
"(3050, 2028, 1382)",0.6025020480155945
"(3890, 739, 398)",0.6025015711784363
"(2552, 4886, 1351)",0.6025015115737915
"(1953, 1890, 1446, 1390, 2808)",0.602501392364502
"(3200, 1578, 1996)",0.602501392364502
"(89, 2298, 4572)",0.6025011539459229
"(2057, 387, 3212)",0.6025011539459229
"(2441, 1574, 4407)",0.6025010943412781
"(251, 253, 3999)",0.6025009751319885
"(2290, 3076, 1383)",0.6025009155273438
"(568, 2441, 3200)",0.6025009155273438
"(2768, 3017, 1333)",0.602500319480896
"(1616, 1426, 3900)",0.6025000214576721
"(2297, 2475, 4604)",0.6024999618530273
"(665, 686, 3334)",0.6024993658065796
"(547, 1892, 3750)",0.6024993062019348
"(3426, 1383, 1800, 1386, 1836, 25)",0.60249924659729
"(568, 2178, 4407)",0.6024988889694214
"(4193, 1955, 1388)",0.6024988293647766
"(2201, 1802, 5095)",0.6024987101554871
"(976, 793, 4910)",0.602498471736908
"(1800, 3036, 1836, 2008)",0.6024982929229736
"(1352, 4554, 1386)",0.6024976968765259
"(2290, 2475, 4103)",0.6024976968765259
"(568, 2297, 1837, 4353)",0.6024974584579468
"(1953, 1446, 1703, 1963, 1933, 1390, 3519)",0.6024973392486572
"(3682, 1782, 1743)",0.6024972200393677
"(568, 2178, 4751)",0.6024965047836304
"(2008, 4410, 1382, 1383)",0.602496325969696
"(128, 1953, 4305, 1744)",0.6024960279464722
"(568, 25, 1953, 3021)",0.6024960279464722
"(4169, 1577, 309)",0.6024959087371826
"(3072, 739, 526)",0.6024957895278931
"(1953, 1954, 1469, 4426)",0.6024956107139587
"(3200, 1781, 1469)",0.602495551109314
"(2417, 2482, 5030)",0.6024952530860901
"(2298, 4370, 493)",0.6024949550628662
"(1825, 1610, 4420)",0.6024948358535767
"(3075, 1382, 1800, 1836, 1837, 1844, 2071, 2297)",0.602493941783905
"(4169, 1386, 1426, 1171, 309)",0.6024938225746155
"(2057, 2275, 2958)",0.6024937033653259
"(1382, 1800, 4332, 1844, 575)",0.6024937033653259
"(3224, 2539, 431)",0.6024933457374573
"(3983, 837, 1535)",0.60249263048172
"(1809, 1799, 4353, 1639)",0.6024925708770752
"(2057, 493, 4711)",0.6024924516677856
"(1329, 3276, 1641)",0.6024921536445618
"(296, 1777, 4545)",0.602492094039917
"(2057, 3075, 1837)",0.6024917960166931
"(1600, 4751, 2008)",0.6024917364120483
"(1953, 1954, 1288, 1469, 3903)",0.6024917364120483
"(568, 3200, 1836, 1837)",0.6024917364120483
"(4545, 2271, 1351)",0.6024914383888245
"(4032, 1572, 1662)",0.6024911403656006
"(2008, 3525, 567)",0.6024911403656006
"(386, 3202, 575)",0.602491021156311
"(1953, 1446, 1963, 1933, 1390, 3219, 1974)",0.6024908423423767
"(2560, 3169, 1835)",0.6024907231330872
"(2008, 3190, 309, 1382)",0.6024906635284424
"(793, 3125, 685)",0.602490246295929
"(155, 13, 4462)",0.6024901866912842
"(25, 1426, 4353)",0.6024900674819946
"(2279, 3212, 575)",0.6024898886680603
"(2297, 2956, 2718)",0.602489709854126
"(2541, 38, 3535)",0.6024894714355469
"(1809, 3426, 1799, 567)",0.6024887561798096
"(1499, 884, 3085)",0.6024886965751648
"(1480, 4844, 1381)",0.6024885773658752
"(128, 258, 660, 3519)",0.6024885177612305
"(2298, 4350, 493, 294)",0.6024884581565857
"(1288, 1953, 1954, 2969)",0.6024884581565857
"(2473, 4871, 607)",0.6024883985519409
"(1232, 2297, 3200, 1382)",0.6024882793426514
"(2953, 1410, 2374)",0.6024882793426514
"(184, 3054, 1870)",0.6024882793426514
"(1953, 498, 4782)",0.6024879813194275
"(2473, 3663, 607)",0.6024878621101379
"(128, 1953, 3519, 159)",0.6024873852729797
"(1968, 2541, 3238)",0.6024873852729797
"(2889, 1977, 2593)",0.6024871468544006
"(2628, 2261, 4487)",0.6024869084358215
"(2769, 2346, 4988)",0.602486789226532
"(2057, 4324, 2297, 1382)",0.6024864315986633
"(89, 2122, 4420, 1825)",0.6024863719940186
"(1809, 251, 253, 4103)",0.6024863719940186
"(2382, 3238, 1990)",0.6024860739707947
"(2369, 1461, 5182)",0.6024859547615051
"(2440, 385, 4647, 567)",0.6024855971336365
"(1426, 309, 4535)",0.6024855971336365
"(128, 1963, 1933, 660, 4351)",0.6024854779243469
"(4426, 1707, 1703)",0.6024852395057678
"(1284, 190, 2911)",0.6024852395057678
"(739, 493, 4494)",0.602485179901123
"(3262, 190, 1351)",0.6024848818778992
"(2481, 1996, 4103)",0.6024848818778992
"(4225, 522, 1967)",0.6024848222732544
"(1312, 2641, 4608)",0.6024848222732544
"(5408, 601, 602)",0.6024847030639648
"(3200, 385, 1577)",0.6024841666221619
"(498, 739, 4526)",0.6024840474128723
"(1490, 2709, 2775)",0.602483868598938
"(89, 3079, 575)",0.6024838089942932
"(2024, 1403, 4875)",0.6024837493896484
"(576, 1382, 1800, 5075, 2297)",0.6024830341339111
"(568, 1382, 4503)",0.602482795715332
"(360, 361, 2618, 3085)",0.6024826765060425
"(89, 3788, 2140)",0.6024824380874634
"(128, 1953, 3192)",0.6024824380874634
"(3290, 1299, 1427)",0.6024823784828186
"(1433, 2890, 2243)",0.602482259273529
"(2632, 3200, 1383)",0.602482259273529
"(128, 1953, 1835, 4417)",0.60248202085495
"(1800, 1953, 1890, 4360)",0.6024817824363708
"(1809, 2202, 1836, 4426)",0.6024813652038574
"(1512, 2486, 4351)",0.6024813652038574
"(1382, 575, 568, 2297, 4511)",0.6024810671806335
"(2896, 589, 646)",0.6024810075759888
"(4768, 1347, 2598)",0.6024806499481201
"(1394, 4933, 1709)",0.6024804711341858
"(1776, 251, 4543)",0.6024802327156067
"(1953, 1890, 3174, 1703, 1800, 660)",0.6024799942970276
"(1809, 1953, 4103, 2071)",0.6024799346923828
"(2946, 2275, 567)",0.602479875087738
"(1800, 4351, 1703)",0.6024797558784485
"(1578, 3190, 2351)",0.6024796366691589
"(3408, 1481, 2123)",0.6024796366691589
"(1394, 3980, 2598)",0.6024795770645142
"(4103, 1471, 1996, 2351, 1855)",0.6024792790412903
"(1481, 4545, 1777)",0.6024792790412903
"(2568, 201, 3293)",0.6024792194366455
"(4549, 2297, 1799, 1386, 25)",0.6024791598320007
"(568, 309, 3815)",0.6024788022041321
"(128, 1953, 4417, 1577, 2718)",0.6024785041809082
"(1944, 4169, 309)",0.6024783253669739
"(4712, 2057, 493)",0.6024774312973022
"(1800, 4404, 574)",0.6024773716926575
"(1809, 4454, 574, 1799)",0.6024773716926575
"(1800, 1549, 4245)",0.6024772524833679
"(1800, 3746, 309)",0.6024770140647888
"(1939, 2534, 4886)",0.6024767756462097
"(4622, 25, 1809, 575)",0.6024767160415649
"(3257, 2529, 1491, 1943)",0.6024764776229858
"(1800, 4178, 1781)",0.6024763584136963
"(2073, 1492, 3278)",0.6024762988090515
"(73, 2775, 1470, 1585)",0.6024761199951172
"(25, 3746, 2399)",0.6024757027626038
"(2681, 4627, 1887)",0.6024752259254456
"(2427, 2356, 2911)",0.6024751663208008
"(1800, 2298, 3075)",0.6024747490882874
"(1703, 3021, 1247)",0.6024746894836426
"(1448, 2626, 1405, 3682)",0.602474570274353
"(1968, 3257, 2541, 1566)",0.6024745106697083
"(2586, 3085, 2159)",0.6024743914604187
"(1555, 1501, 3055)",0.6024743914604187
"(1457, 2389, 2911)",0.6024743914604187
"(2028, 4029, 575)",0.6024743318557739
"(3200, 1835, 1469)",0.6024739742279053
"(3075, 1469, 2286)",0.6024737358093262
"(4549, 2297, 1781)",0.6024735569953918
"(385, 3900, 567)",0.6024722456932068
"(1512, 523, 3212, 2486)",0.6024720668792725
"(2440, 4145, 567)",0.6024714112281799
"(89, 1953, 660, 4351)",0.6024712324142456
"(1288, 4886, 1535)",0.602471113204956
"(1673, 1962, 4898)",0.6024710536003113
"(3298, 2475, 2446)",0.6024709343910217
"(128, 660, 4247)",0.6024709343910217
"(560, 1501, 3591)",0.6024706959724426
"(1800, 3891, 1549)",0.6024706363677979
"(568, 1426, 3068)",0.602470338344574
"(1936, 5246, 1970, 2326)",0.602470338344574
"(4648, 2374, 54)",0.6024702787399292
"(89, 2722, 2473, 2969)",0.6024699807167053
"(576, 2290, 4418)",0.6024699211120605
"(1641, 5357, 54)",0.6024695038795471
"(3599, 117, 1415)",0.6024695038795471
"(1953, 3834, 1836, 1469)",0.6024693846702576
"(1995, 1662, 2975)",0.6024692058563232
"(1953, 1446, 1963, 1933, 1390, 2958)",0.6024691462516785
"(3200, 25, 1837, 1469)",0.6024684309959412
"(4332, 309, 1390)",0.6024681925773621
"(4511, 1809, 1247)",0.6024677753448486
"(1457, 2796, 2389)",0.60246741771698
"(25, 4386, 1836, 1799)",0.6024670600891113
"(1944, 2297, 4418, 1383)",0.6024667024612427
"(1284, 3293, 190)",0.6024664044380188
"(296, 4545, 1378)",0.6024657487869263
"(3200, 1953, 1386, 1390)",0.6024655699729919
"(89, 4371, 2140)",0.6024655699729919
"(1512, 2057, 660, 3212)",0.6024653315544128
"(128, 1953, 3521, 1446, 1801, 1963)",0.6024652123451233
"(2266, 1996, 4103)",0.6024651527404785
"(3200, 1469, 2438)",0.602465033531189
"(2552, 3408, 2341)",0.6024647355079651
"(1953, 4103, 1836, 2297, 1469)",0.6024646162986755
"(4401, 739, 398)",0.6024646162986755
"(25, 4588, 1471)",0.6024641394615173
"(1352, 3042, 2140)",0.6024638414382935
"(4977, 1490, 1566)",0.6024636626243591
"(25, 1426, 3204, 309)",0.6024632453918457
"(2938, 1573, 2550)",0.6024630069732666
"(1953, 1890, 1703, 1800, 4328, 660)",0.6024625301361084
"(1352, 1382, 4527)",0.6024624705314636
"(4672, 1809, 1799)",0.6024624705314636
"(128, 1953, 4360, 1963, 1974)",0.6024624109268188
"(179, 1310, 3551)",0.6024619340896606
"(3169, 1781, 1222)",0.6024618744850159
"(1705, 1426, 4244)",0.6024614572525024
"(128, 1446, 1963, 1390, 660, 4375)",0.6024613380432129
"(498, 739, 4694)",0.6024611592292786
"(3075, 1800, 1836, 567, 25)",0.6024609804153442
"(3200, 1837, 29)",0.6024609804153442
"(1792, 3075, 1383)",0.6024607419967651
"(25, 2668, 4029)",0.602460503578186
"(1943, 3276, 1879)",0.6024603843688965
"(2161, 2441, 3221)",0.6024600267410278
"(1970, 1685, 2975)",0.6024594902992249
"(2560, 3212, 1890, 660)",0.6024594306945801
"(2958, 2275, 2718)",0.6024589538574219
"(1800, 3075, 1836, 575)",0.6024582386016846
"(2942, 1901, 1949)",0.602458119392395
"(2057, 4419, 2013)",0.6024580597877502
"(2050, 1300, 2796)",0.6024580001831055
"(2112, 1513, 2777)",0.6024580001831055
"(4311, 1996, 2351)",0.6024580001831055
"(568, 4931, 2440)",0.6024578809738159
"(1288, 1512, 4103)",0.6024574637413025
"(1499, 54, 2775)",0.6024572253227234
"(4329, 1781, 1838)",0.6024570465087891
"(2563, 3397, 2533)",0.6024564504623413
"(3053, 2102, 1159)",0.6024563312530518
"(4545, 1514, 1439)",0.602455735206604
"(4559, 2443, 1799)",0.6024555563926697
"(2136, 2568, 4886)",0.6024551391601562
"(1953, 4103, 1386, 1836, 1469)",0.6024548411369324
"(2473, 1612, 4420)",0.6024544835090637
"(2473, 2298, 1835, 4211)",0.6024543642997742
"(1953, 1836, 1469, 4404)",0.6024543642997742
"(1836, 1574, 4103)",0.6024541854858398
"(3519, 660, 567)",0.6024540662765503
"(3200, 1836, 1837, 2485)",0.602453887462616
"(1825, 2122, 4212, 1222)",0.6024537086486816
"(3200, 1601, 1390)",0.6024535894393921
"(739, 4245, 526)",0.6024534106254578
"(1800, 1954, 4517)",0.6024532914161682
"(698, 803, 3125)",0.6024528741836548
"(992, 3778, 1475)",0.6024527549743652
"(2916, 2213, 2278)",0.6024523377418518
"(128, 1953, 1446, 1963, 2958)",0.6024523377418518
"(3200, 1403, 140)",0.602451503276825
"(3265, 1836, 254)",0.6024513244628906
"(4545, 1506, 1980)",0.6024511456489563
"(1809, 4324, 309, 1799)",0.6024510264396667
"(1329, 2267, 5357)",0.6024507880210876
"(2057, 4713, 493)",0.6024500727653503
"(1825, 2122, 4211, 1222)",0.6024500727653503
"(1072, 2958, 2718)",0.6024500131607056
"(2625, 2884, 302, 303, 304)",0.6024499535560608
"(4263, 474, 1863)",0.6024497151374817
"(1800, 1953, 1890, 4350)",0.6024496555328369
"(568, 3426, 251)",0.6024496555328369
"(4356, 1446, 1933, 493, 1390)",0.6024494767189026
"(4638, 2297, 1382, 575)",0.6024492383003235
"(128, 1953, 2738, 4417)",0.6024490594863892
"(2140, 4447, 1471)",0.6024486422538757
"(2297, 3834, 251, 253)",0.6024484634399414
"(128, 1953, 4386)",0.6024484038352966
"(4467, 1836, 493)",0.6024482250213623
"(1512, 2057, 3212, 1615)",0.6024482250213623
"(1800, 25, 3076, 2297)",0.6024482250213623
"(3560, 1465, 1836)",0.6024476885795593
"(1837, 309, 4190)",0.6024476885795593
"(2279, 1512, 523, 3212, 631)",0.6024475693702698
"(2297, 251, 4103)",0.6024473905563354
"(3075, 1996, 2351)",0.6024473905563354
"(5539, 1502, 1807)",0.6024473905563354
"(2140, 3076, 1974)",0.6024473905563354
"(1953, 4103, 1386, 1786, 1469)",0.6024473309516907
"(1577, 4931, 1836)",0.6024470925331116
"(5127, 1526, 687)",0.6024470329284668
"(5416, 1283, 132)",0.602446973323822
"(1960, 1490, 730, 3017)",0.602446973323822
"(1963, 3221, 1974)",0.6024465560913086
"(2472, 1529, 2941)",0.6024463176727295
"(4768, 1939, 1709)",0.6024453639984131
"(4029, 1606, 2351)",0.6024452447891235
"(1800, 1837, 4486)",0.6024451851844788
"(3200, 140, 1549)",0.6024447083473206
"(128, 1953, 1963, 1933, 2958)",0.6024444699287415
"(1953, 3212, 1463)",0.6024439334869385
"(1800, 1578, 3815)",0.6024438738822937
"(4545, 1555, 2541)",0.6024436354637146
"(2297, 3076, 1799)",0.6024435758590698
"(1488, 2083, 3262, 1351)",0.6024431586265564
"(1800, 25, 3746, 1836)",0.6024428606033325
"(4468, 2475, 2140)",0.6024423241615295
"(128, 1953, 2738, 3519)",0.6024411916732788
"(1800, 385, 3075, 1836)",0.602440595626831
"(793, 1524, 4844)",0.6024402976036072
"(2389, 2133, 2911)",0.6024402976036072
"(1825, 4420, 1833, 1703)",0.6024402379989624
"(2433, 1170, 2891, 2346)",0.6024399995803833
"(1800, 1781, 3519)",0.602439820766449
"(568, 1800, 4386, 1836)",0.6024397015571594
"(1512, 3051, 1710)",0.6024395227432251
"(1489, 3682, 1380, 2105)",0.6024390459060669
"(3204, 1382, 1800, 1386, 1809, 2297)",0.6024388670921326
"(1600, 3816, 2008)",0.6024388670921326
"(1888, 2284, 2911)",0.6024385690689087
"(4840, 386, 575)",0.6024385094642639
"(1315, 1326, 4391)",0.6024384498596191
"(1512, 2946, 2279)",0.6024383902549744
"(552, 1852, 4886)",0.6024382710456848
"(1801, 3172, 1825, 1703)",0.6024382710456848
"(1410, 1412, 4516)",0.6024381518363953
"(696, 1502, 4975)",0.6024380922317505
"(128, 1801, 1890, 4420)",0.6024379730224609
"(568, 25, 3526)",0.6024379730224609
"(2160, 4332, 309)",0.6024374961853027
"(568, 1611, 4243)",0.6024374961853027
"(1800, 251, 1837, 4103)",0.6024373173713684
"(1409, 1578, 4103, 1471)",0.6024371385574341
"(2080, 4545, 2058)",0.6024368405342102
"(128, 1953, 3435)",0.6024367809295654
"(3883, 2446, 2447)",0.6024365425109863
"(128, 1801, 1963, 1933, 3663, 660)",0.6024360656738281
"(128, 3433, 1963, 1446)",0.6024357676506042
"(1703, 4332, 1382, 575)",0.6024356484413147
"(1801, 523, 660, 3212)",0.6024351716041565
"(2298, 4178, 2446)",0.6024351119995117
"(3408, 1756, 1437)",0.6024350523948669
"(4103, 1800, 1836, 2028, 568)",0.6024349927902222
"(2297, 1226, 2956, 1382)",0.6024346947669983
"(1953, 4103, 1800, 1836, 1786)",0.602434515953064
"(3054, 1762, 1470, 1943)",0.6024338603019714
"(1545, 2953, 54)",0.602433443069458
"(4511, 25, 2297, 1799)",0.602432906627655
"(1386, 1171, 4559, 1799)",0.6024324893951416
"(1288, 1446, 4743)",0.6024324297904968
"(1968, 3257, 1476)",0.6024324297904968
"(1962, 3916, 1439)",0.6024322509765625
"(1386, 1799, 4458, 1383)",0.602432131767273
"(1600, 3075, 1382, 1800, 1844)",0.602432131767273
"(1512, 4427, 1710)",0.6024318337440491
"(2552, 2890, 2341)",0.6024317741394043
"(2057, 4212, 533)",0.6024314761161804
"(2216, 1065, 2973)",0.6024314165115356
"(1616, 3049, 1426)",0.6024311780929565
"(1944, 3072, 2140)",0.6024309992790222
"(2925, 1390, 2310)",0.6024307012557983
"(3075, 1382, 1703, 1837, 2297)",0.6024306416511536
"(1512, 2475, 4347)",0.6024298667907715
"(3276, 2541, 2006)",0.6024294495582581
"(2330, 2613, 2237, 4005)",0.6024287939071655
"(25, 3203, 567)",0.6024287343025208
"(1552, 4475, 1574)",0.6024285554885864
"(2074, 3086, 431)",0.6024283170700073
"(1954, 1288, 2962, 1469, 2718)",0.6024281978607178
"(1800, 4554, 498, 1836)",0.6024281978607178
"(251, 2475, 4103)",0.6024281978607178
"(5228, 2541, 2006)",0.602428138256073
"(1426, 1710, 3078)",0.6024277806282043
"(1800, 1953, 1890, 3219)",0.6024273633956909
"(1953, 1933, 1974, 3519)",0.6024271845817566
"(3936, 1979, 1524)",0.6024266481399536
"(1777, 1154, 4545)",0.6024265885353088
"(576, 499, 3200)",0.6024265885353088
"(2131, 2196, 5099)",0.6024264693260193
"(128, 1953, 4561, 1744)",0.602426290512085
"(1184, 5521, 2643)",0.6024258136749268
"(1288, 3214, 1463)",0.6024255156517029
"(2104, 684, 3200)",0.6024251580238342
"(816, 2643, 5326)",0.6024249196052551
"(2240, 2568, 2427, 5099)",0.6024248600006104
"(2216, 2057, 2968)",0.6024248600006104
"(3904, 89, 2718, 1577)",0.602424681186676
"(1600, 4645, 254)",0.6024245023727417
"(3200, 1577, 1386)",0.6024244427680969
"(3200, 1836, 423)",0.6024242043495178
"(3682, 1413, 1406, 1335)",0.6024242043495178
"(1697, 1740, 3017)",0.602424144744873
"(1953, 1963, 1974, 3519)",0.6024240851402283
"(3144, 1970, 1943)",0.6024240851402283
"(568, 5058, 1071)",0.6024239659309387
"(25, 3265, 1799)",0.6024229526519775
"(2489, 1426, 739, 3471)",0.602422833442688
"(1411, 2541, 5043)",0.6024226546287537
"(3200, 25, 1809, 1799)",0.6024224758148193
"(568, 5057, 1071)",0.6024224758148193
"(1953, 1933, 4758)",0.6024224162101746
"(1512, 89, 2185, 3212)",0.6024221777915955
"(4988, 1933, 1446)",0.6024221777915955
"(128, 1953, 4483, 567)",0.6024219989776611
"(1505, 996, 3222, 2263)",0.6024218797683716
"(1800, 2297, 5210)",0.6024218201637268
"(1777, 106, 3014)",0.6024216413497925
"(899, 3085, 54)",0.6024215221405029
"(128, 1953, 1890, 4000, 1446, 1801, 1390)",0.602421224117279
"(3063, 2582, 1359)",0.602421224117279
"(1448, 3682, 2480)",0.6024210453033447
"(3076, 1837, 1382, 2071)",0.6024208664894104
"(2297, 4353, 141, 1382)",0.6024203896522522
"(1313, 482, 4123)",0.6024200320243835
"(2297, 2962, 2718)",0.6024195551872253
"(3552, 2444, 2405, 1902)",0.6024195551872253
"(1512, 2890, 1211)",0.6024194359779358
"(2058, 1667, 4038)",0.6024193167686462
"(1382, 1800, 4779, 1844, 2297)",0.6024181842803955
"(128, 1953, 4758)",0.6024181246757507
"(2588, 1933, 4420)",0.6024180054664612
"(128, 385, 1953, 567, 4414)",0.6024180054664612
"(2706, 2775, 2159)",0.6024178862571716
"(1410, 1499, 2775)",0.6024178266525269
"(1800, 1809, 2297, 4410, 574)",0.6024172902107239
"(3144, 1339, 2452)",0.6024169921875
"(1953, 4330, 1933, 1974)",0.6024166941642761
"(371, 1509, 4599)",0.6024166345596313
"(4140, 2262, 1382, 1703)",0.6024165153503418
"(25, 1811, 5295)",0.6024162769317627
"(1968, 3656, 2452)",0.6024156808853149
"(2298, 3213, 2262)",0.6024150848388672
"(2057, 4715, 493)",0.6024149656295776
"(568, 4169, 2298)",0.6024149060249329
"(128, 4441, 1963, 1933)",0.6024147272109985
"(2451, 1870, 3535)",0.6024142503738403
"(1432, 5505, 1932)",0.6024137735366821
"(2980, 516, 85)",0.6024136543273926
"(1825, 3172, 493, 1703)",0.6024135947227478
"(1825, 2122, 2473, 4329)",0.6024134755134583
"(1512, 1577, 3212, 2057)",0.6024131774902344
"(1512, 2185, 3939)",0.6024130582809448
"(1809, 4029, 1999)",0.6024129986763
"(568, 2160, 3525)",0.6024127006530762
"(483, 1974, 5406)",0.6024124026298523
"(128, 1801, 1953, 4285)",0.6024124026298523
"(4676, 2297, 1382, 1799, 1800, 25)",0.6024120450019836
"(296, 954, 3639)",0.6024120450019836
"(3633, 2307, 1143)",0.6024119853973389
"(1809, 4418, 493)",0.6024118065834045
"(2024, 1403, 3215)",0.6024115085601807
"(128, 4330, 1963, 1933, 660)",0.6024109721183777
"(1059, 747, 4844)",0.6024107933044434
"(3293, 1444, 1557)",0.6024107336997986
"(1585, 1333, 2775)",0.6024105548858643
"(4103, 1611, 1996, 1471)",0.6024104952812195
"(1953, 1763, 1837, 4103)",0.6024102568626404
"(4169, 251, 1606)",0.6024101376533508
"(1481, 4893, 1351)",0.602409839630127
"(2080, 2058, 3408)",0.6024097204208374
"(128, 1953, 1446, 1801, 1963, 4377)",0.6024088263511658
"(1800, 3746, 2028)",0.6024086475372314
"(128, 1953, 1890, 2956, 660, 2718)",0.6024078130722046
"(4329, 1403, 493)",0.6024078130722046
"(1539, 1802, 1315, 3200)",0.6024077534675598
"(2972, 1258, 1267, 1596)",0.6024075150489807
"(4545, 1355, 1939, 1310)",0.6024075150489807
"(568, 1426, 4103)",0.6024072766304016
"(5352, 1382, 526)",0.6024059057235718
"(128, 1953, 1835, 2718, 3903)",0.6024054288864136
"(1560, 1829, 3422)",0.6024054288864136
"(1382, 1386, 4332, 1837, 309)",0.602405309677124
"(584, 89, 3212)",0.6024052500724792
"(592, 4486, 1574)",0.6024051904678345
"(1963, 1933, 1974, 3519)",0.6024048328399658
"(2473, 2298, 1067, 4420)",0.6024048328399658
"(2832, 1585, 2529, 1943)",0.602404773235321
"(4515, 1844, 1382)",0.6024046540260315
"(25, 3212, 2057)",0.6024042963981628
"(2633, 190, 2911)",0.6024042367935181
"(1960, 2354, 2775)",0.602403998374939
"(1800, 1953, 4325, 1703)",0.6024038791656494
"(4544, 1529, 1501)",0.6024038791656494
"(305, 1315, 5413)",0.6024038195610046
"(1481, 1444, 3262)",0.6024035215377808
"(1552, 2968, 1574)",0.602403461933136
"(2530, 3085, 54)",0.6024028658866882
"(1800, 3204, 1944, 1382)",0.6024027466773987
"(1953, 1382, 1703, 1800, 4530)",0.6024024486541748
"(1744, 4573, 1944)",0.6024019718170166
"(2012, 1837, 3199)",0.6024014949798584
"(1288, 3212, 523, 660)",0.6024014949798584
"(1802, 459, 4886)",0.6024013757705688
"(1433, 3014, 1351)",0.6024007201194763
"(89, 2298, 4351)",0.6024006605148315
"(1352, 1800, 1836, 4340)",0.6024006605148315
"(4816, 1484, 2341)",0.6024006009101868
"(2568, 2083, 3983)",0.602400541305542
"(1800, 4825, 1837, 1382)",0.6024004220962524
"(3746, 1836, 1095)",0.6024000644683838
"(1224, 4406, 1574)",0.6023996472358704
"(1800, 3076, 1382, 1703)",0.6023993492126465
"(1382, 1703, 1352, 3210, 1837)",0.6023991703987122
"(1705, 3212, 341)",0.6023991107940674
"(2560, 3200, 1390)",0.6023991107940674
"(2441, 5196, 2487)",0.6023989915847778
"(233, 106, 3415)",0.6023988127708435
"(169, 3098, 1436)",0.6023987531661987
"(1296, 3778, 1475)",0.6023986339569092
"(2286, 3075, 1844, 1382)",0.602398157119751
"(4384, 1801, 1825, 1703)",0.6023977398872375
"(1064, 3200, 1469)",0.602397620677948
"(1697, 1740, 2796)",0.6023975610733032
"(1963, 4420, 1933, 1974)",0.6023973226547241
"(128, 1953, 1801, 1933, 4380)",0.6023972630500793
"(568, 2178, 2968)",0.6023972630500793
"(1446, 2397, 1390, 3903)",0.602397084236145
"(1288, 1552, 4407)",0.6023969054222107
"(2513, 2187, 3166)",0.6023964285850525
"(1825, 4420, 1781, 2559)",0.6023962497711182
"(1953, 1954, 1288, 1067, 3788, 1469)",0.6023961901664734
"(2473, 19, 4871)",0.6023958325386047
"(1481, 1197, 4886)",0.60239577293396
"(4243, 2140, 1838)",0.6023955941200256
"(1825, 4356, 493, 1703)",0.602395236492157
"(1800, 1707, 4328, 1703)",0.6023948788642883
"(25, 137, 3075)",0.6023946404457092
"(2298, 19, 3519)",0.6023944616317749
"(1800, 4681, 554)",0.6023942828178406
"(2010, 1970, 3063)",0.6023939251899719
"(568, 2668, 4103)",0.6023934483528137
"(4417, 2025, 2140)",0.6023931503295898
"(2090, 3283, 1436)",0.6023930907249451
"(1800, 1953, 1890, 4582)",0.6023929119110107
"(4626, 84, 2718)",0.6023929119110107
"(1792, 3427, 1837)",0.602392852306366
"(2994, 2444, 2405, 1902)",0.6023926734924316
"(2297, 370, 1837, 3199)",0.6023921966552734
"(1201, 4261, 1329)",0.6023921966552734
"(3192, 2297, 1386, 1382)",0.60239177942276
"(4545, 1911, 1351)",0.60239177942276
"(4329, 444, 597)",0.6023913621902466
"(1382, 4454, 1386, 141, 1809)",0.6023907661437988
"(1809, 1403, 4103)",0.6023907661437988
"(474, 2027, 3118)",0.6023905873298645
"(4368, 2010, 1970)",0.6023905277252197
"(1512, 89, 4497)",0.602390468120575
"(2668, 2140, 4404)",0.602390468120575
"(608, 1882, 2891)",0.6023903489112854
"(2941, 1310, 1351)",0.6023898124694824
"(4371, 2438, 423)",0.6023896932601929
"(3050, 1837, 1382)",0.6023896932601929
"(1697, 1740, 4886)",0.6023895144462585
"(1440, 1709, 2790)",0.6023893356323242
"(251, 4103, 1471)",0.6023892164230347
"(1446, 1933, 493, 1390, 4374)",0.6023890376091003
"(25, 3204, 1974)",0.6023889183998108
"(1800, 4582, 574)",0.602388858795166
"(576, 2290, 4410)",0.6023885607719421
"(1650, 933, 414, 3815)",0.6023883819580078
"(2160, 3203, 2399)",0.6023881435394287
"(1315, 3414, 2383)",0.6023880839347839
"(1953, 498, 4410)",0.6023880243301392
"(1929, 1756, 1893, 5494)",0.6023879647254944
"(1809, 1786, 4175, 1799)",0.6023876070976257
"(3200, 2298, 2198)",0.6023874282836914
"(2160, 4554, 2399)",0.6023873686790466
"(1568, 4549, 1974)",0.6023873090744019
"(1512, 89, 3212, 2057)",0.6023872494697571
"(128, 2738, 4347, 660)",0.602387011051178
"(3156, 309, 1382, 2071)",0.6023867726325989
"(48, 1611, 1996, 4446)",0.6023858189582825
"(568, 2969, 2718)",0.6023857593536377
"(128, 2275, 5166)",0.6023855805397034
"(1658, 2981, 1495)",0.6023851037025452
"(25, 1953, 1390, 4103)",0.6023848652839661
"(2298, 4419, 2013)",0.6023847460746765
"(3169, 1933, 1390)",0.6023834943771362
"(3426, 1837, 1549, 1799)",0.6023834943771362
"(163, 2541, 4710)",0.6023833155632019
"(1962, 1436, 3750)",0.6023831963539124
"(128, 1953, 3021, 567)",0.6023831963539124
"(2473, 2298, 4871, 567)",0.6023831367492676
"(1802, 4733, 2494, 2503)",0.6023831367492676
"(1460, 1444, 2942)",0.6023829579353333
"(1939, 4510, 2143)",0.6023828387260437
"(128, 1953, 258, 2946, 1963, 1933)",0.6023821234703064
"(4328, 89, 2718, 2486)",0.6023819446563721
"(568, 4624, 2275)",0.6023809909820557
"(128, 2738, 660, 4813)",0.6023808121681213
"(4169, 1386, 1426, 1171, 25)",0.6023807525634766
"(1512, 3200, 1382)",0.6023805141448975
"(3075, 1800, 1836, 498, 1844)",0.6023802161216736
"(3075, 1383, 1352, 2286, 254)",0.6023801565170288
"(128, 1953, 4943)",0.6023800373077393
"(2297, 2475, 4526)",0.6023792624473572
"(1707, 1836, 4325, 1382)",0.6023789644241333
"(1704, 2953, 2706)",0.6023789048194885
"(589, 342, 2895)",0.6023789048194885
"(1424, 5413, 87)",0.6023787260055542
"(1611, 1996, 4029)",0.6023787260055542
"(128, 1953, 2804, 1744)",0.6023786067962646
"(4028, 251, 1836)",0.6023784875869751
"(25, 3746, 574)",0.6023783683776855
"(4032, 1662, 2111)",0.6023783683776855
"(3834, 251, 253, 574)",0.6023779511451721
"(568, 2178, 5348)",0.6023779511451721
"(2410, 3085, 54)",0.6023775339126587
"(4738, 1844, 1382)",0.6023774147033691
"(1825, 4420, 2599, 1833)",0.6023768186569214
"(128, 2738, 660, 4830)",0.6023767590522766
"(1792, 4458, 1837)",0.6023765802383423
"(1144, 3415, 511)",0.6023764610290527
"(1960, 3257, 2143)",0.6023762226104736
"(2946, 1963, 1974)",0.6023760437965393
"(1446, 1933, 493, 1390, 4377)",0.6023756861686707
"(1944, 1809, 4524, 1799)",0.6023756265640259
"(3210, 1837, 1844, 567, 2297)",0.6023756265640259
"(2161, 4103, 1999)",0.6023755073547363
"(745, 1193, 3126)",0.6023755073547363
"(2160, 2446, 3839)",0.6023755073547363
"(4377, 2298, 2262)",0.6023752689361572
"(576, 306, 3211)",0.6023752689361572
"(3212, 660, 159)",0.6023751497268677
"(1953, 1446, 1963, 2956, 493, 1390)",0.6023751497268677
"(3075, 2202, 1195)",0.6023748517036438
"(128, 1953, 1446, 1801, 1963, 4491)",0.6023741364479065
"(128, 1577, 568, 4417)",0.6023738980293274
"(2457, 3535, 183)",0.6023738980293274
"(3200, 2057, 1186)",0.6023738384246826
"(2202, 1195, 3198)",0.6023733019828796
"(1288, 1577, 2808)",0.6023731231689453
"(1512, 1552, 3042)",0.6023730039596558
"(1288, 4136, 1467)",0.6023730039596558
"(1996, 1855, 4404, 1471)",0.6023728251457214
"(2441, 4420, 2198)",0.6023727655410767
"(3490, 29, 1183)",0.6023725867271423
"(2941, 516, 85)",0.6023725867271423
"(3068, 2358, 1247)",0.602372407913208
"(25, 4418, 251)",0.6023723483085632
"(26, 3492, 29)",0.602371871471405
"(2956, 398, 159)",0.6023718118667603
"(2775, 2083, 1943)",0.6023717522621155
"(3995, 1494, 2582)",0.6023716330528259
"(2243, 1830, 3231)",0.6023712754249573
"(739, 4243, 567)",0.6023712158203125
"(385, 2506, 4267, 567)",0.6023712158203125
"(1386, 4386, 1837, 1799)",0.6023710370063782
"(3076, 1383, 1800, 1836, 25)",0.6023709177970886
"(3075, 1800, 1836, 25, 574)",0.6023709177970886
"(128, 1953, 1446, 1801, 1390, 4377)",0.6023704409599304
"(3297, 2475, 2446)",0.6023700833320618
"(1849, 4873, 1494, 1398)",0.6023695468902588
"(1801, 4357, 1825, 1703)",0.602369487285614
"(1809, 739, 4140)",0.6023693084716797
"(1968, 3057, 2541, 1990)",0.6023691296577454
"(2441, 2198, 5239)",0.6023688316345215
"(1377, 3682, 1406)",0.6023687720298767
"(4814, 1390, 2310)",0.6023685932159424
"(3816, 1578, 309)",0.6023685336112976
"(2568, 58, 4605)",0.6023685336112976
"(25, 3202, 574)",0.6023685336112976
"(1800, 4623, 1836, 2140)",0.6023684740066528
"(1800, 251, 4103, 2399)",0.6023684144020081
"(3200, 309, 22)",0.6023683547973633
"(3200, 1386, 140, 1426)",0.6023682951927185
"(2389, 2133, 2796)",0.6023682355880737
"(1480, 4443, 2503)",0.6023678183555603
"(1409, 1611, 4029)",0.6023676991462708
"(3057, 955, 318)",0.602367639541626
"(89, 2122, 3179, 1825)",0.6023675799369812
"(4809, 1707, 1836, 1382)",0.602367103099823
"(1219, 4327, 575)",0.602367103099823
"(3017, 1490, 1573)",0.6023669242858887
"(2808, 1963, 1974)",0.6023668050765991
"(1800, 2057, 4576)",0.6023666858673096
"(2080, 2058, 4768)",0.6023664474487305
"(1665, 3019, 2598)",0.6023663282394409
"(1160, 4545, 1378)",0.6023659110069275
"(568, 3192, 1382)",0.6023658514022827
"(2529, 1491, 3017, 1943)",0.6023658514022827
"(2681, 4583, 1887)",0.6023654937744141
"(2541, 3054, 1968, 1490, 1491)",0.6023654937744141
"(4520, 178, 475)",0.6023653745651245
"(3214, 1467, 1292, 1294)",0.6023653745651245
"(4103, 1836, 2028, 575)",0.6023653149604797
"(128, 1801, 2738, 3002)",0.6023651957511902
"(5498, 35, 1684)",0.6023651957511902
"(1520, 2953, 2292)",0.6023651361465454
"(1800, 1890, 4526, 1703)",0.6023650765419006
"(3200, 1809, 414)",0.6023649573326111
"(568, 2178, 5267)",0.6023644208908081
"(84, 2718, 4415)",0.6023643612861633
"(1600, 3816, 309)",0.6023640036582947
"(1800, 3075, 1844, 575)",0.6023640036582947
"(1800, 4951, 1382, 1703)",0.6023637056350708
"(4551, 2028, 575)",0.6023635864257812
"(3192, 385, 567)",0.6023635864257812
"(3075, 1173, 567)",0.6023633480072021
"(3212, 386, 660, 575)",0.6023629903793335
"(1676, 4470, 2143)",0.6023628115653992
"(1801, 1953, 2958)",0.6023626327514648
"(2440, 3021, 574)",0.6023625731468201
"(3192, 2028, 575)",0.6023623943328857
"(4624, 1426, 2668)",0.6023622155189514
"(2890, 1310, 1351)",0.6023622155189514
"(1704, 3144, 1470, 1943)",0.6023621559143066
"(1329, 2546, 1318, 2807)",0.6023620367050171
"(3085, 1362, 54, 2009, 1499)",0.6023619174957275
"(128, 2738, 4828, 660)",0.602361798286438
"(128, 1801, 1953, 2828)",0.6023614406585693
"(251, 4029, 1606)",0.6023613214492798
"(1929, 1756, 1893, 5493)",0.6023613214492798
"(128, 1953, 1890, 1963, 1933, 2969)",0.6023603081703186
"(1409, 3834, 1471)",0.6023603081703186
"(1800, 3042, 1836)",0.6023602485656738
"(1512, 89, 523, 3212)",0.6023601293563843
"(1512, 5030, 1614, 2199)",0.6023598909378052
"(2959, 2057, 2718, 2559)",0.6023598313331604
"(4680, 2161, 2140)",0.6023595929145813
"(1825, 2122, 4382)",0.6023594737052917
"(4353, 1093, 141)",0.6023588180541992
"(2475, 2446, 4999)",0.6023586392402649
"(2208, 2972, 1558, 1743)",0.6023585796356201
"(314, 3349, 943)",0.6023585796356201
"(568, 2297, 4103, 2071)",0.6023582816123962
"(568, 576, 3192)",0.6023581027984619
"(2297, 1611, 4407)",0.6023572087287903
"(1943, 3654, 1879)",0.6023567914962769
"(1512, 89, 1067, 3212)",0.6023567318916321
"(1571, 5116, 1815)",0.6023553609848022
"(1705, 3298, 739)",0.6023553013801575
"(1552, 4324, 1574)",0.6023549437522888
"(1288, 4578, 1467, 1463)",0.6023542284965515
"(4375, 1799, 1703)",0.6023538708686829
"(1800, 1836, 3200, 2160)",0.6023538112640381
"(3144, 91, 1470)",0.6023537516593933
"(1361, 4354, 1492)",0.6023530960083008
"(1339, 3014, 1943)",0.602353036403656
"(5386, 1627, 2461)",0.6023529171943665
"(361, 3019, 1788)",0.6023527383804321
"(426, 4354, 1372)",0.602352499961853
"(3200, 1809, 1710)",0.6023524403572083
"(1963, 2956, 1933, 2417, 159)",0.6023523211479187
"(1953, 1446, 3212, 1390, 1974)",0.6023521423339844
"(1953, 1890, 1703, 1800, 4399, 660)",0.6023520231246948
"(1944, 1426, 3200)",0.6023518443107605
"(1837, 3076, 309, 1382)",0.602351725101471
"(698, 803, 3310)",0.6023514866828918
"(1433, 2890, 2341)",0.6023514270782471
"(3144, 2541, 1829)",0.6023513674736023
"(568, 2178, 3051)",0.6023502349853516
"(1403, 3772, 2486)",0.6023502349853516
"(128, 1953, 3075, 567)",0.6023499965667725
"(1611, 1996, 4404, 2351)",0.6023496389389038
"(2890, 1446, 1390)",0.6023494601249695
"(128, 1801, 2738, 3212)",0.6023494601249695
"(1953, 3042, 1703)",0.6023492813110352
"(2341, 1829, 3231)",0.6023491621017456
"(2641, 1481, 4886)",0.6023491621017456
"(2440, 385, 2968, 567)",0.6023489832878113
"(4696, 739, 493)",0.6023488640785217
"(2592, 4723, 1932)",0.6023480892181396
"(3192, 1386, 1382, 2202)",0.6023479104042053
"(2560, 1953, 4420, 1703)",0.6023479104042053
"(3200, 1809, 739)",0.6023478507995605
"(128, 1890, 660, 2946)",0.6023471355438232
"(1809, 1953, 1390, 4103)",0.6023469567298889
"(4417, 1953, 1890, 2718)",0.6023465394973755
"(1809, 1386, 3265, 1382)",0.6023458242416382
"(739, 4517, 2127)",0.6023456454277039
"(1578, 2446, 3198)",0.6023454070091248
"(1953, 4420, 567)",0.6023452281951904
"(169, 1378, 4746)",0.6023452281951904
"(3525, 385, 1071, 567)",0.6023449897766113
"(3001, 1829, 2303)",0.6023444533348083
"(3569, 1283, 132)",0.6023444533348083
"(128, 1953, 1801, 1933, 4381)",0.6023436188697815
"(3075, 309, 253)",0.6023436188697815
"(2010, 1970, 3629)",0.6023433208465576
"(1800, 4103, 1836, 575)",0.6023432612419128
"(2230, 950, 3559)",0.6023431420326233
"(2303, 3252, 271)",0.6023430228233337
"(1697, 4820, 1351)",0.6023427248001099
"(2297, 1837, 3078)",0.6023424863815308
"(3977, 2446, 2447)",0.6023419499397278
"(1953, 1386, 4795, 1786)",0.602340817451477
"(4417, 1803, 2718)",0.602340579032898
"(3834, 251, 1615)",0.6023403406143188
"(1811, 4103, 2351)",0.6023402214050293
"(2297, 3298, 2475)",0.6023401618003845
"(793, 1510, 5390)",0.6023399829864502
"(1953, 4103, 1837, 25, 1786)",0.6023396253585815
"(4169, 1195, 1799, 127)",0.6023393869400024
"(1968, 3541, 2541)",0.6023393869400024
"(1978, 4354, 2300, 1341)",0.6023390889167786
"(3144, 2541, 2341)",0.6023386716842651
"(1953, 1890, 1703, 1800, 660, 4376)",0.6023379564285278
"(48, 4403, 1996)",0.602337658405304
"(2881, 697, 1829)",0.6023374795913696
"(1825, 2122, 1838, 3177)",0.6023371815681458
"(1809, 1386, 574, 4535)",0.6023371815681458
"(3408, 1481, 2243)",0.6023363471031189
"(3200, 1571, 574)",0.6023362278938293
"(3200, 574, 1127)",0.6023361682891846
"(2121, 1373, 3278)",0.602336049079895
"(2577, 1573, 2807)",0.6023358106613159
"(25, 1426, 3900)",0.6023356914520264
"(2832, 1501, 2709)",0.6023352742195129
"(3203, 2014, 2006)",0.6023346185684204
"(1800, 25, 251, 4103)",0.6023344993591309
"(3904, 1601, 2279, 1390, 2718)",0.6023344397544861
"(4762, 819, 1701)",0.6023342609405518
"(4272, 2297, 1390, 1382)",0.6023341417312622
"(2344, 1978, 2790)",0.6023340225219727
"(1457, 2177, 1284, 2911)",0.6023339033126831
"(2601, 3682, 1743)",0.6023333668708801
"(1800, 2028, 4486)",0.6023333072662354
"(2014, 2006, 3063)",0.6023330688476562
"(128, 1953, 1963, 3212, 1933, 159)",0.6023328900337219
"(2979, 863, 687)",0.6023327708244324
"(3200, 2297, 2019)",0.6023327112197876
"(128, 1801, 660, 4415)",0.602332353591919
"(3682, 1380, 2397, 1518)",0.6023319363594055
"(1953, 1446, 1963, 493, 1390, 3903)",0.6023318767547607
"(2738, 1974, 5114)",0.6023315787315369
"(1698, 1557, 3095)",0.6023312211036682
"(25, 3075, 1837, 1799)",0.6023311018943787
"(1953, 1703, 1288, 1067, 3788, 1390)",0.6023309826850891
"(2775, 2572, 1983)",0.6023305654525757
"(1936, 3397, 1575)",0.6023304462432861
"(385, 3883, 567)",0.6023303866386414
"(128, 1601, 2722, 1953, 3439)",0.6023303866386414
"(128, 1953, 258, 1963, 1933, 3519)",0.6023297309875488
"(1560, 2243, 5312)",0.6023294925689697
"(128, 660, 1933, 2958)",0.6023294925689697
"(568, 251, 4454)",0.602329432964325
"(3017, 1490, 2607)",0.602329432964325
"(128, 1953, 4770, 1744)",0.6023288369178772
"(5154, 1836, 1469, 2358)",0.6023285388946533
"(816, 691, 3444, 998)",0.6023284196853638
"(4551, 140, 575)",0.6023281812667847
"(1466, 2050, 2911)",0.6023280024528503
"(1800, 3211, 1836, 2140)",0.6023269891738892
"(4417, 1403, 1838)",0.6023269295692444
"(1153, 3019, 2300)",0.6023267507553101
"(140, 4029, 575)",0.6023267507553101
"(128, 1801, 4420, 1781)",0.6023266315460205
"(2530, 379, 3085)",0.6023264527320862
"(1410, 2267, 4674)",0.6023263931274414
"(1383, 1800, 1836, 3156, 25)",0.6023262143135071
"(89, 1705, 2718, 3271)",0.6023260951042175
"(128, 1953, 1446, 1963, 3568)",0.602325975894928
"(4356, 2422, 2015)",0.6023258566856384
"(2968, 2270, 1223)",0.6023258566856384
"(1944, 1809, 2297, 4103)",0.6023258566856384
"(2369, 2217, 1461, 4443, 1919)",0.6023256778717041
"(1328, 4545, 2703)",0.6023255586624146
"(2554, 2796, 2133)",0.6023248434066772
"(1445, 758, 3255)",0.6023248434066772
"(1096, 2473, 3200)",0.6023244261741638
"(3682, 2052, 1743)",0.602324366569519
"(1481, 1706, 4545)",0.6023243069648743
"(1386, 4862, 2202)",0.6023243069648743
"(2440, 4349, 567)",0.6023233532905579
"(408, 1771, 3231)",0.6023233532905579
"(568, 89, 1953, 3212)",0.6023231744766235
"(2297, 1781, 3198)",0.6023231148719788
"(1953, 1446, 4329, 1963, 1933, 1390, 1974)",0.6023229956626892
"(1329, 3659, 2267)",0.6023227572441101
"(1809, 2202, 3156)",0.6023223996162415
"(819, 1701, 4575)",0.6023223400115967
"(513, 1366, 4614)",0.6023223400115967
"(3013, 1953, 1836, 1469)",0.6023220419883728
"(1529, 5446, 2375)",0.6023217439651489
"(568, 2297, 3198, 2071)",0.6023216247558594
"(1809, 2001, 4103)",0.6023209691047668
"(1970, 1995, 2975)",0.6023208498954773
"(3075, 1382, 1703, 1800, 1836, 2071)",0.6023207902908325
"(1800, 25, 3192, 2297)",0.602320671081543
"(1978, 5499, 2300, 1341)",0.6023204326629639
"(1800, 1953, 1890, 3177)",0.6023197174072266
"(1376, 3118, 1791)",0.6023193597793579
"(5537, 1394, 1485)",0.6023189425468445
"(169, 2090, 1507, 4756)",0.6023187041282654
"(3177, 2298, 493, 294)",0.602317750453949
"(1676, 885, 2895)",0.6023174524307251
"(2009, 1474, 2953, 54)",0.6023172736167908
"(4029, 2358, 1999)",0.6023169755935669
"(2176, 4545, 1378)",0.6023169159889221
"(1697, 2980, 1740)",0.6023168563842773
"(1512, 1437, 3983)",0.6023167967796326
"(3075, 1382, 1800, 1844, 567, 2297)",0.6023166179656982
"(5512, 1305, 1326)",0.6023163795471191
"(4680, 25, 739)",0.6023162603378296
"(25, 4353, 1974)",0.6023162007331848
"(5531, 341, 1463)",0.6023162007331848
"(1800, 1836, 3469, 1382)",0.6023160815238953
"(4446, 574, 1815)",0.6023159027099609
"(64, 3276, 2541, 1968)",0.6023157238960266
"(1825, 1835, 4420, 1703)",0.6023154258728027
"(1953, 4103, 1800, 1837, 1786)",0.6023154258728027
"(4545, 1581, 1351)",0.6023148894309998
"(5352, 1386, 1382, 567)",0.6023147702217102
"(2441, 1606, 4103)",0.6023147702217102
"(2440, 574, 4407)",0.6023145318031311
"(1953, 1446, 1801, 4330, 1963, 1933, 1390)",0.6023144125938416
"(3042, 2140, 1574)",0.6023143529891968
"(1801, 1953, 4373, 1703)",0.602314293384552
"(1552, 4332, 1574)",0.6023141741752625
"(128, 1801, 2738, 4278)",0.6023140549659729
"(1953, 1954, 4601, 1703)",0.6023136973381042
"(1288, 4532, 1535)",0.6023136973381042
"(2568, 2083, 4886)",0.6023133993148804
"(2298, 2946, 2487)",0.6023133397102356
"(1577, 3075, 575)",0.6023128032684326
"(128, 1801, 2958, 1446)",0.6023127436637878
"(4190, 1386, 1382)",0.6023126840591431
"(4329, 258, 1963, 1974)",0.6023122072219849
"(4329, 2298, 1781, 1174)",0.602311909198761
"(3017, 1478, 2143)",0.6023114919662476
"(1781, 493, 4150)",0.6023113131523132
"(3490, 26, 27)",0.6023111343383789
"(3471, 1707, 1703)",0.6023108959197998
"(1577, 2025, 2958)",0.6023104786872864
"(2911, 1828, 1718, 1751)",0.6023101210594177
"(1800, 4456, 1836, 25, 574)",0.6023097634315491
"(2297, 2475, 3902)",0.6023097634315491
"(128, 1953, 1890, 1963, 1933, 3439)",0.6023095846176147
"(3265, 2028, 575)",0.6023093461990356
"(224, 4101, 2598)",0.6023092865943909
"(1448, 2601, 3682, 1628)",0.6023091673851013
"(1195, 3203, 1469)",0.6023091673851013
"(1825, 3183, 2057, 1703)",0.6023087501525879
"(2008, 309, 4622)",0.6023086309432983
"(3200, 2473, 2004)",0.6023083925247192
"(1445, 3254, 1991)",0.6023081541061401
"(1968, 3238, 1990)",0.6023080348968506
"(4169, 1386, 1426, 1171, 29)",0.6023078560829163
"(1520, 3019, 2159)",0.6023077964782715
"(4177, 25, 574, 1815)",0.6023076772689819
"(2994, 2444, 2405, 1919)",0.6023076176643372
"(2530, 371, 3085)",0.6023074984550476
"(1828, 2796, 1718, 1751)",0.6023074388504028
"(1382, 1383, 1837, 25, 3839)",0.6023073792457581
"(2136, 2568, 3983)",0.6023073792457581
"(1611, 141, 2959)",0.6023070812225342
"(568, 3746, 309)",0.6023067831993103
"(128, 1953, 1446, 4624, 660)",0.6023067235946655
"(1446, 4361, 1933, 493, 1390)",0.602306604385376
"(1463, 2941, 871)",0.6023059487342834
"(1513, 2777, 118)",0.6023058891296387
"(5273, 2541, 2006)",0.6023058295249939
"(3478, 819, 1934)",0.6023057699203491
"(1825, 1703, 1801, 4329, 1390)",0.60230553150177
"(1372, 1358, 2822)",0.6023054718971252
"(128, 1953, 4000, 1963, 1974)",0.602304995059967
"(1480, 4443, 2590)",0.6023048758506775
"(1512, 1710, 4303)",0.6023047566413879
"(1577, 526, 3903)",0.6023044586181641
"(1490, 2775, 1870, 1943)",0.6023043394088745
"(576, 5220, 309)",0.6023040413856506
"(128, 1446, 1801, 4460, 2738)",0.6023037433624268
"(1809, 2178, 4103)",0.6023036241531372
"(3076, 2351, 1383)",0.6023033857345581
"(3408, 1939, 1732)",0.6023028492927551
"(3200, 385, 306, 567)",0.6023026704788208
"(25, 2668, 4324)",0.6023024916648865
"(3815, 2443, 567)",0.6023023128509521
"(1512, 89, 1953, 3212)",0.6023020148277283
"(2881, 2681, 1887)",0.602301836013794
"(3521, 1933, 1974)",0.6023015379905701
"(89, 385, 4353)",0.6023014783859253
"(1953, 1890, 1703, 1800, 4359, 660)",0.602300226688385
"(1577, 309, 3190)",0.6022998094558716
"(3085, 371, 1509)",0.6022997498512268
"(556, 1117, 5525)",0.6022996306419373
"(5205, 2605, 574)",0.6022996306419373
"(2539, 3086, 431)",0.6022995710372925
"(1601, 2275, 2718, 3271)",0.6022995114326477
"(3408, 2714, 1310)",0.6022995114326477
"(128, 1953, 4388, 1446, 1801, 1963)",0.6022989749908447
"(3212, 631, 575)",0.6022987365722656
"(2297, 3194, 1836, 1382)",0.6022982001304626
"(459, 1502, 5382)",0.6022982001304626
"(1944, 2178, 3203)",0.6022980809211731
"(1809, 251, 1837, 4103)",0.6022980809211731
"(1953, 1786, 1836, 4410)",0.6022979021072388
"(1953, 4103, 1836, 1809, 1786)",0.6022974252700806
"(2973, 1933, 1558)",0.6022974252700806
"(2616, 2672, 5351)",0.6022973656654358
"(568, 1800, 1836, 3076)",0.6022968292236328
"(1800, 4426, 1837, 1844, 2071, 2297)",0.6022967100143433
"(2973, 1933, 1446)",0.6022962331771851
"(1410, 3275, 2541)",0.6022961735725403
"(4169, 309, 399)",0.6022959351539612
"(251, 4103, 1799)",0.6022958755493164
"(2859, 89, 1403)",0.6022955775260925
"(1953, 4771, 2071)",0.6022953987121582
"(4483, 1844, 2422)",0.6022953987121582
"(2083, 1444, 3293, 1351)",0.6022953987121582
"(3834, 251, 2140, 2071)",0.6022948622703552
"(4947, 2541, 2006)",0.602294385433197
"(4771, 1838, 1103)",0.6022942662239075
"(25, 1091, 3900)",0.6022942066192627
"(1968, 57, 3063)",0.6022940278053284
"(1410, 3085, 2591)",0.6022939682006836
"(89, 1953, 4329, 519)",0.6022939085960388
"(128, 5334, 2718)",0.602293848991394
"(2568, 94, 3983)",0.6022936701774597
"(1433, 4545, 2566)",0.6022934317588806
"(1650, 3203, 933, 414)",0.602293074131012
"(128, 1446, 1963, 1933, 1390, 3219, 1974)",0.6022928357124329
"(2057, 1426, 4455)",0.602292537689209
"(3778, 1701, 2375)",0.6022924184799194
"(2808, 1577, 2718)",0.6022919416427612
"(739, 3900, 1549)",0.6022918820381165
"(1512, 3212, 2495)",0.6022917032241821
"(3422, 2243, 542)",0.6022916436195374
"(568, 89, 3075)",0.6022916436195374
"(3712, 2217, 1303)",0.6022915244102478
"(1800, 4997, 1382, 1703)",0.6022913455963135
"(1448, 3682, 1628, 1335)",0.6022912263870239
"(1703, 1801, 1963, 1933, 3519)",0.6022911667823792
"(498, 739, 4698)",0.6022909879684448
"(1809, 386, 4916, 575)",0.6022909879684448
"(1792, 1837, 4454)",0.6022905707359314
"(4545, 1436, 1351)",0.6022903919219971
"(1600, 2297, 4536, 1382)",0.6022902131080627
"(1600, 4511, 575)",0.6022900342941284
"(1809, 251, 4103, 2071)",0.6022899746894836
"(4560, 1484, 1364, 2302)",0.6022889614105225
"(2456, 1300, 2796)",0.6022881269454956
"(3265, 1426, 1382)",0.6022878885269165
"(258, 660, 2958)",0.6022877097129822
"(128, 1953, 1963, 2959, 1974)",0.6022875905036926
"(1827, 1900, 3302)",0.6022871732711792
"(2140, 4861, 2446)",0.6022870540618896
"(1800, 3076, 1836, 1549)",0.6022870540618896
"(2890, 2341, 1414)",0.6022868752479553
"(2369, 4443, 1902)",0.6022867560386658
"(2984, 73, 92)",0.6022865176200867
"(1800, 3746, 1836, 1837)",0.6022859811782837
"(2080, 130, 4886)",0.6022859215736389
"(739, 3211, 1247)",0.6022855639457703
"(1512, 4324, 1710)",0.6022855043411255
"(208, 2661, 4655)",0.6022846698760986
"(25, 3203, 574)",0.6022844314575195
"(1801, 660, 2958)",0.6022843718528748
"(1837, 1549, 4454, 1799)",0.6022840738296509
"(2610, 5027, 1901)",0.6022834777832031
"(2441, 2946, 567)",0.6022834181785583
"(1836, 3076, 1382, 1703)",0.6022831201553345
"(1968, 1339, 2541, 3535)",0.6022831201553345
"(3839, 1571, 1615)",0.6022828221321106
"(3290, 1284, 190)",0.6022828221321106
"(4169, 1809, 1999)",0.6022825241088867
"(305, 1326, 4886)",0.6022823452949524
"(3746, 1469, 1382)",0.6022821664810181
"(1512, 1953, 3212, 2486)",0.6022821068763733
"(1160, 4545, 1347)",0.6022821068763733
"(2440, 3426, 574)",0.6022819876670837
"(2001, 1469, 4103)",0.6022818684577942
"(1424, 2998, 87)",0.6022818684577942
"(2080, 1953, 4903)",0.6022815704345703
"(1800, 1703, 4140, 567)",0.602281391620636
"(128, 1801, 3169)",0.6022809147834778
"(523, 4351, 2279)",0.6022807359695435
"(2473, 4420, 1781)",0.6022803783416748
"(1352, 1390, 5407)",0.6022803783416748
"(385, 3746, 567)",0.6022799611091614
"(1968, 2006, 4919)",0.6022799611091614
"(3021, 178, 1837)",0.602279782295227
"(576, 2298, 4871)",0.6022794246673584
"(1939, 1925, 4038)",0.6022792458534241
"(3200, 1067, 2668)",0.6022791862487793
"(1600, 2297, 1382, 4511)",0.6022788882255554
"(1953, 1954, 4802, 1288, 1469)",0.6022784113883972
"(3075, 1382, 1800, 1844, 254)",0.6022784113883972
"(2953, 2451, 1470)",0.6022778749465942
"(2360, 1685, 4032)",0.6022776365280151
"(568, 3834, 251, 1836)",0.6022768020629883
"(2013, 4419, 1781)",0.6022765636444092
"(2121, 2180, 3118)",0.6022765636444092
"(25, 3900, 1809)",0.6022764444351196
"(2417, 3204, 2454)",0.6022763252258301
"(1339, 2541, 2775)",0.6022762060165405
"(1585, 3063, 2529, 1943)",0.6022761464118958
"(4380, 398, 1703)",0.6022760272026062
"(1610, 4420, 1781)",0.6022759079933167
"(4145, 386, 575)",0.6022756695747375
"(2672, 697, 4470)",0.6022753715515137
"(2425, 2916, 2213, 2214)",0.6022753715515137
"(3778, 2324, 1445, 1701)",0.6022751927375793
"(128, 1953, 3272)",0.6022751927375793
"(128, 4417, 258, 1446, 1801, 1963)",0.6022746562957764
"(25, 251, 1809, 4103)",0.602274477481842
"(2140, 4446, 1855)",0.6022742986679077
"(128, 1953, 1446, 1801, 4330, 1963, 1933, 1390)",0.6022742390632629
"(3200, 2668, 1071)",0.6022740602493286
"(4486, 1837, 1574)",0.6022738814353943
"(3054, 2541, 2006)",0.6022736430168152
"(3203, 141, 575)",0.6022734045982361
"(1072, 4845, 2718)",0.6022731065750122
"(1380, 2182, 2031, 1743, 2973)",0.6022728681564331
"(386, 1382, 4536, 2297, 575)",0.6022725701332092
"(1512, 2057, 3212, 2279)",0.6022716164588928
"(1512, 2057, 3212, 631)",0.6022714376449585
"(3075, 1800, 1844, 25, 574)",0.602271318435669
"(2354, 3276, 1318)",0.6022709608078003
"(2424, 3309, 2037)",0.6022707223892212
"(1382, 1703, 1800, 1836, 2028, 1844, 3999)",0.6022706627845764
"(568, 1800, 1844, 3076)",0.6022706031799316
"(2161, 2140, 3903)",0.6022705435752869
"(533, 4446, 2351)",0.602270245552063
"(385, 4353, 2262, 567)",0.6022697687149048
"(1800, 1809, 3266, 1837)",0.6022696495056152
"(3075, 1837, 1247)",0.6022695302963257
"(4225, 2300, 1341, 1967)",0.6022690534591675
"(25, 4386, 1953)",0.6022684574127197
"(2496, 2722, 2958, 2718)",0.6022684574127197
"(3075, 1800, 1844, 25, 2140)",0.6022681593894958
"(2541, 1566, 3055)",0.6022681593894958
"(4024, 601, 1209)",0.602267861366272
"(3200, 2178, 2140)",0.6022678017616272
"(4244, 2028, 575)",0.6022676229476929
"(4408, 1809, 1799)",0.6022670269012451
"(3085, 1362, 371, 54, 1499)",0.6022667288780212
"(2616, 2370, 2869)",0.602266252040863
"(2137, 2357, 3599)",0.6022659540176392
"(2057, 2122, 3169)",0.6022657752037048
"(3265, 141, 575)",0.6022656559944153
"(1944, 1091, 3203)",0.602265477180481
"(3212, 660, 2358)",0.6022651195526123
"(1800, 4486, 1703)",0.6022650003433228
"(1953, 1890, 3519, 159)",0.6022650003433228
"(1800, 1836, 4029, 1999)",0.6022647023200989
"(1953, 1801, 1963, 1933, 2738, 4722)",0.6022646427154541
"(2808, 1446, 493, 1390)",0.6022643446922302
"(2475, 2140, 3902)",0.6022643446922302
"(4599, 1964, 1943)",0.6022641062736511
"(128, 1446, 1801, 4399, 2738)",0.6022637486457825
"(4483, 1579, 1844, 1382)",0.6022636294364929
"(3815, 309, 127)",0.6022634506225586
"(1435, 1470, 54, 2775)",0.6022634506225586
"(1825, 4420, 2269, 1833)",0.6022632718086243
"(1825, 2473, 4420, 1833)",0.6022632718086243
"(17, 1954, 4521)",0.6022631525993347
"(1512, 1705, 2275, 3212)",0.6022627949714661
"(1954, 1933, 4326, 1703)",0.6022624969482422
"(3192, 25, 2297, 1382)",0.6022624373435974
"(1809, 739, 4998)",0.6022623777389526
"(1288, 3222, 2279)",0.6022619605064392
"(128, 4417, 258, 1963, 1933, 660)",0.6022619605064392
"(1382, 1800, 1386, 4332, 1837, 309)",0.6022615432739258
"(1953, 3212, 2057, 159)",0.6022608876228333
"(568, 2178, 4426)",0.6022606492042542
"(1953, 4103, 1837, 1809, 1786)",0.6022599339485168
"(128, 258, 4626, 660)",0.6022596955299377
"(2552, 4545, 2341)",0.6022594571113586
"(1800, 4458, 1836, 575)",0.6022591590881348
"(739, 2028, 3068)",0.6022591590881348
"(1344, 2896, 2621)",0.6022590398788452
"(1976, 2785, 106)",0.6022582650184631
"(1809, 1426, 1382, 3202)",0.6022582054138184
"(3904, 89, 575)",0.6022579073905945
"(3200, 483, 2140, 1837)",0.6022573709487915
"(1960, 2080, 5414)",0.6022569537162781
"(128, 1953, 1963, 3212, 1974)",0.6022567749023438
"(2217, 4891, 132)",0.6022566556930542
"(1825, 1220, 4329)",0.6022566556930542
"(3200, 1836, 1974)",0.6022560596466064
"(128, 1953, 1446, 1801, 1963, 4351)",0.6022558808326721
"(321, 1939, 3980)",0.6022558212280273
"(747, 685, 4654, 687)",0.6022552847862244
"(1800, 25, 2968, 2297)",0.6022546887397766
"(128, 1801, 2738, 4662)",0.6022545099258423
"(4441, 1801, 660)",0.6022540926933289
"(1825, 2122, 1838, 3174)",0.6022540926933289
"(1809, 4410, 1247)",0.6022534370422363
"(3050, 2045, 567)",0.6022531390190125
"(1481, 357, 3302)",0.6022530198097229
"(1288, 1963, 5023)",0.6022525429725647
"(3276, 1077, 2143)",0.6022522449493408
"(2269, 1933, 3248)",0.6022516489028931
"(680, 3682, 1782)",0.6022515892982483
"(3813, 782, 1447)",0.602251410484314
"(4420, 1825, 1612, 1833)",0.6022512912750244
"(1898, 1315, 2916, 2546)",0.6022506356239319
"(1802, 581, 5046)",0.6022506356239319
"(2026, 3682, 1518, 2590)",0.6022505760192871
"(1960, 1641, 3237)",0.6022505760192871
"(25, 4554, 1549)",0.6022505164146423
"(1577, 523, 2958)",0.602250337600708
"(1040, 2890, 1588)",0.6022502183914185
"(4103, 1996, 2071, 1471)",0.6022493243217468
"(1962, 4687, 1439)",0.602249264717102
"(2263, 4581, 1703)",0.6022491455078125
"(1170, 196, 5127)",0.6022489666938782
"(25, 3076, 1844, 2297)",0.6022489070892334
"(2083, 1444, 3262, 1351)",0.6022489070892334
"(3200, 1386, 413)",0.6022487878799438
"(2267, 5357, 54)",0.6022486090660095
"(4424, 443, 1837)",0.6022485494613647
"(3682, 1380, 2601, 1489, 1628)",0.6022483110427856
"(1420, 4687, 1055)",0.6022480130195618
"(1457, 2177, 1284, 2796)",0.6022480130195618
"(2302, 2370, 1502, 3655)",0.6022477746009827
"(1801, 1953, 4375, 1703)",0.6022477746009827
"(1352, 1505, 3075)",0.6022475361824036
"(4816, 1484, 765)",0.6022475361824036
"(1352, 1800, 4339, 1836)",0.6022475361824036
"(2465, 2529, 2775)",0.6022472381591797
"(739, 4245, 1383)",0.6022471189498901
"(1968, 5489, 218, 267)",0.6022467613220215
"(1512, 1705, 2057, 3212, 2161)",0.6022465825080872
"(576, 3203, 2015)",0.6022462844848633
"(2006, 5259, 1829, 1830)",0.6022462248802185
"(1633, 3772, 2446)",0.602246105670929
"(1600, 4332, 575)",0.602246105670929
"(3624, 1953, 1963)",0.6022457480430603
"(128, 1953, 258, 3521, 1446, 1963)",0.6022456288337708
"(1800, 3200, 533, 1382)",0.6022456288337708
"(4190, 1837, 1382)",0.602245569229126
"(1390, 2884, 302)",0.6022452116012573
"(1800, 1837, 3834, 251, 253)",0.602245032787323
"(1328, 1754, 3925)",0.6022448539733887
"(697, 1829, 3231)",0.6022447347640991
"(1448, 3682, 1534)",0.6022442579269409
"(1840, 690, 685, 3863)",0.6022442579269409
"(1953, 1954, 1703, 1288, 3788, 1469)",0.6022436022758484
"(2705, 3019, 1740)",0.6022433042526245
"(1552, 2440, 4486)",0.6022424101829529
"(4507, 2591, 1669, 2159)",0.6022421717643738
"(1801, 1953, 2297, 4347)",0.6022419333457947
"(1512, 2057, 3212, 2486)",0.6022414565086365
"(4768, 1394, 1709)",0.6022412776947021
"(1953, 4103, 1386, 1836, 1786)",0.6022409200668335
"(2361, 2410, 3019)",0.6022408604621887
"(1064, 602, 3200)",0.6022406220436096
"(1953, 4325, 1382, 1703)",0.6022401452064514
"(2130, 2054, 3599)",0.6022399663925171
"(4561, 2140, 2455)",0.6022397875785828
"(1936, 1995, 4126)",0.6022393703460693
"(1800, 2185, 4410)",0.6022388339042664
"(2881, 1829, 1871)",0.6022385954856873
"(2001, 1836, 4029)",0.6022384762763977
"(2475, 2446, 3887)",0.6022384166717529
"(128, 4356, 1446, 1963, 1390, 660)",0.6022383570671082
"(4466, 2718, 1615, 567)",0.6022381782531738
"(739, 493, 4711)",0.6022379398345947
"(3265, 2202, 1382)",0.6022379398345947
"(1457, 1284, 2686, 2796)",0.6022379398345947
"(25, 4103, 2351)",0.6022378206253052
"(1968, 2953, 218, 2541)",0.6022371053695679
"(512, 1513, 2777)",0.6022370457649231
"(1809, 3815, 1799, 1639)",0.602236807346344
"(1698, 1557, 2942)",0.6022366881370544
"(386, 3189, 575)",0.6022365689277649
"(3050, 1611, 1471)",0.602236270904541
"(1752, 1835, 3200)",0.6022360324859619
"(739, 3900, 1247)",0.6022358536720276
"(3200, 309, 2455)",0.6022354960441589
"(128, 1953, 5197, 567)",0.6022351384162903
"(25, 3298, 1611)",0.6022350788116455
"(1688, 4513, 2672)",0.6022347211837769
"(1968, 2541, 1990, 3063)",0.6022343635559082
"(1224, 3200, 1471)",0.6022343039512634
"(1386, 2109, 309, 3190)",0.6022341251373291
"(2775, 1964, 1879)",0.6022341251373291
"(1953, 3748, 2071)",0.6022335290908813
"(1800, 25, 3746, 309)",0.6022334694862366
"(3642, 1475, 1979, 1447)",0.6022334098815918
"(1386, 4500, 1837, 1382)",0.602233350276947
"(2916, 1036, 502, 175)",0.6022332906723022
"(1288, 2890, 1390)",0.6022332310676575
"(2361, 3019, 1788)",0.6022331714630127
"(4688, 601, 602)",0.6022322773933411
"(1809, 3815, 309, 1799)",0.6022322177886963
"(3042, 1836, 2367)",0.6022322177886963
"(128, 1953, 1446, 1963, 2718, 3519)",0.6022320985794067
"(1953, 2668, 4404)",0.6022319793701172
"(568, 2178, 3200)",0.6022319793701172
"(128, 1953, 1890, 1963, 1933, 3663)",0.6022316217422485
"(4103, 1800, 1836, 251, 253)",0.602231502532959
"(4688, 1930, 2143)",0.6022314429283142
"(1825, 2122, 1612, 4420)",0.6022313237190247
"(296, 954, 3408)",0.6022311449050903
"(2185, 3198, 2486)",0.6022308468818665
"(1800, 1217, 4426, 1836)",0.6022305488586426
"(2266, 1403, 3772)",0.6022303104400635
"(1139, 2060, 1685, 4870)",0.6022297739982605
"(2160, 3900, 2358)",0.6022295951843262
"(1382, 1703, 1383, 1837, 4338)",0.6022294759750366
"(2297, 5089, 1615)",0.6022292971611023
"(3200, 554, 2414)",0.6022292375564575
"(2913, 1444, 190)",0.6022291779518127
"(4544, 2354, 2267)",0.6022284626960754
"(3593, 1627, 2461)",0.6022282838821411
"(978, 4140, 574)",0.6022279858589172
"(1512, 1953, 4360, 2057)",0.6022278070449829
"(4792, 89, 2519)",0.602227509021759
"(3200, 739, 1703)",0.602227509021759
"(2560, 1825, 3169)",0.6022272109985352
"(1305, 2597, 4126)",0.6022270917892456
"(1600, 2968, 575)",0.6022262573242188
"(568, 2297, 4353, 2071)",0.6022257208824158
"(1512, 523, 4492)",0.6022254824638367
"(1706, 3014, 2079)",0.6022250056266785
"(5079, 1499, 54, 2591)",0.6022250056266785
"(1413, 2974, 1063)",0.6022247672080994
"(1825, 1703, 1801, 2122, 4329)",0.6022247672080994
"(5394, 1380, 1534)",0.6022244095802307
"(1920, 2980, 2472)",0.6022241711616516
"(793, 3702, 1526)",0.6022240519523621
"(4582, 1809, 1953, 1390)",0.6022240519523621
"(1953, 1890, 1703, 1800, 4360, 660)",0.6022239923477173
"(4169, 1386, 413)",0.602223813533783
"(1496, 3085, 54)",0.6022237539291382
"(3200, 409, 1382, 1703)",0.60222327709198
"(4418, 253, 1383)",0.6022232174873352
"(1706, 1667, 3014)",0.6022231578826904
"(2025, 4466, 2140)",0.6022230982780457
"(3202, 1382, 1799, 1386, 1809)",0.6022228598594666
"(2530, 3085, 2159)",0.6022226810455322
"(4522, 89, 2506)",0.6022226810455322
"(2080, 5401, 1375)",0.6022226214408875
"(1837, 4332, 1549)",0.6022225618362427
"(1800, 89, 2297, 4367)",0.6022225022315979
"(568, 2298, 3075)",0.6022225022315979
"(2160, 3021, 526)",0.6022223234176636
"(1809, 3834, 1999)",0.6022220253944397
"(568, 2718, 3271)",0.6022220253944397
"(3265, 1650, 1799)",0.6022218465805054
"(3200, 2297, 1382, 568, 25)",0.6022218465805054
"(1963, 1974, 3215)",0.6022217869758606
"(589, 341, 2895)",0.6022216081619263
"(128, 4473, 83)",0.6022214889526367
"(544, 3746, 1836)",0.6022205948829651
"(1953, 1382, 4103, 1836, 25, 1469)",0.6022205948829651
"(1955, 2460, 2790)",0.6022201180458069
"(2529, 1986, 3257)",0.6022201180458069
"(2161, 4103, 1471)",0.6022199988365173
"(1963, 4276, 1933)",0.6022199392318726
"(73, 3276, 92)",0.6022197008132935
"(1514, 4870, 1439)",0.60221928358078
"(25, 1844, 5153)",0.6022188663482666
"(128, 1446, 1801, 1390, 4415)",0.6022185683250427
"(128, 1953, 3519, 1963, 1933, 159)",0.6022183895111084
"(89, 1974, 1446, 3212)",0.6022183895111084
"(3408, 1746, 459)",0.6022178530693054
"(4521, 1954, 1974)",0.6022176742553711
"(739, 4715, 493)",0.602217435836792
"(1288, 1529, 5030)",0.6022170782089233
"(1800, 25, 3219, 2297)",0.6022169589996338
"(2080, 3144, 1990)",0.6022169589996338
"(3212, 501, 2279)",0.602216899394989
"(208, 2661, 3239)",0.602216362953186
"(1800, 2019, 4486)",0.6022163033485413
"(576, 4386, 1071)",0.6022161245346069
"(128, 1801, 2738, 4229)",0.6022159457206726
"(5409, 2427, 1484)",0.602215588092804
"(1492, 1148, 3118)",0.6022151112556458
"(1825, 1835, 4420, 2599)",0.6022149920463562
"(3075, 1844, 29, 1382)",0.6022147536277771
"(128, 1446, 1963, 1933, 1390, 2958)",0.6022146344184875
"(3682, 1448, 1518, 1628, 1405)",0.6022145748138428
"(2959, 2275, 2718, 2519)",0.602214515209198
"(1800, 25, 3746, 2297)",0.6022143959999084
"(3075, 1382, 1800, 1844, 575)",0.6022142767906189
"(4713, 739, 493)",0.6022132635116577
"(128, 385, 1953, 5203, 567)",0.6022132039070129
"(128, 1953, 1890, 4420, 1963, 1933)",0.6022125482559204
"(1825, 1403, 4420, 1833)",0.6022124290466309
"(1953, 1890, 1703, 1800, 660, 4350)",0.6022120714187622
"(1328, 1754, 4544)",0.6022119522094727
"(128, 3521, 1446, 1963, 1390, 660)",0.6022117733955383
"(2953, 1315, 54)",0.6022113561630249
"(2777, 117, 1415)",0.6022111177444458
"(1410, 3275, 1990)",0.6022111177444458
"(2661, 2429, 3239)",0.6022109985351562
"(1953, 1446, 1963, 1933, 1390, 1974, 4346)",0.6022099852561951
"(128, 1953, 4618, 1744)",0.6022099852561951
"(128, 1953, 1446, 1963, 4150)",0.6022094488143921
"(25, 3297, 2127)",0.6022093892097473
"(2464, 2706, 3256)",0.6022093892097473
"(4256, 697, 1490)",0.6022092700004578
"(128, 1953, 4140, 1744, 568)",0.6022088527679443
"(5338, 1571, 1815)",0.6022087931632996
"(4386, 1800, 1836, 1811, 25)",0.6022086143493652
"(3050, 1836, 1469)",0.6022084355354309
"(1408, 3085, 1669)",0.6022078990936279
"(3200, 409, 2443, 1974)",0.6022077798843384
"(568, 4353, 251)",0.6022075414657593
"(3192, 2297, 309, 1382)",0.6022074818611145
"(128, 1446, 1801, 2738, 4346)",0.6022067666053772
"(1512, 2297, 4865)",0.6022067070007324
"(1288, 2890, 1573)",0.6022066473960876
"(2374, 2530, 3085, 54)",0.602206289768219
"(1446, 4362, 1933, 493, 1390)",0.6022061705589294
"(3200, 2025, 2486, 2487)",0.6022061705589294
"(3656, 730, 2652)",0.6022061705589294
"(2298, 3198, 567)",0.6022056341171265
"(408, 1771, 2799)",0.6022053360939026
"(2568, 201, 4545)",0.6022050380706787
"(668, 1390, 5527)",0.6022048592567444
"(1600, 3816, 1837)",0.6022047996520996
"(1898, 2642, 5495)",0.6022047996520996
"(2008, 140, 3560)",0.6022045612335205
"(128, 1953, 1446, 3174, 1801, 1963, 1781)",0.6022043824195862
"(169, 1514, 4977)",0.6022043824195862
"(1490, 1130, 2354, 4677)",0.6022043228149414
"(1976, 4354, 2299, 1709)",0.6022042632102966
"(2568, 1827, 3983)",0.6022040843963623
"(3144, 1329, 2546, 1315)",0.602203905582428
"(1944, 1707, 3198)",0.6022036075592041
"(1953, 1963, 4420, 1974)",0.6022034883499146
"(1377, 5387, 1413)",0.6022034287452698
"(1378, 2598, 3983)",0.602202832698822
"(4337, 556, 1117)",0.602202832698822
"(3656, 2541, 1830)",0.6022026538848877
"(128, 1953, 4522, 2275)",0.6022019386291504
"(1953, 1954, 1288, 1469, 2718, 3903)",0.6022015810012817
"(1386, 4551, 29, 1426)",0.6022005677223206
"(3200, 385, 645)",0.6022005677223206
"(1689, 2775, 1943)",0.602200448513031
"(1800, 3068, 2358, 1703)",0.6021997332572937
"(1298, 2942, 1982)",0.6021996736526489
"(1512, 2890, 1390)",0.6021996140480042
"(1888, 2796, 2389)",0.6021993160247803
"(1800, 25, 1836, 4341)",0.6021992564201355
"(1512, 1577, 3212, 2279)",0.6021988987922668
"(1800, 1953, 1890, 4346)",0.6021983623504639
"(3169, 1446, 1390)",0.6021982431411743
"(2890, 182, 1711)",0.6021980047225952
"(3200, 668, 1390)",0.6021978855133057
"(2360, 4032, 2111)",0.6021977066993713
"(1512, 89, 523, 2959)",0.6021976470947266
"(1800, 4430, 1836, 1382)",0.6021958589553833
"(128, 1953, 1963, 1933, 4399, 159)",0.6021957397460938
"(4600, 1802, 1327)",0.6021957397460938
"(1288, 4986, 2718)",0.6021946668624878
"(4561, 2140, 1549)",0.602194607257843
"(1288, 1552, 4486, 1574)",0.6021942496299744
"(1480, 2217, 1461, 4443, 1919)",0.6021942496299744
"(2140, 2013, 3519)",0.6021937131881714
"(2968, 385, 1836)",0.6021935343742371
"(3427, 251, 1836)",0.602193295955658
"(3778, 2335, 1991)",0.6021929383277893
"(459, 5381, 1502)",0.6021925806999207
"(1059, 747, 3635)",0.6021925806999207
"(5461, 1972, 1325)",0.6021925806999207
"(4516, 1331, 1412)",0.6021925806999207
"(3200, 1217, 2491)",0.6021924018859863
"(4680, 2140, 1838)",0.6021921038627625
"(1944, 2297, 4555, 1382)",0.6021913290023804
"(4103, 574, 1071)",0.6021909713745117
"(2661, 2429, 4238)",0.6021900773048401
"(1577, 4418, 575)",0.6021898984909058
"(1529, 3057, 1566)",0.6021898984909058
"(1611, 3203, 567)",0.602189838886261
"(4417, 1953, 2718, 2559)",0.602189838886261
"(1386, 1786, 4426, 1382)",0.6021895408630371
"(1960, 2541, 3257, 1333)",0.6021892428398132
"(1456, 4545, 1472)",0.6021891236305237
"(1410, 2541, 2775)",0.6021888852119446
"(1994, 1484, 2341, 3252)",0.6021886467933655
"(128, 1953, 2958, 2718)",0.6021884083747864
"(25, 1996, 4103)",0.6021875739097595
"(2096, 1170, 2891)",0.6021875739097595
"(4420, 1781, 398)",0.6021871566772461
"(4886, 2234, 182, 1711)",0.6021871566772461
"(3659, 2573, 2383)",0.6021870970726013
"(128, 1963, 1933, 3526)",0.6021869778633118
"(1936, 1995, 2975)",0.6021866202354431
"(2440, 385, 4145, 567)",0.602186381816864
"(2201, 3276, 54)",0.6021862626075745
"(2297, 5210, 1382)",0.6021861433982849
"(386, 3526, 575)",0.602185845375061
"(3203, 1800, 1836, 1837, 25)",0.6021857857704163
"(1954, 1974, 2959)",0.6021854877471924
"(128, 1801, 1953, 4391)",0.6021851897239685
"(128, 1953, 1933, 1390, 4150)",0.602185070514679
"(3746, 25, 1426)",0.6021847724914551
"(1225, 3075, 567)",0.6021847128868103
"(2297, 1838, 3079)",0.602184534072876
"(1800, 3200, 1836, 1944)",0.602184534072876
"(2369, 2217, 2994, 1461, 1919)",0.6021844744682312
"(1378, 3019, 1506)",0.6021842956542969
"(128, 4417, 1801, 660, 2718)",0.6021841168403625
"(4624, 554, 2028)",0.6021838188171387
"(3778, 1493, 1934)",0.6021835207939148
"(1953, 1446, 1703, 4330, 1963, 1933, 1390)",0.6021834015846252
"(4324, 254, 2071)",0.6021829843521118
"(1600, 2242, 4103)",0.6021828055381775
"(1225, 4190, 1382)",0.6021827459335327
"(4337, 1484, 2309)",0.6021825671195984
"(2440, 4486, 574)",0.6021823883056641
"(4891, 1875, 1939)",0.6021822094917297
"(4103, 1996, 2351, 2140)",0.6021819114685059
"(2217, 3930, 1303)",0.6021817922592163
"(1195, 285, 4854)",0.6021814346313477
"(1825, 2122, 2486, 4871)",0.6021813750267029
"(1329, 3054, 1641)",0.602181077003479
"(3406, 2307, 2350)",0.6021806001663208
"(1944, 2297, 3075, 1382)",0.6021804213523865
"(2113, 1444, 3293)",0.6021803021430969
"(1466, 2050, 2796)",0.6021797060966492
"(1464, 1796, 1750, 5398)",0.6021796464920044
"(2458, 3453, 2511)",0.6021795868873596
"(3212, 574, 1815)",0.602179229259491
"(1809, 3834, 251, 2071)",0.602179229259491
"(1786, 251, 1837, 4029)",0.602179229259491
"(1561, 2530, 2953)",0.602179229259491
"(2161, 2057, 2859, 493)",0.6021790504455566
"(4024, 739, 2028)",0.6021780967712402
"(128, 1953, 1446, 1801, 1963, 1781, 4350)",0.6021777987480164
"(1288, 1292, 5030)",0.6021777391433716
"(3144, 1329, 1167)",0.602177619934082
"(1960, 3010, 1478)",0.6021775603294373
"(4774, 1800, 1836, 1837, 25)",0.6021774411201477
"(4328, 2718, 2275, 2486)",0.6021773219108582
"(1552, 3766, 1574, 2495)",0.6021769642829895
"(1800, 1953, 1890, 4000)",0.6021768450737
"(1809, 3265, 309, 1382)",0.6021768450737
"(1936, 1494, 4759)",0.6021766662597656
"(739, 493, 4350)",0.6021763682365417
"(2424, 2140, 4140)",0.6021760702133179
"(385, 3199, 1710, 567)",0.602175772190094
"(3536, 2090, 2534, 1351)",0.6021755933761597
"(1528, 1444, 5127)",0.6021751761436462
"(2001, 3075, 1837)",0.6021750569343567
"(1600, 4103, 575)",0.6021750569343567
"(5223, 1621, 2591)",0.6021749973297119
"(1448, 3682, 1590)",0.6021749377250671
"(568, 5235, 1382)",0.6021748185157776
"(4353, 141, 2286)",0.6021746397018433
"(368, 4059, 2672)",0.6021744608879089
"(4697, 739, 493)",0.6021744012832642
"(1953, 4103, 1386, 1837, 1786)",0.6021742820739746
"(2968, 385, 2447)",0.6021737456321716
"(1953, 306, 4331)",0.6021737456321716
"(128, 1446, 1963, 1390, 660, 4278)",0.6021733283996582
"(568, 3050, 309)",0.6021733283996582
"(568, 556, 3200, 567)",0.6021732091903687
"(128, 2560, 1801, 1963, 1933, 3519)",0.6021727919578552
"(2560, 1890, 1446, 4329, 1963, 660)",0.6021723747253418
"(576, 1578, 4332, 309)",0.6021721363067627
"(4417, 2721, 2275, 519)",0.6021719574928284
"(1802, 581, 5414)",0.6021719574928284
"(25, 1811, 4935)",0.602171778678894
"(128, 1446, 1801, 3212, 2738)",0.6021713614463806
"(4544, 1547, 1924)",0.602171003818512
"(1201, 4354, 1329)",0.602171003818512
"(1890, 1390, 3298)",0.6021708250045776
"(5392, 1513, 511)",0.6021708250045776
"(1849, 4874, 637)",0.602170467376709
"(1418, 3347, 2154)",0.6021703481674194
"(2008, 89, 4353)",0.6021700501441956
"(2131, 1299, 2911)",0.6021693348884583
"(3075, 493, 1383)",0.6021687984466553
"(25, 4353, 1809, 1799)",0.6021687984466553
"(2297, 4645, 1382, 1615)",0.6021686792373657
"(1472, 2880, 182)",0.602168619632721
"(1953, 1446, 4330, 1390, 1974)",0.6021682024002075
"(1953, 1954, 1288, 2956, 1469, 2718)",0.6021679639816284
"(5152, 2546, 1318)",0.6021679043769836
"(3746, 2202, 1382)",0.6021677255630493
"(3520, 2441, 2269)",0.602167546749115
"(1800, 3192, 1836, 2262)",0.602167010307312
"(3525, 2160, 2001, 2008, 1944, 2140, 2015)",0.6021669507026672
"(1499, 2708, 3085)",0.6021666526794434
"(4712, 739, 493)",0.6021665930747986
"(1512, 1710, 3199)",0.6021662950515747
"(1836, 1837, 1999, 2071, 4029)",0.6021658778190613
"(128, 258, 660, 2946)",0.6021658182144165
"(1355, 411, 4886)",0.602165699005127
"(2568, 58, 3262)",0.6021655201911926
"(1490, 4534, 1535)",0.6021655201911926
"(2953, 1990, 2582)",0.6021651029586792
"(2080, 3298, 739)",0.6021648645401001
"(1288, 89, 660, 3212)",0.6021647453308105
"(519, 1963, 2956, 1933, 159)",0.6021645665168762
"(2024, 4329, 2298)",0.6021644473075867
"(443, 1837, 4463)",0.6021639108657837
"(3682, 1380, 1448, 1518, 1628)",0.6021637916564941
"(2057, 4338, 1837)",0.602163553237915
"(1529, 1566, 3063)",0.602163553237915
"(3288, 2121, 1517)",0.6021634936332703
"(2722, 1803, 4938)",0.6021634936332703
"(1067, 4103, 2351)",0.6021634936332703
"(2080, 3219, 84)",0.6021631956100464
"(3265, 1426, 1837)",0.6021627187728882
"(128, 1953, 5251)",0.6021626591682434
"(128, 1801, 2958, 1390)",0.6021624207496643
"(2297, 2969, 660)",0.6021623611450195
"(4330, 1963, 1933, 1974)",0.6021620035171509
"(1799, 4169, 1386, 1426, 1171, 25)",0.6021617650985718
"(1844, 1549, 3156)",0.6021616458892822
"(4325, 1703, 1800, 1707, 1836)",0.6021612286567688
"(880, 3866, 1287)",0.6021610498428345
"(5033, 1939, 1287)",0.6021609902381897
"(2290, 2188, 2966)",0.6021603345870972
"(1944, 1836, 3200, 2140)",0.6021597981452942
"(2017, 1588, 3165)",0.6021592020988464
"(2057, 2958, 2487)",0.6021591424942017
"(1512, 4429, 1710)",0.6021589040756226
"(4443, 2444, 2405, 1919)",0.6021587252616882
"(5386, 603, 558)",0.6021586060523987
"(128, 2275, 2926)",0.6021584868431091
"(3144, 1478, 1318)",0.6021581888198853
"(4891, 1651, 1447)",0.6021578311920166
"(25, 3815, 1809, 1799)",0.6021575927734375
"(1968, 2452, 3535)",0.6021574139595032
"(976, 2979, 687)",0.6021573543548584
"(2473, 2298, 1835, 4329)",0.6021571755409241
"(1466, 1298, 2942)",0.6021569967269897
"(140, 1836, 5159)",0.6021566390991211
"(800, 3125, 262)",0.6021565794944763
"(2560, 1825, 3177, 159)",0.6021565794944763
"(3085, 894, 2591)",0.602156400680542
"(128, 1953, 2738, 3521)",0.6021561026573181
"(1953, 4420, 1933, 1974)",0.6021559238433838
"(385, 1219, 4329)",0.6021559238433838
"(128, 1801, 1953, 2958)",0.6021559238433838
"(3145, 1529, 2541)",0.6021556854248047
"(1703, 3075, 1382, 567)",0.6021547317504883
"(568, 251, 4175)",0.6021547317504883
"(2442, 3085, 54, 2591)",0.6021547317504883
"(128, 1953, 1890, 4178, 660, 2718)",0.6021546721458435
"(1800, 1836, 3068, 575)",0.602154552936554
"(5201, 754, 747)",0.602154552936554
"(1799, 4169, 1809, 568, 25)",0.6021544933319092
"(1315, 5125, 2383)",0.6021541953086853
"(4858, 2085, 198)",0.6021540760993958
"(3298, 1380, 1534)",0.6021539568901062
"(4353, 309, 1974)",0.602153480052948
"(128, 1446, 2958, 1390, 660)",0.6021534204483032
"(138, 2570, 3415)",0.6021531820297241
"(128, 1953, 1512, 4328)",0.6021528840065002
"(1809, 498, 4450, 1799)",0.6021527647972107
"(386, 3815, 575)",0.6021527051925659
"(2473, 2298, 4869)",0.6021524667739868
"(2859, 1974, 1446)",0.6021521091461182
"(3298, 140, 2127)",0.6021520495414734
"(5115, 2279, 567)",0.6021516919136047
"(576, 4931, 567, 568, 574, 575)",0.6021513938903809
"(1809, 2422, 4638)",0.6021512150764465
"(1529, 3001, 2541)",0.6021510362625122
"(1929, 1435, 2775)",0.6021509170532227
"(379, 1621, 3019)",0.6021508574485779
"(2025, 2140, 2959)",0.6021507382392883
"(273, 3214, 303)",0.6021507382392883
"(1576, 1970, 3421)",0.6021503806114197
"(1801, 1953, 4381, 1703)",0.6021500825881958
"(3019, 2300, 1341)",0.6021499633789062
"(1953, 1619, 2956)",0.6021496653556824
"(2360, 2498, 4032)",0.602149486541748
"(4672, 2297, 1382, 575)",0.6021489500999451
"(1707, 2958, 1703)",0.602148711681366
"(1600, 2297, 4916, 1382)",0.6021483540534973
"(3200, 2473, 2298)",0.6021482348442078
"(4464, 443, 1837)",0.6021477580070496
"(1433, 2890, 1481, 1414)",0.6021474599838257
"(568, 4190, 1382)",0.6021474003791809
"(1380, 2564, 2031, 1743, 2973)",0.6021470427513123
"(1776, 251, 2668, 4103)",0.6021466851234436
"(1776, 1809, 3834, 251)",0.602146327495575
"(2958, 2718, 2487)",0.6021461486816406
"(1703, 3075, 1247)",0.6021460294723511
"(1426, 3075, 309, 1095)",0.6021458506584167
"(1577, 4415, 567)",0.6021455526351929
"(1953, 1890, 1703, 1800, 3177, 660)",0.6021453738212585
"(4608, 307, 1740)",0.6021450757980347
"(4103, 2140, 1855)",0.6021449565887451
"(1809, 739, 4997)",0.6021447777748108
"(1809, 3265, 1837, 1799)",0.602144718170166
"(1377, 3682, 1413, 2590)",0.6021445989608765
"(1353, 2058, 4708)",0.6021443605422974
"(1800, 2001, 1836, 4103)",0.6021442413330078
"(739, 4468, 1383)",0.6021441221237183
"(1201, 3302, 1329)",0.6021440029144287
"(3266, 1786, 1836, 1382)",0.6021440029144287
"(2160, 3525, 526)",0.6021437644958496
"(2121, 1515, 3118)",0.6021435856819153
"(3075, 1382, 1800, 1836, 1844, 567, 2297)",0.6021435856819153
"(1970, 1685, 3487)",0.6021433472633362
"(3890, 739, 493)",0.6021431684494019
"(3313, 1932, 1437)",0.6021429896354675
"(1705, 739, 4326)",0.6021428108215332
"(1960, 1968, 3144, 1470)",0.6021426916122437
"(1426, 4332, 309, 1095)",0.6021426320075989
"(89, 4378, 2140)",0.6021424531936646
"(4420, 1781, 1974)",0.6021422743797302
"(3408, 1387, 459)",0.6021416783332825
"(1465, 739, 3900)",0.6021415591239929
"(1944, 3076, 2358)",0.6021412014961243
"(4353, 1403, 1837)",0.6021410822868347
"(2953, 1410, 2451)",0.6021410822868347
"(2217, 3318, 1303)",0.602140486240387
"(3200, 309, 2270)",0.6021401286125183
"(1296, 2938, 1283, 1823)",0.6021400094032288
"(2024, 3075, 2446)",0.602139949798584
"(3746, 1836, 141)",0.6021397709846497
"(2297, 4671, 1382, 1383)",0.6021397113800049
"(2298, 2262, 3215)",0.6021395325660706
"(4512, 25, 574)",0.602139413356781
"(25, 4551, 1809, 1799)",0.602139413356781
"(1488, 2107, 4019, 1351)",0.6021393537521362
"(4704, 739, 493)",0.6021392941474915
"(568, 2668, 4990)",0.6021392345428467
"(1472, 3408, 1829)",0.6021392345428467
"(1288, 89, 3860)",0.6021391749382019
"(2057, 533, 4351)",0.6021385788917542
"(4432, 2569, 860)",0.6021384596824646
"(2080, 4545, 1271)",0.6021381616592407
"(3144, 1077, 2143)",0.602138102054596
"(3076, 2012, 1837)",0.6021380424499512
"(2425, 539, 2869)",0.6021379828453064
"(1481, 1827, 3262)",0.6021378636360168
"(2009, 3085, 54, 2159)",0.6021378040313721
"(1305, 2354, 3017)",0.6021373867988586
"(25, 1426, 309, 3815)",0.6021372675895691
"(1386, 3815, 309, 1426)",0.6021363735198975
"(739, 3900, 1383)",0.602135956287384
"(3265, 1837, 1549)",0.6021358966827393
"(1809, 1210, 4103)",0.6021357178688049
"(25, 3203, 575)",0.6021357178688049
"(128, 258, 1446, 1801, 1963, 3519)",0.6021356582641602
"(3200, 513, 1579, 1366)",0.6021356582641602
"(1840, 690, 3635, 685)",0.6021351218223572
"(128, 1953, 1446, 1801, 3177, 1963, 1781)",0.6021349430084229
"(1520, 2212, 3085)",0.6021348834037781
"(5401, 1676, 2143)",0.6021347045898438
"(4386, 1844, 2422)",0.6021344661712646
"(1825, 4420, 1222, 1833, 1835)",0.6021344065666199
"(3426, 1382, 1639, 1809, 1426)",0.6021343469619751
"(128, 1953, 2738, 4587)",0.6021342277526855
"(3054, 2541, 38)",0.6021341681480408
"(1471, 1996, 2351, 4404, 1855)",0.6021339893341064
"(4103, 1836, 1382, 1247)",0.6021337509155273
"(89, 2506, 4845)",0.6021332740783691
"(2890, 2251, 1390)",0.60213303565979
"(4578, 1963, 1463)",0.6021329760551453
"(1386, 4475, 309, 2202)",0.6021327972412109
"(1936, 5246, 183)",0.6021327972412109
"(1800, 4616, 1836, 309)",0.6021327972412109
"(1800, 4601, 1954, 1703)",0.6021324992179871
"(1664, 4354, 2598)",0.6021323204040527
"(2121, 1665, 2817)",0.6021318435668945
"(2427, 1484, 3310)",0.6021309494972229
"(3076, 309, 1382, 2071)",0.6021308898925781
"(944, 314, 3349)",0.6021307706832886
"(5562, 1212, 1974)",0.6021307110786438
"(3778, 1381, 2335)",0.602130651473999
"(2541, 1433, 2341, 4886)",0.6021305918693542
"(1380, 2564, 2182, 2031, 1743, 2973)",0.6021304130554199
"(3019, 1788, 1958)",0.602130115032196
"(530, 2189, 3014)",0.6021299958229065
"(3054, 2541, 2494)",0.6021295785903931
"(2026, 3212, 645)",0.6021293997764587
"(4332, 1837, 1390)",0.602129340171814
"(1512, 89, 1705, 3212)",0.6021286249160767
"(2808, 1953, 363, 2057)",0.6021286249160767
"(4169, 25, 1809, 575)",0.6021285057067871
"(3395, 2307, 1877)",0.6021283268928528
"(3347, 1492, 1358)",0.6021283268928528
"(1825, 4491, 493, 1703)",0.6021281480789185
"(4416, 739, 398)",0.6021271347999573
"(1585, 2775, 2607)",0.602126955986023
"(3144, 2451, 1470, 1943)",0.6021267175674438
"(1512, 1933, 5030, 2199)",0.6021265387535095
"(2692, 2869, 1431)",0.6021263003349304
"(4585, 1386, 1382, 567)",0.6021262407302856
"(1968, 3656, 267, 1478)",0.6021262407302856
"(2418, 4420, 2718)",0.6021254062652588
"(4545, 1394, 2090)",0.6021246314048767
"(128, 1446, 1963, 1390, 660, 4377)",0.6021245718002319
"(2161, 251, 4103)",0.6021243333816528
"(1953, 1446, 1963, 3212, 1933, 1390, 1974)",0.6021232604980469
"(3535, 2331, 1879)",0.6021232604980469
"(4340, 1837, 1382, 1703)",0.6021232008934021
"(1471, 2475, 1996, 2351, 4446, 1855)",0.602122962474823
"(3075, 1382, 1800, 1836, 1844, 2297, 574)",0.6021226644515991
"(25, 1426, 4353, 1799)",0.6021224856376648
"(2080, 3313, 1932)",0.6021219491958618
"(568, 1776, 251, 4541)",0.6021216511726379
"(1569, 3010, 1478)",0.6021216511726379
"(3265, 1386, 1837, 1799)",0.6021215319633484
"(2404, 2389, 2911)",0.6021214723587036
"(1825, 4562, 1953)",0.6021211743354797
"(1960, 1491, 5564, 1990)",0.6021211743354797
"(1376, 3118, 2094)",0.6021209955215454
"(1978, 2790, 2023)",0.6021209359169006
"(4169, 332, 309)",0.6021208167076111
"(1382, 1703, 1800, 4332, 575)",0.6021206974983215
"(1953, 1954, 1288, 2969, 1469)",0.602120578289032
"(4103, 2422, 1471)",0.6021202802658081
"(1160, 1802, 1539, 4886)",0.6021199226379395
"(2085, 117, 4030)",0.6021194458007812
"(1825, 4420, 2198, 1833)",0.6021191477775574
"(4545, 1709, 1439)",0.6021191477775574
"(3200, 1601, 2185, 2057)",0.6021190285682678
"(128, 4498, 2718)",0.602118968963623
"(2968, 2290, 2188, 567)",0.602118968963623
"(3983, 1481, 1271)",0.6021187901496887
"(2568, 4545, 2066)",0.6021187901496887
"(1456, 4886, 1472)",0.6021183133125305
"(2460, 2413, 2790)",0.6021182537078857
"(305, 1386, 4554)",0.6021180748939514
"(128, 1446, 1801, 2958, 1390)",0.6021178364753723
"(1944, 1809, 3204, 1799)",0.6021177768707275
"(1801, 4869, 1953, 1781)",0.6021172404289246
"(3279, 1492, 1487)",0.6021167635917664
"(2616, 3214, 1351)",0.6021165251731873
"(1315, 4012, 2383)",0.6021165251731873
"(1512, 2473, 3212, 2279)",0.6021164655685425
"(1427, 1749, 5127)",0.6021163463592529
"(4881, 2299, 1951)",0.6021162867546082
"(3075, 1800, 1836, 1844, 25, 574)",0.6021161675453186
"(3200, 2473, 1578, 1615)",0.6021158695220947
"(128, 1953, 1890, 2958)",0.6021156907081604
"(1616, 4665, 1469)",0.6021153926849365
"(3017, 2546, 1670)",0.6021153926849365
"(2541, 2941, 1477)",0.6021153926849365
"(2434, 2220, 4886)",0.6021153330802917
"(1600, 2242, 2968)",0.6021152138710022
"(4353, 1844, 29, 1382)",0.6021149158477783
"(1968, 1339, 2541, 2775)",0.6021149158477783
"(3891, 739, 29)",0.602114737033844
"(4418, 251, 309)",0.6021146774291992
"(1512, 1953, 3212, 2279)",0.6021145582199097
"(1825, 4420, 2013, 1833)",0.6021138429641724
"(4103, 1800, 1837, 251, 253)",0.6021131277084351
"(3054, 1990, 1565, 38)",0.6021130084991455
"(1944, 3203, 2446)",0.6021128296852112
"(1472, 1667, 3014)",0.6021125316619873
"(1650, 933, 414, 4327)",0.6021121144294739
"(568, 1219, 3076, 525)",0.6021119356155396
"(1953, 1890, 1703, 1800, 660, 4606)",0.6021115779876709
"(4432, 1628, 861)",0.602111279964447
"(3200, 2202, 2109)",0.6021111011505127
"(3200, 1178, 1837)",0.6021109223365784
"(2457, 1501, 2983)",0.6021106243133545
"(4544, 1412, 1365)",0.6021103262901306
"(1568, 5313, 2462)",0.6021102070808411
"(1697, 1740, 2941)",0.6021100282669067
"(2057, 3075, 493)",0.602109968662262
"(73, 1410, 4610)",0.6021092534065247
"(1962, 1436, 4469)",0.6021092534065247
"(2417, 89, 2969)",0.6021090745925903
"(1953, 4773, 2071)",0.6021088361740112
"(3682, 1380, 1448, 1489, 1628)",0.6021084785461426
"(4329, 1781, 607)",0.602108359336853
"(128, 1446, 4329, 1963, 1933, 1390, 1974)",0.6021074652671814
"(1481, 58, 4886, 1351)",0.6021072864532471
"(1288, 1953, 4743)",0.6021067500114441
"(128, 1963, 1933, 2958, 660)",0.6021062135696411
"(1465, 1836, 3076)",0.6021060943603516
"(568, 3190, 398)",0.602105975151062
"(1953, 3788, 285, 1703)",0.6021059155464172
"(128, 2738, 660, 4832)",0.6021057963371277
"(1361, 1347, 5292)",0.6021053791046143
"(793, 747, 3635)",0.6021047830581665
"(128, 1446, 1963, 1390, 660, 4373)",0.602104663848877
"(1809, 2178, 5065)",0.6021044850349426
"(1512, 4988, 1390)",0.6021042466163635
"(1930, 4485, 2143)",0.6021041870117188
"(2307, 3412, 1934)",0.6021038293838501
"(2297, 251, 253, 4103)",0.6021037101745605
"(1963, 4509, 1446)",0.602103590965271
"(1825, 1610, 4420, 1833)",0.6021034121513367
"(793, 5421, 1510)",0.6021032333374023
"(568, 1776, 251, 4103)",0.602103054523468
"(1968, 3001, 2541, 2006)",0.6021029353141785
"(2160, 3298, 2358)",0.6021028757095337
"(2456, 2177, 1300, 2911)",0.6021027565002441
"(4066, 363, 1390)",0.6021026372909546
"(2641, 1490, 3257)",0.6021026372909546
"(568, 1781, 4871)",0.6021024584770203
"(3200, 739, 285)",0.6021018624305725
"(673, 2451, 2775)",0.6021016836166382
"(1076, 589, 2895)",0.6021016240119934
"(739, 493, 4702)",0.6021010279655457
"(128, 1953, 3169)",0.6021000146865845
"(3843, 2446, 2447)",0.6021000146865845
"(1577, 1402, 5438)",0.6021000146865845
"(73, 92, 2775)",0.6020997762680054
"(128, 1801, 1953, 3221)",0.6020987033843994
"(1382, 1386, 4458, 1836, 567)",0.6020984053611755
"(2024, 2298, 4356)",0.6020978689193726
"(498, 4403, 1382, 2071)",0.6020975708961487
"(2440, 385, 3200, 567)",0.6020975112915039
"(4507, 1412, 1828)",0.6020971536636353
"(2776, 1513, 118)",0.6020971536636353
"(1968, 1339, 2541, 3063)",0.6020968556404114
"(4416, 739, 2127)",0.6020967960357666
"(4273, 578, 1844, 1382)",0.6020964980125427
"(365, 4454, 567)",0.6020964980125427
"(3200, 2297, 2446)",0.6020964980125427
"(1800, 3076, 1140, 1837)",0.6020963788032532
"(3257, 1490, 1946, 1575)",0.6020963191986084
"(89, 2122, 3213, 1825)",0.6020963191986084
"(2440, 3076, 574)",0.6020959615707397
"(3744, 2297, 253)",0.602095901966095
"(1800, 4291, 2140, 309)",0.6020954847335815
"(1410, 2374, 2775)",0.6020954251289368
"(5507, 1139, 2060, 1685)",0.6020953059196472
"(1274, 2775, 1365, 1410)",0.6020950675010681
"(2616, 5481, 2143)",0.602094829082489
"(128, 1953, 3900, 1744)",0.6020944714546204
"(4103, 2668, 1809, 2071, 2297)",0.6020944714546204
"(976, 793, 2979)",0.6020944714546204
"(3200, 2290, 2491)",0.6020938754081726
"(1409, 1471, 1996, 4028, 1855)",0.6020932793617249
"(1403, 309, 3190)",0.6020932793617249
"(1989, 3262, 1351)",0.6020932197570801
"(1216, 3042, 1574)",0.6020931005477905
"(1836, 568, 3834, 251, 253)",0.6020929217338562
"(3200, 1837, 1836, 29)",0.6020927429199219
"(3200, 1954, 1229)",0.6020927429199219
"(1665, 1515, 3118)",0.6020926833152771
"(1800, 498, 4779, 1836)",0.6020926833152771
"(2217, 4949, 1303)",0.6020925045013428
"(1809, 1579, 4551)",0.6020923256874084
"(2179, 1956, 3087)",0.6020922660827637
"(3057, 2452, 2541)",0.602091908454895
"(3017, 1802, 2503)",0.6020915508270264
"(568, 5004, 2015)",0.602091372013092
"(4936, 1995, 1404)",0.6020910143852234
"(1241, 1836, 4103)",0.6020908355712891
"(1403, 2109, 4517)",0.6020906567573547
"(1953, 1954, 1288, 4372, 1469)",0.60209059715271
"(5087, 1838, 1103)",0.60209059715271
"(1512, 1705, 3212, 1469)",0.6020901203155518
"(1426, 4964, 567)",0.6020901203155518
"(128, 660, 3221)",0.602090060710907
"(1953, 1446, 1390, 1974, 3519)",0.6020898818969727
"(1568, 4341, 2462)",0.6020898818969727
"(1385, 1939, 3014)",0.6020894050598145
"(4311, 1836, 1382, 1471)",0.6020892262458801
"(2756, 4725, 7)",0.6020892262458801
"(128, 1953, 258, 1446, 1963, 4718)",0.6020891666412354
"(4103, 1800, 1837, 25, 251)",0.602088987827301
"(1481, 1460, 3262)",0.6020888090133667
"(568, 89, 660, 3212)",0.602088451385498
"(2938, 2143, 1823)",0.6020882725715637
"(568, 2298, 4420)",0.602088212966919
"(5464, 85, 1414)",0.602088212966919
"(1698, 843, 2911)",0.602088212966919
"(3068, 2262, 1382, 1703)",0.6020878553390503
"(1512, 2057, 1210, 3212)",0.6020877361297607
"(2297, 3903, 1799)",0.6020874381065369
"(2473, 3068, 574)",0.6020873188972473
"(3144, 1490, 1410, 1349)",0.6020871996879578
"(1825, 3068, 1833)",0.6020869612693787
"(2090, 4708, 1374)",0.60208660364151
"(1800, 2497, 3075, 1844)",0.60208660364151
"(2160, 1836, 4029, 1999)",0.6020865440368652
"(2160, 2358, 3471)",0.6020864248275757
"(1382, 1844, 3076, 574)",0.602086067199707
"(1800, 25, 3265, 2297)",0.6020850539207458
"(2610, 2787, 1901)",0.6020848751068115
"(1473, 2227, 3166)",0.6020846962928772
"(1529, 1501, 5446)",0.6020841598510742
"(2632, 4103, 1999)",0.6020836234092712
"(1512, 1933, 3574)",0.6020835638046265
"(1696, 2998, 2734)",0.6020835638046265
"(443, 1837, 3999)",0.602083146572113
"(2441, 2148, 4356)",0.6020828485488892
"(1577, 4931, 309)",0.6020827889442444
"(1800, 4617, 1836)",0.6020827293395996
"(2560, 1801, 258, 4329)",0.6020824909210205
"(1801, 660, 2057, 4351)",0.6020818948745728
"(1512, 1953, 2057, 4359)",0.6020817160606384
"(4169, 1577, 1837)",0.6020817160606384
"(4532, 2541, 2494)",0.6020817160606384
"(128, 2057, 1963, 1933, 89, 4351)",0.6020815968513489
"(1392, 1491, 4544)",0.6020815968513489
"(739, 493, 4703)",0.6020813584327698
"(3192, 1578, 1382)",0.6020811796188354
"(1656, 1836, 3200)",0.6020811200141907
"(1600, 2242, 4029)",0.6020810604095459
"(2529, 2354, 2775)",0.6020810008049011
"(3682, 1628, 2590)",0.6020810008049011
"(3169, 1781, 294)",0.602080762386322
"(553, 5473, 1317)",0.602080762386322
"(1800, 1953, 1890, 4370)",0.602080762386322
"(304, 1467, 2868)",0.6020806431770325
"(1825, 2122, 4350, 1838)",0.6020804643630981
"(1499, 380, 3085)",0.6020802855491638
"(3257, 1490, 2607)",0.602080225944519
"(1825, 2958, 2718, 1390)",0.6020798087120056
"(568, 2668, 4303)",0.6020796298980713
"(1698, 2389, 2911)",0.6020795702934265
"(568, 2958, 1071)",0.602079451084137
"(128, 1953, 5160, 2738, 660)",0.602078914642334
"(3200, 2506, 2298)",0.6020784974098206
"(3200, 1403, 1838)",0.6020780801773071
"(1809, 3203, 1247)",0.602077841758728
"(2790, 2299, 2070, 1487)",0.6020776629447937
"(1809, 2473, 4103)",0.6020775437355042
"(1512, 2275, 3212, 2279)",0.6020774841308594
"(3200, 1578, 2668)",0.6020774841308594
"(4103, 1611, 1996, 2351)",0.6020773649215698
"(2946, 1446, 1933, 493, 1390)",0.602077305316925
"(1490, 4323, 2354)",0.6020768284797668
"(128, 1953, 1801, 1933, 4150)",0.6020768284797668
"(3426, 1800, 1836, 251, 253)",0.6020766496658325
"(2298, 3171, 493, 294)",0.6020761728286743
"(2530, 1669, 3085)",0.602075457572937
"(25, 1068, 3900)",0.602075457572937
"(1809, 178, 4554)",0.6020749807357788
"(128, 1801, 2738, 4718)",0.6020746231079102
"(4332, 1837, 254)",0.6020745038986206
"(3904, 1825, 1890, 2718)",0.6020744442939758
"(1800, 3050, 2028)",0.6020742058753967
"(1962, 1709, 4981)",0.6020740270614624
"(2473, 2298, 2446, 3663)",0.6020738482475281
"(1953, 1954, 1288, 1067, 4372, 1469)",0.6020737290382385
"(440, 1740, 2790)",0.6020737290382385
"(1809, 739, 3900)",0.6020736694335938
"(2297, 3815, 1383)",0.6020736694335938
"(3075, 1382, 1800, 137, 1844)",0.6020735502243042
"(1825, 493, 3213, 1703)",0.6020733118057251
"(1352, 3075, 493)",0.6020731329917908
"(4488, 1921, 2261)",0.6020725965499878
"(3239, 2302, 1807)",0.6020724773406982
"(3224, 2593, 2074, 275)",0.6020723581314087
"(1809, 739, 4857)",0.6020715236663818
"(1986, 1960, 267, 3085, 1490, 1491, 1333)",0.6020714044570923
"(1490, 2541, 5190)",0.6020710468292236
"(1641, 3017, 1437)",0.6020705103874207
"(2568, 3293, 1989)",0.6020703911781311
"(1305, 5413, 1326)",0.6020703315734863
"(1953, 2668, 1469, 4103)",0.6020702719688416
"(1953, 1786, 1836, 3834)",0.6020700335502625
"(2297, 1844, 2958)",0.6020696759223938
"(5091, 2389, 1310)",0.6020695567131042
"(1800, 1836, 4924)",0.6020694971084595
"(4816, 2427, 1484)",0.6020691394805908
"(2530, 1605, 54, 3085)",0.6020687222480774
"(296, 3313, 954)",0.6020683646202087
"(2441, 2443, 3815)",0.6020681858062744
"(2521, 900, 3085, 54)",0.6020681262016296
"(1355, 1939, 1310, 4886)",0.6020681262016296
"(2776, 1378, 2083, 1452)",0.6020679473876953
"(2777, 1740, 1415)",0.6020679473876953
"(4544, 54, 2159)",0.6020678877830505
"(296, 4545, 1709)",0.6020678877830505
"(128, 2275, 2958)",0.6020678877830505
"(3778, 1475, 1979, 1447)",0.6020678281784058
"(4768, 1709, 1439)",0.602067232131958
"(3271, 2275, 2718, 2519)",0.602067232131958
"(2008, 2057, 3212)",0.6020671725273132
"(2025, 1803, 2718, 2959)",0.6020671129226685
"(568, 3202, 2440)",0.6020660400390625
"(2953, 1396, 70)",0.6020659804344177
"(3290, 1427, 2534)",0.6020658016204834
"(2027, 4012, 2102)",0.6020652055740356
"(2028, 5214, 1071)",0.602064847946167
"(128, 4826, 2738, 660)",0.6020647287368774
"(3075, 1800, 1836, 1944, 25)",0.6020646095275879
"(2131, 1299, 2796)",0.6020640730857849
"(616, 2916, 2278)",0.6020636558532715
"(3882, 739, 398)",0.6020632982254028
"(2608, 4354, 1709)",0.6020632982254028
"(560, 3200, 1469)",0.6020632386207581
"(169, 4977, 1439)",0.6020629405975342
"(3075, 1837, 1844, 567, 2297)",0.6020627021789551
"(568, 251, 1836, 4103)",0.6020625233650208
"(2057, 493, 4695)",0.6020624041557312
"(128, 1801, 258, 3471)",0.6020622253417969
"(1777, 1154, 2790)",0.6020621657371521
"(1513, 2532, 2777)",0.6020621061325073
"(1837, 567, 2297, 1469, 3198)",0.6020612716674805
"(2777, 2259, 2308)",0.6020612716674805
"(1707, 4531, 1382)",0.6020611524581909
"(318, 3085, 54)",0.6020611524581909
"(1560, 2243, 3231)",0.6020610332489014
"(2298, 524, 3519)",0.6020605564117432
"(1800, 2057, 3075, 1837)",0.6020604372024536
"(3200, 251, 1606)",0.602059543132782
"(4337, 1524, 1391)",0.6020594239234924
"(2616, 2672, 2868)",0.6020592451095581
"(2541, 1565, 3055)",0.6020580530166626
"(1512, 1705, 3937)",0.6020579934120178
"(3200, 1601, 575)",0.6020574569702148
"(1996, 1549, 4103)",0.6020573973655701
"(3203, 2140, 1446)",0.6020573973655701
"(568, 25, 3900)",0.6020567417144775
"(3200, 309, 253)",0.6020565629005432
"(1740, 4125, 2070)",0.6020565629005432
"(2298, 4423, 1799)",0.6020563840866089
"(4353, 1571, 2140)",0.6020562648773193
"(1512, 3937, 523)",0.602056086063385
"(1800, 3900, 1549)",0.602056086063385
"(1288, 1953, 4922)",0.6020554900169373
"(251, 253, 4774)",0.6020553708076477
"(4560, 1994, 1979, 1510)",0.6020552515983582
"(4545, 2090, 2534, 1351)",0.602055013179779
"(2425, 5459, 2577)",0.602055013179779
"(128, 1953, 1446, 1801, 1963, 4415)",0.6020545959472656
"(4103, 2668, 1836, 1469, 2399)",0.6020544767379761
"(25, 1386, 3265, 1809)",0.602054238319397
"(1688, 4513, 2453)",0.6020541191101074
"(2560, 1890, 1446, 1963, 660, 3519)",0.6020540595054626
"(3200, 1091, 1383)",0.6020538806915283
"(2179, 1956, 4125, 2070)",0.602053701877594
"(1963, 1933, 2417, 4347, 159)",0.6020532250404358
"(3265, 1836, 127)",0.6020529866218567
"(2941, 1437, 94)",0.6020529866218567
"(459, 2812, 1319)",0.602052628993988
"(1059, 747, 2979)",0.6020525693893433
"(1528, 4545, 1444)",0.6020525693893433
"(4580, 1172, 1325)",0.6020523309707642
"(1976, 4193, 2338)",0.6020523309707642
"(1953, 4324, 1471)",0.6020521521568298
"(1512, 2057, 660, 4728)",0.6020520329475403
"(2552, 4545, 1283)",0.6020514369010925
"(1953, 4103, 1386, 1390, 1786)",0.6020513772964478
"(1809, 2178, 5066)",0.6020512580871582
"(3002, 2738, 1974)",0.6020510792732239
"(1466, 1284, 2686, 2911)",0.6020506024360657
"(4625, 2332, 2302)",0.602050244808197
"(1968, 2457, 3535)",0.6020498275756836
"(1953, 1837, 4029, 25, 1469)",0.6020491719245911
"(1402, 1834, 3166)",0.6020491719245911
"(1506, 4354, 2598, 2125, 2619)",0.6020484566688538
"(128, 1953, 1744, 4338, 568)",0.6020483374595642
"(251, 253, 4551)",0.6020483374595642
"(1800, 4426, 1836, 1232, 25)",0.6020482778549194
"(75, 1470, 2775)",0.6020482778549194
"(128, 1953, 3519, 567)",0.6020481586456299
"(128, 1446, 4329, 660, 1974)",0.6020480990409851
"(1953, 1446, 1801, 1963, 1933, 1390, 3219, 1974)",0.6020478010177612
"(5106, 2692, 1431)",0.6020477414131165
"(25, 3050, 574)",0.6020475029945374
"(1809, 739, 4717)",0.602047324180603
"(3073, 739, 2127)",0.602047324180603
"(1800, 4386, 2475, 1836)",0.6020470261573792
"(5424, 1481, 58)",0.6020470261573792
"(25, 1811, 4428)",0.6020464301109314
"(2592, 1932, 3334)",0.6020463705062866
"(128, 1953, 4169, 1744, 568)",0.6020460724830627
"(1800, 385, 3211, 1836)",0.6020455956459045
"(128, 1953, 3212, 1744, 568)",0.6020451188087463
"(568, 2298, 3200)",0.602044939994812
"(4666, 1836, 1382)",0.6020440459251404
"(1409, 2325, 4103)",0.602043867111206
"(576, 2178, 4326)",0.602043867111206
"(2441, 4410, 1606)",0.6020437479019165
"(1809, 178, 3815)",0.6020436882972717
"(1512, 89, 3212, 2161)",0.6020435690879822
"(1754, 1774, 2895)",0.6020431518554688
"(2529, 1986, 2775)",0.6020427346229553
"(64, 5294, 2014, 2006)",0.602042555809021
"(793, 747, 2979)",0.6020416617393494
"(1446, 1933, 493, 1390, 2808)",0.6020416021347046
"(1800, 4103, 1836, 1247)",0.6020415425300598
"(128, 258, 2946, 1963, 1933, 660)",0.602041482925415
"(1777, 2083, 4545)",0.6020411849021912
"(978, 3525, 567)",0.6020408868789673
"(3212, 398, 159)",0.6020404696464539
"(2953, 1499, 2708)",0.6020401120185852
"(128, 2718, 4415)",0.6020399332046509
"(1446, 2397, 1390, 4420)",0.6020397543907166
"(1936, 3397, 183)",0.6020393371582031
"(1800, 1890, 3078, 1703)",0.6020388603210449
"(1697, 2938, 1740)",0.6020388603210449
"(1274, 1365, 3535)",0.602038562297821
"(128, 1801, 1963, 1933, 2958)",0.6020380258560181
"(1353, 4545, 1709)",0.6020379662513733
"(1802, 2916, 2213)",0.6020376086235046
"(1800, 1836, 2968, 2140)",0.6020370125770569
"(2058, 2396, 4925)",0.6020367741584778
"(1954, 4757, 1974)",0.6020365953445435
"(568, 3042, 1574)",0.60203617811203
"(2529, 3019, 1788, 2582)",0.6020360589027405
"(1989, 1460, 190, 1949, 2942)",0.6020360589027405
"(3075, 1382, 1703, 1800, 1836, 2028, 1844)",0.6020360589027405
"(1953, 1954, 1288, 2962, 1469, 2718)",0.6020359992980957
"(4546, 891, 1382)",0.6020355224609375
"(2541, 1829, 4886)",0.6020355224609375
"(2362, 5410, 1230)",0.6020355224609375
"(1539, 2953, 1315)",0.6020355224609375
"(128, 1953, 1890, 4869, 1446, 1801, 1390)",0.602035403251648
"(251, 1836, 141, 4454)",0.6020351648330688
"(1353, 1709, 3639)",0.6020351052284241
"(1792, 3202, 1799)",0.6020350456237793
"(1809, 2178, 4349)",0.6020350456237793
"(520, 2121, 2817)",0.6020349264144897
"(25, 739, 4245)",0.602034330368042
"(1944, 739, 3900)",0.6020342707633972
"(2588, 1390, 4420)",0.6020341515541077
"(128, 1446, 1801, 1963, 2958)",0.602033793926239
"(3085, 1476, 1509)",0.6020334959030151
"(3076, 1837, 1382, 1703)",0.6020333766937256
"(4465, 1963, 1933, 1974)",0.6020328402519226
"(1800, 25, 2297, 3815)",0.6020327806472778
"(1512, 2473, 3212, 631)",0.6020327210426331
"(1809, 2441, 4103)",0.6020326614379883
"(2080, 1067, 3200, 1071)",0.6020326018333435
"(1953, 1288, 2057, 1469, 2718, 3903)",0.6020321846008301
"(2298, 4420, 1838)",0.6020321846008301
"(1936, 1970, 1973, 2010, 3421)",0.602031946182251
"(2297, 4586, 1382, 567)",0.6020317673683167
"(3656, 2541, 1829, 1830)",0.6020317673683167
"(3200, 25, 251)",0.6020317077636719
"(3298, 739, 567)",0.602031409740448
"(601, 602, 5414)",0.6020311713218689
"(1673, 1962, 4897)",0.602030873298645
"(3238, 2541, 1566)",0.6020306944847107
"(128, 1953, 3021, 1744, 568)",0.6020306348800659
"(1944, 3204, 2446)",0.6020302176475525
"(2980, 1477, 1669)",0.6020301580429077
"(1456, 1286, 3095)",0.6020290851593018
"(1328, 4545, 1371)",0.6020288467407227
"(1762, 1349, 73, 1943, 2775)",0.6020287871360779
"(4417, 2738, 2718)",0.6020287275314331
"(498, 739, 4103)",0.6020286083221436
"(1481, 3063, 1351)",0.6020286083221436
"(1970, 1662, 3487)",0.6020277738571167
"(2307, 4725, 1143)",0.6020275950431824
"(1800, 546, 1836, 3021)",0.6020272374153137
"(2785, 35, 1684)",0.602026641368866
"(304, 273, 3214)",0.6020265817642212
"(4386, 2297, 1382, 1799, 1800, 25)",0.6020264625549316
"(1409, 1611, 4467)",0.6020264029502869
"(1704, 3224, 1470, 1943)",0.6020263433456421
"(1365, 1470, 3535)",0.6020262241363525
"(1924, 516, 2775)",0.6020260453224182
"(1809, 2202, 1836, 4527)",0.6020257472991943
"(4416, 1809, 739)",0.6020256876945496
"(251, 574, 4103)",0.6020245552062988
"(3313, 1939, 1310)",0.6020243167877197
"(3746, 2045, 567)",0.6020243167877197
"(128, 4369, 660)",0.602024257183075
"(1954, 1703, 1800, 660, 4119)",0.6020240783691406
"(1777, 4545, 1709)",0.6020236611366272
"(1577, 2969, 575)",0.6020228266716003
"(3257, 1641, 1315)",0.6020227074623108
"(2953, 2530, 54)",0.6020225882530212
"(2298, 1220, 5132)",0.6020225882530212
"(576, 4486, 1574, 1744)",0.6020218729972839
"(1426, 2859, 1382)",0.6020212173461914
"(1800, 1844, 3076, 567)",0.6020208597183228
"(2440, 4273, 1844)",0.602020800113678
"(128, 385, 1953, 567, 4638)",0.6020206212997437
"(1962, 3835, 1367)",0.6020201444625854
"(2080, 1426, 4418)",0.6020199060440063
"(4103, 2446, 1999)",0.6020196080207825
"(2057, 3075, 2297, 1382)",0.6020189523696899
"(155, 2844, 13)",0.6020189523696899
"(2568, 4545, 1319, 439)",0.6020189523696899
"(1953, 2946, 1963, 1974)",0.6020183563232422
"(1800, 4770, 1836, 567)",0.6020172238349915
"(128, 1801, 2738, 4186)",0.6020172238349915
"(2541, 2006, 4919)",0.6020171642303467
"(3535, 2572, 1519)",0.6020170450210571
"(1801, 660, 4908)",0.6020169854164124
"(2441, 739, 4244)",0.6020169854164124
"(89, 4418, 575)",0.6020169854164124
"(4681, 1426, 2028)",0.602016806602478
"(2953, 1740, 54)",0.6020166873931885
"(3427, 1800, 1386, 1836, 1549)",0.6020166277885437
"(4205, 374, 1463)",0.6020165085792542
"(128, 1446, 1801, 1963, 1933, 1390, 3219, 1974)",0.602016031742096
"(1800, 1836, 2968, 2015)",0.6020159125328064
"(4545, 2541, 38)",0.6020158529281616
"(1944, 3075, 1382, 1703)",0.6020158529281616
"(1944, 739, 4245)",0.6020157337188721
"(2808, 2057, 1974, 1446)",0.6020153164863586
"(1512, 523, 3021)",0.6020152568817139
"(128, 1953, 4475, 1744)",0.6020152568817139
"(2086, 3076, 1382)",0.6020150780677795
"(1446, 1703, 1390, 3219, 1974)",0.6020150780677795
"(560, 1836, 3200)",0.6020148992538452
"(2018, 2621, 3047)",0.6020148992538452
"(2529, 1704, 2706, 2451, 2582, 2775)",0.6020148992538452
"(304, 5030, 2199)",0.6020144820213318
"(1600, 386, 3079, 575)",0.6020142436027527
"(1392, 1491, 3591)",0.6020141839981079
"(3635, 747, 469)",0.6020141243934631
"(3904, 739, 1390)",0.6020135879516602
"(3072, 2446, 2447)",0.6020134091377258
"(5546, 2302, 1807)",0.6020130515098572
"(4339, 1837, 1382, 1383)",0.6020127534866333
"(1776, 2475, 4582, 2351)",0.6020126342773438
"(1800, 25, 3050, 1836)",0.602012574672699
"(4332, 1837, 2487)",0.602012574672699
"(2057, 1203, 2958)",0.602012574672699
"(1763, 573, 5563)",0.6020124554634094
"(2473, 2298, 4420, 1781)",0.6020123958587646
"(3057, 2546, 1318)",0.6020123958587646
"(2212, 380, 3085)",0.6020122766494751
"(3512, 459, 1502)",0.6020116209983826
"(2465, 1349, 2582, 2775)",0.602011501789093
"(2441, 3075, 1844, 1382)",0.6020114421844482
"(1800, 1954, 3891)",0.6020112633705139
"(4545, 1939, 110)",0.6020112633705139
"(1465, 4178, 493)",0.6020108461380005
"(25, 4554, 251)",0.6020105481147766
"(2616, 3214, 1467, 1294)",0.6020099520683289
"(1960, 2541, 2775)",0.6020099520683289
"(2546, 1318, 2775)",0.602009654045105
"(1799, 5317, 567)",0.6020092964172363
"(3042, 2116, 46)",0.6020092368125916
"(3200, 1802, 1539, 2503)",0.6020087003707886
"(3882, 2446, 2447)",0.602008044719696
"(2568, 1827, 3262)",0.6020079851150513
"(370, 4324, 1469)",0.6020077466964722
"(1403, 1068, 3900)",0.6020076274871826
"(2968, 567, 568, 25, 574)",0.6020070910453796
"(1953, 4103, 1836, 1837, 1809, 1786)",0.6020067930221558
"(4795, 1836, 1382, 1471)",0.6020066142082214
"(2240, 58, 4123)",0.6020066142082214
"(2473, 2298, 4178, 567)",0.6020060181617737
"(2568, 3408, 2427)",0.6020060181617737
"(1382, 1703, 1352, 1837, 4338)",0.6020058989524841
"(2297, 3203, 1382, 1383)",0.6020057201385498
"(3519, 1322, 631)",0.6020053029060364
"(1825, 4382, 1703)",0.6020050644874573
"(2616, 1939, 3413)",0.6020045876502991
"(121, 1034, 3276)",0.6020044684410095
"(1512, 4379, 660)",0.60200434923172
"(568, 1800, 1836, 3049)",0.6020042896270752
"(1953, 4465, 1933, 1974)",0.6020042896270752
"(2616, 2672, 3214)",0.6020039916038513
"(1809, 739, 3297)",0.6020039319992065
"(2568, 1989, 3262)",0.6020035147666931
"(1568, 5173, 2462)",0.6020030379295349
"(4454, 1800, 1386, 1836, 1549)",0.6020029783248901
"(25, 739, 4243, 2358)",0.6020027995109558
"(1512, 3212, 2486, 2279)",0.602002739906311
"(1802, 1315, 3019)",0.6020025610923767
"(128, 1953, 1801, 1933, 4383)",0.6020020842552185
"(1352, 1996, 4447)",0.6020019054412842
"(3203, 1084, 574)",0.6020014882087708
"(3200, 1809, 2473)",0.6020014882087708
"(251, 1836, 1469, 4103)",0.6020012497901917
"(2017, 1834, 3166)",0.6020011901855469
"(341, 646, 2895)",0.6020011901855469
"(4417, 2718, 2275, 86)",0.6020010709762573
"(1953, 1954, 1288, 2057, 2962, 1469)",0.6020008325576782
"(1809, 739, 4141)",0.6020008325576782
"(1809, 3265, 1837, 1382)",0.60200035572052
"(1568, 3154, 2462)",0.60200035572052
"(1800, 1250, 3021)",0.60200035572052
"(2027, 3739, 2102)",0.6020002961158752
"(2427, 2356, 2798)",0.6020001173019409
"(2297, 1390, 4483, 1382)",0.6019999980926514
"(2192, 2461, 3047)",0.6019997596740723
"(370, 1469, 4303)",0.6019995808601379
"(2290, 4854, 2262)",0.6019995212554932
"(739, 493, 4526)",0.6019992828369141
"(1144, 4354, 511)",0.6019992828369141
"(1800, 1836, 3076, 574)",0.6019986867904663
"(1800, 25, 3265, 1809)",0.6019986271858215
"(2473, 2298, 2446, 4871)",0.6019982099533081
"(3257, 2354, 1990)",0.6019980311393738
"(568, 2160, 3200)",0.6019975543022156
"(3552, 2217, 2444, 1902, 1919)",0.6019968390464783
"(1953, 2956, 285, 1703)",0.6019964814186096
"(128, 1953, 1963, 1974, 3519)",0.6019962430000305
"(2297, 4969, 1837, 141)",0.6019962430000305
"(1409, 1953, 1469, 4103)",0.6019960641860962
"(1800, 3834, 251, 2668)",0.6019959449768066
"(1650, 412, 3815)",0.6019958257675171
"(1954, 3298, 1703)",0.6019952893257141
"(128, 385, 1953, 4483, 567)",0.6019949316978455
"(2148, 1838, 3215, 2422, 1403)",0.6019947528839111
"(1512, 1705, 1953, 3212)",0.6019946932792664
"(1339, 3014, 1983)",0.6019946932792664
"(739, 3900, 2109)",0.6019943356513977
"(1809, 25, 3265, 1382)",0.6019942164421082
"(3200, 1999, 535)",0.6019931435585022
"(1481, 5099, 1444, 1351)",0.6019929647445679
"(4608, 1740, 1415)",0.6019927859306335
"(474, 66, 3415)",0.6019926071166992
"(2440, 84, 3200)",0.6019926071166992
"(2032, 3682, 1596)",0.6019923686981201
"(3144, 1490, 2267, 1478)",0.6019921898841858
"(1424, 5046, 87)",0.6019918322563171
"(2441, 3219, 1781)",0.601991593837738
"(1800, 660, 3471, 1703)",0.601991593837738
"(184, 2529, 3017)",0.6019914746284485
"(1488, 4545, 1378)",0.6019911170005798
"(1720, 3045, 13)",0.6019910573959351
"(1641, 2546, 4599)",0.6019909381866455
"(1944, 2297, 3525, 1382)",0.6019905209541321
"(2160, 4024, 2358)",0.6019904613494873
"(3200, 2721, 2275)",0.6019903421401978
"(4328, 1577, 2718, 2486)",0.601990282535553
"(1944, 5168, 2178)",0.6019901037216187
"(2938, 1283, 2310)",0.6019899845123291
"(1520, 4688, 2591)",0.6019899249076843
"(3408, 459, 2541)",0.60198974609375
"(3192, 2507, 574)",0.6019896864891052
"(1572, 1662, 5311)",0.6019895672798157
"(4103, 251, 1836, 2140)",0.6019893288612366
"(25, 4683, 2297, 1837)",0.6019889116287231
"(25, 1091, 1836, 4103)",0.601988673210144
"(73, 92, 3063)",0.6019884347915649
"(1409, 1471, 1996, 4446, 1855)",0.6019883751869202
"(568, 1426, 1836, 4141)",0.6019883751869202
"(4552, 332, 1382)",0.6019882559776306
"(4103, 1836, 1469, 1999)",0.6019882559776306
"(3840, 2178, 567)",0.6019880175590515
"(1512, 2057, 3212, 398)",0.6019878387451172
"(1944, 2001, 3200)",0.6019876003265381
"(3500, 806, 1303)",0.6019874215126038
"(3054, 1396, 1398, 1519)",0.6019872426986694
"(1809, 386, 4638, 575)",0.6019867062568665
"(2050, 190, 2911)",0.6019867062568665
"(2064, 1666, 3412)",0.60198575258255
"(2440, 2057, 3212)",0.60198575258255
"(5464, 1433, 2341)",0.60198575258255
"(1800, 498, 1836, 3076)",0.6019856929779053
"(3076, 1838, 1383)",0.6019856333732605
"(3266, 1800, 1836, 1837, 25)",0.6019853353500366
"(4331, 1837, 1382)",0.601984977722168
"(3076, 2310, 1383)",0.601984977722168
"(2417, 1446, 1390, 4415)",0.6019846796989441
"(2008, 4353, 1571)",0.6019845008850098
"(106, 2334, 3415)",0.6019842624664307
"(1953, 1800, 1836, 4410, 1786)",0.6019841432571411
"(1953, 4103, 1836, 1944, 1469)",0.6019841432571411
"(1174, 3221, 446)",0.6019840240478516
"(1512, 178, 3212)",0.6019840240478516
"(444, 597, 3983)",0.6019836068153381
"(1953, 4103, 1578, 1836, 1786)",0.6019832491874695
"(2460, 1388, 2790)",0.6019829511642456
"(568, 1817, 3200)",0.601982831954956
"(2953, 1362, 2530)",0.6019826531410217
"(89, 4362, 2140)",0.6019823551177979
"(386, 3075, 1800, 1836, 575)",0.6019819974899292
"(568, 3266, 2178)",0.6019818186759949
"(1618, 3042, 1574, 1615)",0.6019818186759949
"(1963, 1933, 2417, 3219, 159)",0.6019816398620605
"(2290, 2188, 3900)",0.6019816398620605
"(1579, 4103, 1471)",0.6019811034202576
"(3075, 1382, 1800, 2286, 1844)",0.601980984210968
"(1825, 1446, 2473, 1963, 4178, 2740)",0.6019809246063232
"(4554, 309, 253)",0.6019806861877441
"(89, 2140, 3271)",0.6019793748855591
"(2777, 173, 2102, 1151)",0.6019793748855591
"(2057, 739, 4353)",0.6019793152809143
"(2456, 2177, 1300, 2796)",0.6019793152809143
"(336, 1800, 4779, 1836)",0.6019793152809143
"(568, 2968, 2446, 2447)",0.6019790172576904
"(1512, 2441, 3212)",0.6019787788391113
"(1953, 1954, 1288, 3788, 89, 1469)",0.6019784212112427
"(4103, 2071, 1247)",0.6019782423973083
"(1641, 2546, 4534)",0.6019781827926636
"(2057, 533, 4382)",0.6019780039787292
"(1512, 89, 2473, 3212)",0.6019779443740845
"(4417, 2025, 1803, 2718)",0.6019778847694397
"(2441, 3076, 1383)",0.6019771099090576
"(2033, 2972, 2029)",0.6019770503044128
"(4816, 1979, 2341, 1502)",0.6019769906997681
"(739, 4244, 2109)",0.6019760370254517
"(128, 1953, 1446, 1801, 1963, 1781, 3519)",0.6019757986068726
"(1825, 2122, 4383)",0.6019750833511353
"(1800, 1953, 1890, 3519)",0.6019747257232666
"(2208, 2974, 1063)",0.601974606513977
"(560, 1641, 3257)",0.601974368095398
"(2374, 4593, 54)",0.601973831653595
"(2057, 493, 4351)",0.6019737720489502
"(1600, 3076, 575)",0.6019737720489502
"(3890, 2446, 2447)",0.6019737124443054
"(1825, 2185, 4420, 1833)",0.6019734144210815
"(2217, 2427, 3310)",0.6019728183746338
"(2443, 3021, 2351)",0.601972758769989
"(1800, 4633, 1890, 1703)",0.6019726395606995
"(3266, 251, 254)",0.6019719243049622
"(568, 2290, 2188, 2968)",0.601971447467804
"(1825, 4383, 1833)",0.6019713282585144
"(3290, 1427, 1807)",0.6019712686538696
"(1963, 1933, 1974, 3215)",0.6019710302352905
"(128, 2738, 660, 4620)",0.6019707918167114
"(2006, 1566, 2981)",0.6019706726074219
"(1953, 285, 3174, 1703)",0.6019706130027771
"(1440, 4513, 66)",0.6019700169563293
"(25, 1426, 309, 4353)",0.6019697785377502
"(128, 1446, 1288, 1801, 4413)",0.6019695997238159
"(1464, 3593, 1750)",0.6019695997238159
"(1481, 4932, 1463)",0.6019695401191711
"(4150, 1963, 1974)",0.6019693613052368
"(1849, 637, 4873)",0.6019690632820129
"(2121, 1665, 4354)",0.60196852684021
"(1825, 1386, 3815)",0.6019683480262756
"(4672, 2297, 1382, 1383)",0.6019682288169861
"(2938, 2562, 1286)",0.6019678711891174
"(1960, 2354, 3144, 1943)",0.6019678115844727
"(568, 1776, 251, 4454)",0.6019672155380249
"(1386, 1799, 3202, 1383)",0.6019670963287354
"(3224, 1929, 1339)",0.6019670963287354
"(128, 1953, 3192, 1744)",0.6019670367240906
"(267, 3238, 1990)",0.601966917514801
"(5113, 2738, 1974)",0.6019666194915771
"(1288, 3617, 1467)",0.6019663214683533
"(2080, 163, 3815)",0.6019658446311951
"(128, 3212, 2738, 660)",0.6019656658172607
"(2568, 5106, 2692)",0.6019655466079712
"(1514, 2090, 4583)",0.6019655466079712
"(1465, 3891, 1383)",0.6019653677940369
"(128, 1953, 4942)",0.601965069770813
"(1152, 2022, 2973, 1782)",0.6019645929336548
"(1098, 332, 3815)",0.6019645929336548
"(4816, 1994, 1682)",0.6019644737243652
"(3408, 2641, 459)",0.6019644141197205
"(64, 1529, 5030)",0.6019643545150757
"(568, 1577, 4624, 2718)",0.6019641160964966
"(1953, 1763, 4103, 1837, 1469)",0.6019631624221802
"(2881, 1829, 1830, 1871)",0.6019631624221802
"(2616, 3270, 2655)",0.6019629836082458
"(1506, 5498, 1862)",0.6019629836082458
"(1512, 459, 5279)",0.6019628643989563
"(1953, 4103, 1386, 1836, 1786, 1469)",0.6019625663757324
"(2297, 251, 1382, 4103)",0.6019624471664429
"(539, 2916, 2278)",0.6019622087478638
"(1953, 251, 1837, 4103)",0.6019622087478638
"(4103, 1800, 1836, 1837, 251, 253)",0.6019617319107056
"(1825, 2122, 1222, 3169)",0.6019617319107056
"(1960, 1410, 3019)",0.6019616723060608
"(1382, 1386, 1837, 3190, 575)",0.6019613742828369
"(1960, 4599, 54, 1943)",0.6019612550735474
"(1953, 1446, 1963, 493, 1390, 3519)",0.6019611358642578
"(128, 1446, 1963, 1390, 660, 4351)",0.601961076259613
"(2973, 1963, 1933, 1446)",0.6019607186317444
"(1416, 4801, 1430, 1607)",0.6019606590270996
"(385, 3042, 567)",0.6019603610038757
"(2297, 2475, 4999)",0.6019601225852966
"(408, 1771, 3708)",0.6019589900970459
"(1481, 4545, 2069)",0.6019586324691772
"(128, 385, 1953, 3021, 567)",0.6019585728645325
"(1705, 739, 3900)",0.6019584536552429
"(1953, 1386, 1786, 4311)",0.6019583940505981
"(2026, 2956, 645)",0.6019583940505981
"(1552, 1769, 4486)",0.6019582748413086
"(1577, 4931, 2140)",0.6019582152366638
"(1491, 2451, 2775)",0.6019578576087952
"(1446, 1933, 493, 1390, 4381)",0.6019577980041504
"(2160, 3200, 2446)",0.6019577980041504
"(1976, 171, 3109)",0.6019577980041504
"(25, 3900, 567)",0.6019572615623474
"(3145, 1333, 1077)",0.6019569039344788
"(4328, 1825, 2721, 1703)",0.6019566655158997
"(1944, 4329, 2298)",0.6019565463066101
"(1953, 2438, 1288, 3788, 1469)",0.6019564270973206
"(2298, 19, 4871)",0.6019558310508728
"(1706, 2346, 4510)",0.6019555926322937
"(2028, 5213, 1071)",0.6019548773765564
"(1568, 3920, 1547)",0.6019546389579773
"(1944, 3204, 84)",0.6019545793533325
"(2616, 2458, 2869)",0.6019544005393982
"(1825, 3183, 493, 1703)",0.6019542217254639
"(1996, 1855, 4406, 1471)",0.6019542217254639
"(1704, 2465, 2775)",0.6019541025161743
"(1446, 1703, 1390, 3222, 1974)",0.6019535660743713
"(25, 3900, 2127)",0.6019532084465027
"(1953, 386, 4273, 575)",0.6019531488418579
"(128, 2275, 4391)",0.601952850818634
"(1481, 1827, 5127)",0.6019526124000549
"(25, 574, 3815)",0.6019524931907654
"(2290, 2188, 3887)",0.6019524335861206
"(1386, 413, 3815)",0.6019523739814758
"(2440, 4348, 567)",0.601952314376831
"(89, 1426, 4243)",0.6019522547721863
"(631, 4549, 567)",0.6019520163536072
"(128, 1953, 4420, 1446, 1963, 2718)",0.6019518375396729
"(2897, 2425, 539)",0.601951539516449
"(3265, 1836, 1247)",0.6019514203071594
"(1529, 1491, 3276)",0.6019513607025146
"(1953, 1446, 1963, 493, 1390, 2959)",0.6019508838653564
"(2008, 25, 1836, 4353)",0.6019505858421326
"(3215, 1963, 1933, 519)",0.6019501686096191
"(3017, 2541, 2143)",0.6019501686096191
"(1403, 2109, 3215)",0.6019501686096191
"(2473, 2298, 4652, 567)",0.6019500494003296
"(1424, 770, 3731)",0.6019496321678162
"(665, 4322, 686)",0.601949155330658
"(1800, 3426, 332, 1836)",0.6019490361213684
"(3200, 590, 1535)",0.601948618888855
"(3266, 1386, 1837, 1382)",0.6019484400749207
"(3682, 885, 2590)",0.6019484400749207
"(2483, 1709, 2822)",0.6019484400749207
"(3200, 459, 1382)",0.6019484400749207
"(336, 2297, 4779, 1382)",0.6019482016563416
"(1809, 498, 739, 5037)",0.6019479036331177
"(1520, 2009, 3019)",0.6019478440284729
"(2942, 1299, 1982)",0.6019477844238281
"(1555, 5052, 1565)",0.6019477844238281
"(1611, 4029, 1855)",0.6019477844238281
"(1490, 4674, 1535)",0.6019474864006042
"(128, 1953, 1890, 3215)",0.6019474267959595
"(1960, 4578, 1491, 1990)",0.6019471883773804
"(2298, 19, 4178)",0.6019470691680908
"(2025, 4466, 1803, 2718)",0.6019467711448669
"(1774, 2953, 54)",0.6019465923309326
"(1288, 1552, 1574, 4407)",0.6019454598426819
"(1667, 3014, 2534)",0.6019454598426819
"(2473, 1574, 4615)",0.6019452810287476
"(1943, 2775, 79)",0.601945161819458
"(1208, 1953, 4329, 2718)",0.6019448041915894
"(1837, 4338, 1844, 567, 2297)",0.6019445061683655
"(1953, 1890, 2718, 2946)",0.6019443869590759
"(1953, 1954, 1288, 4371, 1469)",0.6019442677497864
"(2382, 1990, 2775)",0.6019441485404968
"(4545, 1980, 2598)",0.6019437313079834
"(2425, 3922, 2278)",0.6019436120986938
"(1800, 2298, 4232)",0.6019433736801147
"(1809, 3266, 141, 1382)",0.6019432544708252
"(1800, 2297, 3021, 493)",0.6019430756568909
"(2161, 385, 4341)",0.6019429564476013
"(1986, 3144, 267, 2638, 1490, 1333)",0.6019428372383118
"(4454, 2014, 2006)",0.601942777633667
"(2026, 645, 2946)",0.601942777633667
"(1512, 89, 2275, 3212)",0.6019420623779297
"(3192, 1811, 574)",0.6019418239593506
"(1800, 1890, 4024, 1703)",0.6019415259361267
"(601, 1209, 3429)",0.6019415259361267
"(3344, 1529, 1701)",0.6019415259361267
"(2722, 2275, 1288, 2969, 2718)",0.6019413471221924
"(3042, 1837, 1383)",0.6019412279129028
"(2473, 84, 1781, 3222)",0.601940929889679
"(1952, 1410, 3654, 1870, 1943)",0.6019408106803894
"(25, 4243, 493)",0.6019407510757446
"(1457, 1718, 1751, 1466, 2911)",0.6019405126571655
"(128, 1446, 1963, 1933, 1390, 1974, 4346)",0.601940393447876
"(1799, 4380, 1703)",0.6019402146339417
"(128, 1801, 2738, 4441)",0.6019399762153625
"(2584, 2941, 1830)",0.6019397377967834
"(1968, 3085, 1990)",0.6019393801689148
"(2217, 132, 5390)",0.6019385457038879
"(2775, 516, 1943)",0.6019385457038879
"(385, 4026, 567)",0.6019383668899536
"(385, 306, 3068, 567)",0.6019379496574402
"(739, 29, 4494)",0.6019377708435059
"(1481, 1444, 4545, 1351)",0.6019377708435059
"(1329, 2546, 2953, 1318)",0.6019375920295715
"(1944, 1426, 4581)",0.6019372940063477
"(2568, 2890, 2427)",0.6019371151924133
"(3042, 1844, 1837)",0.6019370555877686
"(4505, 2298, 2262)",0.601936936378479
"(2330, 3395, 1877, 2230)",0.6019367575645447
"(3525, 1836, 141, 454)",0.6019365191459656
"(2953, 1538, 1540)",0.6019365191459656
"(128, 1801, 4662, 2560)",0.6019365191459656
"(2541, 38, 3063)",0.6019365191459656
"(117, 3278, 2063)",0.6019362807273865
"(2593, 3086, 431)",0.6019361615180969
"(2080, 1386, 3815)",0.6019361019134521
"(2608, 52, 5079)",0.6019360423088074
"(1665, 2083, 4933)",0.6019357442855835
"(1705, 739, 3471)",0.6019351482391357
"(1800, 1953, 1890, 4362)",0.6019349694252014
"(2775, 1491, 2709, 1943)",0.6019347310066223
"(128, 1953, 3075, 1744, 568)",0.601934552192688
"(2083, 2058, 1827, 4545)",0.6019343137741089
"(2290, 2188, 4245)",0.6019337773323059
"(3021, 2297, 253)",0.601933479309082
"(3200, 1249, 1469)",0.6019331812858582
"(336, 2297, 3075, 1382)",0.6019330620765686
"(3200, 1123, 251)",0.6019330620765686
"(3302, 1414, 1911)",0.6019325256347656
"(128, 4145, 1963, 1933)",0.6019322872161865
"(1225, 4523, 567)",0.601932168006897
"(2160, 3198, 526)",0.6019321084022522
"(3746, 1382, 1836, 2028, 25)",0.6019320487976074
"(698, 803, 3702)",0.6019316911697388
"(1809, 498, 739, 5038)",0.601931631565094
"(3200, 306, 1837)",0.6019314527511597
"(540, 2374, 2775)",0.6019313931465149
"(1953, 4140, 2263)",0.6019312739372253
"(1480, 2217, 2994, 1461, 1919)",0.6019312739372253
"(1801, 3183, 1825, 1703)",0.6019312143325806
"(2112, 2777, 2570)",0.6019312143325806
"(89, 4466, 2718, 2486)",0.6019311547279358
"(1825, 1953, 4229)",0.6019310355186462
"(1825, 4420, 1833, 2122, 1612)",0.6019308567047119
"(1512, 89, 3212, 1577)",0.6019304990768433
"(1809, 1786, 3266, 1799)",0.6019304394721985
"(385, 3075, 1800, 1836, 1844, 567)",0.6019300818443298
"(978, 574, 3079)",0.601929783821106
"(2028, 5215, 1071)",0.6019296646118164
"(1529, 2541, 3054)",0.6019296050071716
"(1600, 2297, 1382, 4638)",0.6019294261932373
"(1305, 1675, 4469)",0.6019294261932373
"(1330, 2597, 4126)",0.6019293069839478
"(1800, 1836, 4452)",0.6019288301467896
"(1953, 1933, 1974, 3215)",0.6019286513328552
"(1953, 4103, 1836, 567, 1469)",0.6019286513328552
"(4608, 1962, 637)",0.6019286513328552
"(2616, 1298, 3214)",0.6019286513328552
"(4768, 2341, 1437)",0.6019286513328552
"(1490, 3042, 54)",0.6019284725189209
"(739, 324, 3900)",0.6019284129142761
"(25, 3050, 2045)",0.6019277572631836
"(4354, 1709, 1791)",0.6019275784492493
"(3746, 1837, 1549)",0.601926863193512
"(3813, 2686, 1887)",0.6019268035888672
"(1555, 2452, 1566, 3063)",0.6019264459609985
"(3414, 955, 318)",0.6019262671470642
"(4545, 1355, 411)",0.6019260287284851
"(128, 385, 1953, 3075, 567)",0.6019257307052612
"(2080, 1802, 4886)",0.6019257307052612
"(4545, 1939, 782)",0.6019256711006165
"(1409, 178, 3075)",0.6019255518913269
"(3512, 1572, 1662)",0.6019255518913269
"(1481, 3916, 1351)",0.6019255518913269
"(2057, 4466, 2718, 2559)",0.6019251942634583
"(2057, 1426, 4422)",0.6019251346588135
"(4816, 1994, 1979, 2341)",0.6019250154495239
"(4680, 1838, 1383)",0.6019248962402344
"(3558, 1782, 1743)",0.6019245386123657
"(1416, 2896, 1430)",0.6019244194030762
"(3135, 1526, 687)",0.6019241809844971
"(568, 3200, 2446, 2447)",0.6019240617752075
"(2808, 2057, 1963, 1974)",0.6019238233566284
"(2994, 747, 1484)",0.6019237637519836
"(2577, 2916, 1742)",0.6019236445426941
"(1944, 4633, 739)",0.6019234657287598
"(2298, 3172, 493, 294)",0.6019234657287598
"(2217, 3698, 1303)",0.6019234657287598
"(1835, 4420, 294, 1703)",0.601922869682312
"(739, 3900, 1606)",0.601922869682312
"(5401, 589, 1375)",0.6019225120544434
"(1953, 1512, 2057, 2956, 2718)",0.6019221544265747
"(1382, 1386, 4458, 309, 567)",0.6019220948219299
"(1315, 662, 4886)",0.6019213795661926
"(1512, 89, 660, 3212)",0.6019209027290344
"(3265, 1809, 140, 1382)",0.6019208431243896
"(171, 3109, 2334)",0.6019207835197449
"(1800, 554, 1836, 3076)",0.6019206643104553
"(2560, 1825, 3174, 159)",0.6019203066825867
"(2298, 4572, 2198)",0.6019201874732971
"(128, 1446, 1390, 3219, 660, 1974)",0.6019201278686523
"(1762, 2451, 1470, 3535)",0.6019200682640076
"(697, 1490, 4509)",0.6019200682640076
"(1305, 1756, 4469, 1326)",0.6019198894500732
"(2890, 1437, 94)",0.6019197702407837
"(1481, 1378, 3353, 1351)",0.6019192337989807
"(1512, 2297, 4638)",0.6019188165664673
"(1811, 739, 3078)",0.6019187569618225
"(5000, 121, 1034)",0.601918637752533
"(4554, 2446, 575)",0.601918637752533
"(5255, 1396, 1398, 1519)",0.6019183993339539
"(2008, 3072, 1383)",0.6019175052642822
"(1490, 3042, 2541)",0.6019175052642822
"(1898, 2395, 4605)",0.6019168496131897
"(4141, 2262, 1382, 1703)",0.6019167304039001
"(1994, 2350, 2935)",0.6019167304039001
"(1474, 3019, 2159)",0.6019163727760315
"(1512, 2297, 4670)",0.6019150018692017
"(128, 1953, 1890, 1446, 363, 1963, 4178)",0.6019148826599121
"(4225, 2090, 1439)",0.6019148230552673
"(1777, 2058, 1732, 4545)",0.6019145846366882
"(4190, 1386, 309, 1382)",0.6019145250320435
"(128, 1801, 2738, 4829)",0.6019143462181091
"(2706, 516, 2775)",0.6019142866134644
"(1488, 4545, 2058)",0.6019139289855957
"(1944, 1810, 3203)",0.6019137501716614
"(4657, 1390, 567)",0.6019136309623718
"(304, 2890, 302, 303)",0.6019134521484375
"(5497, 1740, 1415)",0.6019134521484375
"(1800, 1953, 1890, 4329)",0.6019133925437927
"(2417, 574, 4614)",0.6019132733345032
"(4544, 121, 1887)",0.6019132137298584
"(89, 4380, 493)",0.601912796497345
"(1385, 1939, 3453)",0.6019123792648315
"(2441, 2298, 3221)",0.601912260055542
"(2019, 1837, 4486)",0.6019122004508972
"(4816, 1994, 1484, 2341)",0.6019122004508972
"(2057, 493, 2958)",0.6019120216369629
"(1809, 4410, 1953, 2071)",0.601911723613739
"(3276, 2541, 1968, 1555, 189)",0.6019114851951599
"(4000, 1953, 1890, 1703, 1800, 660)",0.6019110679626465
"(1481, 1802, 4545)",0.6019107699394226
"(2475, 2140, 3900)",0.6019102931022644
"(3, 2796, 1854)",0.6019095182418823
"(1288, 3997, 1390)",0.6019093990325928
"(2298, 19, 3219)",0.601909339427948
"(2568, 1827, 4886)",0.6019087433815002
"(2052, 3558, 1743)",0.601908266544342
"(1529, 2541, 3063)",0.6019080281257629
"(1131, 1426, 739, 3078)",0.6019080281257629
"(4452, 1836, 1382)",0.6019076704978943
"(3200, 251, 1837)",0.6019073128700256
"(1944, 3200, 1246)",0.6019071936607361
"(4103, 1837, 1809, 25, 251)",0.6019070148468018
"(2008, 739, 4245)",0.6019068956375122
"(4272, 1844, 493, 1382)",0.6019068360328674
"(1661, 1294, 4886)",0.6019068360328674
"(2404, 2389, 2796)",0.6019065380096436
"(1296, 1475, 2795)",0.6019064784049988
"(2358, 4749, 1382)",0.6019060611724854
"(4190, 1386, 1836, 1382)",0.6019060611724854
"(1574, 3042, 1382)",0.601905882358551
"(3169, 1890, 660)",0.6019057035446167
"(4619, 739, 2140)",0.6019051671028137
"(2560, 1963, 4720, 1933)",0.601905107498169
"(3257, 1315, 1277)",0.6019049882888794
"(4169, 1577, 2140)",0.6019047498703003
"(1299, 2133, 5099)",0.6019046306610107
"(2984, 1410, 2591)",0.6019046306610107
"(2592, 1777, 3980)",0.6019042730331421
"(1800, 1953, 1836, 3076)",0.6019037365913391
"(1662, 4955, 1310)",0.6019032597541809
"(2208, 2029, 1743, 2033, 2973)",0.6019028425216675
"(89, 4549, 575)",0.6019022464752197
"(739, 4245, 398)",0.6019021272659302
"(2101, 2302, 3655)",0.6019021272659302
"(3074, 1276, 2253)",0.6019020676612854
"(2603, 1836, 3021, 1382)",0.6019018292427063
"(3328, 1962, 1367)",0.6019018292427063
"(258, 2958, 2718)",0.6019015312194824
"(290, 291, 3066)",0.6019013524055481
"(1809, 2202, 4862)",0.6019013524055481
"(4032, 2498, 1662)",0.6019013524055481
"(560, 1352, 3075)",0.601901113986969
"(4360, 2057, 83)",0.6019009351730347
"(498, 4467, 1382, 2071)",0.601900577545166
"(1431, 4963, 1351)",0.601900577545166
"(128, 1953, 4420, 1963, 1974)",0.6019001603126526
"(3085, 894, 2159)",0.6018999218940735
"(1512, 3212, 2486, 631)",0.6018998026847839
"(2417, 385, 4418, 567)",0.6018996834754944
"(128, 1890, 2958, 1390)",0.6018995642662048
"(25, 2210, 3156)",0.6018992066383362
"(1446, 1288, 1933, 2808, 2718)",0.6018991470336914
"(25, 739, 4633)",0.6018987894058228
"(140, 2028, 5159)",0.6018986701965332
"(25, 4029, 2351)",0.6018984317779541
"(568, 2178, 4551)",0.601898193359375
"(1800, 25, 1426, 3076)",0.601897656917572
"(4446, 1578, 2422, 2351)",0.6018972992897034
"(3200, 1315, 662)",0.601897120475769
"(1490, 3042, 1607)",0.6018968820571899
"(1968, 2452, 2541, 3063)",0.6018968820571899
"(3200, 1786, 1653)",0.6018967032432556
"(184, 4901, 1470)",0.6018962860107422
"(128, 1953, 2738, 4718)",0.6018961668014526
"(128, 258, 1963, 1933, 660, 3519)",0.6018958687782288
"(1800, 1953, 1890, 4481)",0.6018956899642944
"(568, 2298, 3211)",0.6018955707550049
"(3266, 1382, 1799, 1386, 1809)",0.6018954515457153
"(3200, 2438, 567)",0.601895272731781
"(568, 4624, 1781)",0.6018951535224915
"(894, 3085, 54)",0.6018949747085571
"(680, 4432, 1782)",0.6018946170806885
"(4103, 1471, 1578, 1996, 2351, 1855)",0.6018944978713989
"(1809, 1786, 3265, 1799)",0.601894199848175
"(576, 1953, 5172, 309)",0.6018941402435303
"(1628, 861, 2974)",0.6018933653831482
"(385, 4486, 462)",0.6018932461738586
"(4117, 1294, 1991)",0.6018930673599243
"(1283, 132, 4510)",0.6018924117088318
"(3746, 386, 2028)",0.6018921136856079
"(2785, 106, 2334)",0.6018921136856079
"(128, 1953, 4103, 1744, 568)",0.6018920540809631
"(1953, 1836, 1469, 3023)",0.6018918752670288
"(1392, 2499, 2916)",0.6018918752670288
"(2297, 1837, 3076, 309)",0.601891815662384
"(1705, 3212, 1294)",0.6018916964530945
"(2672, 3353, 1326)",0.6018916964530945
"(3192, 1075, 574)",0.6018915176391602
"(1944, 2242, 2968)",0.601891279220581
"(1827, 1989, 3302, 1351)",0.601891040802002
"(2080, 1953, 4783)",0.6018903851509094
"(4012, 2079, 1943)",0.6018903851509094
"(690, 4605, 798)",0.601889967918396
"(1968, 2452, 2775)",0.6018899083137512
"(568, 1776, 251, 3426)",0.6018896102905273
"(3212, 341, 2279)",0.6018892526626587
"(2796, 2541, 1566)",0.6018891334533691
"(5356, 693, 1478)",0.6018885970115662
"(3265, 1382, 1799, 1386, 1809)",0.6018884181976318
"(3085, 54, 2727)",0.6018880605697632
"(4169, 25, 574, 1815)",0.6018878817558289
"(1953, 1954, 1288, 2969, 2718)",0.6018876433372498
"(1953, 1386, 1836, 1786, 4029)",0.6018875241279602
"(1288, 3860, 2279)",0.6018873453140259
"(1701, 3485, 2335)",0.6018872857093811
"(128, 1953, 4368)",0.6018871665000916
"(2560, 1825, 4350, 159)",0.601887047290802
"(568, 1577, 3904, 2718)",0.6018868088722229
"(1953, 4329, 1463)",0.6018866896629333
"(2298, 3221, 2262)",0.6018866300582886
"(3519, 2298, 567)",0.6018862724304199
"(2529, 3017, 71)",0.6018861532211304
"(4544, 1962, 1436)",0.6018859148025513
"(1446, 1963, 3212, 1933, 1390, 1463)",0.6018858551979065
"(1953, 4103, 1386, 1836, 1837, 1786)",0.6018857359886169
"(1288, 4921, 1292)",0.6018849611282349
"(305, 4545, 1351)",0.6018847823143005
"(2664, 1385, 5414)",0.6018844246864319
"(1426, 739, 1611, 3078)",0.6018842458724976
"(4417, 1953, 2721, 519)",0.6018838286399841
"(1512, 1953, 2057, 3271)",0.6018837094306946
"(1944, 1578, 4867)",0.6018833518028259
"(4545, 1990, 318)",0.6018831729888916
"(128, 1953, 1744, 2968, 568)",0.6018828749656677
"(1800, 1836, 3013, 2160)",0.6018828749656677
"(1705, 2187, 3212)",0.6018826961517334
"(2357, 117, 3599)",0.6018825769424438
"(5272, 1802, 2143)",0.6018825769424438
"(568, 2178, 3203)",0.6018824577331543
"(1953, 1801, 1963, 1933, 4721, 2738)",0.6018816232681274
"(25, 251, 3076)",0.6018815040588379
"(1426, 1382, 3519)",0.6018813848495483
"(2530, 1605, 2374, 3085, 54)",0.6018808484077454
"(2160, 3192, 1836)",0.6018805503845215
"(2946, 2086, 567)",0.6018801331520081
"(1190, 747, 4910, 1841, 690)",0.6018799543380737
"(2938, 1475, 1052, 1292)",0.6018799543380737
"(2953, 2530, 371)",0.6018797755241394
"(3200, 2298, 2516)",0.6018795371055603
"(1953, 1890, 4347, 159)",0.6018794178962708
"(1481, 2123, 4069)",0.6018791198730469
"(1305, 1170, 2891)",0.6018790602684021
"(1800, 1578, 3192)",0.6018789410591125
"(2417, 2297, 4418)",0.6018787622451782
"(2808, 2161, 1974, 1446)",0.6018784642219543
"(1382, 1800, 1844, 3068, 575)",0.6018784046173096
"(1329, 955, 3017)",0.6018784046173096
"(4699, 739, 493)",0.6018781065940857
"(1216, 3200, 2446)",0.6018779873847961
"(1898, 2395, 4886)",0.6018776297569275
"(1480, 5365, 1461, 791, 1919)",0.6018773913383484
"(498, 739, 3211)",0.6018770337104797
"(128, 4562, 2738, 660)",0.6018770337104797
"(290, 1323, 3066)",0.6018767356872559
"(1809, 386, 4865, 575)",0.601876437664032
"(2243, 1422, 182, 4886)",0.6018763780593872
"(2080, 3200, 2541)",0.6018761396408081
"(3200, 1403, 1549)",0.6018759608268738
"(4353, 739, 2071)",0.6018757820129395
"(1386, 2109, 1837, 4503)",0.6018757820129395
"(2440, 1571, 3211)",0.601875364780426
"(1577, 4420, 1825)",0.601875364780426
"(1600, 1809, 4349)",0.6018749475479126
"(1578, 251, 3834, 1471)",0.6018749475479126
"(1446, 1703, 4329, 1390, 1974)",0.6018748879432678
"(3, 3270, 1854)",0.6018747687339783
"(128, 1446, 1390, 660, 1974, 3222)",0.6018746495246887
"(1416, 3047, 1430, 1607)",0.6018744111061096
"(5030, 158, 2199)",0.6018741130828857
"(3882, 739, 1383)",0.6018739342689514
"(89, 1953, 4598)",0.6018738150596619
"(4545, 1980, 1351)",0.6018738150596619
"(2625, 2890, 1390)",0.6018736958503723
"(51, 4103, 1471)",0.6018736362457275
"(1512, 1953, 4362, 2057)",0.6018728017807007
"(2953, 1315, 1277)",0.6018726229667664
"(2473, 2298, 4958, 567)",0.6018725037574768
"(3238, 2541, 1990)",0.6018722057342529
"(1553, 1338, 2790)",0.6018719673156738
"(128, 1953, 3212, 1463)",0.6018718481063843
"(1288, 1953, 4460, 1463)",0.6018717288970947
"(1809, 4777, 493)",0.6018717288970947
"(1809, 4586, 1837, 1382)",0.6018717288970947
"(1944, 2968, 1205)",0.6018714904785156
"(3200, 1539, 1469)",0.6018713116645813
"(128, 1446, 1801, 1963, 1390, 2958)",0.601871132850647
"(2916, 1697, 1315, 1740)",0.6018708348274231
"(4347, 1974, 1638)",0.601870596408844
"(2297, 1837, 4991)",0.601870596408844
"(304, 273, 5380)",0.6018702983856201
"(2560, 1801, 258, 4347)",0.6018691658973694
"(2114, 371, 4599)",0.6018690466880798
"(1809, 2178, 4353)",0.6018682718276978
"(2356, 2796, 1927)",0.601868212223053
"(2475, 3900, 2446)",0.6018674969673157
"(1216, 1552, 3200)",0.6018671989440918
"(2121, 474, 3118)",0.6018670201301575
"(4706, 1715, 1495)",0.6018667221069336
"(1528, 2427, 2911)",0.6018666625022888
"(1426, 4420, 1382)",0.6018665432929993
"(1512, 89, 3212, 631)",0.6018664836883545
"(251, 1996, 4103)",0.6018661260604858
"(4672, 1382, 1800, 1386, 1809, 2297)",0.6018654704093933
"(128, 1953, 1446, 1801, 1963, 2958)",0.6018651723861694
"(2570, 2236, 3414)",0.6018648147583008
"(73, 1410, 3085)",0.6018645167350769
"(2973, 1446, 1558)",0.6018643379211426
"(3200, 482, 2586)",0.6018643379211426
"(128, 1953, 4327, 1963, 1933, 159)",0.6018638014793396
"(1426, 3815, 309, 1095)",0.6018636226654053
"(1512, 89, 2718, 2959)",0.6018633842468262
"(1953, 4483, 519)",0.6018633842468262
"(1544, 5259, 2006)",0.6018633842468262
"(2148, 1836, 5301)",0.6018626689910889
"(1953, 4103, 1837, 1809, 25, 1469)",0.6018621921539307
"(281, 2958, 2718)",0.6018618941307068
"(2140, 2013, 4420)",0.601861834526062
"(1090, 3043, 1764)",0.6018616557121277
"(1953, 1954, 1469, 3471)",0.6018611788749695
"(1600, 2242, 4327)",0.6018610000610352
"(493, 1382, 4215)",0.6018604636192322
"(2968, 25, 1571)",0.6018598079681396
"(1809, 252, 4561)",0.6018593311309814
"(1190, 747, 1841, 690, 3863)",0.6018593311309814
"(1960, 3397, 2541)",0.6018590331077576
"(128, 1953, 1446, 1801, 4329, 1390, 1974)",0.6018588542938232
"(1800, 1091, 1836, 3076)",0.6018587350845337
"(1953, 4356, 1446, 1963, 493, 1390)",0.6018585562705994
"(1825, 3860, 493, 1703)",0.6018579006195068
"(3536, 1374, 1951)",0.6018578410148621
"(1418, 1358, 3599)",0.6018574833869934
"(4735, 1571, 1615)",0.6018574237823486
"(1993, 3252, 1830)",0.6018568873405457
"(4417, 2441, 2148)",0.6018566489219666
"(1882, 2890, 509)",0.6018564701080322
"(1506, 4101, 2598, 2125, 2619)",0.6018564701080322
"(1763, 2828, 573)",0.6018562316894531
"(4545, 1378, 1980)",0.6018560528755188
"(698, 4844, 678)",0.6018557548522949
"(1529, 3257, 1566)",0.6018555760383606
"(2273, 739, 3900)",0.6018555164337158
"(128, 1953, 3219, 1463)",0.6018555164337158
"(128, 1446, 1963, 3212, 1933, 1390, 1974)",0.601855456829071
"(554, 2262, 3182)",0.6018549799919128
"(25, 4427, 1811)",0.6018547415733337
"(1963, 1933, 1974, 4351)",0.6018545031547546
"(1512, 1552, 3200)",0.6018544435501099
"(2968, 2242, 2028)",0.6018542051315308
"(3682, 1332, 1413)",0.6018540263175964
"(2008, 4416, 1383)",0.6018540263175964
"(1800, 25, 4353, 2008)",0.6018540263175964
"(3200, 609, 1578)",0.6018540263175964
"(1953, 1954, 1288, 4843, 1469)",0.6018539667129517
"(51, 4582, 1471)",0.6018539667129517
"(3200, 2298, 1781, 2599)",0.6018538475036621
"(2884, 1390, 303)",0.6018531918525696
"(4531, 2140, 1471)",0.60185307264328
"(1496, 2953, 371)",0.601852536201477
"(4561, 1571, 574, 1815)",0.6018524169921875
"(4545, 556, 1117)",0.601852297782898
"(1512, 3939, 523)",0.6018521785736084
"(3203, 1782, 1743)",0.6018515229225159
"(1921, 2261, 4487)",0.6018514037132263
"(2896, 1747, 885)",0.6018513441085815
"(4708, 2460, 2413)",0.6018513441085815
"(2968, 385, 1571)",0.6018508672714233
"(3144, 2009, 2159)",0.6018508672714233
"(1288, 1467, 5268)",0.601850688457489
"(1953, 1288, 2057, 2969, 2718)",0.6018505692481995
"(128, 1953, 1890, 1446, 1801, 1390, 4211)",0.6018503904342651
"(1800, 1953, 1890, 4375)",0.6018499732017517
"(128, 1953, 1890, 1446, 363, 1963, 4347)",0.6018499732017517
"(2208, 1260, 2973, 1743)",0.6018499135971069
"(128, 1825, 3174, 159)",0.6018497943878174
"(1800, 1707, 3200, 1703)",0.6018497347831726
"(2178, 3203, 567)",0.6018493175506592
"(1792, 2926, 2262)",0.6018490195274353
"(128, 1953, 4853, 1744)",0.6018487215042114
"(1953, 1933, 1974, 4351)",0.6018487215042114
"(73, 92, 3054)",0.6018485426902771
"(1858, 1445, 3349)",0.6018483638763428
"(2643, 2998, 2734)",0.6018481254577637
"(128, 1825, 3177, 159)",0.6018478870391846
"(2601, 3682, 2419, 2397)",0.6018475890159607
"(89, 4370, 2140)",0.6018472909927368
"(1446, 1933, 1390, 2808, 2397)",0.6018471121788025
"(1962, 1436, 3054)",0.6018469929695129
"(1409, 4763, 1996)",0.6018469333648682
"(1472, 1713, 3983)",0.6018468141555786
"(1339, 3014, 1470)",0.6018466949462891
"(1361, 2094, 3279)",0.6018463969230652
"(2330, 5030, 1535)",0.6018459796905518
"(2775, 1494, 2087)",0.6018458604812622
"(3500, 806, 1807)",0.6018455624580383
"(3200, 2722, 2718)",0.6018455624580383
"(3200, 2266, 2140)",0.6018455624580383
"(128, 1953, 4340, 1744)",0.601845383644104
"(4103, 574, 1815)",0.6018452644348145
"(5256, 1484, 1447)",0.6018449068069458
"(1944, 684, 3200)",0.6018446683883667
"(128, 2969, 1835, 2718)",0.6018441319465637
"(1058, 4933, 2494)",0.6018440127372742
"(739, 493, 4695)",0.6018435955047607
"(3840, 1836, 2446)",0.6018435955047607
"(3017, 1490, 1723)",0.6018435955047607
"(1706, 1827, 5127)",0.6018428206443787
"(2968, 1578, 2188, 2290)",0.6018422245979309
"(128, 1825, 1926, 2122, 4347)",0.6018418669700623
"(1953, 1954, 4326, 1382, 1703)",0.6018415689468384
"(1953, 4103, 1836, 568, 1786)",0.6018415689468384
"(2441, 2446, 3815)",0.6018414497375488
"(1529, 2006, 3054)",0.6018413305282593
"(128, 1953, 2275, 2958)",0.6018410325050354
"(568, 5173, 309)",0.6018406748771667
"(2616, 4799, 2655)",0.6018406748771667
"(1568, 4401, 739)",0.6018405556678772
"(2473, 3219, 84, 1781)",0.6018403172492981
"(1219, 4420, 574)",0.6018397808074951
"(584, 577, 4347)",0.6018396615982056
"(386, 3042, 575)",0.601839542388916
"(2243, 1422, 4545, 182)",0.6018388867378235
"(568, 5153, 2178)",0.6018388271331787
"(4681, 25, 1999)",0.6018387675285339
"(25, 3021, 574, 1815)",0.6018375754356384
"(859, 2972, 1743)",0.6018374562263489
"(568, 2486, 3815)",0.6018374562263489
"(2529, 1490, 3085, 54)",0.6018370985984802
"(2234, 4886, 2327)",0.6018370985984802
"(309, 3076, 253)",0.6018367409706116
"(1944, 2057, 2968)",0.6018362641334534
"(4955, 1349, 1470)",0.6018361449241638
"(3076, 1800, 1836, 1844, 567)",0.601836085319519
"(3200, 1571, 574, 1815)",0.6018358469009399
"(1944, 4546, 2358)",0.6018353700637817
"(3080, 681, 1979, 1381)",0.6018353700637817
"(955, 4820, 318)",0.6018351912498474
"(1800, 2297, 498, 3184)",0.601834774017334
"(1953, 1890, 3169)",0.6018345355987549
"(1842, 3276, 2143)",0.6018344163894653
"(1578, 5378, 2351)",0.601834237575531
"(1705, 1426, 3900)",0.6018339395523071
"(3778, 1286, 758, 1279)",0.6018337607383728
"(128, 1953, 1890, 4420, 1446, 1801, 1390)",0.6018333435058594
"(25, 1114, 3297, 309)",0.6018330454826355
"(1968, 2953, 1476)",0.6018328070640564
"(1953, 251, 1836, 4103)",0.6018326878547668
"(128, 1953, 1577, 4329, 2718)",0.601832389831543
"(2024, 577, 4347)",0.6018320918083191
"(1709, 3278, 359)",0.6018320322036743
"(1836, 141, 454, 3815)",0.6018317341804504
"(1800, 1953, 1890, 4381)",0.6018314957618713
"(1489, 3682, 1380, 2397)",0.6018311381340027
"(1809, 2178, 5062)",0.6018308997154236
"(4420, 1825, 2516, 1833)",0.6018308401107788
"(3042, 1837, 2367)",0.6018304824829102
"(3075, 178, 251)",0.6018299460411072
"(5193, 1404, 2741)",0.6018292903900146
"(4545, 1347, 1980)",0.6018289923667908
"(1505, 1588, 4420)",0.6018288135528564
"(128, 1953, 1446, 1963, 2958, 2718)",0.6018286347389221
"(360, 3017, 892, 54)",0.6018285751342773
"(1386, 2109, 4398)",0.6018284559249878
"(3815, 1799, 1386, 1426, 25)",0.60182785987854
"(2148, 1836, 4431)",0.6018278002738953
"(1488, 4545, 2107, 1351)",0.6018273830413818
"(1577, 4931, 1837)",0.6018269062042236
"(2148, 1836, 3021)",0.6018267869949341
"(4545, 2083, 1444, 1351)",0.6018258929252625
"(1953, 3076, 1382, 1703)",0.6018257737159729
"(1836, 1974, 5406)",0.6018256545066833
"(1953, 1606, 4103, 1836, 1469)",0.601824164390564
"(385, 2178, 3525, 2440, 567, 2140)",0.601824164390564
"(3200, 1705, 1383)",0.6018241047859192
"(1172, 1836, 4103)",0.6018239259719849
"(128, 1707, 4420)",0.6018235683441162
"(1512, 2057, 3212, 2161, 89)",0.6018228530883789
"(1512, 523, 3068)",0.6018227934837341
"(1611, 251, 4446)",0.6018227338790894
"(1801, 1953, 4380, 1703)",0.6018226742744446
"(1809, 29, 4863)",0.601822555065155
"(5467, 35, 1684)",0.6018224358558655
"(2560, 1446, 4178, 660, 1974)",0.6018223762512207
"(51, 1996, 4103)",0.6018223762512207
"(2668, 4588, 1809, 2071, 2297)",0.6018223762512207
"(4000, 1954, 1974)",0.6018223762512207
"(1476, 1360, 2706, 2775, 1470)",0.6018222570419312
"(1529, 3057, 2541)",0.6018220782279968
"(3144, 1827, 38)",0.6018218398094177
"(1481, 1444, 1989, 3302)",0.6018217206001282
"(1481, 2068, 4545)",0.6018216013908386
"(1288, 3922, 539)",0.6018213033676147
"(3231, 1829, 1830, 1871)",0.6018210053443909
"(657, 3635, 687)",0.6018206477165222
"(2668, 1809, 2071, 2297, 4410)",0.6018204092979431
"(1944, 2297, 3203)",0.601820170879364
"(5269, 1925, 38)",0.6018189787864685
"(1512, 2057, 3212, 89, 1469)",0.6018187403678894
"(1929, 1898, 4469)",0.6018185615539551
"(2297, 4671, 1382, 575)",0.6018180847167969
"(1506, 1347, 3019)",0.6018179655075073
"(1520, 2442, 3085)",0.601817786693573
"(1939, 3014, 1310)",0.6018173694610596
"(2320, 4462, 1759)",0.6018165946006775
"(1315, 485, 4886)",0.6018164157867432
"(1402, 3166, 1495)",0.6018139123916626
"(2045, 3427, 141, 567)",0.6018139123916626
"(1577, 1402, 2959)",0.6018137335777283
"(128, 1953, 4026)",0.6018129587173462
"(1426, 3525, 567)",0.6018129587173462
"(2168, 650, 5429)",0.6018126606941223
"(1490, 3276, 1573)",0.6018126010894775
"(793, 4337, 798)",0.601812481880188
"(2360, 1485, 4032)",0.601812481880188
"(1921, 3002, 2261)",0.6018121242523193
"(1697, 1740, 3085)",0.6018118262290955
"(2962, 1446, 2397, 1390)",0.6018112897872925
"(2057, 3890, 493)",0.6018112301826477
"(1475, 1052, 1292, 3095)",0.6018112301826477
"(2475, 4103, 1855)",0.6018106341362
"(2298, 3182, 567)",0.6018103957176208
"(3200, 412, 1199)",0.6018103957176208
"(25, 4103, 2351, 1471)",0.6018103361129761
"(4403, 1996, 1071)",0.6018103361129761
"(2889, 2074, 275)",0.6018101572990417
"(128, 1953, 1933, 3169)",0.6018099784851074
"(4103, 2351, 1071)",0.6018093824386597
"(25, 1426, 1809, 3815)",0.6018087863922119
"(2984, 2529, 2591)",0.6018084287643433
"(1433, 4605, 830)",0.6018084287643433
"(1953, 1446, 1801, 4329, 1963, 1933, 1390, 1974)",0.6018082499504089
"(1512, 3075, 1844)",0.6018081903457642
"(1264, 1265, 2972, 1558)",0.6018081903457642
"(1800, 2297, 4586, 1383)",0.6018081307411194
"(1641, 1333, 3237)",0.6018081307411194
"(2938, 668, 1390)",0.6018080115318298
"(3925, 1929, 1756, 1893)",0.6018078327178955
"(1382, 1386, 1837, 309, 4603)",0.6018075942993164
"(3200, 2178, 1837)",0.6018074750900269
"(1944, 4329, 2486)",0.6018073558807373
"(2217, 2444, 1902, 2994, 1919)",0.6018069982528687
"(4406, 498, 1382, 2071)",0.6018068790435791
"(4324, 1426, 739, 1611)",0.6018062829971313
"(4354, 1492, 2598)",0.601806104183197
"(827, 1830, 3231)",0.6018059253692627
"(2891, 459, 1933)",0.6018059253692627
"(3834, 251, 253, 2351)",0.6018058657646179
"(1456, 3349, 1445)",0.6018049716949463
"(408, 2881, 1771)",0.6018049120903015
"(1939, 1436, 3283)",0.6018048524856567
"(2160, 3200, 1999)",0.6018046736717224
"(1506, 4101, 1647)",0.6018043756484985
"(1195, 3203, 1535)",0.6018041968345642
"(128, 1953, 2738, 660, 3519)",0.6018041968345642
"(2973, 1380, 2029, 1518)",0.6018038988113403
"(1809, 2202, 3979)",0.6018038988113403
"(1288, 1402, 4136)",0.6018034219741821
"(4545, 1898, 2395)",0.6018034219741821
"(1488, 2107, 3014, 1351)",0.6018032431602478
"(1968, 218, 267, 5490)",0.6018027663230896
"(1721, 4418, 2297)",0.6018023490905762
"(4388, 1446, 1933, 493, 1390)",0.6018023490905762
"(341, 4446, 1471)",0.6018020510673523
"(1968, 2984, 1870)",0.6018019914627075
"(1471, 1578, 1996, 2351, 4404, 1855)",0.601801872253418
"(1600, 386, 4511, 575)",0.6018016338348389
"(3192, 1837, 1549)",0.6018013954162598
"(128, 2958, 2275, 1446)",0.6018009185791016
"(1800, 251, 1837, 4029)",0.6018000841140747
"(25, 739, 3471)",0.6017999649047852
"(3076, 567, 568, 25, 574)",0.601799726486206
"(1953, 660, 2358, 3212)",0.6017993688583374
"(2958, 1974, 1446)",0.6017988324165344
"(2593, 5506, 110)",0.6017985939979553
"(1936, 3397, 429)",0.6017985343933105
"(1288, 1467, 4532)",0.6017977595329285
"(978, 574, 3199)",0.6017977595329285
"(1703, 1800, 1707, 1836, 4530, 1786)",0.6017972826957703
"(128, 1953, 3272, 1963, 1933)",0.6017969846725464
"(128, 1801, 4293)",0.6017969250679016
"(2541, 1433, 4545, 2341)",0.6017968058586121
"(128, 1446, 1801, 1390, 4150)",0.6017967462539673
"(2496, 2275, 4328, 2486, 2718)",0.6017966866493225
"(4454, 1799, 1837, 1809, 574)",0.6017966270446777
"(3298, 739, 1471)",0.6017965078353882
"(2440, 5168, 1549)",0.6017963886260986
"(1288, 1467, 4628)",0.6017962098121643
"(2008, 3882, 1383)",0.6017959117889404
"(4417, 1953, 1619)",0.6017956733703613
"(425, 4347, 2718)",0.6017956137657166
"(2897, 444, 597)",0.601794958114624
"(2331, 3017, 1491)",0.6017947196960449
"(601, 602, 3054)",0.6017945408821106
"(1953, 1890, 1703, 1800, 4370, 660)",0.6017944812774658
"(1953, 1446, 1801, 1963, 1933, 1390, 2958)",0.6017943620681763
"(2632, 3200, 1999)",0.6017940640449524
"(1552, 1498, 3042)",0.6017940044403076
"(1512, 3212, 660, 631)",0.6017937660217285
"(4190, 254, 567)",0.6017934083938599
"(1433, 3014, 1911)",0.6017932295799255
"(208, 2661, 3318)",0.6017932295799255
"(2969, 1446, 2397, 1390)",0.6017926335334778
"(2481, 3746, 1836)",0.6017924547195435
"(2570, 4101, 2598)",0.6017922163009644
"(128, 1953, 1890, 4419, 1446, 1801, 1390)",0.6017922163009644
"(2626, 2044, 1413, 3682)",0.60179203748703
"(128, 1953, 3210, 1744, 568)",0.6017919778823853
"(2358, 554, 3560, 1382)",0.6017918586730957
"(128, 1953, 1963, 1974, 2969)",0.6017918586730957
"(1802, 1588, 2868)",0.6017914414405823
"(3042, 44, 2116)",0.601791262626648
"(1481, 2427, 3262)",0.6017909646034241
"(128, 1953, 2738, 4441)",0.6017906665802002
"(1809, 4586, 2297, 1837)",0.601789653301239
"(1328, 2568, 4545)",0.6017891764640808
"(584, 89, 3212, 2057)",0.6017890572547913
"(128, 3169, 660)",0.6017889380455017
"(498, 739, 3203)",0.6017886996269226
"(3525, 1650, 933, 414)",0.6017886996269226
"(4860, 1469, 1703)",0.6017884016036987
"(2083, 1452, 3414)",0.6017880439758301
"(5472, 38, 1294)",0.6017879247665405
"(1840, 690, 2979, 685)",0.601787269115448
"(2738, 2723, 3922)",0.6017872095108032
"(2417, 385, 2968, 567)",0.6017869710922241
"(4103, 1836, 568, 251, 253)",0.6017868518829346
"(1315, 5046, 662)",0.6017858982086182
"(1953, 1954, 1288, 2959, 1469, 2718)",0.6017857193946838
"(4352, 1954, 1382, 1800, 1386, 1469)",0.6017857193946838
"(4538, 1467, 1294)",0.6017849445343018
"(1426, 4391, 1799)",0.601784884929657
"(2560, 1890, 2956, 660, 2718)",0.6017848253250122
"(3075, 1382, 1800, 1836, 1844, 2297, 575)",0.6017847657203674
"(2958, 398, 159)",0.6017844676971436
"(4074, 2380, 1399)",0.6017841696739197
"(2417, 4420, 567)",0.6017837524414062
"(561, 3053, 2102)",0.6017837524414062
"(1800, 25, 3772, 1809)",0.6017835736274719
"(2080, 1809, 4169)",0.6017835140228271
"(1953, 3834, 1469, 574)",0.6017835140228271
"(1809, 1426, 3265, 1382)",0.6017835140228271
"(3075, 1837, 493)",0.6017832159996033
"(2297, 2718, 4332, 1382)",0.601783037185669
"(568, 3200, 1215)",0.6017829179763794
"(568, 1129, 3200)",0.6017829179763794
"(568, 3200, 1166)",0.6017829179763794
"(4353, 1996, 2140)",0.6017827391624451
"(2817, 219, 1492)",0.6017822027206421
"(4024, 1426, 739, 1578)",0.6017820835113525
"(25, 739, 3900)",0.6017817854881287
"(2080, 2058, 3639)",0.6017816662788391
"(2297, 1799, 1809, 25, 4638)",0.6017816662788391
"(48, 4403, 1611, 1996)",0.6017807126045227
"(4801, 2018, 2621)",0.6017805933952332
"(1800, 4442, 1836, 493)",0.6017805337905884
"(2257, 2212, 3085)",0.6017805337905884
"(1800, 1953, 1890, 3271)",0.6017804145812988
"(4103, 1837, 1809, 1786, 251)",0.6017800569534302
"(4417, 1403, 2148, 1838)",0.6017794609069824
"(2968, 25, 2242)",0.6017793416976929
"(2029, 429, 2973)",0.6017792820930481
"(568, 2297, 3192)",0.6017791628837585
"(386, 3075, 1382, 1800, 1844, 575)",0.6017791628837585
"(2042, 4324, 141)",0.6017787456512451
"(25, 1426, 1809, 4551)",0.6017785668373108
"(4676, 1382, 1703, 1800, 1426, 2071)",0.601778507232666
"(4291, 332, 1382)",0.6017783284187317
"(1800, 1836, 2028, 568, 4029)",0.6017780303955078
"(128, 1825, 4420, 1222)",0.6017780303955078
"(3438, 132, 2302)",0.6017779111862183
"(4544, 2374, 54)",0.6017777323722839
"(128, 660, 3272)",0.6017775535583496
"(3900, 1549, 1974)",0.6017773747444153
"(2796, 1457, 1718, 1751, 1466)",0.6017772555351257
"(4330, 1963, 1933, 519)",0.6017769575119019
"(2033, 858, 2029, 2973)",0.6017767190933228
"(552, 1852, 3200)",0.6017762422561646
"(2457, 1658, 2981)",0.6017761826515198
"(1385, 3914, 1939)",0.6017757058143616
"(1936, 3144, 91)",0.6017756462097168
"(2057, 3076, 1837)",0.6017754077911377
"(1976, 2777, 106)",0.6017749905586243
"(296, 4708, 1373)",0.6017747521400452
"(1409, 4103, 1471, 1996, 1855)",0.6017746329307556
"(576, 2298, 4420)",0.6017739772796631
"(2972, 1380, 2564, 2031)",0.6017739772796631
"(2083, 1827, 4550)",0.6017735004425049
"(1329, 2346, 4545)",0.6017729640007019
"(3019, 1990, 2582)",0.6017726063728333
"(4624, 2297, 1838)",0.6017722487449646
"(1644, 2102, 3415)",0.6017722487449646
"(85, 2895, 2703)",0.6017720699310303
"(1703, 3075, 1382, 575)",0.6017719507217407
"(1344, 4763, 2621)",0.6017712950706482
"(25, 1996, 4029)",0.6017706990242004
"(1512, 89, 2185, 4497)",0.6017699241638184
"(1600, 386, 2968, 575)",0.601769745349884
"(584, 3212, 567)",0.6017696857452393
"(4915, 1283, 1502)",0.6017687320709229
"(3760, 1939, 1287)",0.6017683148384094
"(4029, 574, 1071)",0.6017680168151855
"(1776, 3834, 2475, 2351)",0.6017677187919617
"(363, 5030, 2199)",0.6017676591873169
"(1288, 89, 3519)",0.601767361164093
"(3075, 1571, 574, 1815)",0.6017670035362244
"(3200, 1578, 2475, 1974, 2140)",0.6017669439315796
"(1386, 1931, 4334)",0.6017667651176453
"(4619, 1809, 739)",0.6017661690711975
"(1456, 1666, 4891)",0.6017658114433289
"(1555, 2541, 5030)",0.601765513420105
"(25, 1571, 3211)",0.6017652750015259
"(1809, 1953, 3013, 1390)",0.6017652750015259
"(1552, 3042, 2440)",0.6017652153968811
"(1578, 2140, 4446, 1855)",0.6017650365829468
"(2425, 5460, 2577)",0.6017650365829468
"(3265, 1837, 1175)",0.6017647385597229
"(1409, 1471, 1996, 2351, 4446, 1855)",0.6017645597457886
"(3200, 2001, 2443)",0.6017645597457886
"(1296, 1674, 2938)",0.601764440536499
"(128, 1446, 1801, 4329, 1963, 1933, 1390, 1974)",0.6017643213272095
"(1968, 4577, 218, 267)",0.6017642021179199
"(1721, 4329, 1814)",0.6017641425132751
"(3185, 1382, 1703)",0.6017636656761169
"(1944, 25, 3746)",0.6017634868621826
"(3200, 2161, 2188)",0.6017633676528931
"(519, 1963, 3212, 1933, 159)",0.6017633080482483
"(4353, 2178, 2668)",0.6017625331878662
"(1953, 1800, 1836, 568, 4410, 1469)",0.6017622351646423
"(1953, 4103, 1386, 1836, 25, 1786)",0.601762056350708
"(2672, 741, 3270)",0.601762056350708
"(498, 4410, 1382, 2071)",0.6017617583274841
"(1944, 2057, 3212)",0.6017615795135498
"(1426, 4410, 309, 1095)",0.6017614603042603
"(1953, 1446, 1390, 1974, 2808)",0.6017612814903259
"(498, 739, 3815)",0.601760983467102
"(1800, 1844, 3076, 1247)",0.6017608642578125
"(3224, 2529, 91)",0.6017606854438782
"(1172, 4029, 1836)",0.60176020860672
"(3200, 2270, 1799)",0.60176020860672
"(89, 4900, 2486)",0.6017595529556274
"(2080, 3313, 2592)",0.6017590761184692
"(616, 2425, 2916)",0.6017579436302185
"(1809, 178, 4561)",0.601757824420929
"(2808, 2441, 2490)",0.6017577052116394
"(128, 1801, 4718, 2560)",0.6017575263977051
"(1472, 4545, 1494)",0.6017573475837708
"(1288, 1467, 4509, 1463)",0.601757287979126
"(2529, 91, 4470)",0.601756751537323
"(48, 1953, 1890, 4329)",0.6017560362815857
"(4103, 251, 1836, 1999)",0.6017560362815857
"(1697, 3053, 1351)",0.6017552018165588
"(408, 2881, 830)",0.6017552018165588
"(3265, 1799, 1386, 1837, 1809)",0.6017541289329529
"(568, 25, 2290, 4353)",0.6017535328865051
"(2593, 2074, 275, 3086)",0.6017535328865051
"(1963, 4845, 1974)",0.6017529964447021
"(2297, 4418, 2279)",0.6017525792121887
"(2298, 493, 2958)",0.6017524003982544
"(128, 2738, 660, 4278)",0.6017521619796753
"(560, 3731, 558)",0.6017518043518066
"(1800, 1844, 3076, 575)",0.6017516255378723
"(2080, 1953, 4272)",0.6017512679100037
"(2279, 1512, 2057, 3212, 631)",0.6017512679100037
"(2275, 4294, 2718, 2487)",0.6017512083053589
"(4103, 2140, 2351, 1855)",0.6017510890960693
"(1382, 1703, 1800, 4140, 1426, 2071)",0.6017506122589111
"(4768, 1665, 2598)",0.601750373840332
"(1732, 2541, 4886, 1433, 1310)",0.6017502546310425
"(1953, 1954, 4802, 1703, 1288, 1469)",0.6017501950263977
"(2890, 2341, 1437)",0.6017500162124634
"(4324, 2351, 1855)",0.6017496585845947
"(1830, 4605, 1310)",0.6017494201660156
"(1953, 1446, 2441, 1963, 2808)",0.6017486453056335
"(2560, 1825, 3171, 159)",0.601748526096344
"(3778, 1934, 2375)",0.6017484664916992
"(2080, 3200, 1469)",0.6017484664916992
"(2217, 132, 3333)",0.6017481088638306
"(459, 3374, 1319)",0.6017473936080933
"(1800, 1953, 3471, 1703)",0.6017470955848694
"(128, 1953, 4273, 567)",0.6017469763755798
"(1512, 89, 2718, 3439)",0.6017467379570007
"(2473, 2722, 574, 3903)",0.6017465591430664
"(1382, 1800, 1837, 5293, 568)",0.6017465591430664
"(305, 4164, 1313)",0.6017464399337769
"(1436, 4469, 1439)",0.6017460823059082
"(3344, 1529, 1490)",0.6017456650733948
"(1471, 1578, 1996, 2351, 4029, 1855)",0.6017449498176575
"(1512, 3212, 660, 2279)",0.6017448902130127
"(1529, 1701, 5446)",0.6017446517944336
"(4953, 493, 1382)",0.6017444729804993
"(2297, 2946, 2275)",0.6017442345619202
"(25, 1426, 739, 3298)",0.6017440557479858
"(568, 5105, 1837)",0.6017439961433411
"(89, 25, 4353)",0.6017438769340515
"(1528, 3289, 2427)",0.601743757724762
"(1762, 1812, 3535)",0.6017436385154724
"(4551, 1799, 1809, 309, 25)",0.6017431616783142
"(1809, 498, 739, 5039)",0.6017431020736694
"(1600, 3977, 1974)",0.6017425060272217
"(89, 4626, 2275, 2718)",0.6017423868179321
"(4410, 739, 2028)",0.601742148399353
"(1800, 1781, 4029)",0.6017420887947083
"(5178, 2651, 541)",0.6017418503761292
"(1800, 1954, 5015)",0.6017417311668396
"(1380, 2564, 2182, 2031, 2972)",0.60174161195755
"(568, 1571, 2968, 1815)",0.601741373538971
"(1800, 2297, 2828, 1382)",0.6017411947250366
"(1825, 2122, 2057, 4382)",0.6017411947250366
"(3373, 1172, 1325)",0.6017411351203918
"(140, 4029, 2028, 575)",0.6017411351203918
"(1512, 89, 2969, 2718)",0.6017411351203918
"(1809, 4634, 739)",0.6017409563064575
"(2216, 2242, 2968)",0.6017408967018127
"(1409, 1471, 1996, 4029, 1855)",0.6017407774925232
"(128, 4369, 1963, 1933)",0.6017401814460754
"(1953, 1954, 1703, 1288, 4372, 1469)",0.6017398834228516
"(1512, 1377, 3682)",0.6017398834228516
"(1456, 1666, 3731)",0.6017397046089172
"(128, 1953, 1446, 1801, 1963, 4505)",0.6017391681671143
"(5120, 1577, 631)",0.6017391681671143
"(1396, 2374, 2775)",0.6017391085624695
"(3085, 2541, 1566)",0.6017387509346008
"(1968, 2541, 2006, 4919)",0.6017387509346008
"(3200, 1132, 567, 568, 574)",0.6017383337020874
"(4584, 1381, 998)",0.6017382740974426
"(1676, 2621, 2895)",0.6017381548881531
"(2440, 385, 3203, 567)",0.601737916469574
"(1600, 386, 4332, 575)",0.601737916469574
"(1800, 2803, 2630)",0.6017378568649292
"(4032, 427, 1485)",0.6017375588417053
"(128, 1953, 3211, 1744, 568)",0.6017369627952576
"(2297, 2475, 3297)",0.6017360091209412
"(2541, 1433, 3408, 2341)",0.6017355918884277
"(1830, 3252, 1484, 1502)",0.6017354726791382
"(128, 1953, 2960, 1463)",0.6017352342605591
"(560, 2953, 54)",0.6017352342605591
"(4578, 260, 2159)",0.6017349362373352
"(25, 4386, 2045, 567)",0.6017342805862427
"(3192, 2297, 1786)",0.6017342805862427
"(1411, 2541, 3535)",0.6017334461212158
"(3487, 1970, 1943)",0.601733386516571
"(2122, 493, 4150)",0.6017332673072815
"(1408, 2006, 3063)",0.6017332673072815
"(128, 1446, 1963, 1933, 1390, 3219, 660, 1974)",0.6017327904701233
"(2440, 3815, 567)",0.6017327904701233
"(128, 385, 1953, 5197, 567)",0.6017325520515442
"(1800, 4779, 1836, 574)",0.6017319560050964
"(1953, 1954, 4326, 1382, 1800)",0.6017318367958069
"(4354, 1740, 1373)",0.6017314791679382
"(1800, 3072, 1549)",0.6017314195632935
"(576, 3202, 1836, 141)",0.6017313599586487
"(1800, 2140, 3076, 1703)",0.60173100233078
"(2080, 4545, 130)",0.601730227470398
"(2560, 1825, 258, 3519)",0.601730227470398
"(1840, 690, 685, 3135)",0.6017298698425293
"(2201, 1802, 4708)",0.6017296314239502
"(1811, 739, 3900)",0.6017283201217651
"(73, 2638, 2775)",0.6017282605171204
"(304, 1467, 2869)",0.6017282605171204
"(4680, 25, 1426, 739)",0.6017281413078308
"(4443, 1461, 742)",0.6017279624938965
"(281, 2969, 2718)",0.6017279624938965
"(1800, 3265, 498, 1836)",0.6017274856567383
"(3276, 1829, 2303)",0.6017259955406189
"(1960, 1641, 3144, 1490, 2354, 884)",0.6017257571220398
"(4508, 2029, 1782)",0.6017256379127502
"(2777, 106, 2334)",0.6017254590988159
"(1809, 2178, 5061)",0.6017252802848816
"(3347, 2435, 2103, 1951)",0.6017252206802368
"(3118, 1148, 1828)",0.6017248034477234
"(1361, 3278, 2094)",0.6017236113548279
"(1800, 5291, 660, 2358)",0.6017234921455383
"(2114, 371, 3085)",0.6017221808433533
"(73, 1410, 4470)",0.6017217636108398
"(1953, 1446, 1963, 1933, 1390, 1974, 3519)",0.6017217040061951
"(474, 66, 2777)",0.6017216444015503
"(2137, 2054, 3599)",0.601721465587616
"(2208, 3682, 1743)",0.6017211079597473
"(5233, 1380, 1518, 2590)",0.6017209887504578
"(233, 1339, 3085)",0.6017202734947205
"(128, 4036, 660)",0.6017202734947205
"(2888, 1748, 1159)",0.6017202138900757
"(308, 1390, 2884)",0.6017199754714966
"(5079, 1670, 2159)",0.6017196774482727
"(1953, 285, 3177, 1703)",0.6017193794250488
"(2143, 3639, 1734, 1351)",0.6017188429832458
"(2360, 2166, 4032)",0.6017188429832458
"(1995, 1404, 4595)",0.6017187237739563
"(1953, 1954, 1382, 4401)",0.6017186641693115
"(5289, 2341, 1991)",0.6017186045646667
"(3860, 2269, 1551)",0.601718008518219
"(1480, 2994, 1461, 791, 1919)",0.6017169952392578
"(2297, 2475, 3887)",0.6017165184020996
"(1944, 2297, 4555, 1799)",0.601716160774231
"(1240, 2028, 4420)",0.6017152667045593
"(1953, 1578, 1836, 1786, 4029)",0.6017151474952698
"(4362, 2718, 2519)",0.6017149686813354
"(3265, 2014, 2006)",0.6017144322395325
"(5249, 385, 2506, 567)",0.6017142534255981
"(3200, 309, 254, 1383)",0.6017137169837952
"(3601, 1475, 1979, 1447)",0.6017134785652161
"(3815, 1799, 1809, 1426, 309)",0.6017134189605713
"(1800, 498, 3068, 1703)",0.6017133593559265
"(1512, 523, 3075)",0.6017132997512817
"(1800, 4420, 1781)",0.601713240146637
"(4624, 1844, 2519)",0.6017129421234131
"(1144, 3014, 511)",0.6017129421234131
"(1665, 4545, 2598)",0.6017128229141235
"(128, 3433, 2588, 1446)",0.6017127633094788
"(1392, 2356, 2796)",0.6017122864723206
"(296, 1378, 4970)",0.6017122864723206
"(1801, 4212, 1825, 1703)",0.6017120480537415
"(88, 4988, 1317)",0.6017120480537415
"(1256, 3682, 1405)",0.6017119288444519
"(385, 739, 4243, 567)",0.6017115712165833
"(1464, 2998, 1750)",0.6017113327980042
"(1953, 1954, 1288, 631, 1469, 3903)",0.601710855960846
"(1377, 4793, 662)",0.6017105579376221
"(128, 1446, 4329, 1390, 660, 1974)",0.6017102003097534
"(2178, 3075, 1382, 1800, 1844)",0.6017101407051086
"(1444, 1989, 3262, 1351)",0.6017099022865295
"(2213, 5030, 2199)",0.6017099022865295
"(3215, 1825, 607)",0.6017096638679504
"(2243, 542, 2799)",0.6017093658447266
"(128, 1953, 1446, 4391, 1801, 1963)",0.601709246635437
"(1513, 1900, 5397)",0.6017091274261475
"(1953, 1786, 4404, 1837)",0.6017090678215027
"(2410, 371, 3019)",0.6017090082168579
"(4625, 2302, 791)",0.601708710193634
"(2136, 1481, 4708, 1351)",0.601708710193634
"(1600, 386, 4103, 575)",0.6017085909843445
"(128, 1953, 1571, 1744, 2968)",0.6017084121704102
"(128, 1890, 660, 4415)",0.6017083525657654
"(2530, 3243, 54)",0.601707935333252
"(1954, 1469, 4482)",0.6017077565193176
"(2718, 302, 3439)",0.6017076373100281
"(1288, 4984, 1446)",0.6017076373100281
"(4244, 2140, 1838)",0.601707398891449
"(2953, 2341, 1829)",0.6017071604728699
"(601, 1209, 3431)",0.6017069816589355
"(1296, 2938, 1424)",0.6017067432403564
"(1160, 1697, 4225)",0.6017066836357117
"(73, 3257, 92)",0.6017063856124878
"(1448, 2480, 3682, 1590)",0.6017063856124878
"(1382, 1386, 1837, 4500, 309)",0.601706326007843
"(1809, 2202, 1836, 3156)",0.601706326007843
"(3200, 1539, 1836)",0.6017060875892639
"(1953, 1954, 1703, 1288, 1469, 2718, 3903)",0.60170578956604
"(2008, 2956, 2718)",0.6017056107521057
"(1243, 3156, 575)",0.6017051935195923
"(3200, 385, 1836, 2399)",0.6017051339149475
"(1333, 1077, 4323)",0.6017047762870789
"(1512, 1259, 5030, 2199)",0.6017045974731445
"(3810, 2357, 2054)",0.6017044186592102
"(2616, 2643, 2869)",0.6017043590545654
"(2236, 3414, 471)",0.6017042994499207
"(1792, 1171, 3075)",0.6017040610313416
"(1697, 1315, 1740, 5415)",0.6017040610313416
"(1953, 1512, 2057, 3212, 631)",0.6017040014266968
"(1288, 3042, 563)",0.6017037630081177
"(689, 1929, 3057)",0.6017037034034729
"(2001, 251, 1837, 4103)",0.6017036437988281
"(3200, 1125, 574)",0.6017029285430908
"(5440, 460, 791)",0.6017027497291565
"(1809, 1386, 5220, 2202)",0.6017027497291565
"(3834, 251, 1574)",0.6017024517059326
"(1953, 4103, 1386, 1837, 25, 1786)",0.6017007231712341
"(0, 4708, 1740, 1925)",0.6017003655433655
"(1953, 1890, 1703, 1800, 4362, 660)",0.6017002463340759
"(2297, 4586, 1382, 575)",0.6017000079154968
"(1825, 4420, 2473, 1781, 2298)",0.601699948310852
"(1410, 1365, 4509)",0.6016995310783386
"(568, 2298, 2946)",0.6016994714736938
"(1953, 4404, 1469, 574)",0.6016994714736938
"(2969, 2506, 2275, 2718)",0.6016989946365356
"(128, 1953, 3169, 1744)",0.6016988754272461
"(1953, 1800, 1836, 4410, 1786, 1469)",0.601698100566864
"(2568, 1641, 3983)",0.6016978621482849
"(1800, 1953, 1890, 4373)",0.6016963124275208
"(4977, 1410, 2541)",0.6016961932182312
"(1753, 3086, 903)",0.6016961932182312
"(4688, 1842, 2143)",0.6016960740089417
"(2890, 1732, 1414, 2703)",0.6016959547996521
"(3200, 1776, 2004, 251, 253)",0.601695716381073
"(2966, 2718, 2559)",0.6016955375671387
"(1953, 4329, 1801, 281, 159)",0.6016954183578491
"(2808, 1446, 1174, 1974)",0.6016953587532043
"(568, 2297, 3068, 1837)",0.6016943454742432
"(4417, 1446, 2397, 1390)",0.6016942858695984
"(1953, 1954, 1288, 2057, 2969, 1469)",0.6016939878463745
"(1999, 4103, 1855)",0.601693868637085
"(3290, 18, 114)",0.6016936898231506
"(568, 3265, 2178)",0.6016935706138611
"(1539, 387, 3374)",0.6016933917999268
"(2217, 2994, 2405, 1919)",0.6016932725906372
"(281, 251, 4103)",0.6016924381256104
"(568, 1781, 5032)",0.601692259311676
"(1788, 1958, 2775)",0.6016921997070312
"(1305, 5308, 1326)",0.6016921997070312
"(89, 2140, 3212)",0.6016918420791626
"(3211, 2148, 2446, 2447)",0.601691722869873
"(128, 2738, 2808, 660)",0.601691722869873
"(4338, 2021, 2358)",0.601691722869873
"(2890, 2723, 1390)",0.6016911268234253
"(1512, 89, 4497, 523)",0.6016911268234253
"(1953, 1512, 2057, 2962, 2718)",0.6016910672187805
"(2616, 1298, 2868)",0.6016903519630432
"(1809, 1786, 3265, 1382)",0.6016901731491089
"(258, 1446, 1963, 2956, 1463)",0.6016901135444641
"(1676, 1773, 2895)",0.6016899943351746
"(2681, 5106, 1887)",0.6016899943351746
"(2440, 385, 3024, 567)",0.6016899347305298
"(1578, 3834, 251, 253, 1471)",0.6016896963119507
"(2160, 2446, 4638)",0.6016895771026611
"(2416, 4741, 70)",0.6016894578933716
"(1953, 1963, 1446, 3169)",0.6016891002655029
"(1574, 2297, 4232, 1382)",0.6016889810562134
"(4328, 1953, 285, 1703)",0.6016888618469238
"(1953, 1954, 1288, 2057, 1469, 2718, 3903)",0.6016886830329895
"(3017, 1490, 1588)",0.6016885638237
"(2958, 1446, 1390, 519)",0.6016880869865417
"(4586, 1837, 309, 1382)",0.6016877889633179
"(1490, 634, 5331)",0.6016876697540283
"(3265, 25, 2028, 575)",0.6016876101493835
"(3200, 1837, 1836, 533)",0.6016876101493835
"(5026, 2610, 1901)",0.601687490940094
"(2293, 1365, 5294)",0.6016873121261597
"(2440, 454, 3815)",0.6016867160797119
"(2958, 2262, 1222)",0.6016865372657776
"(5320, 1514, 2220, 121, 1436, 1439)",0.6016859412193298
"(4743, 1953, 1463)",0.6016858220100403
"(1464, 3731, 1750)",0.6016858220100403
"(2796, 2389, 1310)",0.6016855835914612
"(1953, 1446, 1801, 1390, 3221)",0.6016855239868164
"(5451, 1491, 1943)",0.601685106754303
"(1512, 2417, 5241)",0.6016846299171448
"(3121, 1675, 1676, 1773)",0.6016844511032104
"(1953, 1801, 3212, 1933, 1463)",0.601684033870697
"(1288, 1552, 3042, 1574)",0.6016839742660522
"(955, 3750, 318)",0.6016837954521179
"(1512, 4621, 1710)",0.6016835570335388
"(1740, 3085, 54)",0.6016834378242493
"(1417, 2706, 2582, 5079)",0.6016831994056702
"(2369, 2217, 5365, 1461, 1919)",0.6016827821731567
"(1089, 4420, 1825)",0.6016826033592224
"(2953, 1435, 1470, 54)",0.6016826033592224
"(3190, 331, 1382)",0.6016820073127747
"(1689, 1494, 2775)",0.601681649684906
"(3302, 1326, 1911)",0.6016814708709717
"(2975, 1662, 2007)",0.6016813516616821
"(1980, 3053, 1351)",0.601681113243103
"(1953, 1288, 4360, 2057, 2718)",0.601680338382721
"(2298, 525, 3519)",0.601680338382721
"(2441, 2490, 2828)",0.6016802787780762
"(3042, 1836, 2071)",0.6016800999641418
"(2425, 1490, 2916)",0.601679801940918
"(5040, 1809, 498, 739)",0.6016796231269836
"(1953, 2279, 1512, 3212, 631)",0.6016794443130493
"(3017, 1491, 2731)",0.6016794443130493
"(5153, 251, 253)",0.6016786098480225
"(1466, 1284, 2686, 2796)",0.6016785502433777
"(4353, 493, 1974)",0.6016784906387329
"(296, 1385, 4545)",0.6016783714294434
"(361, 267, 3017, 2383)",0.601678192615509
"(1960, 1490, 730, 3276)",0.6016780138015747
"(1712, 3257, 1490, 1491)",0.6016768217086792
"(1446, 1703, 3212, 1390, 1974)",0.601676344871521
"(4368, 1509, 54)",0.6016758680343628
"(3019, 1788, 2703)",0.6016755104064941
"(1777, 2058, 2083, 4545)",0.6016755104064941
"(1842, 3085, 2143)",0.6016753911972046
"(1697, 4354, 1315, 1740)",0.6016753911972046
"(1825, 1781, 3177, 607)",0.6016746163368225
"(2560, 1825, 258, 4420)",0.6016745567321777
"(1800, 1953, 1890, 4379)",0.601674497127533
"(1920, 2584, 2941)",0.601674497127533
"(25, 386, 3203, 575)",0.6016744375228882
"(1288, 5354, 303)",0.6016740798950195
"(1800, 3746, 2262)",0.6016737222671509
"(2482, 4988, 1287)",0.6016736030578613
"(3200, 25, 2270)",0.6016735434532166
"(25, 4353, 574, 1071)",0.6016730666160583
"(2243, 1949, 5237)",0.6016724705696106
"(1382, 1703, 1383, 1837, 4340)",0.6016722917556763
"(576, 5266, 567, 568, 574, 575)",0.6016720533370972
"(1800, 3068, 574, 1703)",0.6016718745231628
"(25, 1386, 4349, 1383)",0.6016716957092285
"(1656, 739, 3200)",0.6016716361045837
"(2568, 4545, 1774)",0.6016715168952942
"(5153, 1844, 2286)",0.601671040058136
"(1944, 1809, 4645)",0.6016707420349121
"(1467, 2868, 1979)",0.6016706824302673
"(1446, 1963, 1933, 1390, 3219, 1463)",0.601670503616333
"(2968, 1633, 2446)",0.6016702055931091
"(646, 342, 2895)",0.6016701459884644
"(4103, 1574, 2351)",0.6016699075698853
"(1081, 2958, 2057)",0.6016699075698853
"(1288, 1552, 3766, 1574)",0.6016696095466614
"(2473, 4818, 84, 1781)",0.6016694903373718
"(3019, 2300, 2149)",0.6016690135002136
"(258, 4329, 1963, 1933, 1463)",0.6016685962677002
"(128, 2275, 2925)",0.6016685366630554
"(66, 3019, 2598)",0.6016684174537659
"(1512, 89, 4360, 2718)",0.6016682386398315
"(3471, 739, 2358, 967)",0.6016677618026733
"(3200, 2297, 2122)",0.6016674041748047
"(3042, 2045, 567)",0.6016666293144226
"(4103, 1611, 2140, 2351)",0.6016665697097778
"(1825, 1446, 2473, 1963, 2740, 3519)",0.6016665101051331
"(1953, 4582, 1800, 1836, 568, 1469)",0.6016664505004883
"(128, 1953, 1446, 1801, 1963, 4247)",0.6016651391983032
"(5250, 1149, 2143)",0.6016649007797241
"(1512, 2185, 3212, 631, 89)",0.6016648411750793
"(4816, 1979, 765)",0.6016647815704346
"(128, 3435, 2588, 1446)",0.6016644835472107
"(4426, 251, 1836, 253)",0.6016644835472107
"(128, 1801, 4819, 2560)",0.6016637086868286
"(2160, 1707, 1469, 4197)",0.6016632318496704
"(1953, 1703, 1801, 1963, 2956, 1974)",0.6016630530357361
"(2473, 2298, 1612, 4871)",0.6016630530357361
"(2160, 5310, 1710)",0.6016629338264465
"(2086, 1382, 4614, 1390, 1469)",0.6016627550125122
"(1288, 3611, 421)",0.6016626954078674
"(1475, 4724, 1979, 1447)",0.6016623973846436
"(3200, 2475, 2188)",0.6016623973846436
"(2298, 4626, 2487)",0.601662278175354
"(2050, 1698, 1299, 2911)",0.601662278175354
"(1456, 5437, 1286)",0.601662278175354
"(698, 803, 5388)",0.6016619801521301
"(128, 1953, 1446, 1801, 1963, 1933, 1390, 2958)",0.6016618609428406
"(128, 1953, 1446, 1801, 1963, 3221)",0.6016615033149719
"(281, 1403, 4329)",0.6016611456871033
"(2568, 1641, 4545)",0.6016609072685242
"(2465, 3535, 2529, 1943)",0.6016607284545898
"(1800, 1836, 3021, 2297, 253)",0.6016607284545898
"(4000, 1465, 493)",0.6016603708267212
"(3013, 1469, 1055)",0.6016592979431152
"(5352, 1837, 29)",0.6016592383384705
"(4424, 2630, 1382, 1703)",0.6016589999198914
"(1385, 1939, 3313)",0.6016587615013123
"(4534, 1972, 54)",0.6016584038734436
"(3200, 493, 1382)",0.6016578674316406
"(4508, 1748, 1349)",0.6016578078269958
"(1288, 3624, 2718)",0.6016575694084167
"(1512, 2057, 3212, 660, 89)",0.6016572713851929
"(1809, 3042, 1837)",0.6016572117805481
"(2297, 3075, 2071, 575)",0.601656973361969
"(5193, 2741, 1759)",0.6016566753387451
"(2890, 1422, 182)",0.6016566157341003
"(1953, 4103, 1800, 1836, 568, 1469)",0.6016563773155212
"(568, 4103, 2351)",0.6016560196876526
"(3471, 89, 967)",0.6016553640365601
"(4169, 2188, 309)",0.6016553044319153
"(1953, 1954, 1288, 1067, 1469, 2718, 3903)",0.601655125617981
"(2541, 4545, 1829)",0.6016550660133362
"(536, 3200, 1469)",0.6016544699668884
"(3760, 1889, 2546)",0.6016541123390198
"(386, 1382, 1703, 1800, 4332, 575)",0.6016537547111511
"(4545, 1436, 2598)",0.6016537547111511
"(1288, 5262, 1535)",0.6016536951065063
"(1827, 1949, 2911)",0.6016535758972168
"(3085, 1477, 1669)",0.6016526818275452
"(1446, 1703, 1390, 1974, 3519)",0.6016526222229004
"(1465, 4494, 1383)",0.6016525626182556
"(4328, 2057, 83)",0.6016523241996765
"(48, 4467, 1996)",0.601652204990387
"(2568, 357, 3262)",0.601652204990387
"(2083, 1351, 2090, 1709, 5181)",0.601651668548584
"(1409, 4582, 1471, 1996, 1855)",0.6016514897346497
"(474, 66, 3414)",0.6016514301300049
"(1499, 2708, 2775)",0.6016513109207153
"(25, 2958, 2057)",0.6016513109207153
"(2297, 370, 1837, 4303)",0.6016510725021362
"(3014, 1990, 1911)",0.6016509532928467
"(4768, 1661, 1294)",0.6016498804092407
"(4417, 1403, 533)",0.6016497015953064
"(1800, 2057, 3211, 1836)",0.601649284362793
"(3042, 1837, 1469)",0.6016490459442139
"(2442, 2211, 3085)",0.6016489267349243
"(1611, 251, 4029)",0.6016482710838318
"(1569, 2775, 1983)",0.601648211479187
"(1382, 3076, 1837, 574)",0.6016480922698975
"(25, 3297, 1999)",0.6016478538513184
"(1403, 3900, 2109)",0.6016477942466736
"(4169, 1426, 332)",0.6016475558280945
"(1676, 2895, 1375)",0.6016471982002258
"(568, 2297, 4421)",0.6016470789909363
"(4354, 1893, 1709)",0.6016470789909363
"(2953, 1762, 1470, 1943)",0.6016466617584229
"(1512, 2482, 3371)",0.6016461849212646
"(3021, 1390, 1814)",0.6016461253166199
"(354, 4532, 1294)",0.6016460657119751
"(2297, 2019, 4614)",0.6016460061073303
"(2297, 2340, 3199)",0.6016456484794617
"(3560, 1426, 1844, 2358, 2071, 2297)",0.6016454100608826
"(1960, 1490, 730, 3257)",0.6016454100608826
"(3144, 1478, 2143)",0.601645290851593
"(4000, 1577, 1402)",0.6016446948051453
"(4103, 1836, 1837, 251, 1469)",0.6016444563865662
"(1960, 73, 2984)",0.6016442775726318
"(1996, 1574, 4103)",0.6016439199447632
"(1953, 1954, 1703, 1707, 3198)",0.6016429662704468
"(1953, 1836, 4410, 1469, 574)",0.601642906665802
"(1944, 1426, 3078)",0.6016427278518677
"(3892, 1380, 1534)",0.6016426086425781
"(1953, 1446, 1963, 493, 1390, 2969)",0.6016426086425781
"(1426, 332, 3815)",0.6016425490379333
"(1696, 2998, 878, 87)",0.6016424894332886
"(1801, 1890, 660, 2958)",0.6016420125961304
"(1426, 739, 1578, 3078)",0.6016419529914856
"(1160, 2603, 4470)",0.6016414761543274
"(3121, 1316, 2143)",0.6016414761543274
"(2143, 4545, 1734, 1351)",0.6016409993171692
"(1811, 3021, 574, 1815)",0.601640522480011
"(1968, 3541, 2541, 1566)",0.6016400456428528
"(1825, 4420, 567)",0.6016396284103394
"(1978, 106, 5469)",0.601639449596405
"(128, 1953, 1890, 660, 2718, 3519)",0.6016393303871155
"(2718, 4294, 2198)",0.6016392707824707
"(1512, 523, 3212, 631, 89)",0.6016392111778259
"(3200, 1403, 1999)",0.6016391515731812
"(2008, 739, 4416)",0.6016388535499573
"(1953, 1446, 1801, 1963, 1933, 1390, 1974, 4346)",0.601638674736023
"(4169, 1426, 1571, 309)",0.6016384959220886
"(1552, 4486, 1294)",0.60163813829422
"(2984, 1669, 54)",0.601637601852417
"(1825, 1781, 3174, 607)",0.6016375422477722
"(2000, 1515, 2902)",0.6016375422477722
"(3144, 1827, 1491)",0.6016374230384827
"(568, 1953, 3192)",0.6016374230384827
"(1382, 1383, 1837, 2968, 25)",0.6016372442245483
"(2008, 2140, 3200, 2414)",0.6016359925270081
"(25, 1426, 4893)",0.6016356945037842
"(1512, 2417, 4690)",0.6016353964805603
"(1993, 106, 2777)",0.601635217666626
"(1288, 1552, 3042, 1611)",0.6016349196434021
"(2714, 2891, 1310)",0.6016348600387573
"(1408, 2006, 2775)",0.6016347408294678
"(4551, 140, 2028, 575)",0.6016340851783752
"(2113, 1481, 4545)",0.6016339063644409
"(3194, 2028, 575)",0.6016337871551514
"(576, 251, 4103, 2071)",0.6016335487365723
"(4561, 554, 2028)",0.6016335487365723
"(3076, 1382, 1703, 1800, 1426)",0.6016333103179932
"(1472, 1454, 5071)",0.6016331315040588
"(576, 2473, 2298, 4871)",0.6016327142715454
"(5496, 1315, 2383)",0.6016321182250977
"(1953, 2958, 519)",0.6016319394111633
"(0, 1740, 1925, 4263)",0.6016315817832947
"(2958, 2275, 660, 2718)",0.6016311645507812
"(3200, 1809, 1999)",0.6016308665275574
"(2475, 2140, 4679)",0.601630687713623
"(4123, 1305, 1315)",0.6016305088996887
"(1561, 4669, 54)",0.6016298532485962
"(128, 1953, 1890, 4521, 1963, 1933)",0.6016293168067932
"(3072, 1465, 739)",0.601628839969635
"(52, 3085, 54)",0.6016287207603455
"(2354, 2267, 5357)",0.6016280651092529
"(1954, 1703, 1800, 1933, 4119)",0.601627767086029
"(1865, 3053, 2102)",0.6016277074813843
"(3144, 730, 2652)",0.6016276478767395
"(4925, 2204, 1845)",0.6016274094581604
"(3200, 2770, 684, 2351)",0.6016274094581604
"(1446, 1703, 1963, 1933, 1390, 3219, 1974)",0.6016273498535156
"(1802, 3378, 1327)",0.6016273498535156
"(592, 1574, 4615)",0.6016271710395813
"(3288, 1361, 2094)",0.6016261577606201
"(4977, 2642, 286)",0.6016261577606201
"(4624, 1953, 523, 1703)",0.6016259789466858
"(1944, 1809, 3203, 1799)",0.6016251444816589
"(2028, 1710, 4959)",0.601624608039856
"(3265, 1386, 1786, 1382)",0.6016244292259216
"(1740, 1149, 2822)",0.6016242504119873
"(1703, 1800, 4328, 1707, 89)",0.6016240119934082
"(2560, 1781, 4383)",0.6016239523887634
"(128, 1801, 1963, 1933, 2958, 660)",0.6016238331794739
"(2425, 2738, 2916)",0.6016236543655396
"(4840, 1782, 1743)",0.6016234755516052
"(3068, 1382, 2207)",0.6016230583190918
"(885, 814, 3159)",0.6016228795051575
"(2946, 1446, 2397, 1390)",0.6016227602958679
"(2193, 3221, 567)",0.6016219854354858
"(1600, 4417, 2298)",0.6016218066215515
"(2136, 2568, 1827, 3262)",0.6016218066215515
"(603, 3236, 558)",0.6016217470169067
"(5272, 29, 1183)",0.6016216278076172
"(1842, 3054, 2143)",0.6016213297843933
"(1809, 2275, 4103)",0.6016209721565247
"(2045, 3202, 141, 567)",0.6016206741333008
"(2884, 421, 1390)",0.6016205549240112
"(1488, 4545, 1378, 1351)",0.6016201972961426
"(2560, 1890, 660, 4347, 2718)",0.6016198396682739
"(2440, 3203, 574)",0.6016191244125366
"(128, 1446, 1703, 1288, 1801, 3212)",0.6016190648078918
"(25, 2722, 2956)",0.6016190648078918
"(2057, 2958, 2275, 2718)",0.6016186475753784
"(4698, 739, 493)",0.6016185283660889
"(1424, 1505, 4420)",0.6016185283660889
"(1920, 2980, 60)",0.6016181707382202
"(1529, 1490, 2941)",0.6016179323196411
"(1953, 1446, 1703, 1963, 1933, 1390, 2958)",0.601617693901062
"(1676, 4886, 2143)",0.6016175746917725
"(1568, 2462, 5183)",0.6016174554824829
"(4416, 739, 1383)",0.6016173362731934
"(128, 1801, 660, 4347, 159)",0.6016173362731934
"(3490, 26, 783)",0.6016167998313904
"(1953, 1954, 3068, 1469)",0.6016165018081665
"(3200, 2506, 2279)",0.6016165018081665
"(128, 1953, 4626, 2721)",0.601616382598877
"(2153, 2121, 3347)",0.601616382598877
"(2570, 2477, 3415)",0.6016161441802979
"(1809, 978, 4103)",0.6016160249710083
"(3050, 2140, 1471)",0.6016156077384949
"(2457, 1501, 4469)",0.6016155481338501
"(3395, 2230, 1877, 950)",0.6016152501106262
"(3014, 1414, 1911)",0.6016150712966919
"(1465, 493, 4526)",0.601614773273468
"(4768, 169, 1514)",0.601614773273468
"(4024, 1838, 1103)",0.6016145348548889
"(2611, 2427, 2911)",0.6016139984130859
"(2057, 3042, 1835)",0.6016125082969666
"(4624, 1611, 739)",0.6016115546226501
"(1994, 1484, 765, 2935)",0.601611316204071
"(2050, 1284, 1298, 1299, 1300, 2911)",0.6016111373901367
"(4103, 493, 1999)",0.6016107797622681
"(1313, 1986, 3017)",0.6016107201576233
"(1512, 523, 3212, 2161, 89)",0.6016106009483337
"(3746, 1800, 1836, 1811, 2297)",0.6016100645065308
"(1936, 1827, 3487)",0.6016087532043457
"(128, 1446, 1801, 2738, 4415)",0.601608157157898
"(1800, 1953, 3298, 1703)",0.6016080379486084
"(4393, 1963, 1933)",0.6016080379486084
"(3200, 2491, 1974)",0.6016079187393188
"(2208, 2210, 2973, 1743)",0.6016075015068054
"(1512, 5030, 2264, 2199)",0.6016075015068054
"(1328, 1371, 4886)",0.6016069054603577
"(0, 4608, 1740, 1925)",0.6016069054603577
"(601, 1209, 5491)",0.6016067862510681
"(1426, 3815, 309, 2202)",0.6016067266464233
"(128, 1953, 1890, 1963, 1933, 3215)",0.6016049981117249
"(2973, 1518, 1558)",0.6016048789024353
"(3310, 653, 806)",0.6016046404838562
"(128, 1446, 1801, 1963, 1933, 1390, 1974, 4346)",0.6016038656234741
"(3347, 1139, 2060)",0.6016038060188293
"(584, 1512, 3212, 2279)",0.601603627204895
"(1272, 3200, 2231)",0.6016035079956055
"(1944, 178, 4426)",0.6016033291816711
"(1288, 4117, 1991)",0.6016033291816711
"(2080, 1468, 3200)",0.6016032695770264
"(128, 1825, 4350, 159)",0.6016030311584473
"(1472, 1713, 3408)",0.6016029119491577
"(2980, 1331, 1748, 2159)",0.6016027331352234
"(306, 1763, 4331)",0.601601779460907
"(1440, 3285, 1439)",0.6016014814376831
"(4770, 1386, 2340)",0.6016008853912354
"(3778, 388, 1701)",0.6015999913215637
"(128, 2946, 1801, 660, 2718)",0.6015994548797607
"(128, 1953, 1954, 1288, 2956, 1469, 2718)",0.6015994548797607
"(4507, 2765, 2710)",0.601599395275116
"(1593, 3579, 885)",0.6015987992286682
"(1953, 1446, 1801, 1963, 3212, 1933, 1390, 1974)",0.6015987992286682
"(1446, 4329, 1963, 1933, 1390, 1463)",0.6015984416007996
"(2160, 4244, 1999)",0.6015982031822205
"(1953, 1954, 1288, 4360, 2718)",0.6015979051589966
"(3521, 1953, 1446, 1390, 2738)",0.6015978455543518
"(1512, 4197, 1710)",0.6015974283218384
"(1512, 523, 4351, 631)",0.601597249507904
"(2441, 2298, 4377)",0.6015971302986145
"(66, 3415, 1151)",0.6015970706939697
"(3019, 2267, 54)",0.6015969514846802
"(1382, 1800, 4779, 1844, 568)",0.6015963554382324
"(1800, 4454, 332, 1836)",0.6015963554382324
"(739, 3900, 533)",0.6015962958335876
"(128, 1953, 1963, 4718, 1974)",0.6015961766242981
"(128, 1953, 2958, 159)",0.601595938205719
"(2714, 2890, 1310)",0.6015955805778503
"(1697, 1315, 1740, 4545)",0.6015955805778503
"(128, 1953, 2946, 1963, 1974)",0.6015955209732056
"(1953, 1763, 4103, 1811, 1469)",0.6015951633453369
"(52, 54, 4599)",0.6015950441360474
"(4304, 1529, 1365)",0.6015949845314026
"(2208, 4805, 2029, 1743)",0.6015948057174683
"(48, 1953, 1890, 2956)",0.6015945672988892
"(3051, 46, 1471)",0.6015945076942444
"(1446, 1703, 4330, 1390, 1974)",0.6015944480895996
"(2005, 2298, 3200, 1781)",0.6015944480895996
"(1568, 4576, 1974)",0.6015940308570862
"(1920, 2941, 2472)",0.6015939116477966
"(1944, 309, 4190)",0.6015936136245728
"(2057, 533, 4383)",0.601593554019928
"(1963, 1933, 4390)",0.6015934944152832
"(1754, 1435, 2775)",0.6015934348106384
"(1800, 1954, 739, 4326)",0.6015933752059937
"(281, 4571, 2718)",0.6015932559967041
"(2777, 106, 1372)",0.601593017578125
"(2896, 341, 646)",0.601593017578125
"(128, 1953, 4190, 1744)",0.6015928983688354
"(3746, 498, 739)",0.6015921235084534
"(1953, 1954, 1288, 2969, 1469, 2718)",0.601591944694519
"(2473, 84, 1781, 3519)",0.6015918850898743
"(902, 3085, 54, 2159)",0.6015912890434265
"(3200, 1578, 2446, 2286, 1815)",0.6015903949737549
"(1962, 4899, 1439)",0.6015899777412415
"(1953, 1954, 1288, 89, 1469, 2718, 3903)",0.6015899777412415
"(2080, 4123, 2524)",0.6015899777412415
"(309, 5406, 1469)",0.6015899181365967
"(1703, 3068, 1382, 575)",0.6015897989273071
"(5476, 1404, 1430)",0.6015897989273071
"(385, 1219, 3519)",0.6015897989273071
"(2208, 1380, 2031, 1743, 2973)",0.6015896201133728
"(2521, 900, 54, 4599)",0.6015896201133728
"(128, 1953, 4547, 1963, 1974)",0.6015891432762146
"(2897, 1573, 2550)",0.6015891432762146
"(800, 1384, 1193, 754, 3126, 2302)",0.601589024066925
"(646, 4925, 342)",0.6015888452529907
"(4608, 1697, 1740, 1329, 2546)",0.6015883684158325
"(385, 4334, 567)",0.6015878915786743
"(1288, 4538, 1535)",0.60158771276474
"(1288, 1963, 1933, 4509)",0.6015872359275818
"(1953, 1890, 1446, 1390, 4478)",0.6015868782997131
"(1939, 4510, 1447)",0.6015866994857788
"(1403, 4332, 309)",0.6015865206718445
"(2441, 5234, 2109)",0.6015863418579102
"(1472, 4545, 1829)",0.6015859842300415
"(739, 2028, 3900)",0.6015859842300415
"(1416, 1430, 2895)",0.6015856862068176
"(1799, 4478, 1703)",0.6015855073928833
"(2440, 4103, 2351)",0.6015855073928833
"(1362, 2530, 54, 3085)",0.6015852093696594
"(1837, 2486, 3815)",0.6015852093696594
"(1968, 218, 267, 2984)",0.6015845537185669
"(1800, 3042, 1703)",0.6015843152999878
"(3212, 341, 1463)",0.6015841364860535
"(3425, 2114, 1829)",0.6015837788581848
"(1200, 1829, 2799)",0.6015836596488953
"(1288, 2057, 3212, 660, 631)",0.6015834808349609
"(4759, 1706, 2079)",0.6015828847885132
"(3200, 1403, 430)",0.6015824675559998
"(3265, 1426, 2486)",0.601582407951355
"(1464, 1750, 2895)",0.601582407951355
"(1600, 3200, 254, 2071)",0.6015821099281311
"(3922, 539, 2278)",0.6015816926956177
"(1328, 1754, 5357)",0.6015814542770386
"(2994, 1442, 2444, 1919)",0.6015808582305908
"(1744, 385, 2968, 2216)",0.6015806794166565
"(1960, 1329, 2546, 3257)",0.6015806794166565
"(4545, 1347, 157)",0.6015805006027222
"(1574, 2297, 4945, 1382)",0.6015802025794983
"(2672, 1298, 2911)",0.6015796065330505
"(2768, 3057, 1990)",0.601579487323761
"(2360, 2060, 4032)",0.6015794277191162
"(1512, 4426, 1469, 1710)",0.6015791296958923
"(2440, 3050, 574)",0.601578950881958
"(2754, 1490, 4674)",0.6015787124633789
"(2008, 309, 3815)",0.6015785336494446
"(1944, 3042, 1837)",0.601578414440155
"(1529, 5427, 1310)",0.6015782356262207
"(2721, 2962, 2275, 519)",0.601577877998352
"(4600, 1294, 2143)",0.6015771627426147
"(1528, 18, 5099, 2069)",0.6015771627426147
"(1601, 1825, 2275, 2959, 2718)",0.6015769243240356
"(3298, 739, 1999)",0.6015761494636536
"(1539, 3376, 387)",0.6015761494636536
"(1288, 3042, 140)",0.601576030254364
"(1305, 1675, 3007)",0.601576030254364
"(1953, 1890, 4420, 2718)",0.6015755534172058
"(2958, 2718, 2719)",0.6015749573707581
"(1328, 1734, 5079)",0.6015748977661133
"(128, 1825, 1926, 4521, 2122)",0.6015744209289551
"(1800, 4523, 332, 1836)",0.6015741229057312
"(1512, 523, 2958)",0.6015740036964417
"(1512, 2057, 2161, 4351)",0.6015740036964417
"(1410, 1509, 1704, 73, 2984, 1396)",0.6015723943710327
"(2370, 2101, 3655)",0.6015722155570984
"(5409, 2427, 2356)",0.6015709042549133
"(4103, 1386, 1786, 251, 253)",0.6015704870223999
"(3017, 1491, 2709, 1943)",0.6015703678131104
"(3408, 1481, 2271)",0.6015703678131104
"(1144, 1372, 3599)",0.6015703082084656
"(568, 3266, 251)",0.6015702486038208
"(1352, 2187, 3075)",0.6015702486038208
"(1512, 1390, 3983)",0.6015701293945312
"(4416, 2057, 493)",0.6015700697898865
"(4416, 739, 493)",0.6015697717666626
"(1224, 4410, 1574)",0.6015692949295044
"(1338, 2460, 2790)",0.6015689373016357
"(1480, 691, 3500, 2227)",0.6015688180923462
"(3200, 2251, 1469)",0.6015687584877014
"(2953, 1362, 1410)",0.6015682220458984
"(3085, 2451, 1509)",0.6015681624412537
"(4169, 1426, 309, 25, 127)",0.6015677452087402
"(2541, 1509, 4886)",0.6015676259994507
"(1800, 3185, 1707, 1836)",0.601567268371582
"(1979, 2868, 2302)",0.6015670299530029
"(3161, 1402, 1834)",0.6015669703483582
"(1377, 3682, 1413, 1335, 1406)",0.6015666127204895
"(0, 1273, 4354)",0.6015664935112
"(1953, 1890, 4481, 1703, 1800, 660)",0.6015664935112
"(584, 89, 4497)",0.6015661954879761
"(640, 529, 5194, 157)",0.6015660762786865
"(4256, 2412, 1325)",0.601565957069397
"(554, 2262, 3215)",0.6015655398368835
"(2616, 1490, 2869)",0.6015649437904358
"(1953, 2668, 1469, 4404)",0.601564884185791
"(2968, 556, 567)",0.6015647649765015
"(1825, 1781, 4350, 607)",0.6015644669532776
"(1802, 1036, 3053)",0.6015642881393433
"(3408, 459, 2534)",0.6015642881393433
"(1953, 1954, 1288, 4842, 1469)",0.6015641689300537
"(2890, 1939, 1310)",0.6015640497207642
"(1106, 4103, 2351, 1471)",0.6015639305114746
"(2884, 1933, 1390, 302, 2264)",0.6015635132789612
"(793, 1187, 4337)",0.6015630960464478
"(68, 2102, 4870)",0.6015629172325134
"(2279, 1512, 2057, 523, 3212, 631)",0.6015626192092896
"(5540, 157, 510)",0.6015624403953552
"(3075, 1382, 1703, 1800, 575)",0.601561963558197
"(3169, 2298, 1067)",0.6015616655349731
"(833, 2684, 5270)",0.6015608906745911
"(921, 1588, 3166)",0.6015605926513672
"(3257, 1490, 1573)",0.6015602350234985
"(1466, 1298, 3214)",0.601560115814209
"(2297, 978, 3525)",0.6015597581863403
"(128, 1953, 4329, 1963, 1933, 1463)",0.6015596985816956
"(1192, 3778, 671)",0.6015591621398926
"(1446, 2397, 1390, 3439)",0.6015589833259583
"(5153, 1390, 575)",0.6015589237213135
"(3145, 1077, 2143)",0.6015586853027344
"(1943, 1494, 2775, 54, 1983)",0.6015582084655762
"(1953, 1703, 1801, 4329, 1963, 1974)",0.6015571355819702
"(601, 602, 3276)",0.6015568375587463
"(1064, 602, 3144)",0.6015567779541016
"(1837, 309, 3043)",0.6015563011169434
"(4561, 2506, 1991)",0.6015561819076538
"(3200, 1578, 2446, 1383)",0.6015558242797852
"(577, 4347, 1838)",0.6015554666519165
"(1409, 4582, 1471, 1996, 2351, 1855)",0.6015551090240479
"(3200, 739, 2277)",0.6015550494194031
"(5001, 459, 2655)",0.6015549302101135
"(3200, 2178, 1571)",0.6015547513961792
"(1385, 5195, 1939)",0.6015545129776001
"(739, 2028, 3078)",0.6015544533729553
"(1490, 2709, 3654)",0.6015543341636658
"(2425, 4012, 2577)",0.601554274559021
"(1352, 2080, 3076)",0.6015536785125732
"(3200, 25, 28)",0.6015536785125732
"(2859, 2718, 2275, 86)",0.6015536785125732
"(3050, 2140, 2358)",0.6015534996986389
"(754, 747, 2979)",0.6015534996986389
"(4024, 1953, 2071)",0.6015533804893494
"(498, 4404, 1382, 2071)",0.6015530824661255
"(178, 475, 4350)",0.6015521883964539
"(2881, 2243, 2117)",0.6015521287918091
"(1944, 2001, 2160, 3200)",0.6015520095825195
"(251, 4103, 253, 575)",0.6015517711639404
"(4360, 2473, 2722, 574)",0.6015517115592957
"(2050, 1284, 2942)",0.6015516519546509
"(361, 2442, 3019)",0.6015514731407166
"(2560, 4329, 2738, 660)",0.6015514135360718
"(4731, 493, 1382)",0.601551353931427
"(128, 1801, 2738, 2960)",0.6015505790710449
"(128, 1953, 4329, 1463)",0.6015504002571106
"(3265, 251, 1836)",0.6015504002571106
"(1571, 3211, 574, 1815)",0.6015502214431763
"(1305, 4354, 1326)",0.6015499234199524
"(1953, 4103, 1837, 1786, 251)",0.6015493273735046
"(1809, 498, 3202, 1799)",0.6015490889549255
"(2440, 3265, 574)",0.601548969745636
"(568, 5105, 2178)",0.601548969745636
"(4304, 1347, 1566)",0.6015483736991882
"(1689, 3014, 1911)",0.6015483736991882
"(601, 602, 3257)",0.6015483140945435
"(568, 2297, 3192, 1382)",0.6015481352806091
"(2625, 2890, 302, 303, 304)",0.6015480756759644
"(2592, 1777, 3553)",0.6015478372573853
"(2546, 5357, 1670)",0.6015477776527405
"(1960, 1329, 2546, 3535)",0.6015477180480957
"(2331, 3276, 1879)",0.6015471816062927
"(1953, 1890, 1703, 1800, 3271, 660)",0.601546585559845
"(3254, 1934, 1991)",0.601546585559845
"(3834, 251, 1606, 1471)",0.6015463471412659
"(1040, 1036, 3200)",0.601546049118042
"(2405, 2217, 2444, 1902, 2994)",0.601545512676239
"(4000, 1953, 1801, 1933, 1390, 1463)",0.6015453338623047
"(1968, 2541, 2981)",0.601544976234436
"(2080, 1809, 4454, 1799)",0.6015444397926331
"(200, 3290, 1278)",0.6015443205833435
"(3649, 1378, 2534, 1351, 1481)",0.6015443205833435
"(1968, 2832, 1339, 2541)",0.6015437245368958
"(1424, 1505, 3200)",0.6015434861183167
"(1315, 3085, 2383)",0.6015433073043823
"(1426, 2958, 1382)",0.6015433073043823
"(1825, 4383, 1703)",0.601543128490448
"(1362, 2775, 1410)",0.6015423536300659
"(2946, 1963, 1933, 2417, 159)",0.6015421748161316
"(3075, 1382, 1703, 1800, 1426, 2071)",0.6015419960021973
"(2568, 1774, 4886)",0.6015419960021973
"(1288, 1963, 4693, 1446)",0.6015418767929077
"(128, 1953, 3169, 1963, 1933)",0.6015418171882629
"(1698, 2911, 2186)",0.6015416383743286
"(3190, 309, 1838)",0.6015408635139465
"(1792, 4754, 1799)",0.6015402674674988
"(1953, 3834, 1786, 251, 253)",0.6015401482582092
"(1825, 493, 4150, 1703)",0.6015400886535645
"(1953, 1801, 1933, 1390, 4371, 1463)",0.6015394926071167
"(3265, 1809, 1799, 567)",0.6015394926071167
"(4353, 1974, 1999)",0.6015390753746033
"(1800, 3075, 1836, 493)",0.6015389561653137
"(519, 1963, 3788, 1933, 159)",0.601538896560669
"(128, 1446, 4329, 1963, 1933, 1390, 660, 1974)",0.6015387177467346
"(1600, 4554, 2242)",0.6015385985374451
"(1529, 1535, 3622, 1463)",0.6015385985374451
"(2440, 3843, 574)",0.601537823677063
"(568, 1776, 251, 4916)",0.6015377640724182
"(1446, 1703, 4329, 1963, 1933, 1390, 1974)",0.6015366315841675
"(1753, 276, 4876)",0.6015360355377197
"(25, 2178, 4244)",0.6015357375144958
"(1288, 3682, 2590)",0.6015352010726929
"(523, 501, 4351)",0.6015350222587585
"(128, 1825, 3171, 159)",0.6015348434448242
"(1953, 1512, 1705, 523, 3212)",0.6015346646308899
"(1953, 4103, 1386, 1836, 1837, 25, 1786)",0.6015346050262451
"(544, 3746, 1837)",0.6015344858169556
"(2001, 3156, 2015)",0.6015342473983765
"(25, 2298, 3525)",0.6015340089797974
"(1224, 3200, 2351)",0.6015338897705078
"(560, 3200, 567)",0.6015332341194153
"(1953, 1890, 1954, 1382, 1703, 1800, 3198)",0.6015328764915466
"(1818, 3276, 2244)",0.6015328168869019
"(1800, 1954, 5016)",0.6015327572822571
"(1809, 4410, 2310)",0.6015324592590332
"(381, 4190, 1383)",0.6015324592590332
"(89, 2140, 4375)",0.6015319228172302
"(1396, 2374, 4599)",0.6015318036079407
"(3552, 2217, 2405, 1919)",0.6015318036079407
"(2440, 2443, 254, 4614)",0.6015313267707825
"(1953, 1890, 1703, 1800, 660, 4375)",0.6015312075614929
"(2140, 3029, 1471)",0.6015311479568481
"(2576, 3200, 1469, 1382)",0.6015310287475586
"(3200, 739, 2109)",0.601530909538269
"(2417, 2958, 567)",0.6015304923057556
"(1505, 1974, 5406)",0.6015304327011108
"(2808, 1953, 1463)",0.6015303134918213
"(568, 2178, 3050)",0.601530134677887
"(2541, 4545, 1509)",0.6015300750732422
"(2916, 539, 1740)",0.6015293598175049
"(385, 306, 3076, 567)",0.6015287041664124
"(1929, 1339, 5431)",0.601528525352478
"(128, 1801, 2738, 3471)",0.6015284061431885
"(1920, 1529, 2941)",0.6015281081199646
"(2405, 2217, 2444, 2994, 1919)",0.6015278100967407
"(25, 1426, 3265, 1382)",0.6015276312828064
"(2008, 4190, 1383)",0.6015276312828064
"(4331, 685, 687)",0.6015272736549377
"(2354, 2267, 5079)",0.6015269756317139
"(1432, 1939, 2944)",0.60152667760849
"(493, 4150, 2599)",0.6015253663063049
"(1842, 3063, 2143)",0.6015253663063049
"(1953, 4103, 1837, 1999, 1786)",0.6015252470970154
"(5138, 603, 2006)",0.6015251874923706
"(25, 3042, 1837)",0.601524293422699
"(1305, 2546, 5468, 1329)",0.6015238165855408
"(251, 253, 3043)",0.6015230417251587
"(2240, 1481, 2427, 4545)",0.6015229225158691
"(128, 159, 1801, 660, 3519)",0.60152268409729
"(568, 1800, 3050, 1836)",0.6015226244926453
"(1382, 1703, 1800, 3068, 574)",0.6015226244926453
"(1175, 4145, 575)",0.6015225648880005
"(1471, 2475, 1996, 2351, 4404, 1855)",0.6015225648880005
"(1481, 2890, 2243)",0.6015224456787109
"(1665, 2083, 4545)",0.6015224456787109
"(2026, 3042, 645)",0.6015223264694214
"(681, 4605, 1381)",0.6015221476554871
"(1833, 19, 4420)",0.601521909236908
"(1825, 2559, 4329, 159)",0.6015216708183289
"(128, 1953, 4419, 1446, 1801, 1963, 1781)",0.601521372795105
"(1809, 2202, 4190)",0.601521372795105
"(128, 2738, 3002, 660)",0.6015208959579468
"(1481, 1460, 4545)",0.6015206575393677
"(3200, 25, 1237)",0.6015204191207886
"(2202, 1763, 4332)",0.601520299911499
"(4816, 1994, 1484, 765)",0.601520299911499
"(1513, 5393, 1846, 511)",0.6015201210975647
"(2008, 4353, 493)",0.6015200018882751
"(1979, 4725, 1903)",0.601519763469696
"(385, 3042, 1953)",0.6015195846557617
"(1953, 1890, 1703, 1800, 660, 4381)",0.6015194654464722
"(1953, 1800, 1836, 568, 3834, 1469)",0.6015192866325378
"(1865, 4851, 1341)",0.6015191674232483
"(1802, 3659, 1740)",0.6015186905860901
"(4247, 1825, 493, 1703)",0.6015185713768005
"(128, 1446, 1801, 1963, 3212, 1933, 1390, 1974)",0.6015183925628662
"(1528, 5099, 1982)",0.6015177369117737
"(1800, 1703, 3068, 575)",0.6015174388885498
"(560, 305, 2953)",0.6015174388885498
"(1481, 4925, 1463)",0.6015173196792603
"(3552, 2405, 2217, 2444, 1902)",0.6015170812606812
"(3257, 1478, 2143)",0.6015167236328125
"(89, 4383, 1825)",0.6015166640281677
"(4610, 516, 85)",0.6015164852142334
"(2057, 3212, 398, 159)",0.6015163660049438
"(3019, 2300, 54)",0.6015157699584961
"(1800, 4386, 1781)",0.6015146374702454
"(5077, 1469, 1055)",0.6015146374702454
"(1920, 1204, 4509)",0.6015143990516663
"(1190, 747, 1841, 690, 3646)",0.6015141606330872
"(2968, 739, 2140)",0.6015139818191528
"(1512, 1705, 2057, 3212, 660)",0.6015139818191528
"(1451, 1317, 4469)",0.6015137434005737
"(1993, 106, 5571)",0.6015136241912842
"(1481, 1436, 5007)",0.6015132665634155
"(1512, 660, 2958)",0.6015129089355469
"(1512, 2441, 4229)",0.6015129089355469
"(1600, 1837, 4190)",0.601512610912323
"(592, 2968, 567)",0.601512610912323
"(2330, 2613, 2302, 4005)",0.6015124917030334
"(1446, 1933, 493, 1390, 3215)",0.6015123128890991
"(89, 4769, 2140)",0.6015121340751648
"(3290, 114, 196)",0.60151207447052
"(568, 1800, 1386, 3076)",0.60151207447052
"(4545, 1414, 1439)",0.6015117764472961
"(1953, 4338, 519)",0.6015116572380066
"(2570, 4933, 1791)",0.6015116572380066
"(73, 2953, 2638)",0.6015109419822693
"(2216, 1465, 4294)",0.6015104651451111
"(3200, 2473, 1781)",0.6015102863311768
"(128, 1446, 3212, 1390, 660, 1974)",0.6015096306800842
"(1416, 3929, 2771)",0.6015095114707947
"(1962, 3114, 1439)",0.6015095114707947
"(1945, 1394, 2529, 2775)",0.6015095114707947
"(3426, 1799, 2298, 1809, 1786)",0.6015094518661499
"(1600, 386, 3076, 575)",0.601509153842926
"(568, 281, 4511)",0.6015085577964783
"(3682, 1315, 662)",0.6015082597732544
"(3737, 1730, 1853)",0.6015081405639648
"(1033, 4123, 1326)",0.6015080213546753
"(3200, 2491, 2447)",0.6015079617500305
"(1960, 3238, 1990)",0.6015077829360962
"(2938, 1933, 2703)",0.6015076637268066
"(3054, 1158, 215)",0.6015073657035828
"(4354, 1155, 1492)",0.6015072464942932
"(2400, 3313, 106)",0.6015071868896484
"(2443, 574, 3815)",0.6015070080757141
"(690, 3635, 653)",0.6015064716339111
"(2112, 2570, 3415)",0.6015062928199768
"(1953, 1512, 2057, 3212, 89, 1469)",0.6015058755874634
"(1481, 1706, 4886)",0.6015055179595947
"(2672, 1305, 5357)",0.6015051007270813
"(1600, 2297, 4774, 1382)",0.6015045642852783
"(169, 4545, 1439)",0.601504385471344
"(2148, 4424, 1836)",0.6015043258666992
"(1976, 117, 3278)",0.6015043258666992
"(89, 2718, 5023)",0.6015036106109619
"(1802, 2187, 3204)",0.6015035510063171
"(360, 4688, 892, 54)",0.6015029549598694
"(3076, 1800, 1836, 1944, 25)",0.6015029549598694
"(1512, 1953, 4329, 1703)",0.6015028357505798
"(1298, 5099, 1674)",0.6015026569366455
"(739, 3077, 2127)",0.6015025973320007
"(4593, 1972, 54)",0.6015025973320007
"(1944, 1825, 2560, 3519)",0.6015024781227112
"(2160, 1426, 739, 3198)",0.6015024185180664
"(3257, 1802, 2503)",0.601502001285553
"(4032, 1939, 2111)",0.6015018820762634
"(1972, 54, 4599)",0.6015015244483948
"(1809, 251, 4454, 1799)",0.6015010476112366
"(408, 1771, 4605)",0.6015010476112366
"(2080, 2243, 5030)",0.601500928401947
"(1426, 739, 4484)",0.6015004515647888
"(1512, 1705, 3371)",0.6015000939369202
"(3490, 26, 29)",0.6014997959136963
"(1962, 1709, 2822)",0.6014995574951172
"(1953, 1954, 4294, 1288, 1469)",0.6014993786811829
"(25, 5011, 2718)",0.6014991998672485
"(4103, 1390, 1814)",0.6014989614486694
"(1809, 2298, 3815, 1799)",0.601498544216156
"(2506, 2958, 574)",0.6014982461929321
"(2080, 2706, 3983)",0.6014975309371948
"(3144, 1925, 38)",0.601497232913971
"(3200, 348, 631)",0.6014967560768127
"(2570, 2091, 173, 2102, 3415)",0.6014965772628784
"(3080, 961, 1381)",0.6014965176582336
"(1474, 2775, 2159)",0.6014959216117859
"(1800, 1547, 1836, 3075)",0.6014958024024963
"(1953, 4103, 1800, 1837, 568, 1469)",0.6014957427978516
"(1960, 1491, 2451, 3063)",0.601495623588562
"(4417, 2148, 1838, 2422, 1403)",0.6014955639839172
"(2073, 2054, 3599)",0.6014953255653381
"(1800, 4458, 2723, 1836)",0.6014949083328247
"(1800, 3210, 1547, 1836)",0.6014934182167053
"(3200, 1825, 2599, 1833)",0.6014932990074158
"(1953, 1800, 1836, 3023, 1469)",0.6014931797981262
"(3231, 2303, 271)",0.6014926433563232
"(1744, 1571, 2968, 2216)",0.6014913320541382
"(2240, 3082, 1821)",0.6014911532402039
"(2975, 1662, 2111)",0.6014910936355591
"(3896, 2446, 2447)",0.6014910340309143
"(3192, 2297, 1382, 574)",0.6014909148216248
"(1776, 251, 4646)",0.6014907360076904
"(1560, 1829, 3232)",0.6014906167984009
"(4103, 1809, 2071, 2297, 251)",0.6014900207519531
"(4353, 1426, 1844, 2358, 2071, 2297)",0.6014893054962158
"(89, 2958, 523, 2718)",0.6014893054962158
"(3257, 267, 1723)",0.6014891862869263
"(2360, 1587, 4032)",0.6014885902404785
"(1392, 1411, 4974)",0.6014883518218994
"(1036, 5429, 502, 175)",0.6014878153800964
"(3778, 2050, 1445)",0.6014876365661621
"(25, 739, 4950)",0.6014875173568726
"(3169, 2298, 2198)",0.6014872193336487
"(1960, 1490, 730, 2953)",0.6014871597290039
"(128, 1953, 1446, 1963, 3212, 1463)",0.6014871597290039
"(128, 1890, 4542)",0.6014870405197144
"(4103, 2148, 1471)",0.6014866232872009
"(1448, 2626, 5387)",0.6014863848686218
"(1936, 1929, 3487)",0.6014862656593323
"(1576, 3397, 2470)",0.6014860272407532
"(3042, 2367, 2071)",0.6014859080314636
"(128, 2738, 660, 4229)",0.6014859080314636
"(1512, 89, 3212, 2486)",0.6014859080314636
"(2616, 1305, 2869, 1326)",0.6014854907989502
"(1936, 3920, 1547)",0.6014854311943054
"(2080, 1836, 3200)",0.6014848947525024
"(3144, 1329, 54, 2143)",0.6014845371246338
"(1953, 1800, 4410, 1837, 1809, 1786)",0.601484477519989
"(3243, 52, 54)",0.601484477519989
"(264, 5402, 2083)",0.6014842987060547
"(2529, 91, 4870)",0.6014841198921204
"(1347, 1740, 5021)",0.6014837622642517
"(1661, 38, 4886)",0.6014837026596069
"(1490, 1438, 3415)",0.6014835238456726
"(106, 4354, 2334)",0.6014832258224487
"(2946, 398, 159)",0.6014831066131592
"(1809, 2071, 2297, 3834, 251)",0.6014829277992249
"(1512, 3204, 1639)",0.6014829277992249
"(2790, 1740, 2070)",0.6014818549156189
"(106, 1373, 3014)",0.6014816761016846
"(2529, 2775, 2087)",0.6014812588691711
"(3200, 1107, 2140)",0.6014810800552368
"(739, 493, 4726)",0.6014809608459473
"(1288, 4426, 1835)",0.6014809608459473
"(2897, 2541, 38)",0.6014808416366577
"(2568, 1989, 5127)",0.6014806628227234
"(1447, 4654, 839)",0.6014804840087891
"(3328, 1962, 1439)",0.6014804244041443
"(2069, 1989, 5258)",0.6014803051948547
"(568, 1577, 3815)",0.6014800071716309
"(568, 3192, 2440)",0.6014798879623413
"(128, 1446, 1963, 1933, 1390, 1974, 3519)",0.6014792919158936
"(25, 3203, 2297, 1799)",0.601478636264801
"(1944, 25, 1953, 4329)",0.601478636264801
"(1800, 1954, 4894)",0.601478636264801
"(1204, 516, 2980, 2159)",0.601478636264801
"(3552, 2405, 2217, 2444, 1919)",0.6014783382415771
"(1697, 5460, 1759)",0.6014781594276428
"(1315, 3019, 2383)",0.6014778017997742
"(4324, 1578, 2188, 2290)",0.6014777421951294
"(1512, 1844, 3200, 1382)",0.6014773845672607
"(2008, 3882, 739)",0.6014770269393921
"(1561, 2530, 3085, 54)",0.6014766693115234
"(2895, 1430, 1759)",0.6014761924743652
"(3042, 1837, 1574)",0.6014761924743652
"(4545, 1357, 1742)",0.6014761328697205
"(1953, 1800, 1837, 568, 4410, 1469)",0.6014759540557861
"(128, 385, 1953, 4273, 567)",0.6014759540557861
"(3650, 2541, 54)",0.601475715637207
"(5064, 1809, 2178)",0.6014753580093384
"(3017, 1740, 54)",0.6014747023582458
"(1800, 3746, 1836, 2160)",0.6014747023582458
"(281, 2298, 4329)",0.6014745235443115
"(2776, 1513, 119)",0.6014745235443115
"(739, 3900, 285, 2127)",0.6014744639396667
"(1994, 1484, 1829, 3252)",0.601474404335022
"(3275, 1077, 2143)",0.6014742851257324
"(4103, 1836, 574, 1815)",0.6014737486839294
"(2064, 3642, 1979, 1447)",0.6014737486839294
"(4544, 1754, 1330, 1774)",0.6014736890792847
"(1464, 2018, 2895)",0.6014735698699951
"(4024, 1426, 739, 2028)",0.6014732718467712
"(2890, 1573, 1390)",0.6014731526374817
"(601, 1209, 4303)",0.6014729738235474
"(1837, 493, 4614)",0.6014729142189026
"(4408, 1809, 1426, 1799)",0.6014728546142578
"(3192, 1844, 2422)",0.6014723777770996
"(25, 3891, 398)",0.6014723181724548
"(1577, 1402, 3212)",0.6014721989631653
"(3200, 1837, 590)",0.6014717817306519
"(1811, 1426, 739, 3078)",0.601471483707428
"(1963, 1933, 2417, 4346, 159)",0.601471483707428
"(1641, 2953, 1437)",0.6014712452888489
"(25, 4561, 2057)",0.6014711856842041
"(1953, 1446, 1390, 4400, 1974)",0.6014707684516907
"(2057, 3212, 1535)",0.6014707684516907
"(1944, 84, 3815)",0.6014704704284668
"(2625, 2921, 302, 303, 304)",0.601470410823822
"(1315, 1788, 3019)",0.6014701128005981
"(2, 132, 3813)",0.6014700531959534
"(3075, 1763, 1837, 1382)",0.6014696359634399
"(1960, 3257, 1723)",0.6014692187309265
"(1175, 3202, 575)",0.601469099521637
"(568, 1080, 3200)",0.601469099521637
"(1216, 3200, 2447)",0.601469099521637
"(1976, 106, 4012, 2334)",0.6014689207077026
"(1800, 1837, 25, 251, 4029)",0.6014688611030579
"(2473, 84, 1781, 4420)",0.6014688014984131
"(3536, 2299, 1951)",0.6014685034751892
"(1456, 1651, 3731)",0.6014684438705444
"(1426, 523, 3068)",0.6014682650566101
"(2290, 4404, 2351)",0.6014681458473206
"(1944, 1578, 4871)",0.6014679670333862
"(2264, 3763, 1294)",0.6014678478240967
"(1568, 385, 5183, 567)",0.6014676690101624
"(568, 2178, 4190)",0.6014676690101624
"(1953, 1446, 1963, 1933, 1390, 1974, 2808)",0.601467490196228
"(1800, 1954, 3890)",0.6014671325683594
"(1512, 4029, 1710)",0.6014670729637146
"(1465, 4245, 1383)",0.6014670729637146
"(2080, 1953, 3426)",0.6014668941497803
"(3200, 251, 1999)",0.6014663577079773
"(169, 2090, 4545)",0.6014660000801086
"(3042, 1837, 1799)",0.6014652848243713
"(4559, 2446, 575)",0.6014652252197266
"(1088, 2890, 1390)",0.6014649868011475
"(3212, 340, 341)",0.6014647483825684
"(1809, 2422, 3815)",0.6014645099639893
"(4103, 1578, 251, 253, 1471)",0.6014645099639893
"(2703, 3983, 1327)",0.6014644503593445
"(4169, 385, 739, 567)",0.6014640927314758
"(4353, 2140, 493)",0.6014638543128967
"(2014, 2006, 2981)",0.601463794708252
"(2541, 3302, 1911)",0.6014633178710938
"(2080, 1953, 3198)",0.6014631986618042
"(1512, 1953, 4379, 2057)",0.6014631390571594
"(2416, 70, 5511)",0.6014631390571594
"(1329, 2775, 1641)",0.601462721824646
"(1953, 1954, 1703, 1288, 4843, 1469)",0.6014625430107117
"(3525, 2001, 2297)",0.6014623045921326
"(1837, 4332, 309, 1390)",0.6014621257781982
"(568, 3265, 251)",0.6014614701271057
"(4154, 1614, 1743)",0.6014614701271057
"(4024, 1953, 1954, 629)",0.6014609932899475
"(1427, 1300, 5127)",0.6014609336853027
"(4238, 2661, 1294)",0.6014609336853027
"(3904, 1601, 1512, 1390, 2718)",0.6014608144760132
"(1800, 1954, 3298)",0.6014607548713684
"(1578, 4404, 2422, 2351)",0.6014606356620789
"(689, 3063, 2143)",0.6014605760574341
"(4768, 169, 1439)",0.6014603972434998
"(58, 5413, 1326)",0.601460337638855
"(3200, 443, 1469)",0.6014597415924072
"(1837, 3834, 251, 253, 574)",0.6014593839645386
"(1490, 2890, 1535)",0.6014590263366699
"(251, 1836, 4029, 1999)",0.6014589667320251
"(1953, 1801, 4329, 1933, 1463)",0.6014586687088013
"(1953, 1890, 1703, 1800, 660, 4373)",0.6014586687088013
"(159, 1963, 1933, 2417, 3519)",0.6014584302902222
"(689, 1929, 3541)",0.6014583110809326
"(1328, 1754, 3558)",0.6014580726623535
"(3347, 1515, 1967)",0.6014580130577087
"(1650, 3042, 933, 414)",0.601457953453064
"(2681, 2942, 1887)",0.6014578342437744
"(1512, 2057, 3212, 631, 89)",0.6014572978019714
"(1329, 3019, 1788, 54)",0.6014571189880371
"(4359, 1800, 1703, 1707, 493)",0.6014567613601685
"(1382, 1703, 1800, 1836, 1844, 3999, 575)",0.601456344127655
"(1811, 739, 2968)",0.601455807685852
"(4913, 1283, 1502)",0.601455807685852
"(1800, 89, 2297, 4790)",0.6014555096626282
"(568, 3075, 493)",0.6014555096626282
"(4509, 885, 814)",0.6014553904533386
"(3200, 1953, 163)",0.6014553308486938
"(3177, 178, 475)",0.60145503282547
"(1386, 4586, 1382, 567)",0.6014547944068909
"(1288, 1953, 2958, 2057)",0.6014546155929565
"(1512, 3042, 1469)",0.6014542579650879
"(3293, 1481, 1444, 1949)",0.601453959941864
"(208, 3490, 2661)",0.6014534831047058
"(3772, 2014, 2006)",0.6014530658721924
"(2208, 2052, 1260, 1743, 2973)",0.6014530658721924
"(3716, 1979, 1292)",0.6014530658721924
"(128, 1953, 568, 3471)",0.6014528274536133
"(2560, 1446, 660, 1974, 3519)",0.6014512181282043
"(2057, 493, 4245)",0.6014510989189148
"(3203, 2029, 1782, 1743)",0.6014507412910461
"(2140, 4941, 1471)",0.6014506220817566
"(4368, 2465, 2529)",0.6014506220817566
"(128, 1446, 1963, 1933, 1390, 660, 1974, 4346)",0.6014503836631775
"(681, 4868, 751)",0.6014503240585327
"(537, 2102, 3415)",0.6014502048492432
"(1600, 2242, 3076)",0.6014501452445984
"(1953, 4103, 1837, 159)",0.6014494299888611
"(2279, 1512, 3212, 2486, 631)",0.6014489531517029
"(121, 1709, 4841)",0.6014489531517029
"(493, 2310, 4294)",0.6014488339424133
"(1288, 2890, 2251, 1390)",0.6014485955238342
"(128, 4420, 1801, 660, 2718)",0.6014484763145447
"(128, 1953, 4961)",0.6014483571052551
"(1818, 1645, 3063)",0.6014480590820312
"(2474, 2291, 2972, 1782)",0.6014468669891357
"(2256, 5091, 2389)",0.6014465093612671
"(1288, 2057, 3212, 660, 2454)",0.6014459133148193
"(2424, 2140, 4486)",0.6014459133148193
"(523, 501, 4547)",0.6014458537101746
"(2136, 2568, 1827, 4545)",0.6014454364776611
"(1954, 1512, 1390, 1814, 4347)",0.6014446020126343
"(25, 4245, 2057)",0.6014445424079895
"(1954, 3212, 341, 1469)",0.6014444231987
"(1709, 4870, 1967)",0.6014438271522522
"(2179, 1956, 2070, 3087)",0.6014437675476074
"(2424, 4579, 2140)",0.6014435887336731
"(2938, 1390, 302)",0.6014431715011597
"(4115, 1572, 1694)",0.6014431715011597
"(3055, 2093, 2143)",0.6014430522918701
"(3043, 44, 2116)",0.6014425754547119
"(2290, 1844, 3076, 1382)",0.6014425754547119
"(2161, 2140, 2958)",0.6014420986175537
"(1539, 54, 4599)",0.601441502571106
"(1410, 741, 2775)",0.601441502571106
"(4417, 2026, 645)",0.6014401316642761
"(1426, 739, 4959)",0.6014401316642761
"(1800, 4337, 1836)",0.6014397740364075
"(3144, 2610, 1901)",0.6014391183853149
"(3265, 1799, 1800, 1836, 1837, 1809)",0.6014386415481567
"(4382, 1825, 2057, 1703)",0.6014379858970642
"(1512, 1749, 5271)",0.6014378070831299
"(5032, 1953, 2086, 567)",0.6014377474784851
"(3042, 1380, 1607)",0.6014376878738403
"(2560, 1890, 1446, 1963, 660, 2808)",0.6014370918273926
"(1490, 1573, 3535)",0.6014364957809448
"(2050, 2796, 1485, 1298, 1300)",0.6014364361763
"(2417, 2890, 1463)",0.601436197757721
"(2410, 2451, 3019)",0.601435661315918
"(2369, 1461, 3558)",0.6014354228973389
"(1352, 2297, 3192, 1382)",0.6014353036880493
"(4392, 1963, 1933)",0.6014350652694702
"(1800, 500, 1836, 4647)",0.6014350652694702
"(3265, 1809, 1799, 1247)",0.6014348268508911
"(3540, 2067, 1492)",0.6014344692230225
"(1999, 2140, 4029, 1471)",0.6014342904090881
"(2160, 3200, 2269)",0.6014342308044434
"(2473, 2298, 1612, 4420)",0.6014339923858643
"(1464, 3593, 2018)",0.6014337539672852
"(3793, 99, 1382)",0.6014335751533508
"(1944, 3525, 493)",0.6014335751533508
"(1313, 482, 2796)",0.601433515548706
"(1475, 1979, 3406, 1447)",0.6014333367347717
"(1574, 3042, 574)",0.6014331579208374
"(1552, 1505, 3042)",0.6014329195022583
"(1481, 1802, 4886)",0.6014329195022583
"(128, 1446, 2057, 4750, 1974)",0.6014328598976135
"(2888, 2083, 2243)",0.6014328598976135
"(1448, 3682, 2459, 1590)",0.6014324426651001
"(4648, 361, 2374)",0.6014322638511658
"(1865, 2146, 3810)",0.6014320254325867
"(2642, 286, 3063)",0.6014320254325867
"(1489, 3682, 1380, 2029)",0.6014314293861389
"(3075, 395, 1383)",0.6014308333396912
"(1809, 5058, 1999)",0.6014305353164673
"(128, 3682, 1963, 1933)",0.6014302968978882
"(128, 1953, 1890, 1446, 363, 1963, 3519)",0.6014302968978882
"(128, 1953, 1446, 1963, 3219, 1463)",0.6014299392700195
"(1446, 1703, 1963, 1933, 1390, 1974, 4346)",0.60142982006073
"(1432, 2080, 5195)",0.60142982006073
"(1944, 1426, 5032)",0.6014296412467957
"(4817, 1667, 2534)",0.6014295816421509
"(4545, 2619, 1980)",0.6014295220375061
"(1641, 2546, 3085)",0.6014294624328613
"(2546, 2868, 1670)",0.6014293432235718
"(2432, 3042, 1837)",0.6014293432235718
"(2405, 2217, 2444, 4443, 1919)",0.601429283618927
"(1944, 178, 4573)",0.6014285087585449
"(1953, 3748, 141, 2071)",0.6014279127120972
"(3257, 2541, 2006)",0.6014273166656494
"(3815, 1386, 1426, 1171, 309)",0.6014271378517151
"(1731, 1412, 2983)",0.6014266014099121
"(1754, 1330, 2775)",0.6014256477355957
"(5520, 1499, 125)",0.601425290107727
"(178, 475, 3174)",0.6014251112937927
"(1440, 4627, 1709)",0.6014251112937927
"(1855, 4446, 1071)",0.601425051689148
"(128, 1953, 1890, 1446, 1801, 4521, 1390)",0.6014245748519897
"(3200, 1214, 1799)",0.6014240384101868
"(3815, 1799, 1386, 1171, 25)",0.6014237999916077
"(2640, 4545, 1939, 2068)",0.6014233231544495
"(5275, 340, 341)",0.6014232635498047
"(1305, 2201, 3495)",0.6014232039451599
"(3882, 739, 29)",0.601422905921936
"(574, 462, 4407)",0.6014226675033569
"(4579, 253, 1383)",0.6014226675033569
"(2243, 2117, 3231)",0.6014226078987122
"(2354, 5357, 54)",0.601422131061554
"(3863, 1934, 2335)",0.6014220118522644
"(1600, 4888, 2242)",0.601421594619751
"(5369, 2090, 1398)",0.601421594619751
"(4418, 251, 333)",0.6014208793640137
"(235, 276, 3086)",0.6014208197593689
"(2242, 2946, 2086, 89, 1469)",0.6014206409454346
"(1092, 4029, 2414, 1855)",0.6014204025268555
"(1979, 4724, 1493)",0.6014202833175659
"(1825, 4420, 1838, 1833)",0.6014190316200256
"(1446, 2397, 1390, 3519)",0.6014188528060913
"(1538, 1540, 2775)",0.6014185547828674
"(4190, 1386, 1837, 1382)",0.6014185547828674
"(3593, 1942, 1430)",0.6014174818992615
"(128, 1446, 660, 1974, 2808)",0.6014173626899719
"(1386, 4475, 2340)",0.6014173626899719
"(3265, 251, 1606)",0.6014170050621033
"(3017, 1491, 1788, 295)",0.6014170050621033
"(2083, 1939, 4925)",0.6014161705970764
"(1512, 2057, 2473, 3212, 631)",0.6014160513877869
"(25, 2958, 2718)",0.6014160513877869
"(4603, 493, 1382)",0.6014160513877869
"(2889, 2593, 431)",0.6014159321784973
"(1715, 2981, 1495)",0.6014158129692078
"(200, 2913, 1278)",0.6014154553413391
"(560, 3017, 1188)",0.6014153957366943
"(1800, 1836, 1837, 25, 3194)",0.6014153361320496
"(2217, 2994, 2444, 1597)",0.60141521692276
"(3882, 739, 533)",0.6014149785041809
"(1539, 1315, 4655)",0.6014143824577332
"(1288, 1552, 2277, 4407)",0.6014140844345093
"(1800, 660, 5140, 2358)",0.6014136075973511
"(1953, 1954, 2275, 1288, 2956, 1469, 2718)",0.6014134883880615
"(2168, 650, 2916)",0.6014132499694824
"(1512, 2140, 3200)",0.6014131307601929
"(4417, 1838, 567)",0.6014130115509033
"(408, 1771, 2935)",0.6014127731323242
"(3072, 739, 29)",0.6014124751091003
"(1561, 2257, 3085)",0.6014124751091003
"(1976, 5556, 1887)",0.6014123558998108
"(2080, 1809, 3815)",0.6014119982719421
"(1444, 197, 2942)",0.6014118790626526
"(1953, 1703, 1801, 2958, 660)",0.6014115810394287
"(2529, 1410, 1569, 1476, 3276, 1490, 2706)",0.6014115214347839
"(1976, 1706, 4510)",0.6014114618301392
"(1618, 1838, 4407)",0.6014103889465332
"(1944, 25, 4353, 2008)",0.6014103293418884
"(128, 1953, 1963, 1933, 2958, 159)",0.6014099717140198
"(4665, 1611, 2351)",0.6014098525047302
"(1802, 1740, 2890)",0.6014097929000854
"(1960, 2354, 3237)",0.6014096140861511
"(2714, 2941, 1310)",0.6014096140861511
"(1512, 89, 2185, 4351)",0.601409375667572
"(128, 1446, 1963, 3212, 1933, 1390, 660, 1974)",0.6014090776443481
"(560, 601, 3017)",0.6014089584350586
"(1514, 1709, 3118)",0.6014086604118347
"(1512, 3198, 1469, 1710)",0.6014083027839661
"(25, 1426, 4894)",0.6014082431793213
"(1920, 3212, 660)",0.601408064365387
"(1800, 1836, 251, 4028, 253)",0.6014079451560974
"(1832, 3010, 54)",0.6014078855514526
"(1688, 1939, 4918)",0.6014076471328735
"(1953, 4331, 1837)",0.6014073491096497
"(2297, 2956, 2718, 567)",0.6014072895050049
"(128, 1953, 2956, 1463, 2718)",0.6014067530632019
"(3212, 523, 660, 159)",0.6014066338539124
"(1801, 660, 3212, 159)",0.6014065146446228
"(3200, 2178, 1403)",0.6014063954353333
"(3072, 2475, 2140)",0.6014060974121094
"(296, 4632, 1706)",0.601405918598175
"(3075, 1426, 523)",0.601405918598175
"(2008, 89, 4351)",0.6014053821563721
"(3642, 2330, 1292)",0.6014053225517273
"(1953, 3815, 575)",0.601405143737793
"(1960, 2541, 5030)",0.6014046669006348
"(1953, 1446, 1963, 493, 1390, 2808)",0.6014046669006348
"(1328, 3558, 1734)",0.6014042496681213
"(3021, 1836, 253, 2358)",0.6014034152030945
"(1809, 3266, 1382, 2015)",0.6014032959938049
"(4544, 1436, 1439)",0.6014028787612915
"(1953, 1954, 1288, 2506, 3788, 1469)",0.6014028787612915
"(3017, 1490, 1463)",0.6014028191566467
"(2968, 498, 739)",0.6014024615287781
"(322, 4267, 1469)",0.6014021635055542
"(25, 739, 4245, 2358)",0.6014015674591064
"(128, 1801, 2738, 3435)",0.6014010906219482
"(169, 1507, 3326)",0.6014009118080139
"(2104, 3200, 590)",0.6014007329940796
"(4620, 398, 159)",0.60140061378479
"(1494, 430, 5557)",0.60140061378479
"(2506, 4822, 1991)",0.6013997793197632
"(128, 2417, 660, 4415)",0.601398766040802
"(2817, 1740, 1149)",0.601398766040802
"(4324, 251, 2140)",0.6013985872268677
"(3293, 1481, 1444, 1989)",0.6013984680175781
"(1954, 739, 3078)",0.6013984680175781
"(1954, 1512, 1705, 3212, 1469)",0.6013984680175781
"(3778, 1194, 1939)",0.6013982892036438
"(1809, 4765, 1799)",0.601398229598999
"(1512, 2185, 2718, 3271)",0.6013978719711304
"(1800, 5100, 1837, 1844, 2071, 2297)",0.6013978719711304
"(3200, 1802, 1469)",0.6013978719711304
"(2541, 2341, 3054)",0.6013973355293274
"(3066, 291, 293)",0.6013965010643005
"(2208, 4730, 1743)",0.6013963222503662
"(128, 1446, 1963, 1933, 1390, 1974, 2808)",0.6013962626457214
"(1512, 2057, 2486, 4351)",0.6013962626457214
"(2984, 2442, 2582)",0.6013962626457214
"(1512, 4351, 2279)",0.6013961434364319
"(2776, 1513, 1846, 511)",0.6013957858085632
"(1571, 3212, 309)",0.6013957262039185
"(1836, 3834, 251, 253, 574)",0.6013957262039185
"(1641, 2546, 3019)",0.6013956665992737
"(25, 1426, 739, 4245)",0.6013955473899841
"(1472, 1829, 4886)",0.6013947129249573
"(1480, 5175, 2302, 791)",0.6013943552970886
"(1842, 3106, 2143)",0.6013943552970886
"(1475, 1972, 3309)",0.6013943552970886
"(1776, 1809, 568, 3834, 251)",0.6013943552970886
"(2570, 2091, 173, 2102, 2777)",0.6013938784599304
"(2064, 1666, 3678)",0.6013936400413513
"(2035, 1589, 3270)",0.6013935804367065
"(3257, 2642, 286)",0.6013928055763245
"(1292, 2812, 391)",0.6013927459716797
"(1800, 25, 4796)",0.6013925075531006
"(1512, 1081, 2946, 1294)",0.6013925075531006
"(128, 1953, 660, 3169)",0.6013923287391663
"(568, 2297, 3068, 2071)",0.6013922095298767
"(1481, 1444, 1989, 3262)",0.6013922095298767
"(3200, 89, 2279)",0.6013920307159424
"(1968, 4684, 2541)",0.6013911366462708
"(2161, 3834, 251, 1836)",0.6013900637626648
"(1953, 2946, 285, 1703)",0.6013897657394409
"(2541, 3014, 1351)",0.6013897061347961
"(1954, 5371, 1469)",0.6013895869255066
"(3344, 1529, 1994)",0.6013894081115723
"(592, 3211, 567)",0.6013892889022827
"(1512, 3200, 1837)",0.6013887524604797
"(1781, 3190, 575)",0.6013882160186768
"(5373, 1390, 1471)",0.6013880372047424
"(25, 3900, 2057)",0.6013878583908081
"(1953, 4103, 1386, 1836, 1786, 2140)",0.6013878583908081
"(1976, 106, 3118)",0.6013878583908081
"(1976, 3109, 1887)",0.601387619972229
"(4545, 1706, 1355)",0.6013870239257812
"(1409, 51, 4103)",0.6013869643211365
"(2890, 2541, 1326)",0.6013866066932678
"(2243, 542, 2935)",0.601385235786438
"(3021, 2351, 1615)",0.6013850569725037
"(1064, 5408, 602)",0.6013848781585693
"(1512, 2441, 523, 3212)",0.6013844013214111
"(2593, 2812, 110)",0.6013843417167664
"(3200, 1855, 1071)",0.601384162902832
"(3412, 950, 2335)",0.6013830304145813
"(568, 739, 3900)",0.601382851600647
"(2641, 3276, 2572)",0.601382851600647
"(1512, 89, 2057, 4351)",0.6013827323913574
"(1433, 1460, 3983)",0.6013822555541992
"(1964, 2050, 1284, 2911)",0.6013820171356201
"(5042, 1809, 498, 739)",0.6013818383216858
"(1464, 2896, 1750)",0.601381242275238
"(1960, 1491, 2451, 3275)",0.6013810038566589
"(1520, 2442, 3019)",0.6013808846473694
"(1800, 1954, 3887)",0.6013805270195007
"(1512, 1600, 4347)",0.6013793349266052
"(1481, 1444, 1949, 4510)",0.6013792753219604
"(3229, 2686, 1887)",0.6013792753219604
"(1600, 2242, 3816)",0.6013790965080261
"(2777, 1644, 2102)",0.6013787984848022
"(1224, 4103, 1471)",0.6013781428337097
"(4816, 1484, 1829)",0.6013779640197754
"(1574, 2297, 1382, 4367)",0.6013779044151306
"(2757, 470, 4583)",0.6013777852058411
"(2768, 4470, 1990)",0.6013776063919067
"(1960, 2984, 1494)",0.6013767719268799
"(1528, 1481, 5099, 190)",0.6013766527175903
"(1463, 2980, 871)",0.6013763546943665
"(4417, 2718, 302)",0.6013762950897217
"(1512, 1705, 3212, 341)",0.6013762354850769
"(3075, 281, 1953)",0.6013759970664978
"(2251, 2884, 1390, 2655)",0.6013758778572083
"(2341, 1994, 1484, 4816, 1979)",0.6013758182525635
"(1577, 1402, 2969)",0.6013754606246948
"(4545, 1706, 1422)",0.6013751029968262
"(3200, 1837, 1838)",0.6013749241828918
"(2080, 4411, 2573)",0.6013748645782471
"(1993, 106, 5572)",0.6013747453689575
"(3075, 1974, 575)",0.6013745069503784
"(1953, 4103, 1836, 251, 1469)",0.6013741493225098
"(25, 2210, 3525)",0.6013739109039307
"(1996, 4404, 1071)",0.6013737320899963
"(689, 3750, 55)",0.6013736724853516
"(25, 2969, 2718)",0.6013736128807068
"(4103, 574, 1471)",0.6013733744621277
"(1352, 2297, 3200, 1944)",0.6013733148574829
"(3408, 2529, 1509)",0.6013733148574829
"(955, 318, 3415)",0.6013725399971008
"(1979, 2196, 3095)",0.6013721227645874
"(1800, 1954, 3900)",0.6013718247413635
"(5176, 2651, 541)",0.6013716459274292
"(1305, 1675, 2895)",0.6013710498809814
"(1360, 3144, 2541, 1960)",0.6013702154159546
"(739, 3900, 567)",0.601370096206665
"(2890, 363, 1390)",0.6013699173927307
"(2560, 1825, 3213, 159)",0.6013697981834412
"(2946, 519, 1963, 1933, 159)",0.6013696789741516
"(2953, 1539, 485)",0.6013693809509277
"(1825, 4419, 1781, 607)",0.6013692021369934
"(48, 1953, 1890, 3519)",0.6013689041137695
"(560, 1573, 3214)",0.6013686060905457
"(1466, 1298, 4797)",0.6013684272766113
"(2008, 3050, 140)",0.6013673543930054
"(1944, 4418, 1571)",0.6013672947883606
"(1942, 1430, 2895)",0.6013672351837158
"(2593, 903, 276, 3224, 2074, 2366)",0.6013668179512024
"(4103, 2116, 1471)",0.6013667583465576
"(3075, 574, 631)",0.6013665199279785
"(1512, 89, 4351, 1577)",0.601366400718689
"(2417, 1579, 1963, 4799)",0.6013658046722412
"(2307, 1979, 4877)",0.6013657450675964
"(1960, 73, 1333, 3535)",0.6013655662536621
"(2331, 2572, 3063)",0.601365327835083
"(1411, 3085, 2159)",0.601365327835083
"(1800, 3298, 1707, 1836)",0.6013649702072144
"(4486, 1607, 1288, 1552, 1463)",0.6013644933700562
"(1446, 1703, 1963, 3212, 1933, 1390, 1974)",0.6013643145561218
"(1499, 1788, 4599, 295)",0.6013640761375427
"(1666, 1524, 3813)",0.6013638973236084
"(3200, 1403, 1068)",0.6013638377189636
"(560, 2891, 1774)",0.6013632416725159
"(5535, 1788, 295)",0.6013630628585815
"(4840, 1491, 1501)",0.6013630628585815
"(2410, 2619, 1788, 3019)",0.6013630032539368
"(1512, 2057, 4379, 660)",0.601362943649292
"(752, 1512, 5389)",0.6013628840446472
"(4150, 2422, 2015)",0.601362407207489
"(1512, 523, 2718, 3271)",0.6013621091842651
"(2859, 1953, 1619)",0.6013619303703308
"(2808, 1850, 1701)",0.6013615727424622
"(1848, 401, 3276)",0.6013615727424622
"(1382, 1703, 1800, 3068, 575)",0.6013610363006592
"(1512, 5153, 1844)",0.6013607382774353
"(1800, 3072, 1954)",0.6013596653938293
"(306, 739, 4244)",0.6013591885566711
"(3530, 1502, 1294)",0.6013587117195129
"(1979, 4724, 2253)",0.6013582348823547
"(4615, 341, 1463)",0.6013578176498413
"(1979, 1524, 3229)",0.6013578176498413
"(4103, 1838, 2351)",0.6013576984405518
"(520, 2817, 2094)",0.6013575196266174
"(3778, 1939, 1445)",0.6013573408126831
"(4418, 2014, 2006)",0.601356565952301
"(1972, 1292, 2910)",0.6013563275337219
"(3021, 2446, 1999)",0.6013560891151428
"(1802, 1588, 3815)",0.6013554334640503
"(2968, 89, 2242)",0.6013544797897339
"(3042, 2012, 1837)",0.6013543009757996
"(3042, 1611, 574)",0.6013542413711548
"(1512, 3021, 1469, 1710)",0.6013538837432861
"(112, 4545, 1347, 2589)",0.601353645324707
"(3072, 2475, 2446)",0.6013532876968384
"(128, 1801, 2473, 1781, 3519)",0.601353108882904
"(4544, 1501, 2239)",0.6013530492782593
"(3072, 2290, 2188)",0.6013526916503906
"(4354, 2067, 1492)",0.6013526320457458
"(1944, 3075, 493)",0.6013525128364563
"(793, 4891, 1510)",0.6013525128364563
"(128, 1446, 1703, 1288, 1801, 4329)",0.6013522148132324
"(3656, 1305, 2546, 1329)",0.6013517379760742
"(1800, 3050, 1836, 574)",0.6013514399528503
"(1481, 2790, 1351)",0.6013501882553101
"(1953, 3298, 1382, 1703, 1800)",0.6013501286506653
"(2968, 2057, 739)",0.6013497710227966
"(4765, 2014, 2006)",0.6013497114181519
"(2178, 3075, 1800, 1844, 568)",0.6013494729995728
"(2143, 3121, 1734, 1351)",0.6013494729995728
"(4608, 2143, 1734, 1351)",0.6013493537902832
"(2307, 5030, 2302)",0.6013492345809937
"(1573, 2550, 3095)",0.6013482809066772
"(560, 1329, 2546, 3144)",0.6013482809066772
"(2506, 4267, 1991)",0.6013481616973877
"(3920, 545, 1547)",0.6013479828834534
"(2297, 2340, 3198)",0.6013476252555847
"(1696, 3628, 1294)",0.6013475060462952
"(568, 592, 2968, 567)",0.6013472080230713
"(1352, 1409, 3200, 1944)",0.6013472080230713
"(3408, 1490, 1535)",0.6013472080230713
"(3014, 1326, 1911)",0.6013470888137817
"(1409, 1996, 2325, 4103)",0.6013467907905579
"(2028, 493, 4103)",0.6013466715812683
"(752, 1512, 5390)",0.6013466119766235
"(4635, 1809, 739)",0.601345956325531
"(3200, 309, 2446, 2447)",0.601345956325531
"(2201, 4577, 54)",0.601345956325531
"(104, 3656, 1645)",0.6013457179069519
"(1512, 2057, 2718, 3271)",0.6013447642326355
"(1953, 1954, 2722, 1288, 2956, 1469)",0.6013447046279907
"(4401, 1426, 739, 1578)",0.6013447046279907
"(2185, 5004, 2486)",0.6013445258140564
"(1561, 2953, 2267, 54)",0.6013442873954773
"(2672, 1490, 3276)",0.6013437509536743
"(2890, 38, 1294)",0.6013436317443848
"(1953, 1801, 3788, 1933, 1390, 1463)",0.6013429760932922
"(4451, 2140, 1471)",0.6013423800468445
"(1578, 251, 253, 4446, 1471)",0.6013423800468445
"(1552, 3042, 1294)",0.6013422608375549
"(1865, 2777, 1341)",0.601341962814331
"(2417, 3519, 567)",0.601341724395752
"(1800, 1547, 1844, 3075)",0.6013414263725281
"(4379, 660, 159)",0.601340651512146
"(4256, 73, 2582)",0.6013405323028564
"(4680, 2140, 1838, 1383)",0.6013405323028564
"(3778, 715, 2324)",0.6013401746749878
"(1512, 2057, 4728, 2279)",0.601340115070343
"(1921, 4186, 2628)",0.6013397574424744
"(1953, 1800, 1836, 1809, 568, 4410, 1469)",0.60133957862854
"(361, 2953, 267, 2383)",0.6013393402099609
"(3265, 1382, 1386, 1426, 309)",0.6013392210006714
"(2299, 1341, 4870)",0.6013392210006714
"(3775, 1445, 1991)",0.6013391017913818
"(1296, 1475, 4886)",0.6013386845588684
"(2360, 3099, 37)",0.6013385653495789
"(4692, 2262, 1382, 1703)",0.6013385057449341
"(4368, 721, 2090)",0.6013382077217102
"(1298, 1228, 2796)",0.6013378500938416
"(3521, 2556, 1933)",0.6013377904891968
"(1976, 5397, 117)",0.6013376116752625
"(665, 3682, 686)",0.6013368964195251
"(1426, 739, 1578, 3471)",0.6013363003730774
"(25, 4924, 1382)",0.6013360023498535
"(1800, 3075, 1172, 1836)",0.6013358235359192
"(1365, 1341, 4550)",0.6013354659080505
"(25, 4244, 285)",0.6013354659080505
"(128, 2187, 3200)",0.6013354063034058
"(1512, 89, 2718, 3271)",0.6013344526290894
"(1481, 3166, 1351)",0.6013336777687073
"(1392, 2570, 3415)",0.6013336777687073
"(2722, 2473, 2298, 2969)",0.601332426071167
"(434, 5404, 2527)",0.6013323664665222
"(2161, 1781, 3169)",0.6013319492340088
"(128, 1953, 4749, 1744)",0.6013317704200745
"(3904, 739, 2718)",0.6013316512107849
"(1490, 1410, 1349, 3055)",0.6013315916061401
"(1426, 3427, 1781, 1382)",0.6013308167457581
"(3682, 1628, 1413, 2590)",0.6013306975364685
"(3200, 2261, 1382)",0.6013306379318237
"(106, 4708, 1373)",0.6013302803039551
"(2297, 2475, 3900)",0.601330041885376
"(128, 1953, 4353, 1571, 1744)",0.6013286709785461
"(1529, 3257, 2541)",0.6013286709785461
"(2891, 581, 1327)",0.6013284921646118
"(1800, 1953, 1890, 4351)",0.6013283729553223
"(568, 2178, 4770)",0.6013280749320984
"(520, 2121, 3118)",0.6013277769088745
"(1953, 1800, 1836, 568, 1469, 4446)",0.6013269424438477
"(3042, 1837, 1549)",0.6013269424438477
"(4353, 1996, 1383)",0.6013262867927551
"(1962, 4980, 121, 1436, 1439)",0.6013259887695312
"(4454, 1382, 141, 1809, 251)",0.6013258695602417
"(1953, 4103, 1836, 1786, 575)",0.6013253927230835
"(128, 1801, 3066, 1953)",0.6013250946998596
"(1529, 2941, 1501)",0.6013247966766357
"(4347, 1825, 19, 1703)",0.6013246178627014
"(128, 1953, 1446, 4329, 1963, 1463)",0.601323664188385
"(1577, 2958, 575)",0.601323664188385
"(128, 1446, 1963, 1390, 660, 3221)",0.6013235449790955
"(4768, 2145, 1347, 2085)",0.6013235449790955
"(4581, 1382, 1703, 1707, 1390, 1469)",0.6013234257698059
"(1170, 196, 4886)",0.601323127746582
"(3248, 2721, 2269)",0.6013227701187134
"(273, 3106, 302)",0.601322591304779
"(1953, 1801, 4620, 2738, 1974)",0.6013221740722656
"(2473, 2298, 1612, 3519)",0.6013221144676208
"(913, 3085, 2374)",0.6013220548629761
"(128, 1801, 1390, 3169)",0.6013215780258179
"(560, 1829, 3422)",0.6013214588165283
"(2473, 2298, 2860)",0.6013209819793701
"(2968, 25, 739)",0.6013208031654358
"(4376, 1953, 285, 1703)",0.6013203859329224
"(25, 251, 4561)",0.6013200879096985
"(1953, 1890, 1954, 1382, 1703, 1800, 4326)",0.6013197898864746
"(2360, 108, 5270)",0.6013194918632507
"(1730, 1869, 2775)",0.6013193130493164
"(1312, 2641, 3054)",0.6013188362121582
"(1036, 5125, 502, 175)",0.6013185977935791
"(1818, 3276, 2541)",0.6013182401657104
"(3983, 1481, 1791)",0.6013181805610657
"(1457, 1284, 2942)",0.6013178825378418
"(690, 5403, 798)",0.6013177037239075
"(1144, 2777, 1827)",0.6013175249099731
"(1953, 258, 1801, 1963, 1933, 4178, 1463)",0.601317286491394
"(2148, 1836, 5062)",0.601317286491394
"(1481, 1326, 5071)",0.6013171076774597
"(1512, 1469, 1710, 3199)",0.6013169884681702
"(2473, 2298, 3519, 567)",0.6013167500495911
"(1788, 4789, 54)",0.6013166308403015
"(1740, 2070, 3087)",0.6013164520263672
"(4410, 2071, 1247)",0.6013163924217224
"(2307, 3692, 1143)",0.6013163328170776
"(3202, 251, 1836, 141)",0.6013156175613403
"(5271, 29, 1183)",0.6013155579566956
"(48, 1953, 1890, 3212)",0.601315438747406
"(1978, 3019, 2598)",0.6013152003288269
"(1800, 5017, 1954)",0.6013150215148926
"(1944, 1825, 2122, 3519)",0.6013149619102478
"(2264, 549, 5030)",0.6013146042823792
"(560, 1329, 2546, 3639)",0.6013144850730896
"(1953, 1954, 1703, 1288, 4370, 1469)",0.6013142466545105
"(576, 2001, 5086)",0.6013138890266418
"(2193, 3219, 1781)",0.6013138890266418
"(1552, 3043, 1294)",0.6013136506080627
"(25, 3746, 2297, 1799)",0.6013134717941284
"(2868, 668, 1390)",0.6013132929801941
"(251, 1836, 3013)",0.6013131141662598
"(66, 2570, 3019)",0.6013122797012329
"(128, 1953, 258, 1446, 1963, 4285)",0.6013122797012329
"(3042, 2116, 2414)",0.6013121604919434
"(2148, 4456, 1836)",0.6013121008872986
"(4657, 2298, 567)",0.6013121008872986
"(1802, 1740, 5351)",0.601311981678009
"(3085, 2573, 54)",0.6013115644454956
"(568, 592, 3211, 567)",0.601311206817627
"(4940, 2140, 1471)",0.6013111472129822
"(1944, 2297, 4511, 1799)",0.6013110280036926
"(4360, 1953, 285, 1703)",0.6013109683990479
"(425, 2718, 4743)",0.6013109087944031
"(3257, 1490, 1535)",0.6013107299804688
"(568, 2178, 4427)",0.6013106107711792
"(3682, 1380, 1448, 1518, 1489, 1628, 1534)",0.6013102531433105
"(3200, 500, 1836)",0.6013099551200867
"(4674, 187, 2582)",0.6013098955154419
"(568, 2441, 4415)",0.6013096570968628
"(4169, 1386, 1802)",0.6013095378875732
"(1698, 2875, 1557)",0.6013095378875732
"(5424, 1862, 2318)",0.6013088822364807
"(913, 3085, 54)",0.6013087630271912
"(1939, 1524, 4910)",0.6013084650039673
"(2472, 2980, 1470)",0.6013084053993225
"(3408, 1802, 1740)",0.601308286190033
"(4417, 519, 1963, 1933, 159)",0.6013080477714539
"(1409, 1953, 4103, 1837, 1469)",0.6013078689575195
"(1960, 2354, 3055, 1943)",0.6013075113296509
"(2953, 2212, 380)",0.6013070940971375
"(1944, 3265, 84)",0.6013068556785583
"(1276, 1292, 3702)",0.601306676864624
"(2975, 1307, 1943)",0.6013064980506897
"(4225, 1347, 2534)",0.6013063788414001
"(1344, 4763, 1399)",0.6013062596321106
"(1409, 1471, 1578, 1996, 2351, 4446, 1855)",0.6013060808181763
"(2881, 2303, 271)",0.6013059616088867
"(1329, 2546, 4886)",0.6013057827949524
"(2496, 2275, 4328, 2519, 2718)",0.6013053059577942
"(3200, 2722, 2275)",0.6013053059577942
"(1703, 1800, 4328, 1707, 493)",0.6013043522834778
"(1709, 3118, 359)",0.6013043522834778
"(159, 519, 1963, 1933, 3519)",0.601304292678833
"(1977, 2074, 4876)",0.6013039350509644
"(1505, 3219, 996, 2263)",0.6013038158416748
"(128, 1446, 1390, 660, 1974, 3519)",0.6013035774230957
"(2057, 2140, 2958)",0.6013034582138062
"(2699, 741, 3270)",0.6013034582138062
"(1800, 5355, 1703)",0.6013032793998718
"(5389, 676, 2253)",0.6013031601905823
"(3200, 2297, 1837, 25, 2015)",0.6013028621673584
"(1512, 1953, 523, 4351)",0.6013028621673584
"(4886, 38, 1294)",0.6013026833534241
"(2057, 3882, 493)",0.6013025045394897
"(2568, 4545, 58, 1827)",0.6013023257255554
"(1689, 1410, 2529, 2775)",0.6013020277023315
"(5112, 1386, 2340)",0.6013012528419495
"(3200, 2502, 1800, 25, 1469)",0.6013007760047913
"(1665, 3019, 1341)",0.6013006567955017
"(576, 4332, 1574, 1744)",0.6013005375862122
"(2243, 542, 3231)",0.6013004183769226
"(3212, 660, 398, 159)",0.6012999415397644
"(1484, 2341, 2935)",0.6012999415397644
"(1512, 2057, 3212, 341)",0.6012994050979614
"(1315, 1277, 3019)",0.6012991666793823
"(1762, 4509, 1470)",0.6012991070747375
"(4328, 2297, 574, 1799)",0.6012990474700928
"(539, 2916, 2771)",0.6012983322143555
"(1512, 2869, 1390)",0.6012977957725525
"(1936, 2218, 3421)",0.6012977957725525
"(3200, 1315, 1469)",0.6012973785400391
"(1953, 1800, 1836, 498, 4410, 1469)",0.6012970805168152
"(1489, 1266, 3682, 2590)",0.6012970805168152
"(1944, 25, 4624, 1953)",0.6012964844703674
"(2881, 2243, 1414)",0.6012963056564331
"(1802, 5357, 1327)",0.6012962460517883
"(2008, 4386, 140)",0.601296067237854
"(2714, 1972, 5262)",0.6012958288192749
"(2441, 739, 3900)",0.6012957096099854
"(2114, 371, 3019)",0.601295530796051
"(5307, 46, 1471)",0.6012953519821167
"(1953, 1386, 4923, 1786)",0.6012951135635376
"(2529, 1410, 1569, 1476, 3535, 1490, 2706)",0.6012945771217346
"(3815, 1386, 1426, 1171, 25)",0.6012939810752869
"(4886, 518, 2503)",0.6012939810752869
"(1433, 1460, 3262)",0.6012935638427734
"(1953, 1800, 1836, 4029, 568, 1469)",0.6012935042381287
"(1288, 1837, 3766)",0.6012933254241943
"(3922, 539, 2213, 1463)",0.6012932062149048
"(4808, 739, 398)",0.60129314661026
"(3920, 1386, 1426)",0.6012928485870361
"(4354, 2094, 1967)",0.6012927889823914
"(3716, 1310, 2239)",0.6012925505638123
"(1953, 1954, 1288, 4375, 1469)",0.6012918949127197
"(1809, 2422, 1606, 4103)",0.601291835308075
"(2121, 2130, 3118)",0.6012912392616272
"(1296, 1475, 4988)",0.601290762424469
"(1953, 1890, 1703, 1800, 660, 4379)",0.6012906432151794
"(2168, 650, 4012)",0.6012904644012451
"(1432, 5505, 1939)",0.601290225982666
"(4329, 290, 291)",0.6012898683547974
"(2405, 1480, 2994, 1461, 1919)",0.6012895107269287
"(25, 4245, 398)",0.6012893319129944
"(3408, 1882, 509)",0.6012888550758362
"(1800, 1954, 5019)",0.6012887358665466
"(2298, 3075, 1071, 567)",0.6012886762619019
"(1490, 3276, 884, 2143)",0.6012884974479675
"(1827, 1949, 5126)",0.6012880206108093
"(128, 1446, 4519, 1963, 1390, 660)",0.6012877225875854
"(1802, 3075, 254)",0.6012874245643616
"(2242, 5084, 1469)",0.601287305355072
"(1703, 1800, 25, 3068, 574)",0.6012868881225586
"(1447, 3778, 269, 1445)",0.6012866497039795
"(3019, 54, 1791)",0.6012863516807556
"(4325, 1382, 1799, 1703, 1707, 1836)",0.6012860536575317
"(2217, 2444, 2994, 2332, 1919)",0.6012859344482422
"(2297, 4946, 525)",0.6012858748435974
"(4947, 1411, 2006)",0.6012852191925049
"(4680, 25, 739, 1383)",0.6012846231460571
"(2297, 2019, 1382, 4614)",0.6012846231460571
"(1944, 2297, 1382, 4671)",0.6012845039367676
"(859, 2973, 1782)",0.6012845039367676
"(2473, 3042, 1574)",0.6012844443321228
"(2298, 493, 4383)",0.6012843251228333
"(200, 2942, 1278)",0.6012835502624512
"(2148, 1836, 4551)",0.6012828946113586
"(1954, 1426, 3471)",0.6012828350067139
"(3053, 1685, 2102)",0.6012827754020691
"(1837, 309, 4190, 1799)",0.6012821197509766
"(401, 1925, 2990)",0.601282000541687
"(1512, 2279, 3212, 567)",0.6012817621231079
"(2643, 2307, 3412, 1934)",0.6012817621231079
"(2389, 1310, 2911)",0.6012814044952393
"(4383, 533, 1703)",0.6012813448905945
"(1512, 2057, 3212, 1766)",0.6012812256813049
"(2530, 3085, 54, 2159)",0.6012812256813049
"(3293, 1827, 1989, 1351)",0.601280927658081
"(1539, 1315, 3374)",0.6012805104255676
"(128, 1801, 4329, 1933, 1390, 1463)",0.6012804508209229
"(1972, 1365, 5526)",0.6012800335884094
"(2683, 2796, 301)",0.6012800335884094
"(4673, 1809, 493)",0.6012800335884094
"(4605, 2117, 1150)",0.6012799143791199
"(1490, 3237, 1943)",0.6012799143791199
"(2441, 5298, 1463)",0.6012793183326721
"(2057, 83, 4607)",0.6012791395187378
"(2160, 4624, 1426, 739)",0.6012791395187378
"(1569, 1986, 1545, 267, 1490, 1491, 2775)",0.6012788414955139
"(1763, 1800, 1837, 568, 4410)",0.6012787222862244
"(2057, 2958, 2718, 2559)",0.6012784838676453
"(1512, 1825, 4329, 1833)",0.6012779474258423
"(1175, 3526, 575)",0.601277768611908
"(3525, 1781, 1799)",0.601277768611908
"(2569, 860, 2974)",0.6012775897979736
"(3265, 1837, 1247)",0.6012775301933289
"(48, 3766, 567)",0.6012771129608154
"(1328, 2534, 4545, 1774)",0.6012768149375916
"(2610, 1925, 2981)",0.6012762188911438
"(3200, 2178, 2668)",0.6012757420539856
"(1706, 2891, 1317)",0.6012754440307617
"(1248, 1601, 3200)",0.6012750267982483
"(4622, 739, 1382, 567)",0.6012750267982483
"(3200, 354, 2028)",0.6012747883796692
"(2057, 4340, 1837)",0.6012744903564453
"(3192, 2297, 1382, 567)",0.6012740731239319
"(128, 1801, 2738, 4831)",0.6012740135192871
"(2568, 4545, 1989)",0.6012738347053528
"(3072, 739, 285, 2127)",0.6012736558914185
"(1953, 1386, 1836, 1837, 4029, 1786, 1469)",0.6012731194496155
"(2302, 4337, 1614)",0.6012730002403259
"(2529, 4509, 1470, 1943)",0.6012728810310364
"(4816, 1979, 1502, 830)",0.6012728214263916
"(1490, 2890, 1573)",0.6012717485427856
"(1978, 4708, 2023)",0.601271390914917
"(1933, 2014, 4919)",0.6012712717056274
"(1698, 2942, 2186)",0.6012704372406006
"(2443, 5238, 2351)",0.6012704372406006
"(2968, 385, 2242)",0.6012703776359558
"(360, 2530, 3085, 2374)",0.6012703776359558
"(2056, 4977, 1925)",0.6012701392173767
"(2302, 4337, 1934)",0.6012700796127319
"(1809, 498, 739, 4140)",0.6012691259384155
"(2641, 2572, 2775)",0.601269006729126
"(5414, 1972, 54)",0.6012684106826782
"(3013, 251, 1837)",0.6012672781944275
"(1480, 2080, 4443)",0.6012670397758484
"(1705, 3212, 1294, 2057)",0.6012669205665588
"(2541, 1433, 2890, 2341)",0.6012665629386902
"(2765, 1901, 3054)",0.6012663841247559
"(1782, 3203, 1558, 1743)",0.6012663245201111
"(258, 1963, 1974, 3519)",0.6012661457061768
"(1880, 4123, 2356)",0.6012659668922424
"(483, 4332, 493)",0.6012653708457947
"(1318, 54, 4391)",0.6012646555900574
"(2529, 1410, 1569, 1476, 1490, 2706, 3063)",0.6012638807296753
"(2324, 1701, 4575)",0.6012636423110962
"(4368, 91, 1470)",0.6012635827064514
"(2208, 859, 2972, 1743)",0.6012635231018066
"(5032, 1809, 1953, 2086)",0.6012632846832275
"(459, 3374, 2655)",0.601263165473938
"(296, 5353, 2027)",0.6012631058692932
"(128, 4417, 258, 1890, 1963, 1933, 660)",0.6012623906135559
"(2698, 3054, 55)",0.601262092590332
"(2593, 4354, 2483)",0.6012617349624634
"(1529, 3541, 1566)",0.6012613773345947
"(5410, 1939, 132)",0.601260781288147
"(4770, 1382, 1800, 1386, 1837, 309)",0.6012607216835022
"(3257, 2331, 2572)",0.6012604832649231
"(2035, 3270, 1567)",0.6012604236602783
"(2259, 2308, 2775)",0.6012604236602783
"(1329, 2953, 54, 2143)",0.601259708404541
"(3891, 1380, 1534)",0.6012589335441589
"(3007, 1305, 2546, 1329)",0.6012585163116455
"(2994, 754, 1484)",0.6012580394744873
"(380, 3085, 54)",0.6012573838233948
"(1512, 4294, 1638)",0.6012569069862366
"(1698, 1427, 4886)",0.6012569069862366
"(1480, 3920, 2395)",0.601256787776947
"(1944, 2242, 3200)",0.6012566685676575
"(4385, 1953, 1382, 1703)",0.6012560725212097
"(1800, 1954, 5020)",0.6012556552886963
"(1288, 2808, 1974)",0.6012555360794067
"(2160, 2297, 3192)",0.601255476474762
"(341, 4447, 1471)",0.6012552976608276
"(128, 1446, 4330, 1390, 660, 1974)",0.6012547612190247
"(4930, 398, 159)",0.6012542843818665
"(2953, 1362, 2530, 54)",0.6012541055679321
"(241, 52, 2895)",0.6012539267539978
"(1944, 2001, 3200, 1086)",0.6012538075447083
"(978, 3021, 574)",0.60125333070755
"(1313, 482, 3262)",0.6012527942657471
"(296, 1378, 4971)",0.601252555847168
"(128, 1953, 4245, 1744)",0.601252555847168
"(44, 3766, 2116)",0.601252555847168
"(1288, 3659, 2573)",0.6012523770332336
"(1424, 770, 2998)",0.601252019405365
"(1512, 2057, 3212, 2486, 89)",0.6012518405914307
"(251, 4103, 1606, 1471)",0.6012516617774963
"(4329, 554, 607)",0.601251482963562
"(1825, 2722, 2959, 2519, 89)",0.6012514233589172
"(1386, 2109, 4500, 1837)",0.6012505292892456
"(2482, 2890, 303)",0.6012502908706665
"(4169, 1426, 475)",0.6012500524520874
"(1954, 1933, 3298, 1703)",0.6012496948242188
"(1577, 4103, 575)",0.6012496948242188
"(1446, 1933, 493, 1390, 4380)",0.6012489795684814
"(3408, 1433, 830)",0.6012489795684814
"(1512, 4229, 1703)",0.6012488603591919
"(1995, 2597, 2975)",0.6012488603591919
"(1403, 739, 3211)",0.6012486219406128
"(1512, 4867, 1638)",0.601248562335968
"(4416, 739, 29)",0.6012483835220337
"(4708, 2460, 54)",0.6012479662895203
"(2777, 2565, 1453)",0.6012479662895203
"(601, 602, 3057)",0.6012475490570068
"(1288, 1292, 4695)",0.6012473702430725
"(1830, 4545, 182, 1310)",0.6012471318244934
"(5390, 806, 1807)",0.6012468338012695
"(4000, 1953, 258, 1801, 1963, 1933, 1463)",0.6012460589408875
"(1792, 2297, 2958)",0.6012459993362427
"(1512, 89, 523, 4351)",0.6012459993362427
"(4690, 2302, 1535)",0.6012454628944397
"(3984, 1995, 1404)",0.6012451648712158
"(2354, 3682, 1478)",0.601245105266571
"(1953, 523, 4845, 1703)",0.6012450456619263
"(3019, 1156, 1788)",0.6012449860572815
"(1512, 2661, 4238)",0.6012448668479919
"(1825, 3171, 1781, 607)",0.6012442708015442
"(1427, 1749, 4886)",0.6012442708015442
"(73, 5489, 92)",0.6012442708015442
"(1697, 4545, 1740, 2705, 440)",0.6012441515922546
"(1802, 1836, 3021)",0.6012436151504517
"(4160, 2570, 2102)",0.6012434959411621
"(1446, 493, 1390, 4415)",0.6012433767318726
"(2050, 1284, 2796, 1298, 1299, 1300)",0.6012424230575562
"(2681, 4914, 459)",0.6012424230575562
"(1809, 251, 4324, 1837)",0.6012416481971741
"(2412, 1412, 3421)",0.6012415289878845
"(1924, 516, 3415)",0.601241409778595
"(2530, 2374, 3085, 54, 1496)",0.6012413501739502
"(1954, 629, 5174, 1469)",0.6012411713600159
"(2008, 178, 3891)",0.6012405753135681
"(4416, 739, 2028)",0.601240336894989
"(2050, 1485, 1298, 1300, 2911)",0.6012402772903442
"(2297, 4418, 332)",0.6012400984764099
"(1288, 1552, 3042, 46)",0.6012400984764099
"(1704, 52, 2775)",0.6012400388717651
"(4560, 1484, 1364, 1935)",0.6012399792671204
"(128, 1953, 258, 1446, 1963, 4532)",0.6012393236160278
"(128, 1953, 4718, 2738, 660)",0.6012388467788696
"(128, 2560, 1801, 2738, 4818)",0.6012387871742249
"(2240, 1821, 3702)",0.6012383699417114
"(2331, 2541, 2775)",0.6012382507324219
"(1122, 341, 2895)",0.6012377142906189
"(2958, 2275, 2718, 2487)",0.6012375950813293
"(1709, 3278, 2023)",0.6012372970581055
"(933, 1382, 4559, 1650, 414)",0.6012372970581055
"(1529, 3937, 2375)",0.6012368202209473
"(2024, 1974, 5519)",0.6012365818023682
"(385, 739, 3211)",0.6012360453605652
"(25, 5009, 2718)",0.6012359261512756
"(2369, 2217, 2994, 1461, 791)",0.6012358069419861
"(1489, 1380, 2029, 2973)",0.6012357473373413
"(1480, 3682, 2590)",0.6012354493141174
"(1799, 4169, 1426, 1810, 309)",0.6012352705001831
"(128, 1801, 660, 3169)",0.6012351512908936
"(251, 4467, 493)",0.6012350916862488
"(2593, 903, 3086, 276, 2074, 2366)",0.6012350916862488
"(3075, 1548, 2021)",0.601235032081604
"(2560, 1825, 3172, 159)",0.6012347936630249
"(1400, 163, 3815)",0.6012346148490906
"(1953, 1837, 1786, 251, 4029)",0.6012343764305115
"(25, 5010, 2718)",0.601233720779419
"(128, 1953, 4346, 1463)",0.6012336611747742
"(4420, 1963, 1933, 2417, 159)",0.6012332439422607
"(2984, 1410, 2239)",0.6012328267097473
"(2953, 1490, 1535)",0.6012322902679443
"(1384, 1979, 2868)",0.60123211145401
"(1953, 285, 4350, 1703)",0.6012313961982727
"(3200, 1836, 1838)",0.6012313961982727
"(2668, 1809, 4404, 2071, 2297)",0.601230800151825
"(1754, 1330, 4886)",0.6012306213378906
"(2417, 251, 253, 4103)",0.6012304425239563
"(1480, 3310, 2302, 791)",0.6012304425239563
"(1953, 1512, 1705, 3212, 660)",0.601230263710022
"(690, 1035, 2979)",0.6012301445007324
"(1067, 4103, 1855)",0.6012298464775085
"(1960, 2370, 4544)",0.6012295484542847
"(2473, 2298, 3182, 567)",0.6012293696403503
"(2086, 1707, 4325, 1382)",0.6012284159660339
"(1953, 4357, 1801, 1933, 1390, 1463)",0.6012279987335205
"(1512, 4456, 1469, 1710)",0.6012279987335205
"(576, 2001, 4327)",0.6012275218963623
"(48, 3042, 1615)",0.6012272238731384
"(1800, 1953, 1890, 2958)",0.6012268662452698
"(3076, 1837, 1844, 567, 2297)",0.6012267470359802
"(1960, 4446, 1471)",0.6012248396873474
"(1386, 2340, 5111)",0.601224422454834
"(3068, 2358, 2207)",0.6012243032455444
"(1800, 1217, 1836, 3560)",0.6012242436408997
"(4443, 2444, 1597)",0.6012242436408997
"(1800, 3076, 574, 1703)",0.6012240648269653
"(2630, 3021, 1382, 1703)",0.6012239456176758
"(4534, 1478, 2143)",0.6012237668037415
"(1372, 3278, 1439)",0.6012235879898071
"(739, 29, 4245)",0.6012231707572937
"(2140, 2718, 3271)",0.6012230515480042
"(1288, 1552, 2266, 3042)",0.6012225151062012
"(1953, 1836, 1999, 1786, 4029)",0.6012225151062012
"(4504, 1963, 1446)",0.6012219190597534
"(328, 1825, 2122, 3200)",0.6012219190597534
"(2570, 2075, 3415)",0.6012211441993713
"(1089, 4871, 1825)",0.6012210249900818
"(187, 1748, 4263)",0.6012209057807922
"(2890, 2718, 1390)",0.6012205481529236
"(128, 4420, 1801, 2473, 1781)",0.601219892501831
"(3412, 1934, 2375)",0.6012193560600281
"(3072, 1465, 1383)",0.6012192368507385
"(3200, 1539, 2028)",0.601219117641449
"(568, 2052, 2968)",0.6012189388275146
"(4169, 25, 2188, 309)",0.6012188196182251
"(4354, 1308, 1309)",0.6012188196182251
"(25, 1611, 3900)",0.6012187600135803
"(2290, 2188, 4341, 567)",0.6012187004089355
"(19, 4420, 1222)",0.6012184619903564
"(1840, 690, 685, 2798)",0.6012183427810669
"(2147, 1545, 2059, 1585, 1684, 2775, 2331)",0.6012181043624878
"(2741, 4878, 1759)",0.6012175679206848
"(1390, 2890, 1118)",0.6012169122695923
"(2529, 1410, 1704, 1960, 3144, 2706, 1491)",0.6012167930603027
"(3016, 1627, 1399)",0.6012164354324341
"(1442, 4443, 2444, 1919)",0.6012164354324341
"(1800, 1953, 4385, 1703)",0.6012162566184998
"(656, 5187, 1391)",0.6012159585952759
"(1512, 2057, 178, 3212)",0.6012154817581177
"(1347, 5000, 121, 1436, 1439)",0.6012154221534729
"(1416, 1464, 2895)",0.6012153625488281
"(1960, 3017, 2672)",0.6012150645256042
"(2440, 739, 4245)",0.6012147068977356
"(1288, 4353, 1837)",0.6012144684791565
"(4559, 1535, 399)",0.6012141108512878
"(1378, 3650, 1351)",0.6012141108512878
"(2073, 4354, 2054)",0.6012139320373535
"(3185, 1707, 1836, 1382)",0.6012136936187744
"(1953, 1801, 1933, 1390, 4372, 1463)",0.6012136936187744
"(2496, 1953, 1288, 2473, 1469, 2718, 3903)",0.6012135148048401
"(1382, 1800, 1837, 5299, 568)",0.6012128591537476
"(272, 2577, 3922)",0.601212739944458
"(1972, 5357, 54)",0.601212739944458
"(1288, 1835, 4486)",0.6012123823165894
"(1960, 3017, 1675)",0.6012123227119446
"(1993, 4012, 237)",0.6012122631072998
"(2672, 1692, 5414)",0.6012120246887207
"(1953, 285, 4399, 1703)",0.6012119650840759
"(3204, 1547, 1924)",0.6012117266654968
"(1464, 2998, 1462)",0.6012112498283386
"(2217, 2891, 1287)",0.60121089220047
"(1585, 3017, 2607)",0.60121089220047
"(1809, 1386, 341, 3079)",0.6012107133865356
"(1296, 1674, 2812)",0.6012107133865356
"(2090, 3429, 1709)",0.6012106537818909
"(3200, 2001, 1836)",0.6012105345726013
"(1315, 5414, 1071)",0.6012104749679565
"(1777, 4354, 1492)",0.6012099385261536
"(258, 4420, 1963, 1933, 1463)",0.6012097597122192
"(1953, 1954, 1703, 1800, 4601)",0.6012097597122192
"(552, 1852, 3256)",0.6012096405029297
"(4485, 2451, 1365, 1470)",0.6012095212936401
"(273, 1573, 3214)",0.6012094616889954
"(4384, 1825, 19, 1703)",0.6012091636657715
"(1800, 25, 3892)",0.6012091040611267
"(128, 2560, 1801, 1963, 1933, 4718)",0.6012089848518372
"(2951, 2417, 2199)",0.6012076735496521
"(1976, 4193, 2338, 1709)",0.6012075543403625
"(4768, 169, 1436)",0.6012075543403625
"(4000, 1953, 285, 1703)",0.601207435131073
"(3976, 1492, 1791)",0.6012065410614014
"(1740, 1388, 5447)",0.6012061834335327
"(1320, 1499, 2895)",0.6012060642242432
"(4708, 1331, 1748, 2159)",0.6012056469917297
"(25, 1571, 3211, 1815)",0.601205050945282
"(1446, 1703, 1963, 1933, 1390, 1974, 3519)",0.6012048721313477
"(3257, 1827, 1491)",0.6012046933174133
"(1697, 1740, 2817)",0.6012046337127686
"(474, 5308, 1863)",0.6012045741081238
"(1315, 3204, 1469)",0.601204514503479
"(2568, 2066, 4123)",0.6012043952941895
"(1382, 4586, 1837, 1809, 309)",0.6012042164802551
"(25, 1426, 739, 3900)",0.6012039184570312
"(1416, 2896, 1464)",0.6012037396430969
"(1809, 3427, 332, 1799)",0.6012033820152283
"(1288, 1963, 4205)",0.6012029647827148
"(1184, 4594, 2643)",0.6012026071548462
"(1944, 1825, 4652, 2560)",0.6012024879455566
"(25, 3050, 2045, 574)",0.6012024879455566
"(4368, 371, 1509)",0.6012021899223328
"(1703, 1800, 1707, 2718, 3903)",0.601202130317688
"(1953, 4103, 1837, 1786, 251, 253)",0.6012020111083984
"(2799, 827, 2303)",0.6012018322944641
"(1786, 1195, 3203)",0.601201593875885
"(2350, 3406, 2643, 1502)",0.601201593875885
"(1825, 4420, 1833, 2122, 1838)",0.6012012958526611
"(2672, 2201, 5543)",0.601201057434082
"(2080, 2058, 2890)",0.601201057434082
"(4955, 1435, 1349, 1470)",0.601201057434082
"(1930, 3019, 54)",0.6012008190155029
"(1382, 1703, 1352, 1837, 4340)",0.6012001037597656
"(1754, 1330, 1774, 2895)",0.6011998653411865
"(2298, 4029, 2351)",0.6011996269226074
"(1535, 4645, 399)",0.6011996269226074
"(3900, 1380, 1534)",0.6011995077133179
"(2080, 1953, 4396)",0.6011994481086731
"(1568, 1953, 4103, 1836, 1786)",0.6011990904808044
"(4417, 493, 1838)",0.6011987924575806
"(296, 3608, 954)",0.6011984944343567
"(3200, 1386, 2475, 2491)",0.6011983156204224
"(1384, 1285, 5008)",0.6011979579925537
"(3682, 1380, 1489, 1628, 2590)",0.601197361946106
"(1953, 1512, 1705, 2057, 3212, 89)",0.6011973023414612
"(2057, 493, 4479)",0.6011971831321716
"(2896, 1677, 1719)",0.6011970043182373
"(1528, 2427, 2798)",0.6011969447135925
"(2217, 2444, 4443, 2332, 1919)",0.6011962294578552
"(4544, 1490, 1682)",0.6011961102485657
"(1457, 3226, 1284)",0.6011959314346313
"(3298, 739, 1838)",0.6011958122253418
"(3200, 354, 2484)",0.6011956334114075
"(3202, 1382, 1639, 1809, 1426)",0.6011954545974731
"(1382, 4614, 1800, 592, 2297)",0.6011953353881836
"(2024, 3200, 2446)",0.6011950373649597
"(2346, 741, 3639)",0.6011946797370911
"(1411, 2557, 4919)",0.6011942625045776
"(1, 3042, 51)",0.6011938452720642
"(3471, 253, 1383)",0.6011934280395508
"(1356, 4797, 2356)",0.6011927127838135
"(2560, 1825, 3183, 159)",0.6011923551559448
"(2668, 4404, 575)",0.6011923551559448
"(1953, 1446, 2958, 1390, 1974)",0.6011922359466553
"(4418, 2446, 1999)",0.6011921167373657
"(128, 258, 1446, 1801, 1963, 4505)",0.6011915802955627
"(25, 4861, 2086)",0.6011914610862732
"(1465, 3882, 1383)",0.6011913418769836
"(1405, 2973, 1335)",0.6011912822723389
"(2080, 4545, 2083)",0.6011912226676941
"(1276, 2229, 3406)",0.6011905074119568
"(2427, 2998, 2342)",0.601190447807312
"(1953, 1954, 1288, 1835, 2956, 2718)",0.6011900305747986
"(1953, 1954, 1703, 1707, 4883, 1469)",0.6011900305747986
"(1968, 1339, 3236, 2541)",0.601189374923706
"(1953, 1954, 1703, 1288, 3787, 1469)",0.6011889576911926
"(2560, 4417, 1890, 660, 2718)",0.6011887788772583
"(1953, 1446, 1801, 1963, 1933, 1390, 1974, 3519)",0.6011886596679688
"(1512, 3939, 2275)",0.6011880040168762
"(2913, 1481, 1317)",0.6011880040168762
"(2001, 5525, 1383)",0.6011878252029419
"(1832, 1588, 3166)",0.601187527179718
"(1284, 2133, 5127)",0.6011872887611389
"(2279, 1512, 523, 3212, 631, 89)",0.6011871695518494
"(1963, 1390, 2808, 1403, 2718)",0.6011869311332703
"(1697, 1315, 1740, 3415)",0.6011866331100464
"(1345, 4225, 1485)",0.6011863350868225
"(1472, 2890, 182)",0.6011859178543091
"(1944, 2297, 4638, 1799)",0.6011859178543091
"(3656, 2541, 2638, 1968, 470)",0.6011855602264404
"(4545, 2125, 2598)",0.6011841297149658
"(1446, 1703, 1390, 1974, 2808)",0.6011839509010315
"(1800, 2298, 3194)",0.6011838316917419
"(3815, 574, 1815)",0.6011835932731628
"(1595, 1949, 190, 3095)",0.6011834144592285
"(680, 3203, 1743)",0.6011833548545837
"(2298, 574, 3519)",0.6011832356452942
"(1402, 1834, 3165)",0.6011826992034912
"(1953, 2275, 3169)",0.6011826395988464
"(4624, 1426, 739, 2668)",0.601182222366333
"(128, 1446, 1390, 660, 1974, 2808)",0.6011816263198853
"(2541, 2341, 3063)",0.6011814475059509
"(717, 341, 2895)",0.601180911064148
"(1490, 3047, 1607)",0.6011798977851868
"(1386, 2109, 309, 4503)",0.6011776328086853
"(1697, 4012, 1759)",0.6011775135993958
"(1953, 3013, 1800, 1836, 568, 1469)",0.601177453994751
"(1996, 4406, 1071)",0.601177453994751
"(2888, 1451, 1159)",0.6011768579483032
"(1830, 4886, 182, 1310)",0.6011766791343689
"(680, 1260, 1743, 1782, 2973)",0.6011766195297241
"(5120, 1953, 1933, 1974)",0.6011763215065002
"(1033, 1802, 3415)",0.6011759042739868
"(568, 4769, 2178)",0.6011754274368286
"(1800, 3210, 1547, 1844)",0.6011753082275391
"(1953, 1954, 1288, 2298, 1469, 3903)",0.6011752486228943
"(128, 1953, 1801, 1963, 1974, 2808)",0.6011751294136047
"(1800, 4332, 332, 1836)",0.6011743545532227
"(208, 2661, 3374)",0.6011740565299988
"(601, 4594, 1209)",0.6011738777160645
"(2202, 5070, 1382)",0.6011736392974854
"(2297, 4386, 253)",0.601173460483551
"(1825, 4420, 2473, 2122, 2298, 2559)",0.6011734008789062
"(4353, 1809, 251, 1382)",0.6011731624603271
"(978, 2140, 4559)",0.6011727452278137
"(128, 1825, 4420, 159)",0.6011723279953003
"(4816, 1994, 1484, 830)",0.6011723279953003
"(2307, 3251, 1294)",0.6011716723442078
"(2529, 4545, 71)",0.6011713743209839
"(1481, 2890, 2123)",0.6011713147163391
"(3298, 1707, 1836, 1382)",0.6011711955070496
"(3200, 499, 739)",0.60117107629776
"(25, 1426, 739, 3471)",0.6011708974838257
"(2630, 4809, 1382, 1703)",0.6011707782745361
"(4680, 1426, 739, 1578)",0.601170539855957
"(128, 1953, 4587, 2738, 660)",0.6011704802513123
"(3153, 2290, 2188, 567)",0.6011703014373779
"(3114, 1962, 1436, 1439)",0.6011703014373779
"(3072, 2297, 2475)",0.601170003414154
"(1569, 1355, 4545)",0.6011698246002197
"(1749, 2534, 5271)",0.6011696457862854
"(282, 1980, 4102)",0.6011693477630615
"(3265, 1800, 1386, 1836, 1549)",0.601169228553772
"(4737, 1995, 1404)",0.601169228553772
"(128, 1801, 2738, 3066)",0.6011690497398376
"(1098, 332, 4543)",0.6011688113212585
"(128, 1446, 1801, 1963, 1933, 1390, 1974, 3519)",0.601167619228363
"(1465, 493, 3213)",0.6011672019958496
"(1329, 1788, 3085, 54)",0.6011671423912048
"(2953, 1411, 1532)",0.6011665463447571
"(4708, 2102, 2023)",0.6011663675308228
"(1953, 4359, 285, 1703)",0.6011659502983093
"(1953, 1954, 2722, 1288, 2962, 1469)",0.601165771484375
"(1953, 4370, 285, 1703)",0.601165771484375
"(3017, 1869, 1943)",0.6011651754379272
"(2598, 3278, 2094)",0.6011648774147034
"(1305, 5389, 1326)",0.6011648178100586
"(2299, 4909, 2070, 1487)",0.6011645197868347
"(1953, 1890, 1703, 1800, 3471, 660)",0.6011645197868347
"(1889, 2546, 4913)",0.6011642813682556
"(1800, 2297, 500, 3200)",0.6011640429496765
"(1953, 3174, 1801, 1933, 1390, 1463)",0.6011637449264526
"(2008, 178, 4494)",0.6011635065078735
"(2570, 3053, 175)",0.6011631488800049
"(386, 3075, 1382, 1703, 1800, 575)",0.6011626124382019
"(2354, 2267, 3558)",0.6011623740196228
"(1382, 1386, 1837, 4503, 2109)",0.601162314414978
"(4470, 267, 70)",0.601162314414978
"(4424, 1571, 1815)",0.6011621952056885
"(568, 163, 3075)",0.6011618971824646
"(1993, 106, 5467)",0.601161539554596
"(3224, 1697, 1315, 1740)",0.6011607050895691
"(1298, 2284, 5198)",0.6011606454849243
"(2086, 4400, 1390)",0.6011605858802795
"(2298, 5167, 567)",0.6011601686477661
"(3200, 1577, 2140, 1974)",0.6011596918106079
"(3002, 1953, 2738, 1974)",0.6011595726013184
"(1800, 2297, 500, 3021)",0.601159393787384
"(4169, 1426, 573)",0.6011592149734497
"(1952, 2541, 1968, 2775)",0.6011586785316467
"(4103, 1776, 1809, 568, 251)",0.6011582612991333
"(2000, 3347, 1492)",0.6011580228805542
"(1703, 1800, 1707, 493, 4372)",0.6011578440666199
"(474, 3014, 1863)",0.6011573076248169
"(1800, 1836, 4190, 567)",0.6011567711830139
"(2080, 1802, 3200)",0.6011567115783691
"(1827, 3262, 1310, 1351)",0.6011565923690796
"(3054, 1958, 1398, 1519)",0.6011565327644348
"(1835, 2956, 2358, 1703)",0.60115647315979
"(128, 1920, 1446, 1801, 4329, 1963, 1390)",0.601155698299408
"(568, 1953, 3746)",0.601155161857605
"(2121, 106, 3118)",0.6011548042297363
"(2216, 2559, 3200, 287)",0.6011548042297363
"(4544, 2370, 855)",0.6011543869972229
"(1390, 2890, 302)",0.6011532545089722
"(3265, 251, 1836, 141)",0.6011531949043274
"(360, 3085, 2541, 54)",0.6011527180671692
"(4561, 2290, 2351)",0.6011527180671692
"(3200, 2025, 2722, 2718)",0.6011526584625244
"(4331, 863, 687)",0.6011524200439453
"(128, 2738, 660, 2960)",0.6011519432067871
"(4410, 251, 583)",0.6011518239974976
"(1569, 1355, 4886)",0.6011514663696289
"(128, 1953, 2897)",0.6011505126953125
"(385, 4337, 567)",0.6011505126953125
"(128, 1825, 3172, 159)",0.6011500954627991
"(1944, 89, 4353)",0.6011499166488647
"(3922, 539, 2771)",0.6011496782302856
"(2417, 3766, 574)",0.601149320602417
"(3192, 1786, 1382, 2202)",0.601148784160614
"(1953, 4359, 1801, 1933, 1390, 1463)",0.6011486649513245
"(2297, 1403, 4273)",0.6011486649513245
"(25, 739, 4245, 1383)",0.6011486053466797
"(1827, 1989, 3262, 1351)",0.6011478304862976
"(4416, 739, 1963)",0.6011477708816528
"(2968, 1370, 1571)",0.601147472858429
"(4244, 1403, 1068)",0.601147472858429
"(128, 159, 1801, 1781, 3519)",0.6011469960212708
"(2080, 1953, 2968)",0.6011468768119812
"(3232, 697, 1829)",0.6011459231376648
"(2530, 3276, 54)",0.6011455059051514
"(1552, 1574, 4983)",0.6011451482772827
"(3200, 385, 386, 1132, 567, 568)",0.6011441349983215
"(1944, 332, 3815)",0.6011438965797424
"(4554, 482, 2586)",0.6011436581611633
"(1600, 3815, 575)",0.6011431813240051
"(747, 2979, 687)",0.6011431813240051
"(1953, 1954, 1288, 2958, 1469)",0.6011430025100708
"(1512, 89, 1953, 4379)",0.6011426448822021
"(1953, 1801, 1933, 1390, 1463, 4376)",0.6011420488357544
"(159, 1953, 1801, 1781, 3519)",0.601141631603241
"(1825, 1211, 4420, 159)",0.6011408567428589
"(1390, 3628, 1294)",0.6011387705802917
"(1953, 2242, 3211, 2086)",0.601138710975647
"(1953, 1954, 1288, 2506, 4372, 1469)",0.6011385917663574
"(3593, 1764, 1325, 2431)",0.6011385917663574
"(2603, 2573, 4469)",0.6011385917663574
"(568, 1611, 3900)",0.6011385321617126
"(1979, 1502, 830, 2935)",0.6011382937431335
"(128, 1953, 4538)",0.601138174533844
"(3656, 2541, 830)",0.6011375784873962
"(1347, 3276, 1566)",0.6011370420455933
"(1800, 2297, 4386, 493)",0.6011366844177246
"(1953, 3834, 1837, 1786, 251)",0.6011365056037903
"(4418, 1619, 575)",0.6011363863945007
"(1920, 3200, 869)",0.6011360287666321
"(304, 1467, 3214)",0.601135790348053
"(361, 2530, 3085)",0.6011356115341187
"(3075, 1382, 1703, 1800, 1836, 1844, 575)",0.6011353731155396
"(1472, 1713, 4545)",0.6011353135108948
"(1426, 475, 3772)",0.6011351346969604
"(1465, 4373, 493)",0.6011346578598022
"(4923, 1836, 1382, 1471)",0.6011344790458679
"(2529, 1410, 1569, 1476, 3054, 1490, 2706)",0.6011344790458679
"(1703, 1825, 2958, 159)",0.6011337637901306
"(2073, 1978, 4550)",0.6011337637901306
"(1509, 73, 1449, 1870, 3257)",0.6011334657669067
"(1705, 3298, 739, 2127)",0.601132869720459
"(1953, 3519, 1463)",0.601132869720459
"(519, 2859, 1963, 1933, 159)",0.6011325120925903
"(3010, 2546, 1670)",0.601132333278656
"(739, 3900, 254)",0.6011317372322083
"(3656, 2541, 2341, 38)",0.6011317372322083
"(1036, 4261, 502, 175)",0.6011312007904053
"(576, 1799, 4169, 1386, 1426, 1171, 309)",0.6011309623718262
"(1426, 1092, 4535)",0.6011303663253784
"(4353, 1619, 575)",0.6011294722557068
"(258, 1963, 1974, 4415)",0.6011291146278381
"(1721, 2884, 1814)",0.6011291146278381
"(1601, 1954, 1953, 1288, 1469, 2718, 3903)",0.601128339767456
"(2942, 1284, 1982)",0.6011279225349426
"(3200, 2718, 22)",0.6011279225349426
"(1801, 2738, 1953, 4642)",0.6011277437210083
"(4610, 459, 1326)",0.6011275053024292
"(3200, 745, 1383)",0.6011266112327576
"(1464, 1796, 1750, 2998)",0.6011263132095337
"(4123, 190, 1351)",0.6011263132095337
"(1402, 3165, 2302)",0.6011261940002441
"(1386, 2340, 4911)",0.6011261940002441
"(3200, 1953, 1382, 1703, 1837, 2202)",0.6011258363723755
"(2297, 3903, 2718, 1799)",0.6011255979537964
"(385, 2242, 3211)",0.6011244654655457
"(576, 1382, 1800, 3192, 2297)",0.6011240482330322
"(3519, 2298, 575)",0.6011236906051636
"(1382, 4103, 1809, 2071, 2297, 251)",0.6011236310005188
"(2250, 1666, 4724)",0.6011235117912292
"(568, 1817, 3815)",0.6011233925819397
"(2121, 2570, 3118)",0.6011227369308472
"(1825, 2122, 1781, 4383)",0.6011226773262024
"(739, 493, 4727)",0.6011224985122681
"(385, 386, 2262, 4103)",0.6011224389076233
"(1353, 1709, 4733)",0.6011219620704651
"(4305, 1707, 1836, 1382)",0.6011214852333069
"(592, 4925, 646)",0.6011212468147278
"(1800, 1954, 3882)",0.6011209487915039
"(1432, 3313, 1437)",0.6011207103729248
"(3042, 2019, 1294)",0.6011202335357666
"(2938, 1390, 303)",0.6011201739311218
"(1825, 2122, 533, 4382)",0.6011201739311218
"(128, 1953, 258, 1446, 1801, 1963, 4285)",0.601120114326477
"(1464, 1348, 2895)",0.6011197566986084
"(1953, 1837, 4029, 251, 1469)",0.6011197566986084
"(3075, 1739, 1383)",0.601119339466095
"(2568, 194, 3302)",0.6011188626289368
"(2722, 1571, 2966)",0.6011186242103577
"(1356, 2133, 1718, 1751, 2911)",0.6011180281639099
"(2968, 483, 1637)",0.6011178493499756
"(4544, 1305, 2239)",0.6011176109313965
"(2161, 1809, 4103, 1999)",0.6011176109313965
"(1844, 3075, 332, 1382)",0.6011174917221069
"(1800, 1954, 5014)",0.6011173129081726
"(1800, 1703, 3076, 575)",0.6011171340942383
"(2080, 1809, 4103)",0.6011165380477905
"(1480, 2217, 1461, 791, 4443, 1919)",0.6011164784431458
"(163, 3900, 739)",0.6011164784431458
"(106, 1372, 3415)",0.6011161208152771
"(2057, 4339, 1837)",0.6011159420013428
"(3075, 1243, 575)",0.6011157035827637
"(1838, 3190, 309, 1382)",0.601115345954895
"(4103, 2270, 1223)",0.6011152863502502
"(4103, 485, 1469)",0.6011151075363159
"(4219, 108, 1415)",0.6011145114898682
"(4360, 1577, 1402)",0.6011143326759338
"(1704, 3014, 1470, 1943)",0.60111403465271
"(5120, 1963, 1933, 1974)",0.6011139154434204
"(1386, 2340, 4749)",0.6011133790016174
"(2440, 3192, 574)",0.6011132597923279
"(4169, 1426, 332, 309)",0.6011132001876831
"(2217, 2891, 1294)",0.6011127829551697
"(1868, 3045, 1326)",0.6011126637458801
"(2185, 4103, 2351)",0.6011125445365906
"(2008, 3883, 1383)",0.6011118292808533
"(1754, 1396, 2775)",0.6011117100715637
"(369, 3076, 2541)",0.6011114716529846
"(3200, 1469, 2407)",0.6011106967926025
"(1408, 1529, 3344)",0.6011106371879578
"(1800, 4353, 1547, 1836)",0.6011099815368652
"(2083, 1372, 5285)",0.6011097431182861
"(3408, 970, 1676)",0.6011095643043518
"(1809, 2266, 3815, 1799)",0.6011092066764832
"(2641, 1745, 4354)",0.6011086106300354
"(3200, 1578, 2109, 2202)",0.6011084914207458
"(1490, 1362, 1788, 3017)",0.6011079549789429
"(1809, 2178, 5063)",0.6011078357696533
"(368, 3019, 2149)",0.601107656955719
"(240, 2389, 1894, 2911)",0.601107656955719
"(1953, 1890, 1703, 1800, 660, 4351)",0.6011073589324951
"(2968, 2586, 1571)",0.6011070013046265
"(739, 533, 4245)",0.6011068224906921
"(2240, 1460, 2942)",0.6011061072349548
"(459, 1740, 3983)",0.6011060476303101
"(4681, 2289, 2140)",0.6011058688163757
"(2968, 1705, 739)",0.601105809211731
"(2475, 2446, 5143)",0.6011049747467041
"(3638, 1315, 662)",0.6011044383049011
"(1606, 4338, 1974, 254)",0.6011040806770325
"(1740, 1373, 2902)",0.6011039614677429
"(3276, 1051, 1196)",0.6011037826538086
"(1481, 1061, 2799)",0.6011033654212952
"(2010, 3421, 2655)",0.6011033058166504
"(2057, 493, 4694)",0.6011029481887817
"(3042, 1403, 1837)",0.6011015772819519
"(2938, 421, 1390)",0.6011015176773071
"(2968, 2001, 567)",0.6011015176773071
"(1801, 1067, 2956, 2297, 2559)",0.6011014580726624
"(1577, 739, 2956, 1390)",0.6011013984680176
"(2298, 493, 294, 3183)",0.6011009812355042
"(3490, 2074, 2539)",0.6011009812355042
"(3144, 1329, 1788, 54)",0.6011006236076355
"(1552, 1574, 4486, 1294)",0.6011003255844116
"(332, 1382, 3191)",0.6011000275611877
"(1953, 1763, 4103, 2668, 1469)",0.6010997295379639
"(2672, 2796, 741)",0.6010991930961609
"(2216, 1465, 4415)",0.6010991334915161
"(128, 1446, 1801, 1963, 1933, 1390, 1974, 2808)",0.6010990738868713
"(1825, 1954, 1512, 4522, 1390)",0.6010986566543579
"(1380, 2182, 2031, 1743, 2972)",0.6010982990264893
"(1953, 3271, 285, 1703)",0.6010974049568176
"(1825, 493, 3221, 1703)",0.6010971665382385
"(1499, 1788, 3019, 295)",0.6010971069335938
"(89, 3169, 1825)",0.6010969877243042
"(1953, 1954, 1288, 2506, 4843, 1469)",0.6010969877243042
"(1979, 1381, 3214)",0.6010968089103699
"(1426, 739, 1578, 4822)",0.601096510887146
"(752, 1512, 5391)",0.601095974445343
"(4355, 2739, 1645)",0.6010958552360535
"(3200, 385, 386, 1800, 1836)",0.6010953783988953
"(3019, 1315, 54)",0.6010953783988953
"(560, 2953, 1317)",0.6010952591896057
"(5245, 158, 2199)",0.6010951995849609
"(880, 4545, 58)",0.6010943055152893
"(1573, 2550, 5126)",0.6010942459106445
"(1953, 4103, 1837, 25, 1786, 251)",0.6010941863059998
"(3017, 1754, 2354)",0.6010937094688416
"(2506, 5260, 1991)",0.6010935306549072
"(1968, 1818, 3276, 2541)",0.6010934710502625
"(128, 258, 2417, 660, 4415)",0.6010932326316833
"(3042, 2028, 575)",0.6010932326316833
"(2473, 2722, 2969, 574)",0.6010931134223938
"(1386, 5070, 1799)",0.6010921001434326
"(1040, 3200, 1382)",0.6010919213294983
"(1577, 739, 3900)",0.6010918617248535
"(3202, 365, 567)",0.6010916829109192
"(3231, 1771, 767)",0.6010916829109192
"(1777, 106, 3313)",0.6010915040969849
"(1999, 251, 4103, 1471)",0.6010913252830505
"(4024, 1953, 1578, 2358)",0.6010909080505371
"(1953, 1954, 2275, 1288, 2969, 1469, 2718)",0.6010908484458923
"(4545, 1506, 2598, 2619, 1980)",0.6010908484458923
"(208, 3378, 2661)",0.6010907292366028
"(2890, 1390, 303)",0.6010900139808655
"(2160, 4353, 493)",0.6010899543762207
"(1512, 3271, 2718, 2279)",0.601089596748352
"(2541, 54, 2895)",0.6010894775390625
"(3019, 1520, 1621, 1561, 1788)",0.6010894179344177
"(1464, 3121, 1796, 1750)",0.6010890007019043
"(1827, 1949, 3567)",0.6010882258415222
"(1800, 4452, 1836, 1837)",0.6010879278182983
"(321, 1939, 1732, 4545)",0.6010878086090088
"(1512, 2302, 4655)",0.6010864973068237
"(4544, 1365, 1470)",0.6010857820510864
"(1809, 1067, 4103, 2351)",0.6010844111442566
"(1390, 3341, 302)",0.6010839343070984
"(1465, 3900, 493)",0.6010837554931641
"(25, 739, 3900, 2358)",0.6010837554931641
"(3231, 2341, 2117, 1829, 1830, 2303)",0.6010837554931641
"(1552, 4486, 1837, 1574)",0.6010836362838745
"(1390, 3763, 1294)",0.6010830402374268
"(89, 2926, 2438)",0.601082980632782
"(1706, 3014, 2534, 2079)",0.6010828614234924
"(4816, 2341, 1484, 2332)",0.6010826826095581
"(1315, 3415, 2383)",0.6010826826095581
"(1825, 2122, 19, 4420)",0.6010825037956238
"(2240, 1481, 2427, 3262)",0.6010820865631104
"(2643, 1292, 3702)",0.6010814309120178
"(1706, 318, 5258)",0.601081371307373
"(2137, 3849, 2054)",0.6010807156562805
"(1600, 2242, 4324)",0.6010806560516357
"(1288, 3042, 1835)",0.6010802984237671
"(1825, 1703, 2956, 660, 285)",0.6010802388191223
"(1968, 1339, 2541, 2984)",0.601078987121582
"(1612, 574, 4420)",0.6010785102844238
"(4403, 1426, 475)",0.601078450679779
"(2067, 1980, 3118)",0.6010783910751343
"(434, 3941, 2527)",0.6010783910751343
"(1800, 3114, 1382)",0.6010775566101074
"(1799, 4543, 1386, 1171, 25, 127)",0.6010770201683044
"(1296, 1475, 5430)",0.6010767817497253
"(2896, 1750, 1430)",0.6010767221450806
"(2738, 1933, 4229, 1463)",0.601076602935791
"(1705, 1426, 3265)",0.6010761857032776
"(1962, 1939, 3276)",0.6010752320289612
"(1577, 3156, 526)",0.6010750532150269
"(58, 547, 1892, 4583)",0.6010746955871582
"(560, 1329, 2546, 5414)",0.6010744571685791
"(128, 1953, 1890, 4420, 660, 2718)",0.6010743975639343
"(1204, 516, 4509, 2159)",0.6010743379592896
"(1825, 1703, 1390, 19, 4347)",0.6010741591453552
"(128, 1801, 258, 3169)",0.6010740995407104
"(1953, 1836, 1786, 251, 4029)",0.601073682308197
"(2001, 3265, 1837)",0.6010729074478149
"(1800, 1954, 5174, 1703)",0.6010726094245911
"(4515, 1800, 1836, 2297, 251)",0.601072371006012
"(1512, 1710, 4431)",0.6010721325874329
"(1512, 459, 5280)",0.6010717749595642
"(2080, 3190, 1383)",0.6010715961456299
"(2370, 1467, 2868)",0.6010714769363403
"(1800, 1954, 5018)",0.6010710000991821
"(1953, 1836, 3834, 251, 253, 1469)",0.6010708808898926
"(568, 251, 3815)",0.6010706424713135
"(739, 3211, 1837, 1382)",0.6010705828666687
"(10, 2116, 3042)",0.6010705232620239
"(2888, 1706, 2243)",0.6010702252388
"(2178, 2668, 4303)",0.6010702252388
"(568, 2298, 3815)",0.6010701060295105
"(568, 25, 2290, 3815)",0.6010701060295105
"(5241, 2302, 1535)",0.6010698676109314
"(2057, 739, 2958)",0.6010696291923523
"(1466, 1298, 2868)",0.6010696291923523
"(2958, 739, 2358)",0.6010690927505493
"(3200, 338, 254)",0.6010687351226807
"(3560, 1469, 607)",0.6010685563087463
"(2482, 2890, 1390)",0.6010679602622986
"(1953, 1288, 1705, 1512, 3212, 660)",0.6010677814483643
"(2672, 2911, 2735)",0.6010674834251404
"(128, 1446, 1963, 1933, 1390, 660, 1974, 3519)",0.601067066192627
"(1381, 998, 3517)",0.6010669469833374
"(2256, 2796, 2389)",0.6010669469833374
"(1299, 1427, 2942)",0.601066529750824
"(1800, 2297, 3192, 1944)",0.6010659337043762
"(3200, 1800, 1836, 1837, 1080)",0.6010658740997314
"(1219, 3526, 575)",0.6010658144950867
"(385, 4327, 2160, 2001, 567)",0.6010658144950867
"(1480, 4443, 1335)",0.6010656356811523
"(1545, 2457, 3535)",0.6010652780532837
"(2369, 1442, 1461, 791, 4443, 1919)",0.6010650992393494
"(1837, 1838, 4407)",0.6010648012161255
"(1968, 2452, 3238)",0.601064145565033
"(1616, 1426, 5002)",0.6010633707046509
"(1464, 2018, 3731)",0.601063072681427
"(2546, 4870, 1327)",0.6010627746582031
"(978, 4555, 574)",0.6010623574256897
"(4024, 1953, 629, 2071)",0.6010623574256897
"(5459, 1499, 125)",0.6010622978210449
"(4354, 2683, 1709)",0.6010618805885315
"(4544, 1782, 1743)",0.6010617613792419
"(1288, 1552, 5081)",0.6010617613792419
"(128, 2738, 660, 2958)",0.601061224937439
"(978, 574, 4103)",0.6010611653327942
"(1953, 4103, 1836, 251, 253, 1469)",0.6010611057281494
"(3075, 1800, 1836, 498, 1844, 567)",0.6010607481002808
"(1953, 1954, 1703, 1707, 4882, 1469)",0.6010606288909912
"(2427, 2083, 2798)",0.6010606288909912
"(2440, 574, 3815)",0.6010603904724121
"(2968, 1571, 574, 1815)",0.6010603308677673
"(1706, 1355, 4886)",0.6010597944259644
"(1709, 3118, 2023)",0.60105961561203
"(4545, 1434, 1506)",0.60105961561203
"(1512, 2279, 4750, 631)",0.6010594367980957
"(33, 1828, 2404, 1457, 1298, 2133, 1466, 2686, 2911)",0.6010594367980957
"(3272, 1705, 2718)",0.6010587215423584
"(560, 1329, 2546, 5079)",0.6010584235191345
"(128, 1446, 1963, 1933, 2738, 660, 3002)",0.6010580062866211
"(5030, 2302, 1535)",0.6010577082633972
"(1799, 4523, 1837, 1809, 251)",0.6010576486587524
"(1400, 1505, 3200)",0.6010568141937256
"(1049, 1386, 4554)",0.6010565757751465
"(2630, 4530, 1382, 1703)",0.6010558009147644
"(2529, 1410, 1569, 1476, 1490, 2706, 2775)",0.6010558009147644
"(176, 3252, 588, 1829)",0.6010556817054749
"(2008, 1974, 3200, 566)",0.6010555028915405
"(1800, 2057, 3746)",0.6010541319847107
"(128, 1920, 1446, 1801, 1963, 1390, 3219)",0.6010535955429077
"(1512, 4483, 1844, 1382)",0.6010526418685913
"(1953, 1801, 1933, 1390, 1463, 4350)",0.601052463054657
"(2968, 1571, 1403, 1815)",0.601052463054657
"(1953, 4582, 1836, 251, 1469)",0.6010520458221436
"(1578, 2140, 4404, 1855)",0.601051926612854
"(1512, 3937, 2486)",0.6010518074035645
"(568, 3200, 493)",0.6010515093803406
"(1481, 58, 2427, 4545)",0.6010514497756958
"(2024, 2298, 4150)",0.6010513305664062
"(1953, 4328, 1801, 1933, 1390, 1463)",0.6010511517524719
"(3068, 1549, 1382, 1703)",0.6010510325431824
"(2440, 4140, 221)",0.6010505557060242
"(2290, 5062, 2351)",0.6010503172874451
"(5032, 25, 1426, 739)",0.6010497808456421
"(4816, 1994, 1484, 1830)",0.60104900598526
"(2286, 3075, 1838)",0.6010485887527466
"(3200, 1109, 253)",0.6010482311248779
"(4545, 1827, 2541, 1351)",0.6010478734970093
"(1288, 1579, 3076)",0.6010476350784302
"(296, 5353, 1373)",0.6010469794273376
"(3200, 2738, 159)",0.601046621799469
"(2080, 385, 4554, 567)",0.6010465621948242
"(1993, 106, 5420)",0.6010464429855347
"(1825, 2473, 3169)",0.6010463237762451
"(3019, 1692, 2639)",0.6010460257530212
"(1489, 3682, 1332, 1965)",0.6010459065437317
"(1480, 2994, 1461, 791, 1502, 1919)",0.6010459065437317
"(3144, 1305, 1675)",0.6010457277297974
"(4486, 660, 350)",0.6010454297065735
"(592, 385, 2968, 567)",0.6010452508926392
"(2661, 1294, 3239)",0.6010444164276123
"(1914, 3014, 1911)",0.601043701171875
"(1953, 1446, 1801, 4329, 1933, 1390, 1463)",0.6010432243347168
"(1944, 2052, 2968)",0.6010428071022034
"(1968, 2981, 2006)",0.6010423302650452
"(1480, 1461, 2997, 791, 1919)",0.6010420322418213
"(1408, 1529, 2941)",0.601041853427887
"(2014, 2006, 4511)",0.6010415554046631
"(1305, 1326, 3406)",0.6010413765907288
"(1953, 1890, 4420, 159)",0.6010413765907288
"(4768, 1777, 106)",0.6010404825210571
"(3778, 388, 2335)",0.6010404825210571
"(2441, 251, 4028)",0.6010400056838989
"(1954, 3626, 1390)",0.601039707660675
"(1953, 1512, 2057, 4492, 631)",0.6010392308235168
"(3200, 1288, 1512, 2161, 89)",0.6010385751724243
"(2330, 2307, 5030)",0.6010384559631348
"(2480, 1570, 3682)",0.6010382771492004
"(1801, 1825, 4382, 1703)",0.6010380983352661
"(1936, 2715, 3397, 2326)",0.6010380983352661
"(3014, 1310, 1695)",0.6010376214981079
"(2298, 2005, 2926)",0.6010375022888184
"(1704, 4368, 1470, 1943)",0.6010373830795288
"(2911, 190, 1431)",0.601037323474884
"(576, 2001, 3526)",0.6010370254516602
"(2630, 4850, 1382, 1703)",0.601036787033081
"(3200, 2443, 2541)",0.6010363101959229
"(4329, 1835, 2358, 1703)",0.6010359525680542
"(251, 2718, 4103)",0.6010358333587646
"(1953, 1446, 1801, 1963, 1933, 1390, 1974, 2808)",0.6010354161262512
"(169, 1514, 4583)",0.601033627986908
"(128, 2738, 660, 4829)",0.6010334491729736
"(2968, 739, 1836, 1382)",0.6010331511497498
"(4446, 251, 1606, 1471)",0.6010329723358154
"(4512, 25, 1809, 1799)",0.6010328531265259
"(1953, 1446, 1963, 1933, 1390, 4400, 1974)",0.6010326743125916
"(1512, 523, 4497, 631, 89)",0.6010326743125916
"(2168, 650, 3414)",0.6010326743125916
"(1944, 1825, 4330, 2560)",0.6010320782661438
"(1800, 3075, 332, 1844)",0.6010320782661438
"(1624, 1498, 1995, 2975)",0.6010319590568542
"(241, 52, 2775)",0.6010317802429199
"(1488, 3408, 2107, 1351)",0.6010314226150513
"(386, 1382, 1703, 1800, 3068, 575)",0.6010313630104065
"(568, 1776, 251, 4638)",0.6010308265686035
"(3426, 1799, 1776, 1809, 251)",0.6010302305221558
"(2541, 1822, 4919)",0.601030170917511
"(128, 4547, 1446, 2057, 1974)",0.6010295748710632
"(1611, 251, 3834, 2351)",0.6010292172431946
"(2148, 4386, 1836)",0.6010292172431946
"(3095, 1286, 758, 1279)",0.6010289192199707
"(89, 2185, 2958, 2718)",0.6010288596153259
"(3929, 2718, 1463)",0.6010288000106812
"(3778, 1301, 1445)",0.6010282039642334
"(1953, 2275, 4369)",0.6010279059410095
"(128, 1953, 3521, 1446, 1963, 1463)",0.6010274887084961
"(1448, 3682, 2397)",0.601027250289917
"(2217, 3239, 1303)",0.6010271310806274
"(251, 493, 4103)",0.6010270714759827
"(1224, 2956, 1471)",0.6010270714759827
"(2001, 4426, 1974)",0.601026713848114
"(48, 3042, 2028)",0.6010261178016663
"(1825, 1703, 4328, 660, 285)",0.6010259389877319
"(1650, 412, 4559)",0.6010255813598633
"(2946, 1380, 1534)",0.6010255217552185
"(4243, 739, 1932)",0.601025402545929
"(1329, 2546, 3257, 1478)",0.6010252237319946
"(1426, 739, 2028, 3078)",0.6010252237319946
"(1800, 1707, 2958, 1703)",0.6010240316390991
"(1880, 2427, 2911)",0.6010235548019409
"(1827, 179, 2396, 4545)",0.6010235548019409
"(3017, 1499, 2708)",0.6010230183601379
"(2598, 4354, 2094)",0.6010229587554932
"(1697, 3415, 1351)",0.6010226011276245
"(1960, 1362, 4669)",0.6010225415229797
"(2302, 2370, 1502, 3335)",0.6010223627090454
"(4708, 66, 1388)",0.6010217666625977
"(1920, 2980, 516, 2472)",0.6010212302207947
"(3200, 1838, 567)",0.6010209321975708
"(1448, 2626, 3682, 2590)",0.6010206937789917
"(2672, 2243, 5030)",0.601020336151123
"(1993, 3252, 2303)",0.6010202765464783
"(1976, 106, 2334, 3415)",0.6010199785232544
"(2080, 1426, 3426, 1382)",0.6010197997093201
"(2086, 2242, 2968, 1382)",0.6010196805000305
"(128, 1446, 1963, 1933, 1390, 660, 1974, 2808)",0.601019561290741
"(1469, 1382, 5070)",0.6010193824768066
"(1288, 4532, 1933, 1535)",0.6010184288024902
"(568, 5149, 1781)",0.6010180115699768
"(1953, 4360, 1801, 1933, 1390, 1463)",0.601017951965332
"(128, 1801, 2738, 2958)",0.6010172367095947
"(73, 1930, 2775)",0.6010162830352783
"(361, 1788, 4593)",0.6010162830352783
"(1512, 4457, 1469, 1710)",0.6010162234306335
"(1617, 3042, 2297)",0.601016104221344
"(1799, 1703, 2297, 2718, 3903)",0.6010156273841858
"(1288, 1512, 3535)",0.6010154485702515
"(1953, 1954, 1703, 1288, 3788, 2487, 1469)",0.6010146737098694
"(2968, 1403, 739)",0.6010145545005798
"(4498, 2718, 2519)",0.6010145545005798
"(1953, 1801, 1933, 1463, 2808)",0.6010141372680664
"(2938, 1475, 1991)",0.6010133624076843
"(25, 1098, 3900)",0.6010133028030396
"(1448, 3682, 1413, 2590)",0.6010124683380127
"(1288, 2897, 363)",0.6010117530822754
"(1809, 739, 4637)",0.6010115742683411
"(1472, 2890, 1829)",0.6010113954544067
"(3161, 1834, 1588)",0.6010110378265381
"(1960, 73, 1333, 2775)",0.6010109782218933
"(4103, 1855, 1071)",0.6010105609893799
"(1953, 1801, 1933, 1390, 4374, 1463)",0.6010105013847351
"(1936, 1697, 1740, 3487)",0.6010104417800903
"(1355, 1574, 4407)",0.6010102033615112
"(2140, 2351, 4404, 1855)",0.6010101437568665
"(5046, 2541, 54)",0.6010092496871948
"(1898, 1315, 4012, 2546)",0.6010088324546814
"(3200, 1386, 692)",0.6010081171989441
"(3682, 1448, 2026, 1518, 1590)",0.601007878780365
"(2968, 482, 2586)",0.6010077595710754
"(2946, 2438, 2086, 2297, 1469)",0.6010067462921143
"(1697, 5467, 1759)",0.6010062098503113
"(3983, 1802, 2494, 2503)",0.6010058522224426
"(1809, 2178, 4895)",0.6010055541992188
"(4417, 1469, 607)",0.6010051965713501
"(1424, 1666, 2998)",0.6010048985481262
"(128, 1953, 3198, 1463)",0.6010047793388367
"(1900, 4545, 1436)",0.6010043621063232
"(539, 467, 2916)",0.6010035872459412
"(3512, 2756, 7)",0.6010029315948486
"(5442, 668, 1743)",0.6010029315948486
"(1944, 4420, 2486)",0.6010027527809143
"(1464, 1315, 3047)",0.60100257396698
"(2968, 25, 1571, 1815)",0.6010024547576904
"(4368, 1365, 1349)",0.6010021567344666
"(1953, 1954, 322, 3078, 1469)",0.6010020971298218
"(2188, 309, 3815)",0.6010017991065979
"(424, 1338, 5263)",0.6010016798973083
"(3200, 2420, 1382)",0.6010012030601501
"(1953, 1382, 1703, 1512, 3212)",0.6010011434555054
"(2441, 3222, 1655)",0.6010011434555054
"(1658, 3085, 54)",0.6010010242462158
"(2565, 1453, 5574)",0.6010007262229919
"(1464, 1346, 2895)",0.6010007262229919
"(1953, 1578, 2358, 4401)",0.6010006070137024
"(64, 2541, 3238)",0.6010000109672546
"(3298, 739, 1535)",0.6009999513626099
"(2668, 1809, 2071, 2297, 3834, 251)",0.6009998321533203
"(1424, 4329, 1512)",0.6009998321533203
"(576, 1800, 3050, 1836)",0.6009997129440308
"(1707, 2958, 2071)",0.6009995937347412
"(3200, 1505, 1315)",0.6009994745254517
"(4816, 2217, 1484, 2341)",0.6009993553161621
"(1929, 1754, 318, 3639)",0.6009993553161621
"(1338, 1522, 2820)",0.6009984612464905
"(1800, 3075, 1844, 1111)",0.6009981036186218
"(4624, 1426, 739, 1611)",0.600997269153595
"(1953, 3834, 1837, 1786, 251, 253)",0.6009969115257263
"(1480, 4625, 2302, 791)",0.6009968519210815
"(4103, 1574, 1855)",0.600996732711792
"(3257, 1490, 884, 2143)",0.6009966135025024
"(128, 1446, 1703, 1288, 1801, 3519)",0.6009960770606995
"(2074, 276, 4876)",0.6009957790374756
"(296, 3014, 1695)",0.6009956002235413
"(601, 602, 3085)",0.6009955406188965
"(2178, 3203, 575)",0.6009953618049622
"(739, 2004, 4103)",0.6009950041770935
"(1298, 2796, 1463)",0.6009949445724487
"(2297, 251, 1382, 4895)",0.6009946465492249
"(1509, 1704, 73, 1870, 1396, 3063)",0.6009945869445801
"(5424, 547, 1892)",0.6009941101074219
"(4012, 1685, 2102)",0.6009936332702637
"(2297, 4596, 1799)",0.6009930372238159
"(2160, 1426, 309, 4551)",0.6009930372238159
"(3200, 1868, 1326)",0.6009926199913025
"(25, 1426, 3894)",0.6009926199913025
"(2064, 5410, 1979, 1447)",0.6009924411773682
"(656, 2307, 4886, 1391)",0.6009922027587891
"(2354, 3019, 2410)",0.6009922027587891
"(1929, 4354, 1341)",0.6009921431541443
"(5368, 697, 706)",0.6009918451309204
"(3200, 89, 341)",0.6009913086891174
"(2473, 4423, 607)",0.6009908318519592
"(1570, 3682, 1413, 1448, 1628)",0.6009908318519592
"(128, 2560, 4229, 1801, 1963, 1933)",0.6009906530380249
"(2032, 4516, 1596)",0.6009889245033264
"(5401, 1675, 1676, 1773)",0.6009880304336548
"(3109, 2334, 1887)",0.6009880304336548
"(1953, 1800, 1836, 2028, 1809, 568, 4410, 1469)",0.6009878516197205
"(2817, 2274, 1358)",0.6009875535964966
"(25, 3900, 2486)",0.6009858250617981
"(3778, 1934, 1902)",0.6009857654571533
"(4190, 332, 1382)",0.6009856462478638
"(2080, 1953, 4177)",0.6009854078292847
"(1512, 1801, 2057, 3212, 660, 89)",0.6009849309921265
"(1436, 4605, 1439)",0.6009849309921265
"(2473, 1578, 4029, 1471)",0.6009846925735474
"(1953, 1890, 285, 4103)",0.6009846329689026
"(2568, 201, 1827, 3262)",0.6009845733642578
"(2300, 3085, 54)",0.6009839177131653
"(1953, 1703, 1512, 1801, 4329)",0.6009836792945862
"(251, 253, 4415)",0.6009834408760071
"(793, 4282, 798)",0.600983202457428
"(2738, 2958, 519)",0.6009824275970459
"(1953, 1890, 1446, 1390, 1974, 2808)",0.6009823679924011
"(5177, 2651, 541)",0.6009821891784668
"(2568, 58, 1827, 4886)",0.6009821891784668
"(291, 2718, 5551)",0.6009815335273743
"(2216, 1465, 2925)",0.6009814143180847
"(3624, 1953, 1294)",0.6009812355041504
"(1939, 1524, 4949)",0.6009809970855713
"(1953, 1446, 1963, 493, 1390, 4150)",0.6009806990623474
"(3214, 1979, 1510)",0.6009806394577026
"(1288, 3616, 1390)",0.6009798049926758
"(739, 3900, 2486)",0.6009792685508728
"(128, 1446, 1963, 1933, 2738, 660, 4186)",0.600979208946228
"(2297, 2275, 3903, 1799)",0.6009787321090698
"(3019, 117, 2598)",0.6009783744812012
"(2968, 1571, 2251)",0.6009775400161743
"(4554, 2642, 518)",0.6009771823883057
"(3200, 25, 2001)",0.6009767651557922
"(128, 1446, 1288, 1801, 3002)",0.600976288318634
"(4103, 341, 1471)",0.6009759902954102
"(1801, 2738, 1953, 4639)",0.6009759902954102
"(1296, 1424, 3095)",0.6009759902954102
"(2001, 739, 4244)",0.6009759902954102
"(1440, 3538, 66)",0.6009756922721863
"(1953, 1954, 1703, 1288, 2962, 89, 1469, 2718)",0.6009755730628967
"(1496, 54, 5079)",0.6009751558303833
"(1936, 5258, 1967)",0.6009748578071594
"(2010, 2451, 3397)",0.6009747982025146
"(1968, 1148, 3118)",0.6009743809700012
"(1953, 2958, 2718, 519)",0.6009742617607117
"(1329, 955, 4820)",0.600973904132843
"(3200, 1469, 463)",0.6009732484817505
"(1472, 1494, 4886)",0.6009723544120789
"(0, 2881, 1135)",0.6009721159934998
"(2985, 2765, 2710)",0.6009721159934998
"(1800, 2297, 500, 4324)",0.6009718179702759
"(1380, 2564, 2031, 1743, 2972)",0.6009716987609863
"(106, 4708, 1437)",0.6009711623191833
"(2057, 3682, 2601)",0.600970983505249
"(1960, 1490, 730, 4599)",0.600970983505249
"(1960, 3256, 1491, 1990)",0.6009709239006042
"(1641, 2953, 1326)",0.6009702682495117
"(4545, 1882, 509)",0.6009698510169983
"(1489, 2026, 2029, 3682)",0.6009697318077087
"(1802, 1315, 1245, 3839)",0.6009695529937744
"(4337, 1469, 326)",0.6009689569473267
"(1408, 3054, 2541, 2006)",0.6009689569473267
"(1953, 1578, 2358, 3078)",0.6009687781333923
"(3904, 1577, 739, 1390)",0.6009685397148132
"(1512, 1933, 4229, 1703)",0.6009684801101685
"(2240, 1460, 3702)",0.6009684801101685
"(3778, 1701, 1991, 2324, 2335)",0.6009681224822998
"(1409, 1996, 5247)",0.6009676456451416
"(3075, 1382, 1800, 1836, 1837, 1844, 2071, 2298)",0.6009668111801147
"(1433, 2890, 830)",0.6009666323661804
"(280, 1380, 4222)",0.6009666323661804
"(3778, 1315, 1475)",0.6009665131568909
"(1288, 4538, 1963)",0.6009664535522461
"(1703, 1800, 1707, 1836, 3185)",0.6009663343429565
"(4032, 1970, 1685)",0.6009663343429565
"(1373, 3014, 639)",0.6009662747383118
"(592, 385, 3211, 567)",0.6009660959243774
"(1953, 1954, 1703, 1288, 3788, 2298, 1469)",0.6009660959243774
"(3200, 1386, 251, 1837)",0.6009658575057983
"(2757, 470, 3063)",0.6009655594825745
"(3200, 1836, 157)",0.6009655594825745
"(1512, 4424, 1710)",0.6009652018547058
"(48, 1837, 4407)",0.6009649038314819
"(128, 1953, 1963, 1974, 4441)",0.6009647250175476
"(4672, 978, 574)",0.6009645462036133
"(1706, 1422, 4886)",0.6009640097618103
"(2796, 1356, 2133, 1718, 1751)",0.600962221622467
"(1848, 401, 2796)",0.6009619832038879
"(5401, 1676, 813, 1686)",0.6009616851806641
"(48, 385, 4486)",0.6009612679481506
"(1380, 2564, 2182, 2031, 1743, 2972)",0.6009612083435059
"(1382, 4327, 1800, 592, 2297)",0.6009610891342163
"(1705, 739, 3211)",0.6009608507156372
"(5418, 1939, 1261)",0.6009597778320312
"(2425, 2577, 3415)",0.600959300994873
"(1936, 3397, 2533, 2326)",0.6009592413902283
"(3200, 385, 386, 2399)",0.6009590029716492
"(2278, 2884, 1390)",0.600958526134491
"(3200, 1469, 1542)",0.6009583473205566
"(1464, 5401, 1462)",0.6009579300880432
"(592, 4353, 1574)",0.6009576320648193
"(2570, 1499, 3415)",0.6009576320648193
"(2541, 1555, 2452, 3063, 1566)",0.600957453250885
"(1829, 4836, 157)",0.6009573340415955
"(1616, 3068, 2358, 2207)",0.6009568572044373
"(3408, 1481, 1490, 1351)",0.6009567975997925
"(1698, 213, 2911)",0.6009565591812134
"(2297, 3201, 574, 1799)",0.6009554266929626
"(1800, 1836, 4429)",0.6009544134140015
"(1953, 4795, 1786, 251, 253)",0.6009540557861328
"(2868, 1390, 303)",0.6009529232978821
"(1953, 258, 1801, 1963, 1933, 3222, 1463)",0.6009522080421448
"(2958, 493, 2310)",0.6009511947631836
"(1409, 1471, 1996, 4404, 1855)",0.6009511947631836
"(2953, 730, 2652)",0.6009511351585388
"(3408, 1305, 459, 1326)",0.6009508371353149
"(2890, 308, 1390)",0.6009507775306702
"(128, 1953, 3193)",0.6009496450424194
"(2105, 3682, 2397)",0.6009495854377747
"(4816, 1994, 1484, 1829)",0.6009492874145508
"(5158, 1480, 1461, 791, 1919)",0.6009486317634583
"(3080, 2101, 1979, 1381)",0.6009483337402344
"(1953, 4582, 1836, 1999, 1469)",0.6009480953216553
"(1953, 1800, 1836, 1809, 4404, 568, 1469)",0.6009480357170105
"(2080, 1699, 2541, 4886, 1437)",0.6009476780891418
"(4891, 1313, 1539, 2769)",0.600947380065918
"(3200, 2290, 142)",0.6009467840194702
"(1944, 2080, 3203)",0.6009466648101807
"(1802, 1836, 4103)",0.6009465456008911
"(3200, 2718, 1134)",0.6009465456008911
"(2641, 1353, 5099)",0.6009464859962463
"(1380, 3334, 1518, 2590)",0.6009463667869568
"(1953, 1288, 17, 1469, 2718, 3903)",0.6009461283683777
"(1490, 2267, 5357, 1478)",0.6009460091590881
"(128, 1953, 1963, 2958, 1974)",0.6009457111358643
"(2208, 4674, 1743)",0.6009455919265747
"(2465, 2597, 2775)",0.6009454727172852
"(445, 2358, 4103)",0.6009450554847717
"(1800, 385, 4779, 1836)",0.6009445786476135
"(2890, 1403, 1390)",0.6009440422058105
"(3519, 2298, 398, 159)",0.6009438037872314
"(4723, 364, 1446)",0.6009438037872314
"(1754, 1476, 2775, 1943)",0.6009438037872314
"(1953, 1954, 1703, 1288, 2279, 1469, 2718, 3903)",0.6009436845779419
"(1809, 498, 739, 5041)",0.6009434461593628
"(1512, 2217, 4655)",0.600943386554718
"(2277, 4410, 1469)",0.6009432077407837
"(1170, 1427, 3500)",0.6009430885314941
"(1418, 3347, 1492)",0.6009429693222046
"(1481, 1754, 4545, 1774)",0.6009429097175598
"(1440, 2790, 1798)",0.6009427309036255
"(1953, 2958, 2718, 2559)",0.6009426712989807
"(568, 4169, 1512, 1844)",0.6009426116943359
"(1424, 5413, 1285, 1591)",0.6009426116943359
"(568, 89, 1512, 3212)",0.6009423136711121
"(2472, 1470, 2775)",0.6009420156478882
"(4352, 1954, 1382, 1703, 1800, 1426, 1469)",0.6009418368339539
"(3904, 1844, 2519)",0.6009418368339539
"(1577, 251, 4103)",0.6009411811828613
"(2568, 2066, 1827, 3262)",0.6009407043457031
"(2473, 2298, 3169)",0.6009405851364136
"(2521, 3019, 900, 54)",0.6009404063224792
"(1512, 5389, 2302)",0.6009403467178345
"(4532, 2140, 1446)",0.6009401679039001
"(128, 2560, 1801, 1963, 1933, 3221)",0.6009399890899658
"(4416, 739, 533)",0.6009398102760315
"(178, 475, 4356)",0.6009397506713867
"(5001, 2684, 37)",0.6009393334388733
"(408, 1993, 4605)",0.600939154624939
"(1800, 4353, 1547, 1844)",0.6009390950202942
"(1809, 2266, 3265, 1799)",0.6009390354156494
"(1439, 4368, 1436, 1367)",0.6009380221366882
"(3095, 878, 1279)",0.6009379625320435
"(3285, 1962, 1709)",0.6009368896484375
"(2105, 3682, 1262)",0.6009367108345032
"(2297, 2956, 2718, 1799)",0.6009365320205688
"(128, 1953, 4650, 1744)",0.6009364724159241
"(1953, 1954, 2722, 1288, 2969, 1469)",0.6009364724159241
"(2672, 741, 2798)",0.6009364724159241
"(739, 2475, 2358, 3471)",0.6009362936019897
"(3042, 341, 1574)",0.600936233997345
"(576, 1382, 1800, 4779, 309, 2297)",0.600936233997345
"(1836, 3021, 2358, 2297, 253)",0.6009353995323181
"(1480, 4443, 1590)",0.6009348630905151
"(1953, 1801, 1933, 1390, 4370, 1463)",0.6009348630905151
"(1284, 1298, 1982, 1949, 190, 2911)",0.6009346842765808
"(2257, 3106, 2212)",0.6009345650672913
"(2705, 1740, 5401)",0.6009336113929749
"(3200, 459, 1326)",0.6009334325790405
"(4384, 1825, 1703, 1390, 19)",0.6009331345558167
"(2440, 739, 3900)",0.6009330153465271
"(1170, 196, 4655)",0.6009328365325928
"(4329, 482, 2586)",0.6009328365325928
"(2746, 4354, 1372)",0.6009326577186584
"(568, 281, 3211)",0.6009325981140137
"(2417, 2890, 1390)",0.6009325981140137
"(1703, 1800, 4360, 1707, 493)",0.6009323000907898
"(1953, 1836, 4410, 1786, 575)",0.6009319424629211
"(1953, 1954, 1382, 3298)",0.6009315848350525
"(2080, 4338, 1974)",0.6009313464164734
"(2890, 2251, 2723, 1390)",0.6009309887886047
"(1953, 258, 1801, 1963, 4363, 1933, 1463)",0.6009306907653809
"(1288, 1835, 3043)",0.6009304523468018
"(1809, 2178, 4559)",0.600930392742157
"(2529, 4578, 1535)",0.6009303331375122
"(1144, 2121, 4354, 2094)",0.6009293794631958
"(2168, 3941, 1790)",0.6009290814399719
"(1800, 1954, 3883)",0.6009289622306824
"(3298, 1703, 1800, 1707, 1836)",0.6009288430213928
"(1800, 2297, 5207)",0.600928783416748
"(2721, 2275, 1703, 1800, 2956)",0.6009281873703003
"(2279, 584, 1512, 523, 3212, 631)",0.6009277701377869
"(1561, 2953, 2257)",0.6009277105331421
"(281, 2958, 519)",0.6009275913238525
"(1697, 1740, 3983, 2705, 440)",0.6009275317192078
"(2201, 1410, 4509)",0.6009273529052734
"(1954, 3203, 1382, 1800, 1386, 1469)",0.6009272336959839
"(178, 251, 3198)",0.6009271144866943
"(1386, 2109, 4500, 309)",0.60092693567276
"(1800, 1836, 1999, 251, 4029)",0.6009261012077332
"(4816, 1484, 2117)",0.6009259819984436
"(1305, 2890, 459, 1326)",0.6009258031845093
"(2201, 2890, 54)",0.600925624370575
"(2302, 5030, 1614)",0.6009253859519958
"(1953, 4362, 285, 1703)",0.6009243130683899
"(1490, 3019, 2642)",0.6009241938591003
"(3200, 1402, 1426)",0.600924015045166
"(4820, 1036, 502, 175)",0.6009238958358765
"(664, 2121, 3118)",0.6009238362312317
"(2102, 1350, 3415)",0.6009238362312317
"(2586, 1148, 3118)",0.6009235978126526
"(1697, 2953, 1315, 1740)",0.6009235978126526
"(4454, 1799, 1776, 1809, 251)",0.6009230613708496
"(3106, 1963, 1446)",0.6009228825569153
"(2001, 1426, 3426, 1382)",0.6009227633476257
"(1284, 1298, 1982, 3293, 1949, 190)",0.6009224653244019
"(25, 1996, 4353)",0.6009223461151123
"(200, 1300, 2942)",0.6009216904640198
"(4545, 1355, 2356)",0.6009215712547302
"(5386, 1740, 1149)",0.6009215116500854
"(1384, 3499, 1285)",0.600921094417572
"(304, 2890, 1390)",0.6009209752082825
"(1944, 89, 3203)",0.6009208559989929
"(1288, 1837, 4486)",0.6009206771850586
"(304, 2417, 5030)",0.6009202599525452
"(739, 3900, 1838)",0.6009202003479004
"(2672, 1315, 3983)",0.6009199619293213
"(33, 1828, 2404, 2796, 1457, 1298, 2133, 1466, 2686)",0.6009194254875183
"(1347, 1436, 3019)",0.6009190678596497
"(1506, 1862, 2822)",0.6009188890457153
"(3075, 2541, 2286)",0.6009180545806885
"(2024, 3200, 1815)",0.6009173393249512
"(1706, 1326, 5258)",0.6009171605110168
"(1953, 4375, 285, 1703)",0.6009168028831482
"(2427, 2404, 2796)",0.6009167432785034
"(304, 5351, 1294, 1463)",0.6009165048599243
"(25, 739, 3900, 1383)",0.6009160876274109
"(3200, 1382, 1707, 1836, 2297, 1786)",0.6009148359298706
"(4193, 1939, 1310)",0.6009142398834229
"(1800, 4808, 1890, 1703)",0.6009141802787781
"(1040, 2890, 1478)",0.6009141206741333
"(3161, 2017, 1402, 2162)",0.6009124517440796
"(4816, 1994, 1484, 2303)",0.6009122729301453
"(2064, 3778, 1979, 1447)",0.6009119153022766
"(2298, 4404, 575)",0.6009119153022766
"(1560, 3250, 2239)",0.6009117364883423
"(1800, 4617, 1836, 309)",0.6009114980697632
"(2568, 58, 1827, 3983)",0.6009107828140259
"(1574, 3042, 54)",0.6009106636047363
"(459, 3262, 1326)",0.6009100675582886
"(2083, 3262, 1351, 191)",0.6009097099304199
"(1825, 1954, 1288, 41, 1833, 1390, 4347)",0.6009095311164856
"(3075, 1800, 1836, 2001, 25)",0.6009095311164856
"(1464, 1942, 2895)",0.6009091734886169
"(2108, 4686, 2135)",0.6009091138839722
"(2560, 1890, 2946, 660, 2718)",0.6009085774421692
"(5030, 2524, 2302)",0.6009085178375244
"(1547, 1179, 2973, 2215)",0.6009083390235901
"(1284, 2796, 1298, 1982, 1949, 190)",0.6009079813957214
"(2208, 2210, 2968)",0.6009071469306946
"(2722, 2958, 574)",0.6009070873260498
"(2180, 1492, 3278)",0.6009064316749573
"(2208, 1380, 2031, 1743, 2972)",0.6009060144424438
"(187, 2916, 2213)",0.6009059548377991
"(2086, 2242, 4341, 1382)",0.6009052395820618
"(4384, 1953, 1801, 1933, 1390, 1463)",0.6009048819541931
"(1954, 1386, 739, 3200)",0.6009047031402588
"(474, 3278, 1863)",0.600904107093811
"(2568, 2066, 1827, 3293)",0.600904107093811
"(4410, 1996, 1855, 1471)",0.6009030938148499
"(1704, 3415, 1470, 1943)",0.6009028553962708
"(3815, 739, 567)",0.600902795791626
"(2424, 3042, 2140)",0.6009023189544678
"(1953, 1801, 4362, 1933, 1390, 1463)",0.6009019017219543
"(2998, 1750, 1430)",0.6009018421173096
"(1288, 1467, 4532, 1535)",0.6009017825126648
"(1568, 3200, 1743)",0.6009016036987305
"(2715, 3421, 2326)",0.600901186466217
"(880, 58, 3866)",0.6009008884429932
"(568, 3114, 1071)",0.600900411605835
"(1825, 3172, 1781, 607)",0.6008998155593872
"(1703, 1800, 1707, 2962, 2718)",0.6008996367454529
"(1382, 1703, 1390, 4530, 629)",0.600899338722229
"(1799, 1809, 568, 3834, 251)",0.6008992791175842
"(128, 1446, 2057, 1974, 4351)",0.6008992195129395
"(568, 1800, 2019, 4407)",0.6008988618850708
"(3148, 2014, 2006)",0.600898265838623
"(240, 2796, 2389, 1894)",0.6008982062339783
"(2896, 1747, 1676)",0.600897490978241
"(1968, 3085, 1870)",0.6008971333503723
"(576, 3195, 1616)",0.6008968949317932
"(4329, 483, 1637)",0.6008967757225037
"(208, 3500, 2661)",0.6008967161178589
"(3074, 556, 1117)",0.6008955836296082
"(2666, 251, 4103)",0.6008950471878052
"(1120, 1545, 3144, 1396)",0.6008949875831604
"(3426, 1382, 1799, 1386, 1809, 251)",0.6008949279785156
"(1743, 2973, 1535)",0.6008946895599365
"(1490, 2916, 1535)",0.600894570350647
"(1384, 460, 132, 4254)",0.6008939146995544
"(880, 58, 5402)",0.6008933186531067
"(1512, 2297, 4865, 1639)",0.6008932590484619
"(1204, 516, 3535, 2159)",0.6008931994438171
"(3072, 25, 398)",0.6008930802345276
"(2568, 201, 2881)",0.6008930206298828
"(1703, 1800, 4328, 1707, 2718)",0.6008930206298828
"(159, 1825, 1781, 1211, 3519)",0.6008928418159485
"(128, 1953, 1744, 4340, 568)",0.6008922457695007
"(341, 1574, 4615)",0.6008919477462769
"(322, 1469, 370, 3199)",0.6008917689323425
"(2768, 2953, 1990)",0.6008917689323425
"(3835, 1788, 295)",0.6008913516998291
"(1685, 2102, 3415)",0.6008909344673157
"(2424, 4619, 2140)",0.6008908152580261
"(1953, 1954, 1703, 1288, 2279, 2956, 1469, 2718)",0.6008901596069336
"(1465, 3298, 739, 1705)",0.6008897423744202
"(5414, 106, 2334)",0.6008895635604858
"(1840, 698, 747, 4443)",0.6008894443511963
"(1953, 1446, 1963, 1933, 1390, 2958, 1974)",0.6008893251419067
"(2080, 1953, 3076)",0.6008891463279724
"(3265, 1650, 1837, 1799)",0.6008888483047485
"(5441, 668, 1743)",0.6008887887001038
"(1276, 3679, 1447)",0.6008883714675903
"(1380, 4407, 1607)",0.6008875966072083
"(1284, 3421, 1828)",0.60088711977005
"(3200, 1836, 1837, 2270)",0.6008860468864441
"(1994, 1484, 3252, 2303)",0.600885272026062
"(5182, 2369, 2590)",0.6008850932121277
"(178, 475, 3213)",0.6008846759796143
"(1800, 1547, 1836, 3076)",0.6008843779563904
"(304, 308, 4375)",0.6008843183517456
"(2001, 4324, 2297)",0.6008841395378113
"(1628, 2974, 1743)",0.6008833646774292
"(25, 2286, 5153)",0.6008833646774292
"(1426, 1571, 309, 3815)",0.6008831858634949
"(1490, 2102, 3415)",0.6008824110031128
"(25, 3298, 493)",0.600882351398468
"(1490, 1438, 2895)",0.6008821725845337
"(4337, 1836, 1469)",0.6008815169334412
"(1984, 1339, 2775)",0.6008807420730591
"(1953, 1954, 1703, 1288, 4372, 2487, 1469)",0.6008806228637695
"(2560, 3169, 1890, 660)",0.6008801460266113
"(3200, 1548, 1390)",0.6008800864219666
"(1305, 2201, 3415)",0.6008797287940979
"(2441, 2148, 4150)",0.6008793711662292
"(128, 1953, 2738, 660, 4441)",0.6008790731430054
"(128, 1953, 3519, 1463)",0.6008787155151367
"(256, 568, 3200)",0.6008785963058472
"(2369, 1442, 1480, 1461, 791, 4443, 1919)",0.6008781790733337
"(1953, 1954, 2722, 1288, 2969, 1469, 2718)",0.6008778214454651
"(5090, 1283, 2220)",0.6008777618408203
"(25, 3900, 398)",0.6008765697479248
"(1512, 523, 4497, 660, 89)",0.6008763313293457
"(2475, 3892, 2446)",0.600875973701477
"(1512, 2057, 3907, 631)",0.6008756756782532
"(152, 5030, 38)",0.6008756756782532
"(25, 1098, 4245)",0.6008754372596741
"(1777, 2102, 3639)",0.6008748412132263
"(1577, 1402, 3271)",0.6008747220039368
"(1953, 1836, 5036, 1781, 568, 1469)",0.600874662399292
"(2610, 2786, 1901)",0.6008745431900024
"(1490, 4674, 1682)",0.6008744835853577
"(1953, 1954, 1703, 1288, 4375, 1469)",0.6008744239807129
"(1953, 258, 4357, 1801, 1963, 1933, 1463)",0.6008743643760681
"(251, 4103, 2475, 2351)",0.6008739471435547
"(2865, 1330, 1774)",0.6008737683296204
"(1777, 1373, 3639)",0.6008736491203308
"(1298, 300, 2796)",0.6008736491203308
"(1970, 157, 3487)",0.6008729934692383
"(1410, 4470, 1535)",0.6008725166320801
"(770, 459, 3731, 2734)",0.6008723378181458
"(568, 2298, 4341)",0.6008719801902771
"(1825, 4420, 1833, 2122, 19)",0.6008719801902771
"(2796, 2133, 1294)",0.6008719801902771
"(1385, 5194, 1939)",0.600871205329895
"(3194, 251, 253)",0.6008711457252502
"(1512, 1638, 4370, 1390)",0.6008711457252502
"(1953, 258, 1801, 1963, 1933, 1463, 4473)",0.6008709669113159
"(4417, 445, 2358)",0.6008709669113159
"(128, 1920, 1446, 1801, 1963, 3212, 1390)",0.6008704900741577
"(1960, 3200, 2541)",0.6008700728416443
"(3200, 2441, 1573, 629)",0.6008694171905518
"(3656, 1676, 2541, 1968, 1566)",0.6008691787719727
"(1329, 4677, 1167)",0.6008691191673279
"(1560, 2243, 2909)",0.6008691191673279
"(304, 273, 2616, 3214)",0.600868821144104
"(1809, 3266, 251, 1837)",0.600868821144104
"(2490, 2586, 2890)",0.6008687019348145
"(3778, 2427, 1701)",0.6008686423301697
"(2160, 1217, 3200)",0.6008684635162354
"(4332, 309, 1838)",0.6008678674697876
"(2541, 1822, 4887)",0.600867509841919
"(2216, 3525, 1781)",0.6008672714233398
"(273, 2868, 2239)",0.6008671522140503
"(1569, 1396, 3085)",0.6008663773536682
"(128, 1801, 4662, 424)",0.6008661985397339
"(1385, 1939, 5071)",0.6008661389350891
"(2819, 1665, 1515)",0.6008657217025757
"(2810, 468, 2340)",0.6008657217025757
"(1992, 4545, 1827)",0.6008651852607727
"(4354, 1315, 2503)",0.6008650064468384
"(1490, 1573, 3055)",0.600864827632904
"(1464, 3593, 1348)",0.6008644104003906
"(1953, 3076, 2207)",0.6008638739585876
"(1568, 1825, 4419)",0.6008638739585876
"(1800, 1836, 3021, 159)",0.6008632183074951
"(2201, 2869, 54)",0.6008630394935608
"(128, 2738, 660, 2298, 3519)",0.6008626818656921
"(3200, 2722, 574)",0.6008619666099548
"(1424, 1836, 3200)",0.6008614301681519
"(1426, 475, 4406)",0.6008612513542175
"(2968, 2242, 739)",0.6008610725402832
"(1954, 4869, 1512, 2185, 1469)",0.6008607745170593
"(1801, 1067, 2559, 2297, 3903)",0.6008586883544922
"(1446, 1703, 1390, 4400, 1974)",0.600858211517334
"(3200, 1615, 919)",0.6008581519126892
"(2208, 2479, 2972, 1743)",0.6008580327033997
"(1962, 1347, 4391)",0.6008570790290833
"(1481, 2069, 4886)",0.6008567810058594
"(1800, 1837, 3834, 251, 253, 574)",0.600856602191925
"(2448, 3778, 1493)",0.600856363773346
"(1190, 747, 1841, 690, 3635)",0.6008562445640564
"(2080, 553, 2616, 4123)",0.6008560657501221
"(1830, 3425, 1829, 1774)",0.6008556485176086
"(1825, 2946, 1703, 660, 285)",0.6008555293083191
"(2001, 739, 3900)",0.6008544564247131
"(2868, 2389, 1310)",0.6008535623550415
"(3192, 2297, 1837, 575)",0.6008533835411072
"(4837, 1829, 157)",0.6008527278900146
"(2297, 2275, 2958)",0.6008527278900146
"(3889, 1469, 1703)",0.6008525490760803
"(2968, 1571, 1532)",0.6008521914482117
"(1970, 2582, 4462)",0.6008520126342773
"(1426, 4559, 2178)",0.6008517742156982
"(2968, 2001, 2242)",0.6008514761924744
"(4103, 2475, 2140, 1855)",0.6008512377738953
"(1512, 1974, 5406)",0.6008511781692505
"(128, 1953, 1890, 3272, 1963, 1933)",0.6008507013320923
"(1827, 2356, 4595)",0.6008505821228027
"(1305, 2201, 2891, 1326)",0.6008502840995789
"(5392, 1513, 1846, 511)",0.6008501052856445
"(25, 739, 2358, 3471)",0.6008500456809998
"(1802, 739, 4244)",0.6008498668670654
"(1827, 1949, 2942)",0.6008498072624207
"(1418, 3347, 532)",0.6008498072624207
"(128, 1953, 258, 3521, 1463)",0.6008496284484863
"(3257, 1490, 1588)",0.6008495092391968
"(2541, 1509, 4510)",0.600849449634552
"(2756, 3679, 7)",0.600849449634552
"(1763, 4614, 2019)",0.6008492708206177
"(1943, 2582, 2775, 1754, 1470)",0.6008490920066833
"(1992, 2790, 1740, 2238)",0.600848913192749
"(2148, 1836, 3815)",0.6008487343788147
"(106, 1437, 3014)",0.6008485555648804
"(1376, 2344, 3535)",0.600848376750946
"(2738, 1974, 1446, 5359)",0.6008483171463013
"(1520, 2009, 4669)",0.6008478403091431
"(1801, 4415, 2718, 519)",0.6008475422859192
"(4019, 1373, 639)",0.6008473634719849
"(1490, 1946, 4919, 1575)",0.6008473634719849
"(304, 2417, 5241)",0.6008470058441162
"(3376, 2482, 1535)",0.6008467674255371
"(1682, 2989, 855)",0.6008467078208923
"(128, 4036, 1446, 1963, 1390, 660)",0.6008462905883789
"(1618, 44, 3042)",0.600845992565155
"(4873, 2341, 54)",0.6008459329605103
"(25, 2001, 3525, 574)",0.6008457541465759
"(4988, 2143, 1823)",0.6008456349372864
"(1490, 2916, 2214)",0.6008450388908386
"(2440, 3297, 739)",0.6008450388908386
"(128, 1953, 4415, 1933, 1390, 159)",0.6008449792861938
"(1144, 2817, 511)",0.6008449792861938
"(560, 2953, 2374)",0.6008449792861938
"(1800, 3050, 1836, 2486)",0.6008448600769043
"(1936, 2150, 3487)",0.60084468126297
"(3075, 1382, 159)",0.6008445620536804
"(2057, 2140, 2718, 3271)",0.6008445024490356
"(1288, 1837, 4407)",0.6008436679840088
"(1936, 2641, 3598)",0.6008433103561401
"(2001, 386, 3525)",0.600843071937561
"(2066, 4118, 1599)",0.6008428335189819
"(2440, 3882, 739)",0.6008427143096924
"(1408, 3654, 2006)",0.6008420586585999
"(1480, 1994, 3310, 791)",0.6008419394493103
"(1512, 3939, 2486)",0.6008416414260864
"(4342, 1382, 1703)",0.6008415818214417
"(3815, 1386, 1426, 2297, 1210)",0.6008411049842834
"(2298, 4812, 493)",0.6008408069610596
"(978, 2803, 574)",0.6008406281471252
"(2130, 2357, 3599)",0.6008405089378357
"(1448, 1570, 2626, 3682)",0.6008403897285461
"(4763, 341, 1471)",0.6008397936820984
"(4029, 341, 1471)",0.6008386015892029
"(4545, 2572, 2327)",0.6008380055427551
"(1980, 4469, 1270)",0.6008378863334656
"(1288, 89, 2441, 3219)",0.6008374094963074
"(584, 89, 4420)",0.6008372902870178
"(1994, 2332, 3798, 1903)",0.6008372902870178
"(1457, 1284, 4797)",0.600837230682373
"(2890, 2478, 1390)",0.6008369326591492
"(3200, 1237, 1382, 1799)",0.6008362770080566
"(1994, 1829, 2935)",0.6008361577987671
"(2331, 2541, 3275)",0.6008356809616089
"(1953, 1954, 1382, 4401, 1844, 2297)",0.6008355617523193
"(1800, 1313, 3075, 1836)",0.6008346080780029
"(3200, 1402, 1469)",0.6008345484733582
"(306, 4331, 1837)",0.600833535194397
"(1601, 1703, 1800, 1707, 3903)",0.6008331775665283
"(26, 27, 3378)",0.600832998752594
"(4595, 1692, 2639)",0.600832998752594
"(1991, 4407, 1607)",0.6008328199386597
"(1481, 1827, 4877)",0.6008326411247253
"(4103, 2004, 251, 253, 574)",0.6008325815200806
"(4886, 2143, 1734, 1351)",0.6008321642875671
"(4328, 2297, 2718, 1799)",0.6008320450782776
"(1512, 89, 3212, 493)",0.6008319854736328
"(1212, 4391, 2140)",0.6008316874504089
"(2968, 739, 1781)",0.6008314490318298
"(1953, 5058, 1578, 1836, 1786)",0.6008314490318298
"(4689, 2529, 1943)",0.6008308529853821
"(3426, 1799, 1809, 568, 251)",0.6008307337760925
"(920, 5155, 291)",0.6008306741714478
"(2080, 1465, 3298, 739)",0.6008306741714478
"(3815, 2446, 1999)",0.6008301377296448
"(2217, 3319, 1303)",0.6008291244506836
"(560, 1329, 2546, 3054)",0.6008290648460388
"(880, 1481, 3262, 1351)",0.6008287072181702
"(3085, 2156, 2541, 54)",0.6008285284042358
"(3200, 2005, 2207)",0.6008284091949463
"(249, 1979, 4926)",0.6008280515670776
"(1512, 1386, 1837, 3426)",0.6008277535438538
"(1800, 1836, 3560, 159)",0.6008276343345642
"(2672, 5418, 1326)",0.6008273363113403
"(3086, 275, 276, 2360, 1977)",0.6008270382881165
"(128, 1953, 1446, 1963, 1463, 4346)",0.6008270382881165
"(25, 2210, 4523)",0.6008264422416687
"(1298, 5099, 1284, 1294)",0.6008262634277344
"(3659, 2573, 1478)",0.6008257865905762
"(3713, 1571, 1615)",0.6008254289627075
"(1688, 1361, 5366)",0.600825309753418
"(2938, 1370, 1933, 1390)",0.6008250713348389
"(385, 739, 4245, 567)",0.6008248925209045
"(1953, 1954, 1288, 2298, 2718, 3903)",0.6008248925209045
"(2655, 2890, 2478, 1535)",0.6008248329162598
"(1377, 4460, 662)",0.600824236869812
"(1953, 1954, 1288, 3903, 1469, 2718, 159)",0.6008237600326538
"(1360, 2775, 516, 1943)",0.6008236408233643
"(2817, 2083, 1372)",0.6008230447769165
"(89, 2122, 4745, 1825)",0.6008228659629822
"(401, 3276, 1925)",0.600822389125824
"(2302, 4724, 654)",0.6008219718933105
"(520, 3118, 2094)",0.6008216142654419
"(2057, 4723, 2718)",0.600821316242218
"(2026, 4443, 1590)",0.6008212566375732
"(739, 1963, 4245)",0.6008211970329285
"(3731, 1750, 1430)",0.6008211374282837
"(4544, 2029, 1782, 1743)",0.6008210182189941
"(1953, 2275, 4623)",0.6008209586143494
"(89, 2298, 3169)",0.6008208394050598
"(4417, 1403, 607)",0.6008206605911255
"(2072, 3347, 2413)",0.6008206605911255
"(2404, 1284, 1299, 2133, 1466, 2911)",0.6008206009864807
"(1953, 1954, 1703, 1288, 2279, 2962, 1469, 2718)",0.6008205413818359
"(1480, 4972, 1461, 791, 1919)",0.6008204221725464
"(1499, 380, 3085, 54)",0.6008191108703613
"(1747, 1317, 2895)",0.6008185148239136
"(1475, 3335, 1979, 1447)",0.6008184552192688
"(128, 1446, 1963, 1390, 660, 4542)",0.6008184552192688
"(5556, 2334, 1887)",0.6008180975914001
"(2080, 739, 3900)",0.6008179187774658
"(2208, 4432, 1743)",0.6008174419403076
"(5123, 1347, 157)",0.6008173227310181
"(1382, 1800, 1837, 568, 4190)",0.6008169054985046
"(1469, 326, 2807)",0.6008168458938599
"(1968, 2953, 2452, 2541)",0.6008167266845703
"(1491, 1788, 3019, 295)",0.6008166074752808
"(2568, 4545, 2066, 1989)",0.6008164286613464
"(2050, 2795, 269)",0.6008155345916748
"(1962, 1347, 4910)",0.6008155345916748
"(2056, 4583, 183)",0.6008149981498718
"(560, 1501, 5261)",0.6008148193359375
"(2681, 459, 5454)",0.6008144617080688
"(1446, 1703, 1963, 1933, 1390, 1974, 2808)",0.6008142232894897
"(2064, 1979, 4724, 1447)",0.6008142232894897
"(1512, 1705, 523, 3937)",0.6008138656616211
"(2824, 1492, 1951)",0.6008138060569763
"(3200, 385, 1838)",0.6008137464523315
"(1825, 1703, 660, 285, 3903)",0.600813627243042
"(3265, 1382, 1639, 1809, 1426)",0.6008129715919495
"(3200, 1426, 1534)",0.6008117198944092
"(1944, 332, 4549)",0.6008115410804749
"(3200, 1386, 1836, 1837, 2297, 254)",0.6008111834526062
"(2568, 1827, 3293, 1989)",0.6008106470108032
"(1953, 1801, 3177, 1933, 1390, 1463)",0.6008100509643555
"(3145, 1709, 1439)",0.6008100509643555
"(568, 1776, 251, 3202)",0.6008099913597107
"(2568, 1827, 1989, 3262)",0.6008095741271973
"(1930, 3085, 2143)",0.6008093953132629
"(2417, 26, 3492)",0.60080885887146
"(241, 4354, 52)",0.600808322429657
"(4545, 1354, 1506)",0.6008076667785645
"(3200, 2491, 1855, 1471)",0.6008066534996033
"(1809, 2202, 1836, 4190)",0.6008064150810242
"(568, 1611, 1996, 4103)",0.6008062362670898
"(1799, 1776, 1809, 251, 4541)",0.6008061170578003
"(3200, 1802, 1403)",0.6008058190345764
"(2057, 4714, 493)",0.6008055210113525
"(1480, 4443, 1461, 2503)",0.6008050441741943
"(4416, 1465, 1383)",0.6008049845695496
"(1953, 1954, 1703, 1288, 4372, 2298, 1469)",0.6008047461509705
"(3200, 1588, 1383)",0.6008039712905884
"(1991, 3042, 1607)",0.6008038520812988
"(459, 5428, 1807)",0.6008036136627197
"(3072, 163, 2127)",0.6008033752441406
"(1809, 4667, 1837)",0.6008031368255615
"(1392, 3592, 1411)",0.6008028984069824
"(1664, 2121, 4354)",0.6008027195930481
"(2672, 2395, 4469, 1310)",0.6008026003837585
"(1569, 3010, 1943)",0.6008025407791138
"(560, 1641, 2775)",0.6008025407791138
"(4689, 2425, 1390)",0.600801944732666
"(2297, 2475, 5143)",0.6008018255233765
"(3682, 1413, 926)",0.6008003950119019
"(793, 798, 2798)",0.6008002758026123
"(128, 1953, 1801, 1963, 1974, 4415)",0.6007996201515198
"(3426, 2014, 2006)",0.600799560546875
"(1703, 1800, 1707, 4624, 2160)",0.6007986664772034
"(128, 2738, 2925, 1933)",0.6007982492446899
"(539, 461, 2807)",0.6007975339889526
"(3512, 1802, 1539)",0.600797176361084
"(1577, 1402, 3903)",0.600797176361084
"(1703, 1800, 1707, 493, 4371)",0.6007961630821228
"(1512, 89, 3217)",0.600795328617096
"(2530, 379, 3085, 54)",0.6007945537567139
"(1490, 3236, 1573)",0.6007941961288452
"(3042, 1837, 46)",0.6007941365242004
"(2718, 4548, 1294)",0.6007940173149109
"(3716, 1422, 2239)",0.6007940173149109
"(1611, 251, 4446, 2351)",0.6007937788963318
"(2672, 3920, 1547)",0.6007936000823975
"(1433, 2083, 1444, 3262)",0.6007934808731079
"(1480, 3682, 1335)",0.6007931232452393
"(657, 4844, 687)",0.6007930040359497
"(2008, 178, 3900)",0.600792646408081
"(1809, 1999, 4551, 1799)",0.6007921099662781
"(1392, 1491, 4840)",0.6007921099662781
"(442, 4420, 294)",0.600791871547699
"(3224, 2593, 1327)",0.6007916927337646
"(1953, 1703, 1801, 1963, 4558, 1974)",0.600791335105896
"(1809, 1172, 4103, 2399)",0.6007909178733826
"(2605, 574, 5207)",0.600790798664093
"(1298, 2911, 1674)",0.6007905602455139
"(4768, 106, 1347)",0.6007904410362244
"(1489, 2026, 2029, 2973)",0.6007895469665527
"(4538, 1251, 1311)",0.6007894277572632
"(3200, 251, 22)",0.6007894277572632
"(3214, 2389, 1310)",0.6007885336875916
"(2790, 2179, 1740, 2070)",0.6007883548736572
"(48, 3042, 567)",0.6007882356643677
"(1578, 2351, 253, 251, 4029)",0.6007872223854065
"(5376, 2297, 1611)",0.6007869243621826
"(1446, 1963, 1933, 1390, 1463, 3519)",0.600785493850708
"(1410, 4355, 1365)",0.6007854342460632
"(3075, 2635, 574)",0.600784957408905
"(1481, 1444, 1949, 5126)",0.600784957408905
"(1480, 2217, 2994, 1461, 791, 1919)",0.600784957408905
"(341, 2895, 1463)",0.6007847785949707
"(4203, 1868, 1326)",0.6007847785949707
"(489, 2777, 1513)",0.6007845401763916
"(1800, 3114, 1844)",0.6007843613624573
"(1809, 251, 253, 3815)",0.6007843017578125
"(5528, 2433, 1879)",0.600784182548523
"(739, 3900, 662)",0.6007838845252991
"(128, 1825, 3183, 159)",0.6007834076881409
"(2958, 2310, 2231)",0.6007823348045349
"(4355, 1974, 1933, 1446)",0.600782036781311
"(434, 4469, 2527)",0.6007813811302185
"(3778, 1939, 269)",0.6007812023162842
"(1970, 1572, 4669)",0.6007806658744812
"(739, 493, 4694)",0.6007806658744812
"(3889, 2446, 2447)",0.6007803082466125
"(1432, 3915, 1651)",0.6007798314094543
"(1466, 1298, 3226)",0.6007792353630066
"(1432, 684, 2944)",0.600779116153717
"(3200, 2201, 1539)",0.6007789373397827
"(1424, 178, 3200)",0.6007785201072693
"(89, 2722, 2969, 574)",0.6007782220840454
"(1979, 2989, 855)",0.6007779836654663
"(1512, 2473, 3939)",0.600777804851532
"(128, 1825, 1953, 2057, 4788, 2718)",0.6007773876190186
"(1170, 196, 3318)",0.6007773876190186
"(128, 1953, 1963, 1933, 1463, 3519)",0.600776731967926
"(1539, 4391, 360, 2503, 1802)",0.6007766127586365
"(2953, 1676, 885)",0.6007766127586365
"(2953, 1802, 1539, 485)",0.6007763147354126
"(1960, 3010, 2541)",0.6007760167121887
"(1800, 3050, 1836, 2414)",0.6007755994796753
"(2984, 1410, 1315)",0.6007755994796753
"(3042, 2116, 2140)",0.6007750630378723
"(115, 3019, 1943)",0.6007750034332275
"(1898, 1315, 2546, 3415)",0.6007750034332275
"(1953, 258, 1801, 1963, 1933, 4374, 1463)",0.600774884223938
"(1490, 2530, 54, 3085)",0.6007747054100037
"(5304, 1809, 386, 575)",0.6007746458053589
"(3293, 1427, 1317)",0.600774347782135
"(2541, 1829, 3055)",0.6007742285728455
"(690, 5099, 798)",0.6007736325263977
"(2672, 539, 2916)",0.6007735133171082
"(3081, 132, 1364)",0.6007733941078186
"(3840, 1218, 1836)",0.6007728576660156
"(4680, 1953, 1578, 2358)",0.6007714867591858
"(562, 308, 2884)",0.6007711887359619
"(3374, 2641, 1686)",0.6007711887359619
"(4304, 1818, 1645, 1822)",0.6007709503173828
"(3374, 459, 1310)",0.6007707118988037
"(4115, 1587, 1694)",0.6007704138755798
"(1703, 1800, 1616, 3068, 574)",0.6007701754570007
"(2086, 4344, 1390)",0.6007696390151978
"(418, 1414, 3415)",0.6007694602012634
"(3092, 1475, 1052, 1292)",0.6007689237594604
"(2888, 1058, 215)",0.6007686853408813
"(1512, 2057, 2275, 2958)",0.6007684469223022
"(4889, 739, 398)",0.6007683873176575
"(3200, 1838, 1999)",0.6007682681083679
"(3114, 1709, 1439)",0.6007682681083679
"(5258, 1430, 1759)",0.6007680892944336
"(128, 1446, 1963, 1933, 1390, 4400, 1974)",0.600767970085144
"(1552, 3200, 919)",0.6007679104804993
"(603, 3716, 558)",0.6007675528526306
"(2560, 1890, 4420, 660, 2718)",0.6007674932479858
"(1274, 1365, 4509, 1410)",0.6007670164108276
"(793, 3270, 798)",0.6007670164108276
"(1800, 1547, 1844, 3076)",0.6007667183876038
"(2593, 196, 18, 276, 3224)",0.6007665395736694
"(3313, 2346, 1732, 437)",0.6007662415504456
"(2297, 1382, 5207)",0.6007662415504456
"(3763, 2143, 1823)",0.6007659435272217
"(2160, 2668, 1710, 3199)",0.6007658243179321
"(128, 1446, 2958, 660, 1974)",0.6007655262947083
"(5258, 2246, 1503)",0.6007655262947083
"(251, 4404, 253, 574)",0.6007654666900635
"(1944, 523, 3204)",0.6007646918296814
"(4545, 1347, 2068, 1847)",0.6007645726203918
"(1953, 4103, 1800, 1836, 1837, 251, 1469)",0.6007645130157471
"(258, 1446, 2057, 3212, 660, 1974)",0.6007643938064575
"(1933, 1390, 302, 2264, 2938)",0.6007640361785889
"(1800, 1836, 4452, 1383)",0.6007639169692993
"(385, 739, 3900, 567)",0.6007628440856934
"(89, 2958, 2718, 575)",0.6007620096206665
"(128, 4420, 1801, 660, 159)",0.600760817527771
"(1424, 3200, 631)",0.6007606983184814
"(1953, 4103, 1386, 1836, 1999, 1786)",0.6007592678070068
"(1392, 4545, 220)",0.6007591485977173
"(3293, 1283, 1949)",0.600758969783783
"(2168, 1571, 3200)",0.6007586121559143
"(568, 1611, 1996, 3075)",0.60075843334198
"(5311, 1470, 2159)",0.6007575392723083
"(2257, 3106, 2211)",0.6007571220397949
"(2, 132, 4285)",0.6007561683654785
"(1825, 493, 4382, 1703)",0.6007559895515442
"(1936, 91, 3487)",0.6007556915283203
"(1481, 1444, 1949, 4545)",0.6007556319236755
"(1978, 2300, 1341, 2775)",0.6007553935050964
"(2953, 1943, 1494, 54, 1983)",0.6007553935050964
"(5573, 2565, 1453)",0.6007552742958069
"(2541, 1829, 4551)",0.6007542610168457
"(2672, 1299, 2911)",0.6007541418075562
"(3144, 1723, 223)",0.600753903388977
"(2890, 1661, 1294)",0.6007538437843323
"(224, 2817, 2598)",0.6007537245750427
"(5244, 2302, 1535)",0.6007533669471741
"(128, 1953, 1825, 4178, 533, 1465)",0.600753128528595
"(819, 1701, 1934, 4575)",0.600753128528595
"(1801, 1890, 660, 5092)",0.6007528901100159
"(1825, 1763, 4420, 1703, 2122)",0.6007527709007263
"(1529, 452, 2941)",0.6007521152496338
"(1464, 3593, 1346)",0.6007513403892517
"(2143, 4354, 1734, 1351)",0.6007508635520935
"(1382, 1386, 1837, 4500, 2109)",0.6007505655288696
"(1953, 1836, 4029, 251, 253, 1469)",0.6007505655288696
"(2930, 182, 1711)",0.6007502675056458
"(4169, 1098, 332)",0.600750207901001
"(1697, 1315, 1740, 2775)",0.600750207901001
"(2944, 1505, 686)",0.600749671459198
"(2133, 1294, 2911)",0.6007496118545532
"(2330, 2613, 2302, 3509)",0.6007490158081055
"(1505, 996, 3519, 2263)",0.6007490158081055
"(89, 309, 3815)",0.6007490158081055
"(2, 132, 4628)",0.6007488965988159
"(4454, 1799, 1809, 568, 251)",0.600748598575592
"(1033, 1990, 3415)",0.6007483005523682
"(1953, 4373, 285, 1703)",0.6007480621337891
"(3171, 178, 475)",0.6007480025291443
"(2616, 2869, 2159)",0.6007479429244995
"(1284, 5099, 1457, 2356, 2427)",0.6007478833198547
"(1800, 1707, 1836, 4342)",0.6007470488548279
"(48, 1611, 1996, 4467)",0.6007468700408936
"(2570, 4870, 1791)",0.6007465124130249
"(3042, 1836, 2367, 1703)",0.6007463932037354
"(1809, 2202, 3979, 1836)",0.600745677947998
"(371, 3085, 1686)",0.6007453203201294
"(4067, 341, 1974)",0.6007452011108398
"(385, 4554, 332, 567)",0.6007450222969055
"(2953, 1362, 1315)",0.6007442474365234
"(2278, 2916, 1390)",0.6007439494132996
"(2279, 1512, 523, 631, 4351)",0.60074383020401
"(1800, 332, 3076, 1836)",0.6007436513900757
"(59, 3054, 55)",0.6007436513900757
"(1512, 2057, 4379, 2279)",0.6007433533668518
"(1329, 955, 3750)",0.600743293762207
"(4816, 1979, 1484, 1830)",0.600742518901825
"(576, 1578, 3526, 2015)",0.6007423996925354
"(2290, 2475, 2958)",0.6007422804832458
"(3640, 2058, 1373)",0.6007419228553772
"(1416, 5554, 1430, 1607)",0.6007418632507324
"(1601, 1390, 4886)",0.6007413864135742
"(2073, 1978, 2817)",0.6007412672042847
"(1706, 1170, 1989, 4510)",0.6007412672042847
"(2560, 1953, 3169, 1703)",0.6007411479949951
"(2079, 3415, 1943)",0.6007406711578369
"(1600, 386, 3815, 575)",0.6007405519485474
"(3145, 1514, 1423)",0.6007405519485474
"(2057, 660, 1294, 3212)",0.6007404923439026
"(2242, 2946, 2630, 2086, 1469)",0.6007402539253235
"(5402, 1828, 1463)",0.6007393598556519
"(3200, 25, 2722)",0.6007391810417175
"(3849, 522, 1967)",0.6007390022277832
"(1256, 3682, 1628, 1405)",0.6007390022277832
"(2568, 1989, 4886)",0.6007387638092041
"(2529, 4578, 2451)",0.6007387638092041
"(1409, 1471, 1996, 2351, 4404, 1855)",0.6007385849952698
"(4103, 44, 1471)",0.6007384061813354
"(1944, 4353, 1996)",0.6007383465766907
"(2242, 2630, 2086, 2958, 1469)",0.600737452507019
"(4480, 739, 493)",0.6007373929023743
"(697, 1829, 769, 3422)",0.6007370352745056
"(2994, 1442, 2444, 2405)",0.6007369756698608
"(1995, 1404, 4934)",0.6007363796234131
"(1953, 1954, 3297, 1703, 1800)",0.6007359027862549
"(128, 4417, 2718, 1838)",0.6007359027862549
"(1979, 1524, 2869)",0.6007351875305176
"(1512, 2297, 2946, 1382)",0.6007348299026489
"(5408, 1676, 885)",0.6007347106933594
"(128, 4329, 1890, 1463)",0.600734293460846
"(739, 4245, 2486)",0.6007335186004639
"(4329, 579, 2718)",0.6007334589958191
"(296, 4354, 1492)",0.6007328033447266
"(128, 1953, 1890, 1446, 363, 1963, 2958)",0.6007323861122131
"(1976, 3414, 106, 2334)",0.600732147693634
"(568, 2052, 4638)",0.6007320284843445
"(1799, 4169, 1386, 1426, 1171, 25, 574)",0.6007317304611206
"(1944, 1825, 4420, 2560)",0.600731611251831
"(2113, 1481, 4545, 1317)",0.6007302403450012
"(1464, 2018, 2998)",0.6007302403450012
"(3238, 2541, 2006)",0.6007295250892639
"(1953, 1801, 1933, 1463, 3519)",0.6007290482521057
"(1954, 1426, 739, 5032)",0.6007285118103027
"(66, 1331, 5414)",0.6007281541824341
"(2496, 2958, 2718, 574)",0.6007279753684998
"(2242, 739, 3211)",0.600727915763855
"(1953, 4481, 285, 1703)",0.6007278561592102
"(3144, 1870, 1359, 1490, 1943)",0.6007277369499207
"(1512, 1828, 2796)",0.6007276773452759
"(1479, 1480, 1461, 4443, 1919)",0.600727379322052
"(1953, 1954, 4481, 1703, 1707, 1469)",0.6007272601127625
"(3778, 2427, 1934)",0.6007272601127625
"(560, 1829, 2799)",0.6007266640663147
"(1809, 3149, 1799)",0.6007264852523804
"(1953, 4624, 1944, 25, 574)",0.6007264852523804
"(5258, 1373, 1599)",0.600726306438446
"(1448, 2626, 5387, 1405)",0.6007258892059326
"(272, 2916, 2213)",0.600725531578064
"(1632, 1706, 4510)",0.6007254123687744
"(584, 2473, 1067, 4347)",0.6007251143455505
"(1703, 1800, 1707, 493, 4374)",0.6007246375083923
"(5192, 1934, 2375)",0.6007245779037476
"(1953, 4103, 1386, 1837, 1786, 251)",0.600724458694458
"(1090, 1764, 4551)",0.6007243394851685
"(1512, 1953, 2057, 3937)",0.6007242798805237
"(1953, 4103, 1386, 1836, 1786, 251)",0.6007238626480103
"(1475, 5500, 1991)",0.6007235646247864
"(1305, 4462, 1318)",0.600723385810852
"(1979, 2869, 1510)",0.6007230877876282
"(2641, 77, 2775)",0.6007222533226013
"(1392, 1410, 1501, 4391)",0.600722074508667
"(233, 1339, 4593)",0.6007218956947327
"(1825, 3183, 1781, 607)",0.6007217168807983
"(4546, 2500, 1382)",0.6007213592529297
"(1944, 2297, 493, 3079)",0.6007213592529297
"(4545, 1827, 1989, 1351)",0.6007211208343506
"(2897, 668, 1390)",0.6007211208343506
"(4329, 2722, 1571)",0.6007201671600342
"(1953, 4681, 1944, 25, 574)",0.6007201671600342
"(2121, 2662, 2817)",0.6007199287414551
"(3042, 1382, 1703, 1800, 1837)",0.6007198095321655
"(1799, 1386, 1171, 4535, 25, 574)",0.6007195711135864
"(159, 1953, 1836, 4029, 1469)",0.6007192134857178
"(3200, 324, 493, 2262)",0.6007192134857178
"(3298, 285, 1382, 1703)",0.6007190346717834
"(1799, 1512, 4169, 1639, 1809)",0.6007184982299805
"(3075, 1382, 1512, 1800, 1844)",0.6007181406021118
"(3017, 1491, 1933)",0.6007180213928223
"(1944, 1825, 2122, 4420)",0.6007178425788879
"(1386, 2109, 1837, 4502)",0.6007176637649536
"(4263, 1331, 1748, 2159)",0.6007176041603088
"(2568, 1827, 4550)",0.6007172465324402
"(3920, 1505, 686)",0.6007171869277954
"(4648, 2530, 54)",0.6007170081138611
"(1953, 258, 4359, 1801, 1963, 1933, 1463)",0.6007168292999268
"(1976, 2777, 106, 2334)",0.6007160544395447
"(1953, 1954, 1288, 2958, 1469, 2718)",0.6007159948348999
"(1394, 2068, 4886)",0.6007155776023865
"(424, 2102, 3415)",0.6007150411605835
"(2953, 380, 54)",0.600714921951294
"(1512, 89, 1578, 3212)",0.6007145047187805
"(1376, 1043, 5460)",0.600714385509491
"(1800, 3021, 1837, 159)",0.6007142663002014
"(841, 809, 4337)",0.6007139682769775
"(3778, 1979, 2143)",0.6007136702537537
"(2666, 1837, 4103)",0.6007134914398193
"(2968, 857, 284, 567)",0.6007134318351746
"(1960, 3276, 2303)",0.6007130146026611
"(2259, 1621, 3019)",0.6007119417190552
"(1352, 1036, 3200)",0.6007109880447388
"(5444, 668, 1743)",0.6007109880447388
"(2643, 2307, 4533)",0.6007106304168701
"(3218, 1963, 1446)",0.6007104516029358
"(1382, 1799, 4454, 1386, 1809, 251)",0.600710391998291
"(1329, 2546, 3276, 1676)",0.6007096767425537
"(360, 1417, 3085, 694, 1852)",0.6007091403007507
"(1464, 3593, 1942)",0.600709080696106
"(128, 1446, 1801, 2738, 4178, 1463)",0.6007078289985657
"(1490, 1438, 2975)",0.6007075905799866
"(1979, 3679, 1903)",0.6007071733474731
"(2274, 3347, 1358)",0.6007068753242493
"(1490, 2267, 1478, 3659)",0.6007063984870911
"(604, 2437, 3231)",0.6007061004638672
"(4561, 251, 253, 574)",0.6007053852081299
"(1592, 2257, 3085)",0.6007053256034851
"(3778, 1402, 1495)",0.6007053256034851
"(314, 907, 3092)",0.6007049083709717
"(2560, 1963, 1933, 2738, 4722, 660)",0.6007046699523926
"(4337, 1484, 765)",0.6007042527198792
"(3116, 1388, 2094)",0.6007041931152344
"(2050, 2942, 1982)",0.6007037162780762
"(2968, 25, 503)",0.6007036566734314
"(1825, 2122, 533, 4383)",0.6007036566734314
"(1512, 3212, 2486, 631, 89)",0.6007034182548523
"(2593, 4891, 1310)",0.6007034182548523
"(1409, 4447, 1471, 1578, 1996, 2351, 1855)",0.6007033586502075
"(2073, 1978, 4354)",0.6007022261619568
"(1512, 2057, 2266, 3212)",0.6007017493247986
"(128, 1953, 258, 3169, 1963, 1933)",0.6007017493247986
"(1512, 2057, 660, 3937)",0.6007013916969299
"(1800, 1953, 3185, 1703)",0.6007013320922852
"(2808, 1953, 1974, 519)",0.6007012724876404
"(89, 660, 281, 3212)",0.6007011532783508
"(3422, 1979, 1502, 830)",0.6007007360458374
"(1512, 3742, 2302)",0.6007003784179688
"(1825, 2122, 2473, 3169)",0.6007000207901001
"(4593, 1499, 1365, 54)",0.6006997227668762
"(25, 3075, 1996, 2351)",0.6006996035575867
"(1754, 1330, 1774, 3054)",0.6006995439529419
"(1976, 220, 4534)",0.6006994247436523
"(2568, 201, 1827, 3293)",0.6006988286972046
"(1953, 1288, 2057, 2958, 2718)",0.6006986498832703
"(1409, 178, 3198)",0.6006980538368225
"(2079, 5357, 1943)",0.6006976962089539
"(1744, 2296, 4420)",0.60069739818573
"(5262, 1398, 1359)",0.6006965041160583
"(128, 1953, 258, 1801, 4413, 2559)",0.600696325302124
"(4899, 1676, 1375)",0.600695788860321
"(128, 1953, 1963, 2738, 1974, 3002)",0.6006949543952942
"(4768, 1980, 1740)",0.6006940007209778
"(1970, 2150, 3487)",0.6006938815116882
"(3541, 1529, 2541)",0.6006938219070435
"(4273, 1390, 1382, 2071)",0.6006935238838196
"(1446, 1703, 2958, 1390, 1974)",0.6006931662559509
"(1284, 2942, 207)",0.6006931066513062
"(1288, 2019, 1294, 4407)",0.6006929278373718
"(401, 3275, 1925)",0.6006927490234375
"(1512, 2057, 3212, 493, 89)",0.6006924510002136
"(1184, 2643, 4595)",0.6006923913955688
"(2889, 235, 276)",0.6006918549537659
"(1288, 3043, 1837)",0.600691556930542
"(1394, 2299, 4101, 2598)",0.6006914377212524
"(3297, 739, 2004)",0.6006912589073181
"(1665, 1341, 4599)",0.6006909012794495
"(1962, 1436, 3629)",0.6006909012794495
"(1386, 4348, 413)",0.6006907820701599
"(1426, 1571, 309, 3839)",0.600690484046936
"(1512, 1305, 2891, 1294)",0.600690484046936
"(1465, 3883, 1383)",0.6006899476051331
"(1800, 1954, 739, 3298)",0.600689709186554
"(3144, 2541, 830)",0.6006894111633301
"(739, 1932, 3900)",0.6006894111633301
"(2217, 2444, 2994, 1597, 1919)",0.6006892919540405
"(1954, 1426, 739, 4024)",0.6006890535354614
"(2425, 2916, 239)",0.6006887555122375
"(1953, 1288, 1294, 1469, 3903)",0.6006886959075928
"(1827, 1949, 5091)",0.6006884574890137
"(1953, 4642, 1801, 1963, 1933, 2738)",0.6006883978843689
"(3200, 772, 1588)",0.6006882786750793
"(1153, 3019, 117)",0.6006878018379211
"(424, 3414, 2102)",0.6006873250007629
"(1535, 2828, 1463)",0.6006869077682495
"(2881, 1433, 2341)",0.6006867289543152
"(1842, 4038, 2143)",0.6006863713264465
"(4619, 253, 1383)",0.6006856560707092
"(1953, 1763, 2668, 4029, 1469)",0.6006854176521301
"(4480, 2057, 493)",0.6006853580474854
"(1433, 2066, 2083, 3262)",0.6006850600242615
"(4486, 44, 1574)",0.6006849408149719
"(1953, 1954, 1288, 1786, 2718, 3903)",0.6006843447685242
"(2881, 1003, 1829, 2243)",0.6006840467453003
"(800, 676, 4910)",0.6006827354431152
"(321, 1939, 4545, 2593)",0.6006821393966675
"(2113, 1444, 2942)",0.6006813049316406
"(3200, 1505, 686)",0.600680947303772
"(1329, 4933, 54, 2143)",0.6006807088851929
"(4123, 2083, 1444, 1351)",0.6006803512573242
"(1190, 747, 1841, 690, 3135)",0.6006797552108765
"(2771, 1404, 3755, 1759)",0.6006795763969421
"(178, 475, 4330)",0.6006795763969421
"(1284, 3270, 1828)",0.600679337978363
"(1380, 3766, 1607)",0.6006782650947571
"(2086, 3977, 1390)",0.6006782054901123
"(1109, 253, 4103)",0.6006782054901123
"(2000, 1515, 5117)",0.6006768941879272
"(1512, 2279, 3212, 575)",0.6006765365600586
"(3198, 1469, 526, 159)",0.6006764769554138
"(1512, 89, 4497, 567)",0.6006761193275452
"(1777, 3610, 1829, 69)",0.6006757616996765
"(4169, 2290, 332)",0.600675642490387
"(1953, 1578, 2358, 3471)",0.6006741523742676
"(1601, 1390, 2807)",0.6006739139556885
"(3224, 2084, 1854)",0.6006737947463989
"(2541, 54, 3487)",0.6006736159324646
"(3249, 1481, 1939)",0.6006736159324646
"(154, 13, 4462)",0.600672721862793
"(1953, 1954, 1703, 1288, 4843, 2487, 1469)",0.6006725430488586
"(1512, 685, 5008, 687)",0.600671648979187
"(2278, 2938, 1390)",0.6006715893745422
"(2921, 1390, 303)",0.6006712317466736
"(1529, 1579, 3647)",0.6006712317466736
"(2881, 2714, 1310)",0.6006711721420288
"(1953, 1578, 4822, 2358)",0.6006705164909363
"(1953, 2086, 5032, 1809, 567)",0.6006700396537781
"(4512, 25, 2297, 1799)",0.6006699204444885
"(1512, 89, 4900, 2486)",0.6006696224212646
"(2080, 2706, 2775)",0.6006694436073303
"(1703, 1800, 1707, 493, 4370)",0.600668728351593
"(1960, 3044, 54)",0.6006686687469482
"(385, 3042, 462)",0.6006686687469482
"(4352, 1382, 1799, 1944, 2297, 1469)",0.6006685495376587
"(2058, 3980, 1373)",0.60066819190979
"(3200, 1577, 1999)",0.6006680727005005
"(3192, 1837, 493)",0.6006672978401184
"(1953, 1386, 1836, 1999, 1786, 4029)",0.6006670594215393
"(2050, 1284, 207, 1298, 3293)",0.6006668210029602
"(2083, 1444, 3019)",0.6006667017936707
"(128, 4593, 660)",0.6006657481193542
"(2010, 1970, 5406)",0.6006648540496826
"(128, 1953, 4417, 1463, 2718)",0.6006646156311035
"(1953, 285, 2958, 1703)",0.600664496421814
"(1611, 2140, 4029, 1855)",0.6006641983985901
"(1963, 4518, 1933, 1446)",0.6006640195846558
"(2568, 2689, 4605)",0.6006640195846558
"(1464, 3593, 2461)",0.6006639003753662
"(1827, 2260, 3019)",0.6006636619567871
"(3200, 2700, 1382)",0.6006636619567871
"(2315, 179, 2975)",0.600663423538208
"(1433, 3302, 1444, 190)",0.6006633639335632
"(3072, 1380, 1534)",0.6006633043289185
"(3682, 2332, 1335)",0.6006626486778259
"(1953, 1954, 3298, 1382, 1703)",0.6006618142127991
"(1481, 2890, 2271)",0.6006611585617065
"(1003, 1829, 2243, 3231)",0.6006607413291931
"(1480, 4625, 1994, 791)",0.6006601452827454
"(240, 3290, 1427)",0.6006598472595215
"(2473, 2298, 1612, 4330)",0.6006597876548767
"(128, 1953, 4417, 281, 2718)",0.6006594300270081
"(4840, 1490, 2267, 1478)",0.6006590723991394
"(4029, 574, 2351)",0.6006585955619812
"(25, 3746, 574, 1815)",0.6006583571434021
"(4977, 459, 1411)",0.6006578207015991
"(2586, 2443, 4426)",0.6006571054458618
"(2601, 3682, 1829)",0.6006566286087036
"(892, 1333, 1478, 2775)",0.6006566286087036
"(1466, 1457, 1298, 3226)",0.6006564497947693
"(2683, 5397, 2534)",0.6006554961204529
"(1968, 2452, 3750)",0.6006553769111633
"(1512, 2643, 4886)",0.6006551384925842
"(2796, 240, 2389, 1718, 1751)",0.6006547808647156
"(1512, 1426, 1954, 2956)",0.6006541848182678
"(4420, 1469, 607)",0.6006538271903992
"(1288, 2890, 1390, 2655)",0.600653350353241
"(4324, 1805, 1991)",0.600653350353241
"(128, 1446, 1963, 1933, 1390, 2958, 1974)",0.6006524562835693
"(1676, 342, 2895)",0.6006523370742798
"(1801, 4383, 1825, 1703)",0.6006518602371216
"(2297, 3788, 1382, 1463)",0.6006516814231873
"(1120, 3144, 1545, 1870, 1396)",0.6006513237953186
"(1976, 1372, 4550)",0.600651204586029
"(1942, 2998, 1430)",0.6006509065628052
"(2958, 291, 2718)",0.6006508469581604
"(2592, 2971, 1932)",0.6006498336791992
"(4708, 1685, 2102)",0.6006495356559753
"(1754, 701, 5533)",0.6006494164466858
"(2968, 1426, 1571, 309)",0.6006492376327515
"(1953, 1890, 1954, 1800, 3471)",0.6006491184234619
"(3415, 1036, 502, 175)",0.6006487607955933
"(128, 1446, 1801, 2956, 2738, 1463)",0.6006487011909485
"(2617, 117, 3599)",0.600648045539856
"(2546, 581, 4870)",0.6006479859352112
"(1809, 251, 3265, 1799)",0.6006478071212769
"(1512, 2475, 2140, 4347)",0.6006478071212769
"(52, 54, 2775)",0.6006476283073425
"(1953, 1954, 3298, 1382, 1800)",0.6006467342376709
"(2546, 2541, 4886)",0.6006465554237366
"(2981, 1470, 1495)",0.6006461977958679
"(385, 386, 3203, 2262)",0.6006453633308411
"(89, 1953, 2958, 519)",0.6006453037261963
"(4354, 1515, 1358)",0.600644588470459
"(1512, 4154, 1743)",0.6006441116333008
"(3296, 66, 2299)",0.600644052028656
"(584, 1705, 1512, 3212)",0.6006438732147217
"(1512, 2297, 4670, 1639)",0.6006436347961426
"(1355, 2356, 3551)",0.6006433367729187
"(2297, 2475, 3892)",0.6006433367729187
"(2057, 83, 4351)",0.6006429195404053
"(1800, 2297, 3200, 1141)",0.6006429195404053
"(2577, 3106, 1573)",0.6006426811218262
"(1400, 4418, 163)",0.6006425023078918
"(1411, 2014, 3063)",0.6006424427032471
"(2298, 4294, 575)",0.6006424427032471
"(2916, 540, 2374)",0.6006421446800232
"(3019, 1499, 1365, 54)",0.6006419658660889
"(2985, 2710, 31)",0.6006415486335754
"(1740, 3054, 1415)",0.6006411910057068
"(2080, 1781, 4414)",0.6006410121917725
"(4432, 1413, 1063)",0.6006407141685486
"(2369, 1902, 2994, 1461, 1502, 1919)",0.6006404161453247
"(3778, 2324, 2335, 671)",0.6006401777267456
"(3200, 593, 1315)",0.6006394624710083
"(1968, 3144, 1893, 1829)",0.6006394028663635
"(2601, 3682, 2243)",0.6006390452384949
"(3481, 819, 1701)",0.6006383895874023
"(3471, 163, 1703)",0.6006379127502441
"(2672, 1692, 3991)",0.6006377935409546
"(66, 2570, 5308, 2389)",0.600637674331665
"(3074, 2243, 190)",0.6006360650062561
"(1283, 2973, 1743)",0.6006348729133606
"(1537, 2980, 1446)",0.6006345748901367
"(2313, 3014, 1350)",0.6006344556808472
"(2530, 2283, 3085, 54)",0.6006340980529785
"(739, 4700, 493)",0.6006339192390442
"(1953, 2958, 1463)",0.6006336808204651
"(1236, 660, 3471)",0.6006326675415039
"(4554, 132, 1276)",0.60063236951828
"(4778, 1836, 1974)",0.6006322503089905
"(4368, 161, 2143)",0.600631594657898
"(1953, 1954, 2275, 1288, 2956, 1615, 1469, 2718)",0.6006312966346741
"(1426, 475, 4402)",0.6006309986114502
"(690, 1035, 4654)",0.6006309986114502
"(3224, 1802, 1327)",0.6006308197975159
"(3200, 1953, 1954, 1288, 1469, 2718)",0.600630521774292
"(1512, 3248, 2718)",0.6006302237510681
"(1481, 2775, 1387, 1351)",0.600629985332489
"(459, 1326, 5479)",0.6006280779838562
"(1521, 2257, 3085)",0.6006279587745667
"(3200, 500, 2358)",0.6006279587745667
"(1512, 1953, 4351, 2279)",0.6006271839141846
"(2242, 2946, 2086, 567, 1469)",0.6006271243095398
"(1850, 1934, 4575)",0.6006267070770264
"(1512, 89, 2298, 4351)",0.600626528263092
"(2204, 132, 4910, 1364)",0.6006264090538025
"(2440, 2443, 254, 3191)",0.6006252765655518
"(1144, 3054, 511)",0.6006252765655518
"(4324, 1799, 1386, 1171, 25, 574)",0.6006250977516174
"(3072, 1465, 493)",0.6006247997283936
"(1953, 1512, 2057, 3212, 159)",0.600624680519104
"(1953, 1786, 4796)",0.6006245613098145
"(3212, 429, 1469)",0.6006245017051697
"(290, 291, 3212)",0.6006242036819458
"(1953, 258, 1801, 4362, 1963, 1933, 1463)",0.600623607635498
"(1801, 4394, 331)",0.600622832775116
"(4420, 445, 2358)",0.6006226539611816
"(1703, 1800, 4362, 1707, 493)",0.6006217002868652
"(128, 1953, 1890, 4572)",0.6006205677986145
"(2473, 1781, 3169)",0.6006202101707458
"(251, 4029, 1606, 2351)",0.6006202101707458
"(2064, 3778, 1283)",0.6006195545196533
"(2890, 2756, 2703)",0.6006190776824951
"(4648, 2530, 371)",0.6006187796592712
"(3200, 1377, 662, 2057)",0.6006186604499817
"(424, 2827, 2413)",0.600618302822113
"(2341, 3374, 1463)",0.6006180047988892
"(128, 1953, 2473, 3169)",0.6006177067756653
"(1392, 1411, 4544)",0.6006176471710205
"(3118, 2121, 2246)",0.6006161570549011
"(1512, 1838, 4347, 1390)",0.6006160974502563
"(4545, 1506, 2598, 2125, 2619)",0.6006160378456116
"(4546, 1382, 1703, 1800, 1426, 2071)",0.6006156206130981
"(2775, 1326, 1983)",0.6006145477294922
"(1386, 1645, 3815)",0.6006140112876892
"(4401, 1954, 1382, 2127)",0.6006137132644653
"(5008, 2068, 15)",0.600613534450531
"(5360, 2738, 1974, 1446)",0.6006128191947937
"(2091, 3415, 2095)",0.6006125807762146
"(1953, 258, 1801, 1963, 1933, 1463, 4350)",0.6006112098693848
"(3746, 1953, 498)",0.6006110906600952
"(1529, 1501, 3937)",0.6006098985671997
"(5099, 1356, 1298, 2196, 2356, 1466)",0.6006082892417908
"(1490, 2635, 2354, 3085)",0.6006079316139221
"(793, 5403, 1510)",0.6006070971488953
"(2777, 1373, 2102, 1967)",0.6006065607070923
"(2267, 2397, 5486)",0.6006054282188416
"(2563, 3397, 429)",0.6006052494049072
"(1953, 258, 4360, 1801, 1963, 1933, 1463)",0.6006047129631042
"(1800, 1549, 3894)",0.6006044149398804
"(1512, 89, 1953, 2958)",0.6006039977073669
"(1953, 1890, 1954, 3298, 1800)",0.600603461265564
"(2570, 2091, 3053, 173, 2102)",0.6006033420562744
"(2776, 1777, 2219)",0.600602924823761
"(1300, 1078, 2796)",0.6006024479866028
"(2953, 2354, 2410)",0.6006011962890625
"(4988, 541, 1390)",0.6006011366844177
"(1953, 285, 4606, 1703)",0.6006011366844177
"(2279, 584, 2057, 1512, 3212)",0.6006008982658386
"(1800, 1705, 1836, 3076)",0.6006007790565491
"(1953, 1800, 1836, 5036, 1781, 568, 1469)",0.60060054063797
"(2280, 2003, 2902)",0.6006002426147461
"(3232, 2243, 542)",0.6006001234054565
"(2338, 1347, 4746, 1354, 1436)",0.6005994081497192
"(2768, 2529, 3085)",0.6005994081497192
"(10, 44, 3042)",0.6005991697311401
"(770, 4891, 839)",0.6005986928939819
"(1288, 3682, 1335)",0.6005985736846924
"(3921, 1573, 1535)",0.6005982756614685
"(1464, 3014, 1750)",0.6005980372428894
"(25, 3203, 2486, 574)",0.600597620010376
"(4150, 554, 2262)",0.6005972027778625
"(2057, 3212, 2462)",0.6005970239639282
"(128, 1953, 3272, 1963, 1974)",0.6005968451499939
"(370, 1707, 4324)",0.6005967855453491
"(1512, 1426, 1954, 4347)",0.6005967259407043
"(4294, 1801, 1067, 2297, 2559)",0.6005957722663879
"(1456, 249, 4988)",0.6005957126617432
"(128, 1801, 1933, 1390, 1463, 3519)",0.6005948781967163
"(1512, 2220, 4948)",0.6005942821502686
"(113, 1347, 4545, 110)",0.600593626499176
"(128, 1953, 1920, 4329, 1974)",0.6005935668945312
"(2116, 1837, 4103)",0.6005934476852417
"(2529, 1410, 1569, 1476, 2984, 1490, 2706)",0.6005933284759521
"(1409, 4103, 1471, 1996, 2325, 1855)",0.6005932092666626
"(1704, 5552, 1470, 1943)",0.6005926132202148
"(1288, 1552, 2028, 4486)",0.6005911827087402
"(1786, 1195, 3203, 2202)",0.6005910038948059
"(1464, 1346, 2998)",0.6005908250808716
"(1953, 3525, 1974, 519)",0.6005906462669373
"(1953, 3834, 1836, 1786, 251, 1180, 253)",0.6005904674530029
"(3200, 490, 950)",0.6005899906158447
"(176, 3252, 1829, 855)",0.6005899310112
"(2425, 2890, 1390)",0.6005897521972656
"(1994, 1611, 4426)",0.6005893349647522
"(385, 1512, 3212, 567, 89)",0.6005893349647522
"(1353, 2058, 5129)",0.6005891561508179
"(584, 4497, 567)",0.6005889177322388
"(2597, 949, 4126)",0.600588858127594
"(568, 281, 385, 4353)",0.6005887389183044
"(1432, 3313, 2080)",0.6005886197090149
"(1464, 2018, 3014)",0.6005883812904358
"(1676, 885, 2895, 2703)",0.6005883812904358
"(1706, 1939, 2812)",0.6005883812904358
"(1490, 2541, 3682)",0.6005882024765015
"(1809, 2242, 1403, 3839)",0.6005876660346985
"(3712, 2681, 459)",0.6005875468254089
"(1920, 516, 2941, 2472)",0.6005870699882507
"(3200, 291, 2718)",0.6005861759185791
"(2079, 3414, 1943)",0.6005854606628418
"(332, 2446, 3815)",0.600584864616394
"(1313, 482, 2798)",0.6005842685699463
"(1825, 3169, 159)",0.6005838513374329
"(1624, 1498, 1995, 3042)",0.6005836725234985
"(2986, 1490, 794)",0.6005836129188538
"(2472, 2941, 1470)",0.6005834341049194
"(1480, 2506, 4267)",0.6005828380584717
"(4688, 1676, 813, 1686)",0.6005828380584717
"(4432, 2569, 2754)",0.6005823612213135
"(2417, 2890, 2478)",0.6005817651748657
"(1432, 1948, 5390)",0.6005815863609314
"(1418, 1181, 2902)",0.6005814075469971
"(2968, 2242, 503)",0.6005813479423523
"(1953, 5032, 1944, 25, 574)",0.6005811095237732
"(1512, 2057, 4351, 2279)",0.6005811095237732
"(1446, 4330, 1963, 1933, 1390, 1463)",0.6005805134773254
"(2529, 2314, 3535)",0.6005801558494568
"(3512, 1662, 2111)",0.6005799174308777
"(1505, 5505, 686)",0.6005797386169434
"(58, 190, 4886)",0.6005796194076538
"(25, 3815, 574, 1815)",0.600578784942627
"(1953, 1954, 3788, 1294, 1469)",0.6005787253379822
"(1953, 1836, 4403, 1781, 568, 1469)",0.6005785465240479
"(4545, 2234, 1967)",0.6005766987800598
"(2217, 3517, 1902)",0.6005765795707703
"(1837, 2351, 3834, 251, 253)",0.6005752682685852
"(2091, 1667, 2102, 3415)",0.6005749106407166
"(1489, 4322, 2601)",0.6005749106407166
"(3200, 1809, 1426, 251)",0.600574791431427
"(584, 89, 1512, 3212)",0.6005746722221375
"(5412, 557, 2551)",0.6005738973617554
"(1464, 3731, 1942)",0.600573718547821
"(1288, 1963, 4532, 1535)",0.6005735397338867
"(1382, 2506, 1386, 1837, 5299)",0.6005735397338867
"(1809, 1999, 4645, 1799)",0.6005734205245972
"(1394, 2054, 3599)",0.6005727052688599
"(2616, 2458, 3453)",0.6005721688270569
"(240, 2389, 1718, 1751, 2911)",0.6005719304084778
"(3200, 341, 2446)",0.6005718111991882
"(2769, 2346, 2998)",0.6005709171295166
"(1953, 1801, 1933, 1390, 1463, 4351)",0.6005699038505554
"(2297, 4586, 2723, 1382)",0.6005697846412659
"(1953, 2890, 2718)",0.6005693078041077
"(1665, 2083, 3415)",0.6005691289901733
"(2014, 1446, 4919)",0.6005681157112122
"(128, 1953, 1446, 1963, 1463, 3519)",0.6005679368972778
"(1929, 4730, 1756, 1893)",0.6005675196647644
"(1288, 3042, 1837)",0.6005675196647644
"(1512, 1953, 2185, 3939)",0.6005671620368958
"(1968, 3988, 1870)",0.6005662083625793
"(1520, 5133, 54)",0.6005660891532898
"(128, 1953, 2738, 2916)",0.6005653738975525
"(3144, 2530, 2159)",0.6005650758743286
"(128, 2718, 1838, 3439)",0.6005648374557495
"(3200, 251, 533)",0.6005645990371704
"(568, 1817, 3050)",0.6005629301071167
"(1512, 4424, 1469, 1710)",0.6005628108978271
"(388, 3477, 1934)",0.6005625128746033
"(128, 1953, 1890, 1446, 1801, 1390, 4369)",0.6005621552467346
"(3490, 1977, 2074)",0.6005619764328003
"(1305, 1756, 1326, 4599)",0.6005616784095764
"(4494, 1380, 1534)",0.6005609631538391
"(1900, 2995, 1740)",0.6005606055259705
"(482, 2895, 1674)",0.6005603671073914
"(4581, 1707, 341)",0.600560188293457
"(1409, 1471, 1996, 4763, 1855)",0.6005597710609436
"(2300, 1341, 4469)",0.6005595922470093
"(1372, 2062, 2822)",0.6005595326423645
"(1953, 1446, 1963, 493, 1390, 4415)",0.600559413433075
"(1953, 1512, 2185, 567, 4351)",0.6005586981773376
"(676, 2253, 5390)",0.6005575060844421
"(1224, 2956, 2351)",0.6005569100379944
"(1953, 2340, 3766)",0.6005569100379944
"(1953, 1954, 1703, 1288, 4843, 2298, 1469)",0.6005558967590332
"(1040, 2897, 1478)",0.6005556583404541
"(2946, 1801, 1067, 2297, 2559)",0.600554883480072
"(1445, 1991, 1194, 1934, 3349)",0.6005545854568481
"(1390, 2890, 302, 303)",0.6005541682243347
"(3200, 2289, 332, 309)",0.6005539894104004
"(2080, 2775, 1943)",0.6005537509918213
"(1512, 4351, 2008)",0.6005535125732422
"(2217, 2429, 4337)",0.6005535125732422
"(3649, 1034, 637)",0.6005533337593079
"(2105, 3682, 1380, 2397)",0.6005532145500183
"(1953, 1954, 1382, 1703, 3471, 1469)",0.6005527973175049
"(3144, 1754, 701)",0.6005518436431885
"(539, 2356, 2807)",0.6005516052246094
"(2979, 1190, 747, 1841, 690)",0.6005510091781616
"(2768, 2529, 4577)",0.6005507111549377
"(3265, 1799, 1837, 1809, 574)",0.6005505919456482
"(2593, 2483, 4545)",0.6005498170852661
"(2341, 1502, 2799)",0.6005498170852661
"(1512, 4504, 1710)",0.6005494594573975
"(1953, 1512, 523, 3212, 159)",0.600549042224884
"(2307, 4628, 2734)",0.6005489230155945
"(2242, 2178, 3211)",0.600548267364502
"(3649, 2341, 54)",0.6005479097366333
"(4337, 1380, 1518)",0.6005467772483826
"(1480, 691, 4949, 2227)",0.6005463600158691
"(1968, 3001, 1754, 2541)",0.60054612159729
"(2890, 1390, 1566)",0.6005455255508423
"(2683, 1709, 3118)",0.6005454659461975
"(560, 1329, 2546, 2953)",0.6005450487136841
"(1447, 3818, 839)",0.6005449891090393
"(1481, 1444, 1949, 3983)",0.6005446910858154
"(1953, 1801, 1963, 1933, 2738, 4639)",0.6005434393882751
"(1953, 4381, 285, 1703)",0.6005432605743408
"(1962, 1436, 4462)",0.6005429029464722
"(3408, 668, 1390)",0.6005424857139587
"(2568, 4545, 2066, 1827)",0.6005423665046692
"(2554, 1579, 4799)",0.6005414724349976
"(1403, 1588, 3166)",0.6005411148071289
"(1440, 2817, 1962)",0.6005408763885498
"(2986, 1964, 2110)",0.600540816783905
"(2275, 567, 2297, 2718, 3903)",0.6005403995513916
"(3397, 240, 1936, 2389, 1973)",0.6005403399467468
"(3203, 1382, 1799, 1944, 2297, 1469)",0.600540041923523
"(1953, 1954, 1288, 1781, 1469, 2718, 3903)",0.6005399227142334
"(1953, 3271, 1801, 1933, 1390, 1463)",0.6005393266677856
"(1328, 1774, 4534, 54)",0.6005392074584961
"(2405, 2994, 1461, 2332, 1919)",0.6005388498306274
"(1953, 258, 4328, 1801, 1963, 1933, 1463)",0.6005386710166931
"(2064, 1979, 3406, 1447)",0.6005383729934692
"(1809, 251, 3265, 1382)",0.6005382537841797
"(1676, 885, 5046)",0.6005378365516663
"(3558, 187, 2582)",0.6005374789237976
"(2008, 251, 3200, 1606)",0.6005370020866394
"(1968, 1754, 2541, 3063)",0.600536048412323
"(385, 4333, 567)",0.6005356311798096
"(89, 2001, 3525)",0.600534975528717
"(1513, 3378, 511)",0.6005349159240723
"(73, 3106, 1943)",0.6005347371101379
"(4579, 1172, 1325)",0.6005343198776245
"(5498, 1331, 1748, 2159)",0.6005342602729797
"(1968, 1555, 3001, 1754, 1566)",0.6005341410636902
"(132, 3294, 1364)",0.6005339026451111
"(2329, 1350, 2790)",0.6005322337150574
"(3019, 1341, 54)",0.6005317568778992
"(1953, 1954, 1382, 1800, 3471)",0.6005316376686096
"(1953, 4582, 1836, 1781, 568, 1469)",0.600531280040741
"(2464, 4856, 1470, 1879)",0.6005309820175171
"(1552, 3042, 84, 1535)",0.6005306243896484
"(576, 3200, 493, 1071)",0.6005305051803589
"(1228, 1837, 4103)",0.6005300283432007
"(3656, 1305, 1723)",0.6005299091339111
"(2425, 539, 3085)",0.6005288362503052
"(690, 4429, 798)",0.6005288362503052
"(296, 1777, 1492, 4708)",0.6005287170410156
"(2117, 1829, 1830, 1993, 3252, 2303)",0.600528359413147
"(424, 2413, 2790)",0.6005281805992126
"(1469, 326, 4886)",0.6005280613899231
"(3043, 44, 1574)",0.6005277633666992
"(5245, 2302, 1535)",0.6005275845527649
"(1777, 2058, 1732, 3262)",0.6005275845527649
"(3144, 1692, 2703)",0.6005275845527649
"(3021, 1109, 253)",0.6005275249481201
"(1498, 2315, 2975)",0.6005274057388306
"(1993, 237, 3414)",0.6005266904830933
"(1897, 4002, 790)",0.6005266308784485
"(4354, 2067, 2165, 1373)",0.6005262136459351
"(4593, 1315, 1277)",0.6005251407623291
"(1953, 1446, 1801, 1963, 1933, 1390, 4400, 1974)",0.6005250215530396
"(128, 1446, 1801, 2057, 1974, 4351)",0.6005249619483948
"(128, 1446, 1801, 1963, 1933, 1390, 4400, 1974)",0.6005247235298157
"(2297, 4418, 1535)",0.6005242466926575
"(3042, 309, 253)",0.6005240678787231
"(1802, 1740, 2868)",0.6005238890647888
"(2121, 2570, 3415)",0.6005223393440247
"(2916, 2278, 616, 2577, 2425)",0.6005223393440247
"(4169, 1386, 332, 1809, 309, 25)",0.6005218625068665
"(1800, 4452, 2262)",0.6005217432975769
"(4514, 1441, 1794)",0.600521445274353
"(3293, 113, 821)",0.6005212068557739
"(1478, 1960, 1641, 3017, 1490, 2451)",0.6005207896232605
"(1953, 1786, 4331, 1837)",0.6005185842514038
"(1953, 4103, 1836, 567, 253, 251, 1469)",0.6005176901817322
"(128, 1920, 1446, 1801, 1963, 1390, 4399)",0.6005172729492188
"(3042, 44, 1574)",0.6005170345306396
"(2672, 4123, 1718)",0.6005164980888367
"(1953, 4351, 285, 1703)",0.6005160212516785
"(3144, 161, 2143)",0.6005159616470337
"(1611, 2116, 4103)",0.6005158424377441
"(4521, 2738, 2559)",0.6005157828330994
"(568, 739, 2028, 3900)",0.6005156636238098
"(1433, 2066, 2083, 3293)",0.6005153059959412
"(3095, 1292, 1718, 1287)",0.6005151271820068
"(4890, 739, 398)",0.6005149483680725
"(308, 3341, 1390)",0.6005144715309143
"(3200, 1236, 2655)",0.6005143523216248
"(1774, 1754, 3085, 54)",0.60051429271698
"(1464, 1348, 2998)",0.6005141735076904
"(128, 1446, 1390, 2958, 660, 1974)",0.6005139946937561
"(1490, 1410, 3988, 1470)",0.6005136966705322
"(290, 291, 4460)",0.6005136370658875
"(1499, 5028, 54)",0.6005132794380188
"(4410, 1996, 1071)",0.6005129218101501
"(2921, 308, 1390)",0.6005129218101501
"(128, 1920, 1446, 1801, 1963, 1390, 3519)",0.6005128026008606
"(128, 2738, 660, 4831)",0.6005112528800964
"(1697, 3250, 1740)",0.6005111932754517
"(1686, 2693, 1326, 5463)",0.6005110144615173
"(4545, 557, 2551)",0.600510835647583
"(3815, 2446, 575)",0.6005105972290039
"(1942, 3014, 1430)",0.6005104780197144
"(1498, 3042, 1662)",0.6005104780197144
"(1418, 5117, 1358)",0.60051029920578
"(1960, 1641, 3762)",0.60051029920578
"(1512, 2297, 4324, 1639)",0.600509524345398
"(2570, 1676, 3415)",0.600509524345398
"(2890, 2277, 302)",0.6005091071128845
"(3058, 2541, 2006)",0.6005090475082397
"(2080, 4354, 2083)",0.6005090475082397
"(25, 4353, 1836, 1838)",0.6005089282989502
"(2297, 4843, 1382, 1463)",0.6005089282989502
"(739, 3900, 2277)",0.6005089282989502
"(128, 1446, 1390, 4400, 660, 1974)",0.6005085110664368
"(1410, 2541, 1968, 1333, 3063, 1339)",0.6005083918571472
"(1476, 70, 74, 1968, 3057)",0.6005079746246338
"(4768, 1980, 1437)",0.6005078554153442
"(2630, 4965, 1382, 1703)",0.6005073189735413
"(2473, 2298, 1835, 3169)",0.6005065441131592
"(568, 3525, 493)",0.6005061268806458
"(1384, 1294, 4816)",0.6005060076713562
"(1825, 285, 2958, 1703)",0.6005054116249084
"(5524, 1372, 1439)",0.6005053520202637
"(1382, 1800, 592, 4785, 2297)",0.6005052328109741
"(4554, 251, 2718)",0.6005043983459473
"(568, 1835, 3200, 1799)",0.6005042791366577
"(3913, 1778, 885)",0.6005038022994995
"(3200, 1382, 534, 2297, 1758)",0.6005030274391174
"(2102, 1990, 3415)",0.6005011796951294
"(1202, 3076, 1383)",0.6005010604858398
"(3144, 1329, 1755)",0.6005010604858398
"(568, 493, 4029)",0.6005010008811951
"(1763, 573, 4331)",0.6005008816719055
"(3552, 1442, 2217, 1597, 1919)",0.6005003452301025
"(4768, 1315, 54)",0.6004999279975891
"(1574, 2297, 4785, 1382)",0.6004993915557861
"(2338, 2534, 1351, 2220, 4469)",0.6004992127418518
"(2440, 5002, 2431)",0.600498616695404
"(1418, 3347, 2062)",0.6004984378814697
"(2626, 3682, 1448, 2026, 1518, 1489)",0.600498378276825
"(3656, 2331, 2541)",0.6004973649978638
"(568, 648, 2926)",0.6004971861839294
"(1529, 2941, 2375)",0.6004968285560608
"(1676, 885, 2775)",0.6004967093467712
"(1576, 1836, 3021)",0.6004966497421265
"(1036, 2308, 2775)",0.6004964113235474
"(128, 1953, 1801, 3519, 660, 2298, 159)",0.6004961133003235
"(3010, 1478, 2143)",0.6004958748817444
"(4681, 739, 2475, 2358)",0.6004956364631653
"(1313, 482, 2911)",0.6004945635795593
"(713, 3685, 1326)",0.6004940867424011
"(128, 1953, 2958, 2738, 2718)",0.6004939675331116
"(4518, 2765, 2710)",0.6004930734634399
"(2565, 1453, 5366)",0.6004928946495056
"(73, 3085, 2727)",0.6004921197891235
"(128, 2560, 1801, 2738, 4662)",0.6004921197891235
"(1577, 1380, 2959)",0.6004916429519653
"(1409, 341, 4103)",0.6004907488822937
"(584, 3200, 567)",0.6004907488822937
"(1512, 2297, 4638, 1639)",0.600489616394043
"(568, 3076, 493)",0.6004894375801086
"(1665, 3347, 2598)",0.6004889011383057
"(1953, 258, 1801, 1963, 1933, 4370, 1463)",0.6004889011383057
"(2066, 58, 1827, 3293)",0.6004887819290161
"(1712, 1490, 1491, 4886)",0.6004884243011475
"(539, 2916, 2259)",0.6004879474639893
"(1953, 1801, 1933, 1390, 3213, 1463)",0.6004878282546997
"(1328, 1774, 3085, 54)",0.6004876494407654
"(713, 1929, 3866)",0.6004871726036072
"(2408, 2413, 2790)",0.600486159324646
"(1953, 1801, 1933, 1390, 1463, 4378)",0.6004860997200012
"(1953, 3172, 1801, 1933, 1390, 1463)",0.6004859805107117
"(1544, 5259, 1736)",0.6004858016967773
"(169, 2777, 1439)",0.6004852056503296
"(3552, 1902, 1597, 1502, 1919)",0.60048508644104
"(2995, 1139, 2060, 1685)",0.6004850268363953
"(1703, 1800, 3471, 660, 1465)",0.6004848480224609
"(2321, 2091, 3053)",0.6004841327667236
"(2441, 4394, 1573, 629)",0.600483775138855
"(1409, 1471, 1578, 1996, 2351, 4404, 1855)",0.6004836559295654
"(1394, 117, 3599)",0.6004831790924072
"(4123, 1989, 1351)",0.6004820466041565
"(1674, 3262, 1326)",0.6004820466041565
"(1888, 2389, 2798)",0.6004818081855774
"(4417, 1803, 2148)",0.6004815101623535
"(1674, 2050, 5402)",0.6004815101623535
"(521, 3347, 1900)",0.6004813313484192
"(1426, 475, 4410)",0.6004811525344849
"(1953, 4103, 1386, 1837, 25, 1786, 251)",0.6004811525344849
"(1953, 1606, 4103, 1836, 251, 1469)",0.6004809141159058
"(2080, 1953, 4386)",0.6004806756973267
"(2256, 2389, 2911)",0.6004806756973267
"(1939, 4886, 1447)",0.6004804968833923
"(4312, 251, 1836, 1999)",0.6004797220230103
"(1825, 1954, 1512, 1390, 4792)",0.6004791855812073
"(1897, 3475, 2239)",0.600479006767273
"(1493, 5474, 1445, 1934)",0.6004787087440491
"(1740, 1149, 3599)",0.6004778146743774
"(360, 361, 3276, 1774, 2521)",0.6004771590232849
"(1447, 4966, 1351)",0.600476861000061
"(1305, 1326, 2911)",0.600476861000061
"(2008, 4495, 1383)",0.6004765629768372
"(1825, 4871, 446, 2559)",0.6004763841629028
"(1744, 2001, 3200, 1944)",0.6004763841629028
"(4256, 267, 663)",0.6004762053489685
"(592, 646, 2895)",0.6004759669303894
"(2360, 1485, 5399)",0.6004754900932312
"(1979, 1502, 830, 2799)",0.6004740595817566
"(1954, 3203, 1382, 1703, 1800, 1426, 1469)",0.600473940372467
"(978, 3042, 1574)",0.6004736423492432
"(1568, 1402, 3200)",0.6004731059074402
"(665, 686, 4415)",0.6004725098609924
"(3042, 2116, 1375)",0.6004723310470581
"(2053, 2121, 2094, 2062, 3118, 1492, 1372)",0.6004722118377686
"(5242, 2302, 1535)",0.6004713773727417
"(1512, 2473, 4229, 1703)",0.600470781326294
"(1800, 2080, 1836, 3076)",0.6004700064659119
"(4459, 1317, 1319)",0.600469172000885
"(1328, 1371, 5475)",0.600469172000885
"(4354, 1372, 1358)",0.6004688143730164
"(3075, 1650, 2603, 1836)",0.6004683971405029
"(1704, 1569, 4577)",0.6004675030708313
"(1960, 459, 5463)",0.6004664301872253
"(2735, 3538, 1326, 2143)",0.6004658937454224
"(1313, 1676, 2895)",0.6004658937454224
"(1827, 2541, 3014, 1351)",0.600465714931488
"(2369, 2044, 1461, 5182)",0.6004655957221985
"(576, 2290, 499, 3200)",0.6004651784896851
"(4554, 850, 1799)",0.6004645228385925
"(2330, 3642, 1310)",0.6004642248153687
"(1528, 1827, 3019)",0.6004639863967896
"(2080, 3076, 1837)",0.6004638075828552
"(1825, 1703, 3787, 660, 285)",0.6004632711410522
"(1305, 1706, 5258)",0.6004626750946045
"(2080, 1705, 3298, 739)",0.6004623770713806
"(386, 3203, 2178, 575)",0.6004623174667358
"(3200, 1386, 692, 1799)",0.6004620790481567
"(1953, 1836, 1781, 4406, 568, 1469)",0.6004617810249329
"(1809, 4418, 1535)",0.600461483001709
"(1496, 2953, 1960)",0.6004613041877747
"(128, 1953, 4417, 1835, 2718, 159)",0.6004608869552612
"(1953, 4691, 1974, 519)",0.6004608273506165
"(2504, 2330, 2998)",0.6004602909088135
"(1953, 1954, 1382, 1703, 1800, 3471)",0.6004600524902344
"(1515, 2903, 1967)",0.6004592776298523
"(3042, 1574, 1288, 46, 1552)",0.600459098815918
"(264, 2083, 2798)",0.600459098815918
"(2560, 159, 258, 1801, 3519)",0.6004588007926941
"(4544, 2765, 2710)",0.6004586815834045
"(3085, 2300, 1341)",0.6004586815834045
"(304, 1433, 2921)",0.6004583835601807
"(5184, 2473, 2298)",0.6004583239555359
"(1673, 1709, 4038, 1439)",0.6004580855369568
"(2672, 741, 2911)",0.6004573106765747
"(2625, 2890, 1390, 2655)",0.6004568338394165
"(4323, 1077, 2143)",0.6004566550254822
"(1392, 4080, 1294)",0.6004565358161926
"(1344, 2896, 1399)",0.6004564166069031
"(1471, 1996, 2351, 3834, 253, 1855)",0.6004560589790344
"(3010, 1990, 2582)",0.6004557609558105
"(3042, 2541, 1382)",0.6004552841186523
"(3882, 1380, 1534)",0.6004548072814941
"(1426, 475, 4404)",0.6004545092582703
"(1305, 1723, 4870)",0.6004544496536255
"(1939, 3716, 1494)",0.6004542708396912
"(2346, 3092, 1294)",0.6004533767700195
"(128, 1890, 4135)",0.6004533171653748
"(1509, 1869, 1396, 2775, 1788)",0.60045325756073
"(2916, 1390, 303)",0.60045325756073
"(4554, 1098, 332)",0.6004529595375061
"(360, 361, 2953, 1774, 2521)",0.6004528999328613
"(2994, 1313, 482)",0.6004526615142822
"(2066, 58, 1827, 3262)",0.6004523634910583
"(73, 3378, 1943)",0.6004521250724792
"(4688, 1539, 1446)",0.6004515290260315
"(1953, 1963, 3615)",0.6004509925842285
"(2577, 1490, 2890)",0.6004506349563599
"(2705, 2995, 1740)",0.6004505157470703
"(1512, 1481, 5156, 1351)",0.6004500985145569
"(1697, 1740, 2705, 4886, 440)",0.6004489660263062
"(3309, 1972, 1325)",0.6004483103752136
"(1848, 401, 2911)",0.6004480123519897
"(1577, 251, 4029)",0.6004478335380554
"(4520, 2738, 2559)",0.6004472374916077
"(1953, 3075, 2340)",0.6004471182823181
"(668, 5445, 1743)",0.6004471182823181
"(4197, 1707, 2160, 2486, 1469)",0.6004466414451599
"(1315, 1469, 3190)",0.6004458665847778
"(1665, 1978, 3019, 2598)",0.6004458665847778
"(89, 291, 3519)",0.6004458665847778
"(3552, 1442, 2405, 2444, 1902)",0.6004458665847778
"(1703, 1800, 2473, 3068, 574)",0.6004454493522644
"(1953, 519, 2738, 1974, 4413)",0.6004451513290405
"(1329, 2807, 54, 2143)",0.6004449725151062
"(1703, 1800, 2473, 1707, 2718, 3903)",0.6004449129104614
"(2086, 1382, 4614, 1386, 1390, 2202, 1469)",0.6004447937011719
"(5379, 2541, 1822)",0.6004446744918823
"(1410, 2645, 1470, 2775)",0.6004446744918823
"(1964, 2050, 1284, 3251)",0.6004446744918823
"(3574, 668, 1390)",0.6004441380500793
"(1953, 1801, 1933, 1390, 1463, 3519)",0.6004440188407898
"(2, 132, 3837)",0.600443959236145
"(3608, 633, 303)",0.6004431843757629
"(2808, 1850, 1934)",0.6004429459571838
"(1747, 2895, 1671)",0.60044264793396
"(816, 691, 3516, 998)",0.6004424691200256
"(1709, 2822, 359)",0.6004420518875122
"(2593, 2059, 977, 276, 3224, 1147, 2366)",0.6004418730735779
"(2530, 2582, 2775)",0.6004413962364197
"(1288, 4538, 1467, 1535)",0.6004412174224854
"(4899, 1284, 1296, 1297, 2430)",0.6004412174224854
"(1944, 1802, 3203)",0.6004408001899719
"(688, 3682, 2332)",0.6004406213760376
"(1329, 2546, 1478, 3535)",0.6004398465156555
"(1298, 300, 2911)",0.6004396677017212
"(4538, 1963, 2718)",0.6004393100738525
"(440, 1740, 4725)",0.6004387736320496
"(2890, 1933, 1390, 302, 2264)",0.6004387140274048
"(2297, 2340, 4852)",0.6004374623298645
"(1616, 1426, 3269)",0.6004372835159302
"(2642, 2869, 518)",0.6004372835159302
"(1441, 1794, 2995)",0.6004363298416138
"(1692, 4534, 2639)",0.6004355549812317
"(3200, 129, 1825, 1382, 660, 2297)",0.6004352569580078
"(3374, 459, 1774)",0.600435197353363
"(2427, 196, 1557, 5099)",0.600433886051178
"(2953, 1692, 54)",0.6004337072372437
"(1384, 3553, 1285)",0.6004337072372437
"(3200, 1315, 1837)",0.6004331111907959
"(2946, 2086, 1288, 2297, 1469)",0.6004326939582825
"(1040, 4577, 1478)",0.6004324555397034
"(1288, 1954, 5135, 631)",0.6004324555397034
"(296, 1777, 1328, 3639)",0.6004313826560974
"(1392, 1411, 5045)",0.6004311442375183
"(2473, 2298, 2860, 1781)",0.6004310846328735
"(251, 3021, 2718)",0.6004310250282288
"(2869, 1827, 1949)",0.6004309058189392
"(4417, 1577, 1380)",0.6004307866096497
"(2278, 2890, 1390)",0.6004304885864258
"(1382, 1512, 2057, 2297, 3903)",0.6004304885864258
"(1329, 2546, 1318, 4886)",0.6004301309585571
"(1578, 1996, 4029, 251, 253)",0.6004300117492676
"(2297, 4372, 1382, 1463)",0.6004294157028198
"(1432, 3915, 1292)",0.6004292964935303
"(4554, 1234, 1350)",0.6004289984703064
"(2073, 2138, 4881)",0.6004287600517273
"(1825, 1512, 4329, 1833, 2013)",0.6004286408424377
"(178, 475, 4150)",0.6004283428192139
"(1465, 739, 3900, 1705)",0.6004278063774109
"(2080, 2921, 302, 2655)",0.6004267930984497
"(1763, 2086, 1382, 1390, 4663, 1469)",0.6004266142845154
"(1490, 1330, 2775)",0.6004261374473572
"(552, 3076, 1382)",0.6004256010055542
"(2777, 2079, 1943)",0.6004254817962646
"(1953, 1703, 2958, 660, 285)",0.6004252433776855
"(1161, 5258, 1697, 1740)",0.6004248857498169
"(128, 1801, 2738, 660, 1974, 2968)",0.6004244685173035
"(1481, 2890, 1271)",0.6004242897033691
"(1968, 4577, 2452)",0.6004235148429871
"(816, 691, 998, 3671)",0.600423276424408
"(2938, 562, 302)",0.6004231572151184
"(2672, 305, 5059)",0.6004230976104736
"(1512, 2297, 2946, 2275)",0.6004228591918945
"(1410, 2541, 5030)",0.6004220247268677
"(1512, 2217, 3500)",0.6004215478897095
"(1989, 1949, 3095)",0.6004213690757751
"(2672, 2050, 2911)",0.6004212498664856
"(3378, 1692, 1351)",0.6004211902618408
"(3298, 739, 1350)",0.6004209518432617
"(3471, 1953, 2358, 967)",0.6004209518432617
"(29, 4846, 783)",0.6004208326339722
"(2001, 3042, 1837)",0.6004206538200378
"(4454, 1799, 1776, 1809, 568, 251)",0.6004205942153931
"(1953, 4356, 1801, 1933, 1390, 1463)",0.6004199981689453
"(57, 1822, 3063)",0.6004197597503662
"(3200, 2140, 2462)",0.6004185676574707
"(4545, 1354, 1436, 1378)",0.6004182696342468
"(2881, 1979, 1484, 830)",0.600416898727417
"(3650, 2341, 54)",0.600416362285614
"(3200, 397, 574)",0.6004162430763245
"(2958, 258, 1963, 1974)",0.6004161238670349
"(2269, 2161, 3212, 573)",0.6004161238670349
"(2953, 1754, 701)",0.6004161238670349
"(1288, 4532, 1446, 1535)",0.6004155278205872
"(3195, 2605, 574)",0.6004147529602051
"(2672, 1901, 3262, 1351)",0.6004141569137573
"(3624, 1283, 1743)",0.6004136800765991
"(1385, 1298, 4886)",0.60041344165802
"(5464, 2243, 1422, 182)",0.6004132032394409
"(1953, 4103, 1386, 1837, 1786, 251, 253)",0.600412905216217
"(3656, 1715, 470, 188, 189)",0.6004126071929932
"(1490, 1372, 3118)",0.6004122495651245
"(128, 3169, 1446, 1801, 2738)",0.6004118323326111
"(1968, 1555, 3063, 1754, 1566)",0.6004114747047424
"(1665, 3085, 2598)",0.6004113554954529
"(1964, 2050, 1284, 2775)",0.6004109382629395
"(1190, 747, 3630, 1841, 690)",0.6004102230072021
"(2178, 1707, 4581, 1703)",0.6004101634025574
"(1478, 1960, 3017, 1516, 1490)",0.6004101634025574
"(4950, 291, 2718)",0.6004099249839783
"(1480, 4561, 2506)",0.6004093885421753
"(3019, 2300, 1669)",0.6004087924957275
"(2521, 5411, 900, 54)",0.600408673286438
"(2975, 1995, 2087)",0.6004081964492798
"(1964, 2050, 1284, 2938)",0.6004078388214111
"(584, 2473, 1512, 2962)",0.6004077792167664
"(3085, 2383, 1311)",0.6004076600074768
"(1944, 3203, 2718)",0.6004065871238708
"(2916, 539, 2356)",0.6004064679145813
"(3076, 1382, 1800, 1836, 1837, 1844, 2071, 2298)",0.6004060506820679
"(1481, 58, 2427, 3262)",0.6004058718681335
"(1394, 5003, 884)",0.6004058122634888
"(1410, 1476, 1349, 2775, 2354, 2582, 1943, 1435)",0.6004056930541992
"(3225, 1330, 1774)",0.6004050374031067
"(128, 1801, 2738, 2897)",0.6004049181938171
"(128, 1446, 1703, 1288, 1801, 2958)",0.6004046201705933
"(2448, 949, 3679)",0.6004045009613037
"(2506, 4415, 1991)",0.6004045009613037
"(1512, 2057, 2486, 631, 4351)",0.6004043817520142
"(3169, 1781, 2310)",0.6004033088684082
"(2307, 2340, 2926)",0.6004028916358948
"(1953, 1288, 17, 2969, 1469, 2718)",0.60040283203125
"(4355, 2140, 1446)",0.6004025936126709
"(2114, 371, 3378)",0.6004019379615784
"(128, 1953, 1446, 1801, 1390, 2958, 1974)",0.6004016995429993
"(1288, 89, 3221)",0.6004015803337097
"(592, 341, 2895)",0.6004015207290649
"(1721, 2938, 1814)",0.6004012227058411
"(128, 3977, 2718)",0.6004010438919067
"(4368, 1974, 1446)",0.6004009246826172
"(1953, 3203, 1944, 25, 574)",0.6004008054733276
"(1996, 341, 4103)",0.600400447845459
"(2911, 38, 1294)",0.600400447845459
"(483, 1637, 2958)",0.6004002094268799
"(1953, 1954, 1288, 2519, 89, 1469, 2718, 3903)",0.6004001498222351
"(2297, 1402, 4418)",0.6004001498222351
"(2084, 1854, 3086)",0.6004000902175903
"(25, 4737, 1811)",0.6003991961479187
"(1288, 4538, 1933, 1535)",0.600398600101471
"(1964, 2050, 1284, 3535)",0.6003981232643127
"(3490, 26, 1086)",0.600397527217865
"(1337, 3347, 1492)",0.6003973484039307
"(3271, 1800, 1703, 1707, 493)",0.6003972291946411
"(3200, 338, 1106)",0.6003972291946411
"(1953, 1836, 1781, 568, 4410, 1469)",0.6003972291946411
"(1837, 2351, 251, 253, 4446)",0.6003969311714172
"(1329, 2346, 3047)",0.6003962159156799
"(3200, 1386, 2407, 1799)",0.6003960371017456
"(1512, 2057, 3212, 1838)",0.6003955602645874
"(3408, 341, 1294)",0.6003941893577576
"(4545, 2338, 1975)",0.6003941297531128
"(1953, 1890, 5092, 1703, 1800, 660)",0.6003940105438232
"(1944, 4695, 567)",0.6003925204277039
"(1305, 2570, 3415)",0.6003921627998352
"(1409, 4615, 1471, 1578, 1996, 2351, 1855)",0.6003920435905457
"(1432, 3915, 1939)",0.600390613079071
"(128, 3519, 1890, 1463)",0.6003901362419128
"(826, 2890, 1390)",0.6003899574279785
"(1513, 2865, 511)",0.600389301776886
"(3054, 1968, 1555, 1754, 1566)",0.6003891825675964
"(2476, 1284, 1300, 5126)",0.6003881692886353
"(2008, 3043, 2116)",0.6003877520561218
"(1480, 3682, 1461)",0.6003870368003845
"(1665, 3019, 1788, 54)",0.6003867983818054
"(1968, 1339, 2541, 3256)",0.6003865003585815
"(3200, 739, 2541)",0.6003864407539368
"(2080, 1986, 4244)",0.6003862619400024
"(2217, 2429, 4886)",0.6003862619400024
"(2905, 1418, 1998, 1358)",0.6003862619400024
"(1064, 602, 3055)",0.6003860235214233
"(2298, 4420, 157)",0.6003859639167786
"(1184, 2643, 3991)",0.600385844707489
"(3017, 1490, 2436)",0.6003856658935547
"(2905, 1515, 1967)",0.6003854274749756
"(5259, 1822, 1463)",0.6003853678703308
"(4324, 493, 1999)",0.6003842949867249
"(2297, 4555, 332, 1799)",0.6003838777542114
"(4768, 106, 1437)",0.6003835797309875
"(10, 44, 3042, 2116)",0.6003830432891846
"(2560, 1801, 258, 2958)",0.6003828644752502
"(4447, 251, 1606, 1471)",0.6003828048706055
"(602, 3085, 54)",0.6003824472427368
"(2433, 482, 3162)",0.6003822684288025
"(3231, 1993, 2303)",0.6003817915916443
"(3984, 155, 13)",0.6003814339637756
"(1968, 2406, 3231)",0.6003813147544861
"(2080, 1426, 3076, 1382)",0.6003811955451965
"(4161, 1857, 2050)",0.6003811955451965
"(3440, 459, 1326)",0.6003808975219727
"(2144, 1283, 3095)",0.6003808379173279
"(1432, 3712, 806)",0.600380539894104
"(2641, 2572, 3055)",0.6003801226615906
"(1611, 4103, 1535)",0.6003795862197876
"(2121, 4354, 1740)",0.6003793478012085
"(3406, 1661, 1294)",0.6003790497779846
"(3200, 2001, 2506)",0.6003788709640503
"(1665, 1978, 2598, 2775)",0.6003778576850891
"(385, 1953, 4353, 568, 281)",0.6003773212432861
"(1201, 2546, 3374, 1329)",0.6003773212432861
"(474, 3414, 1863)",0.6003773212432861
"(1442, 2405, 2444, 2994, 1919)",0.6003767251968384
"(1433, 830, 2799)",0.6003767251968384
"(4796, 1836, 2005)",0.6003767251968384
"(4820, 1644, 2102)",0.6003760695457458
"(128, 3169, 258, 1963, 1933, 660)",0.6003758311271667
"(1382, 1386, 1837, 4502, 2109)",0.6003757119178772
"(2086, 3185, 1707, 1382)",0.6003748774528503
"(4800, 2718, 1703)",0.6003747582435608
"(2208, 2210, 3525)",0.6003735065460205
"(5058, 1578, 1996, 251, 253)",0.6003730297088623
"(128, 2738, 660, 4212, 2298)",0.600372850894928
"(3408, 2220, 1463)",0.6003716588020325
"(1979, 1493, 3679)",0.6003714203834534
"(3608, 1433, 830)",0.600370466709137
"(89, 3212, 1529)",0.6003701090812683
"(3778, 1875, 1939, 1445)",0.6003700494766235
"(1953, 258, 1801, 3177, 1963, 1933, 1463)",0.6003684401512146
"(1953, 4103, 1386, 1837, 1786, 159)",0.6003682017326355
"(3193, 1836, 2140)",0.6003679037094116
"(1770, 1588, 3166)",0.6003677845001221
"(1408, 2541, 2006, 3063)",0.6003673076629639
"(1953, 4379, 285, 1703)",0.6003673076629639
"(3019, 2573, 54)",0.6003671884536743
"(2897, 1953, 1963, 1463)",0.6003669500350952
"(1802, 5259, 1645)",0.6003668904304504
"(1512, 5406, 2008)",0.6003666520118713
"(2869, 1390, 303)",0.6003665328025818
"(2064, 1283, 3255)",0.6003662347793579
"(3426, 1799, 1776, 1809, 568, 251)",0.6003658175468445
"(4169, 1386, 332, 1426, 1171)",0.600365400314331
"(2057, 4556, 2262)",0.600365161895752
"(4969, 2506, 1991)",0.6003651022911072
"(4000, 1825, 1703, 1800, 1707, 1390)",0.6003650426864624
"(1953, 4103, 1386, 1836, 1786, 159)",0.6003645062446594
"(697, 1829, 769, 3231)",0.6003641486167908
"(1456, 3778, 2672)",0.600364089012146
"(3753, 1995, 1404)",0.6003637313842773
"(1953, 2340, 4103)",0.6003634333610535
"(2506, 2956, 1991)",0.6003624200820923
"(1424, 1802, 2956)",0.6003620624542236
"(3042, 2541, 1830)",0.6003618836402893
"(4801, 1347, 1939)",0.600361704826355
"(1426, 4348, 573)",0.6003614664077759
"(1825, 4420, 2261)",0.6003608703613281
"(4912, 1283, 1502)",0.600360095500946
"(1954, 1426, 2443, 4024)",0.6003597974777222
"(4922, 2718, 1294)",0.6003595590591431
"(2506, 4483, 1991)",0.600359320640564
"(1578, 4103, 1535)",0.6003591418266296
"(1410, 2541, 1968, 1333, 3257, 1339)",0.6003590226173401
"(2160, 585, 4103, 2015)",0.6003586053848267
"(1954, 1426, 1835, 5032)",0.6003586053848267
"(4775, 309, 567)",0.6003585457801819
"(3050, 2351, 1615)",0.6003574132919312
"(2148, 3772, 1548)",0.6003574132919312
"(2008, 3042, 2116)",0.600357174873352
"(1960, 4582, 1471)",0.60035640001297
"(2080, 1953, 4692)",0.6003562808036804
"(1963, 3925, 1294)",0.6003562808036804
"(1496, 3057, 54)",0.6003562808036804
"(482, 2586, 4103)",0.6003561019897461
"(3922, 1676, 2213)",0.6003559231758118
"(2626, 3682, 1590, 2503)",0.6003556251525879
"(2881, 697, 1829, 769)",0.600355327129364
"(1704, 2187, 2775)",0.6003552675247192
"(1569, 2529, 3017, 2541, 1470)",0.6003551483154297
"(1830, 2881, 1829, 1774)",0.6003551483154297
"(3257, 1658, 1539)",0.6003550887107849
"(1809, 978, 3815)",0.6003544926643372
"(1953, 1954, 1382, 1703, 4326, 2127)",0.6003542542457581
"(3166, 1588, 1950)",0.6003538966178894
"(498, 739, 4341)",0.6003531813621521
"(128, 1953, 3471, 1463)",0.6003528833389282
"(3256, 1521, 2257)",0.6003527045249939
"(1574, 2297, 3192, 1382)",0.6003525257110596
"(721, 3499, 2134)",0.6003522276878357
"(1529, 1994, 2941)",0.6003518104553223
"(2953, 2530, 2582)",0.6003516316413879
"(5008, 2427, 1701)",0.6003503799438477
"(2251, 4532, 151)",0.6003503799438477
"(3200, 251, 1542)",0.6003502011299133
"(3702, 190, 1351)",0.6003502011299133
"(1331, 1748, 4550, 2159)",0.6003497242927551
"(4443, 2332, 1534)",0.6003490090370178
"(2216, 861, 2974)",0.6003490090370178
"(2208, 1628, 2974)",0.6003485321998596
"(2341, 1502, 3231)",0.6003482341766357
"(2960, 1825, 1571, 2559)",0.6003479361534119
"(1512, 1426, 1954, 2946)",0.6003478169441223
"(1953, 1446, 1801, 1963, 1933, 1390, 2958, 1974)",0.6003477573394775
"(4353, 1799, 1512, 1639, 1426)",0.6003474593162537
"(1953, 1801, 1933, 1390, 1463, 4380)",0.6003470420837402
"(2672, 1268, 5414, 1791)",0.6003469228744507
"(4349, 1386, 413)",0.6003463268280029
"(1953, 1954, 3748, 1703, 1707, 1469)",0.6003456115722656
"(128, 1446, 1963, 1933, 1390, 2958, 660, 1974)",0.6003453731536865
"(2369, 3682, 1461)",0.6003453135490417
"(3042, 2116, 1549)",0.600344717502594
"(2279, 584, 2057, 1512, 523, 3212)",0.6003441214561462
"(1513, 4933, 1846, 511)",0.6003441214561462
"(2397, 54, 5079)",0.6003437638282776
"(434, 3946, 2527)",0.6003437042236328
"(1377, 3682, 662, 2057)",0.6003423929214478
"(2968, 739, 2052)",0.6003421545028687
"(3558, 1670, 2159)",0.6003420948982239
"(128, 2560, 1801, 4718, 2738)",0.6003418564796448
"(1924, 516, 2777)",0.6003416776657104
"(1825, 4383, 493, 1703)",0.6003410220146179
"(2881, 1484, 2341)",0.6003404855728149
"(1641, 2546, 3053)",0.6003403663635254
"(4514, 2598, 1967)",0.6003400683403015
"(4342, 1707, 1836, 1382)",0.6003398895263672
"(2191, 3214, 1887)",0.6003397107124329
"(592, 2896, 589)",0.6003395318984985
"(1512, 3371, 2278)",0.6003389954566956
"(89, 3042, 1836)",0.6003386974334717
"(1288, 1552, 2028, 4407)",0.6003378033638
"(1464, 1346, 3014)",0.6003373265266418
"(1665, 4354, 1961)",0.6003370881080627
"(1512, 1953, 2057, 4800)",0.600337028503418
"(4384, 1953, 258, 1801, 1963, 1933, 1463)",0.6003369688987732
"(1825, 4871, 1512, 2740, 2298)",0.6003362536430359
"(1960, 2080, 3200)",0.6003358364105225
"(128, 1446, 1801, 1963, 1933, 1390, 2958, 1974)",0.6003357172012329
"(1953, 1954, 1288, 2969, 2298, 2718)",0.6003356575965881
"(4544, 1412, 1491, 54, 2586)",0.600334882736206
"(1384, 1285, 3760)",0.6003344058990479
"(1409, 4103, 1471, 1578, 2475, 2351, 1855)",0.6003341674804688
"(3200, 1825, 162, 2297)",0.600334107875824
"(2341, 1994, 1484, 560, 3252)",0.6003338694572449
"(4104, 498, 1382, 2071)",0.6003336906433105
"(1800, 4190, 332, 1836)",0.6003334522247314
"(1144, 1722, 4933)",0.6003333330154419
"(1376, 1043, 5059)",0.6003331542015076
"(25, 309, 4631)",0.600333034992218
"(128, 1953, 5160, 1801, 1463, 2718)",0.600332498550415
"(1439, 3328, 1962, 1367)",0.600331723690033
"(2440, 332, 3200)",0.60033118724823
"(1446, 1963, 1933, 1390, 2958, 1463)",0.6003310680389404
"(1329, 2546, 3019, 1478)",0.6003309488296509
"(3408, 2756, 2703)",0.6003303527832031
"(474, 3415, 1863)",0.600330114364624
"(3200, 2522, 1799)",0.600329577922821
"(1400, 1825, 4420)",0.6003290414810181
"(1529, 3606, 2375)",0.6003288626670837
"(1960, 2916, 2213)",0.6003288626670837
"(1305, 2546, 2775, 1329)",0.6003285646438599
"(1995, 1404, 2975)",0.600328266620636
"(4865, 1799, 1512, 1639, 2297)",0.6003280878067017
"(1809, 4029, 39)",0.6003274917602539
"(2890, 2718, 1390, 1463)",0.6003272533416748
"(2626, 3682, 1448, 2026, 2459)",0.6003268957138062
"(1960, 1396, 2541, 2775)",0.6003262996673584
"(1800, 1703, 5002, 567)",0.6003261208534241
"(2080, 1350, 4886)",0.6003260612487793
"(1953, 1836, 4795, 1786, 251, 1180, 253)",0.600325882434845
"(1963, 5325, 1294)",0.6003257036209106
"(2776, 2565, 1453)",0.6003256440162659
"(1288, 1828, 2796)",0.6003249883651733
"(1481, 1444, 1317, 4545)",0.6003246903419495
"(1991, 1589, 3270, 1567)",0.6003245711326599
"(1288, 2718, 3615)",0.6003243923187256
"(1480, 2416, 3421)",0.6003242135047913
"(2137, 4514, 1967)",0.6003236174583435
"(2112, 106, 2219, 2259, 2777)",0.6003231406211853
"(1036, 3109, 502, 175)",0.6003230214118958
"(1960, 1490, 730, 3019)",0.6003223657608032
"(1416, 1740, 3047)",0.6003220081329346
"(3481, 2034, 819)",0.6003216505050659
"(3072, 739, 1932)",0.6003214120864868
"(1380, 4245, 1534)",0.6003214120864868
"(1512, 3500, 2302)",0.6003206968307495
"(3200, 684, 1478)",0.6003201007843018
"(2027, 5429, 2102)",0.6003198623657227
"(1968, 2452, 2541, 3238)",0.6003196835517883
"(2404, 1284, 2796, 1299, 2133, 1466)",0.600319504737854
"(4354, 2621, 2165)",0.6003193259239197
"(2307, 2341, 1502, 2935)",0.6003191471099854
"(4545, 2683, 2534)",0.6003191471099854
"(2427, 2083, 3702)",0.6003190279006958
"(689, 1315, 406, 4870)",0.6003190279006958
"(1499, 2916, 125)",0.6003188490867615
"(1446, 1703, 1963, 1933, 1390, 4400, 1974)",0.6003186106681824
"(592, 2896, 646)",0.6003183722496033
"(1953, 1954, 1288, 3903, 1469, 2718, 575)",0.6003183126449585
"(1512, 89, 4498, 2718)",0.6003183126449585
"(1960, 2490, 2890)",0.6003180742263794
"(978, 3203, 575)",0.6003179550170898
"(1471, 1996, 2351, 253, 4446, 1855)",0.6003161072731018
"(2346, 3453, 1317)",0.6003153920173645
"(1426, 332, 4541, 2140)",0.6003148555755615
"(682, 3204, 1469)",0.6003145575523376
"(128, 1801, 4809, 2738, 660, 1974)",0.6003137826919556
"(1953, 1954, 1703, 1288, 3903, 1469, 159)",0.6003134250640869
"(1953, 1926, 1703, 4521, 2140)",0.6003128290176392
"(2448, 3778, 2050)",0.6003125309944153
"(4177, 2666, 1837)",0.6003124713897705
"(1464, 2998, 1942)",0.6003124117851257
"(2817, 1372, 1439)",0.6003124117851257
"(1446, 1703, 1963, 1933, 1390, 2958, 1974)",0.6003113389015198
"(568, 163, 3076)",0.6003106832504272
"(3145, 169, 1439)",0.6003103256225586
"(1425, 2330, 1397, 4655)",0.6003097891807556
"(3200, 1697, 1740)",0.6003097295761108
"(2240, 3249, 1821)",0.6003095507621765
"(1442, 1480, 2994, 1461, 791, 1919)",0.6003091335296631
"(4880, 1502, 1294)",0.6003090143203735
"(1529, 2941, 1701)",0.6003088355064392
"(4763, 1676, 1375)",0.6003088355064392
"(1953, 1954, 1763, 1288, 3903, 1469, 159)",0.6003087759017944
"(1953, 3834, 1386, 1836, 1786, 251, 253)",0.6003087162971497
"(4324, 1380, 1805)",0.6003086566925049
"(3200, 1990, 1382)",0.600307822227478
"(1953, 1800, 1836, 4403, 1781, 568, 1469)",0.6003076434135437
"(3200, 2148, 1836, 2161, 1403)",0.6003076434135437
"(1382, 1800, 592, 3192, 2297)",0.6003068685531616
"(2568, 2066, 1989, 4886)",0.6003068685531616
"(1799, 1512, 4169, 1844, 568)",0.6003066897392273
"(1799, 4169, 1838, 1809, 25)",0.6003063917160034
"(3200, 1836, 1991)",0.6003063917160034
"(2807, 1283, 1743)",0.6003059148788452
"(3552, 1442, 2444, 1902, 1502, 1919)",0.6003056168556213
"(3682, 2332, 1263)",0.6003052592277527
"(1967, 3849, 1599)",0.6003052592277527
"(1953, 1954, 1288, 1294, 1469, 3903)",0.6003047227859497
"(5244, 1709, 2598)",0.6003036499023438
"(1408, 3058, 2006)",0.6003027558326721
"(512, 2995, 511)",0.6003021597862244
"(1480, 1589, 3270, 1567)",0.6003015637397766
"(5456, 1481, 1444, 1351)",0.6003013253211975
"(3200, 2013, 1991)",0.6003011465072632
"(1632, 1706, 2812)",0.6003004312515259
"(3682, 2332, 1534)",0.6002999544143677
"(3075, 1535, 1383)",0.6002988219261169
"(4714, 739, 493)",0.6002984046936035
"(1384, 1979, 4960)",0.6002981066703796
"(128, 3218, 1963, 1933)",0.6002976298332214
"(3378, 1709, 1439)",0.6002974510192871
"(2593, 2938, 110)",0.6002969145774841
"(1446, 1801, 2738, 4178, 660, 1463)",0.6002968549728394
"(1512, 2217, 3318)",0.600296139717102
"(1305, 459, 2941, 1326)",0.6002950668334961
"(1329, 1755, 3017)",0.6002948880195618
"(1490, 5357, 54, 1535)",0.6002947688102722
"(2297, 2946, 2275, 2071)",0.6002939939498901
"(1512, 4370, 1638, 1703)",0.6002938151359558
"(1703, 1800, 1707, 568, 2718, 3903)",0.6002934575080872
"(1953, 1954, 2242, 2946, 1703, 1512, 1469)",0.6002933382987976
"(1665, 3019, 2300, 54)",0.6002930402755737
"(2768, 2529, 4610)",0.6002928614616394
"(2008, 41, 3200)",0.6002926230430603
"(2592, 1777, 1378, 3980)",0.6002918481826782
"(3200, 1469, 1382, 1542)",0.6002913117408752
"(3145, 1478, 2143)",0.6002897024154663
"(2344, 2672, 4759)",0.6002891659736633
"(3200, 130, 2446)",0.6002891063690186
"(3200, 2625, 1844, 1382)",0.6002891063690186
"(3395, 1877, 2230, 2330, 2302)",0.600288987159729
"(2279, 584, 1512, 3212, 2486)",0.6002886891365051
"(1568, 1953, 1954, 1382, 4401)",0.6002881526947021
"(3054, 2627, 2541, 470)",0.6002871990203857
"(1960, 2460, 2790)",0.6002868413925171
"(26, 2891, 1287)",0.6002867817878723
"(1954, 1703, 1800, 4905, 660)",0.6002865433692932
"(1402, 3075, 1383)",0.6002864241600037
"(1832, 3682, 1588)",0.6002855896949768
"(2946, 1703, 1800, 1707, 567)",0.6002855896949768
"(2529, 2314, 2775)",0.6002855896949768
"(3624, 425, 2718)",0.600284993648529
"(688, 1570, 3682)",0.6002846956253052
"(1960, 4289, 1478)",0.6002844572067261
"(2890, 2559, 1071)",0.6002842783927917
"(2529, 1410, 1990, 1870, 3054, 184)",0.600284218788147
"(1512, 4516, 660)",0.6002838015556335
"(3019, 229, 54)",0.6002833247184753
"(1588, 3166, 2167)",0.6002822518348694
"(2560, 3169, 398)",0.6002819538116455
"(3815, 332, 1087)",0.6002814173698425
"(794, 3159, 951)",0.6002803444862366
"(1292, 4510, 647)",0.6002798080444336
"(2799, 1829, 1791)",0.6002795696258545
"(1674, 1475, 3092)",0.6002793908119202
"(3490, 29, 783)",0.6002793312072754
"(2896, 1676, 342)",0.6002785563468933
"(3265, 1382, 1809, 251, 253)",0.6002784371376038
"(2593, 2059, 3086, 977, 276, 1147, 2366)",0.600278377532959
"(3200, 1386, 1837, 493, 1426)",0.6002780795097351
"(1139, 2060, 1685, 3599)",0.6002780199050903
"(1288, 3212, 660, 1838)",0.6002768874168396
"(1799, 4551, 1386, 1171, 25, 574)",0.6002767086029053
"(3200, 570, 2573)",0.600276529788971
"(1446, 1801, 2956, 2738, 660, 1463)",0.6002758741378784
"(1109, 253, 3190)",0.6002758145332336
"(1382, 1799, 1386, 1809, 568, 3834, 251)",0.6002758145332336
"(1825, 4420, 1703, 2122, 350)",0.6002748608589172
"(2968, 2001, 739)",0.6002748608589172
"(2297, 4524, 302)",0.6002737879753113
"(1496, 3017, 1960)",0.600273609161377
"(1944, 3203, 2541)",0.6002734899520874
"(5262, 2541, 1822)",0.6002731919288635
"(5553, 83, 1614)",0.6002727150917053
"(568, 2178, 4246)",0.6002725958824158
"(2568, 4545, 1827, 1989)",0.6002725958824158
"(1512, 1292, 2871)",0.600272536277771
"(3265, 1382, 141, 1809, 251)",0.6002723574638367
"(4638, 2446, 1535)",0.6002721786499023
"(1378, 3650, 2534, 1351, 1481)",0.6002721190452576
"(1512, 2057, 493, 1390, 4347, 1403)",0.600271999835968
"(2958, 2275, 2718, 575)",0.6002717614173889
"(1601, 1703, 1800, 1707, 2718, 3903)",0.6002716422080994
"(1799, 3816, 1386, 1171, 25, 574)",0.6002712845802307
"(3977, 2298, 2446)",0.6002711653709412
"(3778, 1194, 1875, 1939)",0.6002705693244934
"(128, 1953, 1920, 4399, 1974)",0.6002703905105591
"(1953, 1954, 4929, 1703, 1288, 89, 1469, 2718)",0.6002703905105591
"(1371, 558, 2775)",0.6002699732780457
"(1953, 258, 1801, 1963, 1933, 4373, 1463)",0.600269615650177
"(128, 1953, 258, 1963, 1974, 3002)",0.6002693176269531
"(4796, 1836, 1382, 1471)",0.6002689599990845
"(3257, 1754, 2354)",0.6002675294876099
"(2457, 1658, 3275)",0.6002675294876099
"(1953, 1890, 1954, 3298, 1382, 1703, 1800)",0.6002674698829651
"(1953, 4582, 1800, 1836, 1781, 568, 1469)",0.6002669334411621
"(4354, 2067, 1980)",0.6002667546272278
"(1953, 258, 3171, 1801, 1963, 1933, 1463)",0.600266695022583
"(2440, 2178, 3527)",0.6002659797668457
"(1307, 2541, 2895)",0.6002653241157532
"(1953, 1800, 1836, 1781, 568, 4410, 1469)",0.6002647280693054
"(3900, 285, 2486, 2127)",0.6002640128135681
"(656, 2307, 4509, 1391)",0.6002631783485413
"(4880, 276, 2366)",0.6002629995346069
"(1968, 1754, 2541, 3054)",0.6002628207206726
"(1953, 1890, 1954, 1382, 1703, 1800, 3471)",0.6002622842788696
"(2440, 4140, 2431)",0.6002622842788696
"(1697, 1315, 1740, 2777)",0.6002622246742249
"(1800, 4627, 1836)",0.6002621054649353
"(2016, 2105, 3682)",0.6002621054649353
"(1929, 1341, 2790)",0.6002620458602905
"(3200, 1383, 1512, 1386, 2262)",0.6002618074417114
"(1569, 3682, 1380, 1518)",0.6002606749534607
"(3200, 1426, 2603, 1650)",0.6002596020698547
"(2208, 4544, 1743)",0.6002594232559204
"(2444, 1902, 2994, 1461, 791, 1919)",0.6002585887908936
"(616, 1769, 2938)",0.6002585887908936
"(1968, 2541, 2006, 2981)",0.6002585887908936
"(3808, 2322, 1372)",0.6002581119537354
"(1490, 1946, 2895, 1575)",0.6002577543258667
"(4308, 2605, 574)",0.6002576351165771
"(592, 589, 2895)",0.6002573370933533
"(2890, 459, 1333)",0.6002569794654846
"(1953, 1954, 1288, 2956, 2519, 89, 1469, 2718)",0.6002564430236816
"(2080, 2706, 3815)",0.600256085395813
"(128, 4645, 1801, 2738, 660, 1974)",0.600256085395813
"(1754, 2775, 1869, 1943)",0.6002560257911682
"(1953, 1801, 1933, 1390, 1463, 4381)",0.6002556681632996
"(341, 1838, 4615)",0.6002551317214966
"(3200, 2001, 1574)",0.6002550721168518
"(2279, 1512, 3212, 631, 575)",0.6002548933029175
"(1763, 1836, 1999, 3834, 251)",0.6002548336982727
"(3200, 2609, 2446)",0.6002545952796936
"(3200, 1833, 2122, 1835, 1786, 1469)",0.6002543568611145
"(1444, 2541, 3262)",0.6002540588378906
"(1994, 1484, 4816, 1979, 2303)",0.6002540588378906
"(3200, 1800, 1836, 1133, 1469)",0.6002538204193115
"(584, 579, 3212)",0.6002536416053772
"(2565, 1453, 5466)",0.6002516150474548
"(1835, 309, 4486)",0.600251317024231
"(1825, 442, 4420, 1833)",0.6002507209777832
"(128, 1801, 424, 4415)",0.6002506613731384
"(1512, 3017, 1333)",0.6002504229545593
"(4169, 2188, 309, 399)",0.6002499461174011
"(1382, 3194, 1386, 568, 2297, 2202)",0.6002498269081116
"(1480, 3683, 1335)",0.6002496480941772
"(2958, 493, 2414)",0.600249171257019
"(1953, 1890, 1446, 1390, 1974, 4478)",0.6002485156059265
"(1799, 4169, 1386, 332, 1426, 1171)",0.6002482771873474
"(2541, 3860, 2109)",0.6002470254898071
"(1352, 3076, 1960)",0.600246787071228
"(969, 2350, 3679)",0.6002461314201355
"(1496, 2953, 884)",0.6002460718154907
"(1460, 1718, 1751, 1949, 190, 2911)",0.600245475769043
"(1962, 2083, 3812)",0.6002451777458191
"(1954, 1638, 1512, 2859, 1390, 2718)",0.6002447605133057
"(1040, 5446, 1478)",0.6002445220947266
"(1512, 2140, 1837, 4103)",0.6002443432807922
"(1953, 1763, 4103, 1800, 1836, 1469, 159)",0.6002441644668579
"(4978, 2027, 2102)",0.6002439260482788
"(2121, 2683, 3118)",0.600243866443634
"(459, 3500, 2655)",0.6002430319786072
"(632, 569, 3212)",0.6002427935600281
"(1491, 2451, 1499, 2775)",0.600242555141449
"(273, 2868, 1390, 303)",0.6002424359321594
"(3200, 684, 54)",0.6002424359321594
"(4608, 1865, 2102)",0.6002421975135803
"(4289, 1490, 1478)",0.6002421379089355
"(1512, 4768, 1390)",0.6002416014671326
"(1809, 739, 3372)",0.6002408266067505
"(1761, 4289, 1490, 1491, 2354)",0.6002405881881714
"(4816, 2332, 1484, 765)",0.6002404689788818
"(267, 341, 5470)",0.6002404689788818
"(1801, 1953, 4127)",0.6002404093742371
"(4536, 2446, 1535)",0.6002404093742371
"(1825, 3169, 1703, 1835, 89)",0.6002402901649475
"(2473, 3169, 1815)",0.6002402305603027
"(1472, 1713, 2941)",0.6002395153045654
"(516, 1829, 1529, 1433, 2941)",0.6002390384674072
"(681, 2974, 1063)",0.600238561630249
"(2568, 201, 1827, 4545)",0.6002382636070251
"(128, 1512, 2057, 1835, 2969, 2718)",0.6002376675605774
"(1802, 4103, 2202)",0.6002373099327087
"(296, 5353, 1492)",0.6002370119094849
"(178, 475, 3172)",0.6002368927001953
"(584, 1512, 523, 3212, 89)",0.6002366542816162
"(2307, 1294, 5091)",0.6002362966537476
"(1481, 2413, 3014)",0.6002358198165894
"(1960, 1490, 730, 2775)",0.6002355217933655
"(2953, 2211, 1437)",0.600235104560852
"(3066, 1837, 1382)",0.6002350449562073
"(4816, 2332, 1484, 1829)",0.6002347469329834
"(2890, 1661, 38)",0.6002343893051147
"(1960, 4404, 1471)",0.6002342700958252
"(4024, 1954, 1707, 629)",0.6002341508865356
"(3200, 745, 1833, 1825)",0.6002328991889954
"(241, 4123, 52)",0.6002328991889954
"(4038, 1939, 637, 1925)",0.6002327799797058
"(2473, 1380, 3212)",0.600232720375061
"(1382, 1799, 4554, 1837, 2071, 1208, 2297, 1469)",0.6002314686775208
"(2890, 363, 1390, 303)",0.6002313494682312
"(4454, 1799, 1809, 251, 574)",0.6002310514450073
"(2529, 2314, 4470)",0.6002301573753357
"(1658, 1339, 1396, 3535)",0.6002290844917297
"(1496, 2953, 1410)",0.6002285480499268
"(3200, 1837, 644, 341)",0.6002272963523865
"(1481, 2299, 3353)",0.600226879119873
"(1800, 2057, 4539, 1836)",0.6002264618873596
"(1970, 3019, 1572)",0.6002264618873596
"(3293, 473, 114, 1989)",0.6002264618873596
"(1799, 1776, 1809, 4916, 251)",0.6002252697944641
"(3265, 1315, 1836)",0.6002252697944641
"(896, 73, 2529, 2984)",0.6002246141433716
"(2405, 1480, 2444, 1902, 2994, 1461)",0.6002235412597656
"(1288, 1552, 2440, 4486)",0.6002234816551208
"(2090, 1436, 4910)",0.6002233624458313
"(2457, 2331, 3535)",0.6002232432365417
"(3276, 1827, 2260)",0.6002232432365417
"(2712, 689, 3055)",0.6002232432365417
"(1968, 2452, 5406)",0.6002228856086731
"(288, 4370, 1638)",0.6002222895622253
"(128, 1446, 1963, 1933, 1390, 4400, 660, 1974)",0.6002215147018433
"(568, 281, 1809, 4103)",0.6002210378646851
"(1799, 1776, 1809, 568, 251, 4541)",0.6002209782600403
"(25, 2210, 3524)",0.600220799446106
"(2473, 2298, 4420, 446)",0.6002207398414612
"(1995, 1404, 4935)",0.6002201437950134
"(1475, 1972, 3309, 1991)",0.6002200245857239
"(4545, 2570, 2157)",0.6002196669578552
"(2799, 1830, 1791)",0.6002194285392761
"(1825, 4294, 1703, 660, 285)",0.6002190709114075
"(128, 1953, 1890, 5184, 1446, 1801, 1390)",0.6002188324928284
"(2496, 2722, 2958, 574)",0.6002185344696045
"(3169, 1974, 1446)",0.600217342376709
"(1953, 1763, 1837, 4331)",0.600217342376709
"(1827, 2356, 3019)",0.6002170443534851
"(2616, 2869, 1478)",0.6002161502838135
"(1825, 1703, 2473, 660, 285, 3903)",0.6002160906791687
"(3076, 1109, 253)",0.6002160906791687
"(187, 2236, 3414)",0.6002159118652344
"(1512, 1828, 2911)",0.6002156734466553
"(296, 1373, 4733)",0.6002153158187866
"(1936, 2009, 3085)",0.6002147197723389
"(4171, 2307, 2734)",0.6002145409584045
"(1734, 1351, 2672, 4469, 1756)",0.6002143025398254
"(1386, 2109, 309, 4502)",0.6002129316329956
"(568, 1781, 4607)",0.6002127528190613
"(2474, 3682, 1782)",0.6002127528190613
"(3200, 1177, 1837)",0.6002127528190613
"(3058, 1411, 2557)",0.6002126336097717
"(2161, 2441, 3218)",0.6002112627029419
"(1953, 1954, 1703, 1288, 3787, 2487, 1469)",0.6002107858657837
"(3144, 2218, 842, 2541, 1555, 1566)",0.6002106666564941
"(1993, 237, 3415)",0.6002103090286255
"(0, 1802, 5099)",0.6002093553543091
"(2121, 2322, 2794)",0.600208580493927
"(1386, 468, 2810)",0.6002085208892822
"(3760, 1939, 157, 1287)",0.6002084612846375
"(1033, 3475, 1305)",0.6002075672149658
"(1416, 2598, 3047)",0.6002070903778076
"(1825, 4505, 493, 1703)",0.6002066731452942
"(4811, 2140, 1535)",0.6002057194709778
"(2568, 3262, 1774)",0.6002054214477539
"(2496, 1703, 1800, 4328, 1707, 2718)",0.6002052426338196
"(3200, 305, 2630)",0.6002052426338196
"(2008, 2958, 2559)",0.6002050638198853
"(4858, 2085, 117)",0.6002050638198853
"(2881, 1993, 2303)",0.6002050042152405
"(3558, 1212, 1974)",0.6002047657966614
"(2609, 1682, 5542)",0.6002042889595032
"(2953, 2451, 1365, 1470)",0.6002036333084106
"(4103, 2491, 2140, 1855)",0.6002033948898315
"(5030, 1822, 1463)",0.6002028584480286
"(416, 4353, 2216)",0.6002020239830017
"(3200, 1382, 894)",0.6002018451690674
"(1837, 4404, 251, 253, 574)",0.6002006530761719
"(1953, 1800, 1836, 1781, 4406, 568, 1469)",0.6002006530761719
"(5008, 1436, 2534)",0.6002006530761719
"(331, 4477, 1382)",0.6001998782157898
"(1576, 1970, 3421, 2470)",0.6001994609832764
"(3075, 1837, 1789)",0.6001994013786316
"(3144, 1921, 2628)",0.600199282169342
"(2160, 1707, 1469, 4024)",0.6001992225646973
"(1292, 1933, 3374)",0.6001989245414734
"(1898, 1315, 4354, 2546)",0.6001989245414734
"(3200, 1386, 692, 1426)",0.6001977920532227
"(3815, 1619, 575)",0.6001973748207092
"(1953, 1801, 1933, 1390, 1463, 4375)",0.6001960039138794
"(1703, 1800, 1707, 1836, 4342)",0.6001958847045898
"(4462, 2541, 1294)",0.6001956462860107
"(3200, 1947, 533, 1703)",0.6001954674720764
"(1920, 4522, 869)",0.6001952886581421
"(1991, 3766, 1607)",0.6001948714256287
"(1424, 1512, 2958)",0.6001948118209839
"(5433, 1898, 2619)",0.6001940369606018
"(1288, 1552, 3042, 2028)",0.6001938581466675
"(128, 1953, 2958, 1463)",0.6001930832862854
"(1704, 3378, 1470, 1943)",0.6001908183097839
"(2368, 4608, 1351)",0.6001907587051392
"(1960, 3144, 1963)",0.6001898646354675
"(2619, 4545, 1506, 2598, 2157, 1433, 283)",0.6001893877983093
"(4352, 1467, 1236)",0.6001884937286377
"(128, 3076, 1382, 2057, 1403, 1469)",0.6001880764961243
"(3200, 1699, 1933)",0.6001876592636108
"(113, 5402, 1356)",0.6001874208450317
"(2236, 1492, 3118)",0.6001859307289124
"(1953, 1836, 1781, 568, 1469, 4446)",0.6001858711242676
"(296, 1777, 2817)",0.6001858115196228
"(1490, 1298, 1491, 2796)",0.600185751914978
"(4545, 2068, 1157, 1847)",0.6001856923103333
"(3481, 1934, 2375)",0.6001851558685303
"(1436, 4910, 1439)",0.6001845598220825
"(3192, 2417, 574)",0.6001839637756348
"(5403, 1163, 2061)",0.6001838445663452
"(2297, 4523, 302)",0.6001837253570557
"(2368, 5151, 1351)",0.6001826524734497
"(1561, 2953, 135)",0.6001825928688049
"(3552, 2444, 1902, 1597, 1502, 1919)",0.6001822352409363
"(2220, 1436, 4055)",0.6001822352409363
"(1800, 1844, 4917, 1382)",0.6001822352409363
"(1960, 1410, 3118)",0.6001821160316467
"(1448, 1570, 3682, 1590)",0.6001805067062378
"(385, 3154, 567)",0.6001802682876587
"(3682, 2477, 1350)",0.6001797318458557
"(2297, 4842, 1382, 1463)",0.6001794338226318
"(1288, 2086, 2960, 1814)",0.6001793146133423
"(3262, 2541, 1326)",0.600179135799408
"(1170, 196, 3500)",0.600177526473999
"(2274, 4354, 1358)",0.600176990032196
"(2641, 1481, 2069, 3983)",0.600176990032196
"(3895, 2446, 2447)",0.6001760959625244
"(1512, 4794, 366)",0.6001760363578796
"(3276, 1962, 1939, 1436)",0.6001757383346558
"(1512, 1800, 4586, 1837)",0.6001754403114319
"(1496, 1410, 2775)",0.600174605846405
"(128, 1801, 2923)",0.6001737117767334
"(1933, 1390, 302, 2897, 2264)",0.6001735925674438
"(1512, 2057, 3937, 631)",0.6001728773117065
"(385, 2019, 567, 1800, 4407)",0.6001725196838379
"(1995, 1404, 4932)",0.6001717448234558
"(1144, 4261, 511)",0.600171685218811
"(1703, 1512, 4329, 1390, 2738)",0.6001712679862976
"(176, 3453, 588, 1829)",0.6001701951026917
"(1920, 2980, 869)",0.6001698970794678
"(2473, 2722, 3169)",0.6001697778701782
"(2208, 2441, 3222)",0.6001695990562439
"(2086, 1382, 1390, 3192, 25, 1469)",0.6001691818237305
"(1685, 2102, 3495)",0.6001685261726379
"(4368, 258, 1974)",0.6001678109169006
"(1433, 4513, 1460)",0.6001673936843872
"(1960, 3017, 1396, 2541)",0.6001671552658081
"(1426, 3815, 332, 2140)",0.6001669764518738
"(1953, 4311, 1786, 251, 253)",0.600166916847229
"(1953, 1288, 1963, 2897, 1463)",0.6001666784286499
"(2890, 1990, 1390)",0.600165605545044
"(584, 1512, 2057, 3212, 89)",0.6001651287078857
"(616, 3922, 2541)",0.600165069103241
"(3778, 794, 907)",0.600165069103241
"(3042, 44, 2325, 2116)",0.6001648306846619
"(3200, 251, 2718)",0.6001648306846619
"(4545, 2338, 169, 1434, 1436, 1439)",0.6001647710800171
"(5548, 2340, 157, 510)",0.6001644730567932
"(1953, 258, 1801, 1963, 1933, 1463, 3519)",0.6001643538475037
"(2053, 2094, 2062, 1492, 3288, 1372)",0.6001637578010559
"(1953, 1836, 4404, 1781, 568, 1469)",0.6001632809638977
"(1666, 5046, 87)",0.6001631617546082
"(3224, 2570, 2023)",0.6001629829406738
"(136, 2897, 1963)",0.6001620888710022
"(4768, 1939, 2068, 157)",0.6001619100570679
"(1704, 2187, 3535)",0.6001605987548828
"(1460, 1444, 3702)",0.6001604199409485
"(1328, 1360, 4469)",0.600159764289856
"(4635, 1809, 498, 739)",0.6001597046852112
"(3200, 25, 1402)",0.6001590490341187
"(4886, 1294, 1479)",0.6001576781272888
"(1385, 1939, 3047)",0.6001571416854858
"(1288, 2370, 3925)",0.6001570820808411
"(1825, 1703, 2958, 660, 285)",0.6001569032669067
"(3406, 38, 1294)",0.6001556515693665
"(512, 2817, 511)",0.6001543998718262
"(2881, 2541, 2341)",0.6001542210578918
"(1466, 2908, 2133)",0.6001542210578918
"(3200, 2427, 1836)",0.6001538038253784
"(1777, 2058, 1732, 3553)",0.6001538038253784
"(1378, 3702, 1351)",0.6001537442207336
"(1698, 4225, 1298)",0.6001536250114441
"(5414, 689, 1315, 406)",0.6001533269882202
"(1944, 1802, 3200)",0.6001522541046143
"(1799, 1512, 1639, 1809, 4348)",0.6001514196395874
"(3265, 1382, 1386, 1809, 251)",0.6001502275466919
"(2666, 4634, 2140)",0.6001501083374023
"(1825, 2473, 4420, 607)",0.6001495718955994
"(3118, 1665, 2062)",0.6001494526863098
"(2864, 1499, 125)",0.60014808177948
"(1512, 89, 1953, 3937)",0.6001473069190979
"(4289, 1491, 1478)",0.6001471877098083
"(1953, 1954, 4843, 1294, 1469)",0.6001470685005188
"(1386, 3267, 1382)",0.6001467704772949
"(1960, 3378, 1478)",0.6001466512680054
"(1464, 1315, 5509)",0.6001461148262024
"(1800, 465, 1836, 3200)",0.6001459956169128
"(2796, 1460, 1718, 1751, 1949, 190)",0.6001459956169128
"(5401, 2546, 518)",0.6001453399658203
"(1382, 1799, 1703, 1707, 1836, 3185)",0.6001450419425964
"(4103, 1836, 2071, 251, 159)",0.6001450419425964
"(4443, 1357, 1461)",0.6001448631286621
"(4418, 2446, 1535)",0.6001442074775696
"(568, 385, 306, 2884)",0.6001440286636353
"(4545, 130, 2598)",0.6001438498497009
"(4544, 386, 575)",0.6001426577568054
"(1382, 1799, 4454, 1386, 1809, 568, 251)",0.6001414656639099
"(128, 1953, 1920, 3212, 1974)",0.6001406908035278
"(1410, 1476, 1349, 3017, 2354, 2582, 1943, 1435)",0.6001405119895935
"(1512, 3192, 1837)",0.6001397371292114
"(1953, 1890, 3212, 2231)",0.600139319896698
"(568, 2275, 2947)",0.6001392006874084
"(1953, 1786, 1836, 5134)",0.6001385450363159
"(1090, 1764, 3999)",0.6001384854316711
"(592, 2890, 302)",0.6001381278038025
"(58, 770, 2998)",0.6001380681991577
"(178, 475, 3183)",0.6001378297805786
"(2890, 452, 1390)",0.6001378297805786
"(360, 361, 2618, 4605)",0.6001377105712891
"(2001, 4579, 2431)",0.6001370549201965
"(2586, 4029, 1999)",0.6001368165016174
"(1777, 3538, 1350)",0.6001366972923279
"(1288, 2140, 1837, 4407)",0.6001360416412354
"(1929, 4545, 1341)",0.6001355648040771
"(1569, 2529, 2541, 3257, 1470)",0.6001355051994324
"(4511, 2297, 332, 1799)",0.6001353859901428
"(0, 3074, 1135)",0.6001353859901428
"(1994, 1829, 2799)",0.600135087966919
"(1953, 1954, 1294, 4372, 1469)",0.6001349091529846
"(1800, 3190, 1836, 2612)",0.6001346111297607
"(1809, 1426, 3267, 1799)",0.6001336574554443
"(1328, 2568, 3262)",0.6001327037811279
"(1529, 1501, 2981)",0.6001325845718384
"(89, 2298, 4812)",0.6001321077346802
"(2008, 4845, 2086)",0.6001319289207458
"(1349, 1704, 2706, 1494, 2775, 1945, 1470)",0.6001315712928772
"(1298, 5402, 1674)",0.6001310348510742
"(816, 691, 998, 3255)",0.6001309156417847
"(1960, 1963, 2807)",0.6001306176185608
"(2768, 3256, 1990)",0.6001303195953369
"(5453, 1676, 885)",0.6001296043395996
"(592, 2896, 342)",0.6001295447349548
"(1481, 58, 3262, 1326)",0.6001284718513489
"(1802, 1837, 4486)",0.6001279354095459
"(58, 2812, 2143)",0.6001278162002563
"(1512, 5401, 2643)",0.6001273393630981
"(1409, 10, 4103)",0.6001270413398743
"(2568, 2066, 1989, 2942)",0.6001269221305847
"(4123, 1433, 2083, 1444)",0.6001267433166504
"(1561, 2267, 54, 3019)",0.6001260876655579
"(1410, 2541, 3055, 1968, 1333, 1339)",0.6001255512237549
"(1144, 3599, 511)",0.6001254320144653
"(2050, 1485, 2798, 1298, 1300)",0.6001247763633728
"(1481, 2427, 1460, 3262)",0.6001240015029907
"(4510, 1740, 1886)",0.6001237034797668
"(1706, 3014, 1951)",0.6001235842704773
"(1475, 3092, 1979, 1447)",0.6001231074333191
"(1674, 5402, 1284)",0.6001229286193848
"(1995, 1404, 4038)",0.6001216173171997
"(633, 2938, 1390)",0.6001208424568176
"(3257, 1410, 843)",0.6001200675964355
"(1284, 1828, 2951)",0.6001198291778564
"(48, 3042, 2446, 1574)",0.6001194715499878
"(1512, 3371, 502)",0.6001193523406982
"(2666, 2140, 4636)",0.6001192331314087
"(656, 2307, 5240, 1391)",0.6001190543174744
"(560, 2577, 3214)",0.6001184582710266
"(128, 1801, 2738, 4827)",0.6001179814338684
"(1480, 1902, 2994, 1461, 791, 1919)",0.6001179218292236
"(2354, 2267, 3204)",0.600117564201355
"(2777, 1331, 1748, 2159)",0.6001169085502625
"(3198, 291, 2718)",0.600116491317749
"(1570, 3682, 2590)",0.6001161932945251
"(89, 4351, 2486, 1463)",0.6001155972480774
"(2968, 1705, 739, 2127)",0.6001155376434326
"(4593, 2451, 1365, 1470)",0.6001148223876953
"(1529, 1501, 3606)",0.600114107131958
"(1709, 2822, 2023)",0.6001138687133789
"(10, 2116, 3042, 383)",0.6001126170158386
"(3200, 1315, 2693)",0.6001126170158386
"(2080, 2796, 2389)",0.6001123189926147
"(3983, 1481, 1639)",0.6001119017601013
"(1440, 2299, 3285, 2023)",0.600111722946167
"(5478, 1587, 2166, 2111)",0.6001116633415222
"(2768, 2529, 4578)",0.6001109480857849
"(370, 1707, 4324, 1469)",0.6001104712486267
"(3815, 1512, 1799, 1639, 1426)",0.6001097559928894
"(1288, 1512, 3043, 1837)",0.6001096963882446
"(1830, 5464, 182, 1310)",0.6001093983650208
"(1827, 2260, 3415)",0.6001089811325073
"(379, 2211, 4509)",0.6001089215278625
"(3075, 1382, 1800, 1836, 1844, 2297, 2298, 575)",0.600108802318573
"(1409, 1953, 4103, 1469, 159)",0.6001086235046387
"(1703, 1707, 2958, 2718, 159)",0.6001083850860596
"(1953, 1954, 1703, 1288, 3787, 2298, 1469)",0.6001081466674805
"(4418, 1383, 1837, 1809, 1426, 1974, 2297, 2202)",0.6001071333885193
"(1976, 3019, 220)",0.6001064777374268
"(10, 44, 4407)",0.6001063585281372
"(2080, 3408, 1943)",0.6001063585281372
"(128, 3525, 1801, 2738, 660, 1974)",0.6001042127609253
"(1825, 1953, 1763, 1954, 1288, 1835, 1469, 2718, 3903)",0.600104033946991
"(1400, 4554, 1386, 1799)",0.6001035571098328
"(1696, 1529, 1467, 4064)",0.6001033186912537
"(4408, 1426, 475)",0.6001027226448059
"(689, 1315, 406, 3414)",0.6001023650169373
"(2985, 1939, 1925)",0.6001009345054626
"(386, 3755, 575)",0.6001003980636597
"(2817, 2053, 2094, 2062, 1492, 1372)",0.6001002192497253
"(1953, 1801, 1933, 1390, 1463, 4383)",0.6001001596450806
"(568, 4329, 586)",0.600099503993988
"(1288, 1953, 4532, 1535)",0.6000992655754089
"(4420, 2013, 1991)",0.6000983715057373
"(1378, 3042, 1351)",0.600098192691803
"(3200, 1953, 1800, 1836, 2297, 285)",0.6000979542732239
"(1954, 1707, 629, 4024, 1469)",0.6000978946685791
"(1442, 2444, 2994, 1597, 1919)",0.6000978946685791
"(4441, 398, 159)",0.6000972986221313
"(4922, 2718, 1294, 1463)",0.6000971794128418
"(2212, 380, 3085, 54)",0.6000968217849731
"(2881, 1994, 1484, 830)",0.6000960469245911
"(4432, 2626, 1590, 2503)",0.6000950932502747
"(3068, 1382, 159)",0.6000949740409851
"(1996, 4029, 1430)",0.600094735622406
"(1552, 4546, 1574)",0.6000937223434448
"(2897, 1963, 1294, 1463)",0.6000935435295105
"(1426, 475, 4398)",0.6000933051109314
"(10, 4029, 1855)",0.6000931262969971
"(4546, 2279, 1382, 1703)",0.6000929474830627
"(793, 5099, 1510)",0.6000924110412598
"(3200, 1837, 1645)",0.6000920534133911
"(1703, 1800, 2025, 1707, 2718, 3903)",0.6000913381576538
"(3075, 1382, 1703, 1800, 1810, 1844, 2071)",0.6000911593437195
"(1480, 2506, 4822)",0.6000908017158508
"(824, 513, 3200)",0.6000908017158508
"(1809, 1098, 3265, 1382)",0.600090503692627
"(1953, 1801, 1933, 2958, 1463)",0.6000897884368896
"(2297, 4370, 1638, 1799)",0.6000897288322449
"(1960, 73, 3144, 2541, 1470)",0.6000891923904419
"(3249, 1414, 1351)",0.600088357925415
"(1836, 3021, 559)",0.6000880599021912
"(1800, 1954, 3896)",0.6000872850418091
"(1288, 1963, 4693, 1974)",0.6000867486000061
"(1825, 2122, 1222, 4383)",0.6000865697860718
"(2986, 1762, 2110)",0.6000863909721375
"(2297, 2275, 2947)",0.6000856161117554
"(1944, 3204, 1588)",0.6000856161117554
"(1496, 2984, 54)",0.6000855565071106
"(2217, 2444, 4443, 1597, 1919)",0.6000854969024658
"(2080, 4386, 2216)",0.6000853180885315
"(4810, 290, 1931)",0.6000850200653076
"(3560, 2666, 1837)",0.6000839471817017
"(2161, 3043, 2116)",0.6000838279724121
"(592, 342, 2895)",0.6000838279724121
"(2426, 2075, 4103)",0.6000838279724121
"(3042, 2446, 1999)",0.6000837683677673
"(1842, 3813, 2143)",0.6000829339027405
"(128, 2560, 1801, 2738, 4819)",0.6000828742980957
"(291, 4707, 2718)",0.6000825762748718
"(793, 1526, 3383)",0.6000819802284241
"(128, 1953, 2722, 2275, 4417, 1803)",0.6000818014144897
"(2160, 1707, 5364, 1469)",0.6000816822052002
"(3200, 25, 1579, 1228)",0.6000815629959106
"(2625, 2868, 1390, 2655)",0.6000813245773315
"(1698, 2118, 2911)",0.6000810861587524
"(4619, 1650, 739)",0.6000809073448181
"(3347, 1553, 1515)",0.6000809073448181
"(424, 1388, 2790)",0.6000791192054749
"(1953, 1954, 3907, 1703, 1288, 2279, 1469, 2718)",0.6000789403915405
"(1402, 1469, 3166)",0.6000787019729614
"(4417, 482, 1403)",0.6000785827636719
"(2568, 1481, 3074, 1351)",0.6000771522521973
"(4324, 1999, 2140, 1471)",0.6000769138336182
"(5409, 485, 2255)",0.6000766158103943
"(1953, 519, 2738, 1974, 2808)",0.6000763773918152
"(3270, 1430, 1759)",0.6000759601593018
"(2712, 689, 3144)",0.600075364112854
"(2976, 2302, 654)",0.6000752449035645
"(1472, 2930, 182)",0.6000752449035645
"(58, 547, 3750)",0.6000744104385376
"(2777, 1452, 2565)",0.6000732183456421
"(1799, 4328, 2486, 2297, 2718)",0.6000730395317078
"(1480, 2490, 2890)",0.6000727415084839
"(1665, 1961, 4219)",0.6000725626945496
"(3682, 1380, 1448, 2601, 1518, 2397)",0.6000716686248779
"(937, 3054, 55)",0.600070595741272
"(2080, 4664, 2573)",0.600068986415863
"(1539, 485, 3019)",0.600068986415863
"(2240, 58, 2066, 4886)",0.6000685691833496
"(1329, 3010, 1788, 54)",0.6000678539276123
"(5390, 1294, 1479)",0.6000678539276123
"(1571, 1383, 1426, 309, 3839)",0.6000669002532959
"(1481, 827, 2799)",0.6000664234161377
"(2080, 4103, 1855)",0.6000662446022034
"(1944, 3204, 1382, 1191)",0.600066065788269
"(2121, 2570, 4354)",0.6000639200210571
"(3682, 2005, 2477)",0.600062906742096
"(2083, 3085, 2374)",0.6000627875328064
"(752, 1298, 5091)",0.6000626087188721
"(3249, 85, 1414)",0.6000609993934631
"(1793, 2243, 2341, 1830, 1771, 3231)",0.6000603437423706
"(3200, 1953, 1835, 1974, 2140, 1469)",0.6000601649284363
"(4040, 1985, 1541)",0.6000597476959229
"(267, 2980, 1318, 1319)",0.6000595092773438
"(1827, 1990, 38, 4886)",0.6000590920448303
"(1944, 3204, 1468)",0.6000586152076721
"(1465, 739, 3900, 493)",0.6000580787658691
"(2148, 4329, 1548)",0.6000577211380005
"(2776, 106, 2219, 2598)",0.6000576615333557
"(2953, 2374, 1535)",0.6000571250915527
"(1799, 1512, 1639, 2297, 4670)",0.6000570058822632
"(3487, 117, 1415)",0.6000564694404602
"(3408, 1699, 1470)",0.6000560522079468
"(1825, 1954, 1638, 1288, 41, 1833, 1390, 4347)",0.6000552773475647
"(1953, 1763, 1800, 1836, 4410, 1469, 159)",0.6000549793243408
"(2064, 1310, 4126)",0.600054144859314
"(2008, 3072, 178)",0.600054144859314
"(584, 2473, 1512, 4347)",0.6000539660453796
"(4545, 1989, 2568, 2066, 2069)",0.6000533699989319
"(3313, 106, 1437)",0.6000530123710632
"(592, 2896, 1375)",0.6000528335571289
"(3857, 706, 1331)",0.6000528335571289
"(281, 3042, 567)",0.6000524163246155
"(1953, 2630, 1703, 1800, 5034)",0.6000518202781677
"(1611, 4029, 574, 2351)",0.6000512838363647
"(2969, 2506, 1991)",0.6000508069992065
"(1386, 3815, 1535)",0.6000500321388245
"(1488, 4545, 1354)",0.6000500321388245
"(1704, 2187, 3063)",0.6000489592552185
"(2994, 459, 1326)",0.600048303604126
"(4545, 1394, 2531)",0.6000482439994812
"(4331, 398, 159)",0.6000478863716125
"(1573, 4988, 541)",0.6000478863716125
"(5497, 1499, 125)",0.6000477075576782
"(1638, 1703, 1512, 1390, 4370)",0.6000471711158752
"(1953, 1954, 4929, 1703, 1288, 2279, 1469, 2718)",0.600046694278717
"(1273, 1939, 2068, 4545)",0.6000463962554932
"(1446, 4556, 1933, 493, 1390)",0.6000460386276245
"(5403, 1939, 1645)",0.6000459790229797
"(3656, 1715, 1822)",0.6000459790229797
"(4605, 1706, 2085, 198)",0.6000456809997559
"(1705, 2057, 660, 2808, 89, 2492)",0.6000429391860962
"(1571, 3815, 1383, 1426, 309)",0.6000428795814514
"(1288, 4353, 1837, 1974)",0.6000416874885559
"(1288, 4368, 1974)",0.6000412106513977
"(1498, 3043, 2116)",0.600040853023529
"(1799, 574, 2297, 2718, 3903)",0.6000404953956604
"(1953, 1954, 1512, 1390, 2958, 1469, 2718)",0.6000394821166992
"(1382, 4332, 1837, 309, 159)",0.6000393033027649
"(1288, 2217, 2891)",0.6000393033027649
"(1433, 5386, 1481, 1365)",0.6000387668609619
"(1809, 498, 739, 4636)",0.6000379323959351
"(2035, 1636, 3270, 1567)",0.6000372171401978
"(1972, 1836, 4103)",0.6000369191169739
"(1512, 1933, 4230, 1703)",0.6000366806983948
"(2986, 1778, 885)",0.60003662109375
"(5048, 1674, 1430)",0.6000365018844604
"(1552, 1986, 4244)",0.6000362038612366
"(1601, 1703, 1800, 4360, 1707, 2718)",0.6000359654426575
"(1560, 3453, 2389)",0.6000359654426575
"(3139, 1934, 2335)",0.6000357866287231
"(537, 2091, 3415)",0.6000357866287231
"(3310, 3, 1854)",0.6000351905822754
"(3224, 275, 1749)",0.6000348925590515
"(1360, 1939, 3019)",0.600034236907959
"(1569, 3682, 1405)",0.6000338196754456
"(1800, 1837, 3075, 341)",0.6000336408615112
"(3085, 229, 54)",0.6000335812568665
"(1898, 3085, 406)",0.60003262758255
"(1825, 1446, 1703, 1963, 3212, 1933, 1390, 660, 285)",0.6000321507453918
"(1996, 1430, 4103)",0.6000320911407471
"(3200, 1382, 1386, 1836, 493, 2005)",0.6000317931175232
"(1498, 1404, 3042)",0.6000314354896545
"(1433, 2566, 3415)",0.6000308990478516
"(1953, 258, 3271, 1801, 1963, 1933, 1463)",0.600030779838562
"(2302, 4725, 654)",0.6000301241874695
"(1496, 3243, 884)",0.6000300049781799
"(3682, 2397, 54)",0.6000295877456665
"(2568, 1827, 2799)",0.6000288724899292
"(3353, 13, 1759)",0.6000284552574158
"(1953, 1703, 1801, 1963, 1974, 4415)",0.6000282168388367
"(2560, 258, 4420, 1801, 159)",0.6000275611877441
"(568, 3075, 452)",0.6000264286994934
"(3682, 2044, 1357)",0.6000256538391113
"(1601, 1703, 1800, 1707, 3439, 2718)",0.6000247597694397
"(128, 1953, 4420, 1801, 660, 2298, 159)",0.6000245809555054
"(3202, 1799, 1776, 1809, 251)",0.6000243425369263
"(2722, 3908, 1288, 2473, 1577, 89)",0.6000228524208069
"(3265, 1382, 1809, 568, 251)",0.6000227332115173
"(1512, 2057, 3939, 631)",0.6000223755836487
"(1512, 2057, 2275, 4509)",0.6000222563743591
"(128, 1953, 1446, 1963, 2958, 1463)",0.6000218391418457
"(128, 1953, 1446, 1512, 2057, 1963, 4413, 2718)",0.6000217795372009
"(2019, 3044, 1837)",0.6000214219093323
"(2577, 371, 2807)",0.6000213027000427
"(121, 3276, 2686, 1887)",0.6000205874443054
"(2191, 2790, 1135)",0.6000198125839233
"(2416, 1380, 3421)",0.6000195145606995
"(2425, 2777, 2577)",0.6000193357467651
"(3810, 1685, 2102)",0.600018322467804
"(1825, 1703, 1800, 1707, 1390, 4373)",0.6000180244445801
"(128, 4417, 1446, 1801, 2738, 1463)",0.600017786026001
"(1288, 1953, 4922, 1467)",0.6000173687934875
"(128, 1953, 258, 4587, 1463)",0.6000170111656189
"(3200, 1954, 2086, 533, 2071)",0.6000169515609741
"(1954, 1402, 3200)",0.6000168919563293
"(2565, 5540, 1453)",0.6000157594680786
"(680, 4544, 1782, 1743)",0.6000156402587891
"(1298, 853, 2951)",0.6000155210494995
"(1288, 1552, 1811, 3043)",0.6000152230262756
"(2161, 3042, 2116)",0.6000151634216309
"(1953, 3205, 1944, 25, 574)",0.6000151634216309
"(2498, 122, 3415)",0.6000151634216309
"(1469, 3198, 1087)",0.6000149846076965
"(1641, 3236, 701, 2623)",0.6000149846076965
"(1754, 701, 2895)",0.6000148057937622
"(2275, 2958, 2417, 89, 2718)",0.6000146269798279
"(1288, 1552, 3042, 1811)",0.6000142097473145
"(1288, 1467, 3535)",0.6000127792358398
"(1512, 2441, 4229, 1703)",0.6000126600265503
"(2433, 5486, 1879)",0.6000122427940369
"(1953, 1954, 1382, 1703, 2127, 4401)",0.6000112891197205
"(1713, 3014, 1695)",0.6000111699104309
"(2374, 2201, 2953, 1774)",0.6000095009803772
"(2080, 3408, 1470)",0.6000091433525085
"(1385, 1298, 2890)",0.6000083088874817
"(1964, 2050, 1284, 3095)",0.600006639957428
"(2626, 3682, 1380, 1448, 1489, 2397)",0.6000063419342041
"(5446, 1390, 303)",0.6000051498413086
"(385, 4461, 567)",0.600004255771637
"(3920, 1284, 1828)",0.600004255771637
"(2916, 2213, 54)",0.6000041961669922
"(1953, 258, 4419, 1801, 1963, 1933, 1463)",0.6000040769577026
"(184, 3780, 637)",0.6000038981437683
"(1953, 1954, 1288, 2506, 2958, 1469)",0.600003719329834
"(128, 1953, 1890, 3002, 2109)",0.6000036001205444
"(128, 1825, 4420, 1612, 159)",0.6000030636787415
"(481, 2356, 2911)",0.6000029444694519
"(1512, 1754, 2890)",0.6000027060508728
"(3200, 1313, 1781)",0.6000024676322937
"(296, 1777, 4933, 1350)",0.6000024676322937
"(1442, 2444, 1902, 2994, 1502, 1919)",0.600001871585846
"(3920, 1305, 2239)",0.6000016927719116
"(1284, 3397, 1828)",0.6000016927719116
"(3200, 1083, 1974)",0.6000005602836609
"(1830, 2881, 1484, 1502)",0.6000002026557922
"(2064, 1979, 3335, 1447)",0.5999997854232788
"(4349, 1426, 573)",0.599999725818634
"(4000, 1953, 1954, 1703, 1288, 2279, 1469, 2718)",0.5999990701675415
"(3347, 1740, 1149)",0.5999982357025146
"(3435, 425, 1963, 2718)",0.5999981164932251
"(3288, 2570, 1372)",0.5999964475631714
"(2895, 1330, 1774, 1674)",0.5999962091445923
"(128, 1825, 4420, 350, 159)",0.5999948382377625
"(2705, 3347, 1740)",0.5999940633773804
"(1953, 1386, 1786, 4796)",0.5999933481216431
"(3682, 2541, 2143)",0.5999932885169983
"(1786, 1195, 4974)",0.5999920964241028
"(1688, 4513, 1373, 117)",0.5999920964241028
"(2284, 3933, 1927)",0.5999919176101685
"(1426, 3267, 1382)",0.5999912023544312
"(128, 1953, 1920, 1974, 3519)",0.5999895334243774
"(1971, 4244, 2127)",0.5999888181686401
"(2617, 139, 5415)",0.5999882817268372
"(1464, 1348, 3014)",0.5999882221221924
"(128, 1953, 1954, 1288, 1512, 1835, 2969, 2718)",0.5999876856803894
"(1466, 1298, 2796, 1674)",0.599987268447876
"(1472, 1713, 2890)",0.5999870896339417
"(1537, 2941, 1446)",0.5999853610992432
"(4469, 1782, 1743)",0.5999850630760193
"(3200, 2722, 1577, 2519, 568)",0.5999833345413208
"(1656, 2417, 1306, 3200)",0.5999829173088074
"(159, 1825, 4420, 1835, 2559)",0.5999826192855835
"(1825, 2122, 3169, 159)",0.5999824404716492
"(3226, 1974, 1463)",0.5999820828437805
"(1190, 747, 1841, 690, 4891)",0.5999817252159119
"(2050, 3274, 1485, 1298, 1300)",0.5999816656112671
"(3257, 1036, 2308)",0.5999815464019775
"(1953, 1890, 1382, 1703, 4103, 285)",0.5999812483787537
"(1304, 4545, 1355)",0.5999807715415955
"(1539, 1315, 3500)",0.599979817867279
"(592, 2895, 1375)",0.599979817867279
"(1953, 3013, 1786, 251, 253)",0.5999795198440552
"(3682, 1468, 2397, 2590)",0.5999794602394104
"(3408, 1330, 1774, 1674)",0.5999783277511597
"(752, 4149, 1447)",0.5999781489372253
"(3200, 2700, 1390)",0.5999778509140015
"(2080, 2083, 3414)",0.5999767780303955
"(1971, 3900, 2127)",0.5999752283096313
"(1284, 2133, 2807)",0.5999751687049866
"(1953, 1954, 1703, 1288, 2057, 2962, 1469, 159)",0.5999749898910522
"(1976, 2995, 117)",0.5999741554260254
"(128, 1953, 4441, 1463)",0.599973738193512
"(4418, 1868, 1326)",0.5999736189842224
"(4891, 676, 2253)",0.5999727845191956
"(2208, 1571, 2968)",0.5999719500541687
"(388, 3477, 2335)",0.5999714136123657
"(896, 73, 2529, 2775)",0.5999712944030762
"(3042, 163, 2116)",0.5999706983566284
"(2240, 1827, 2568, 2427, 3262)",0.599970281124115
"(2102, 1774, 3415)",0.5999695658683777
"(1799, 1512, 1639, 2297, 4638)",0.5999695062637329
"(128, 1825, 1953, 1954, 3200, 1446, 1288, 1512, 1390, 1469)",0.5999692678451538
"(1442, 2405, 2444, 1902, 2994)",0.5999690890312195
"(1385, 2938, 1949)",0.5999690890312195
"(3200, 1571, 1383, 2005, 1944)",0.5999687314033508
"(2534, 2539, 1302, 3224, 2074)",0.599968671798706
"(1466, 1298, 3019)",0.5999679565429688
"(4684, 2541, 1990)",0.5999677777290344
"(2490, 1491, 2890)",0.599966824054718
"(26, 29, 5006)",0.599966824054718
"(2572, 4886, 2327)",0.5999659895896912
"(1697, 3414, 1759)",0.5999658703804016
"(1480, 4801, 2192)",0.5999654531478882
"(1090, 1764, 4029)",0.5999652147293091
"(2322, 4354, 1372)",0.5999644994735718
"(2350, 2341, 1502, 4816)",0.5999644994735718
"(1561, 2267, 5357, 54)",0.5999643802642822
"(1953, 1954, 2275, 1288, 2958, 1469, 2718)",0.5999637842178345
"(3019, 1788, 1341, 54)",0.5999634265899658
"(5284, 2083, 1372)",0.5999624729156494
"(2026, 4443, 1380, 1590)",0.5999622344970703
"(3682, 2571, 1350)",0.5999606847763062
"(1512, 3510, 1390)",0.5999605059623718
"(1326, 1305, 1318, 3414)",0.599960446357727
"(1953, 4582, 1836, 1999, 251, 1469)",0.5999595522880554
"(2560, 4417, 258, 1801, 159)",0.5999593734741211
"(1481, 4891, 1460)",0.5999582409858704
"(3200, 2001, 386)",0.5999581813812256
"(1732, 1228, 2975)",0.5999574661254883
"(1377, 4460, 662, 2057)",0.5999571681022644
"(1825, 1890, 1953, 4329, 1463)",0.5999569296836853
"(2260, 1827, 1788, 3019)",0.5999566912651062
"(1592, 2257, 3106)",0.5999562740325928
"(2223, 1937, 2775, 1519)",0.5999552607536316
"(2938, 2559, 1071)",0.5999542474746704
"(1234, 3076, 1350)",0.5999533534049988
"(2768, 1974, 5406)",0.5999531149864197
"(2208, 861, 2974)",0.5999523997306824
"(1411, 2541, 3054, 689, 1490)",0.5999523997306824
"(1979, 2868, 303)",0.5999523401260376
"(321, 1939, 4886, 2593)",0.5999516844749451
"(2232, 5272, 1350)",0.599950909614563
"(1480, 1902, 2997, 1461, 1919)",0.5999507308006287
"(1799, 1776, 1809, 251, 4638)",0.5999504327774048
"(1512, 5218, 1939, 1463)",0.5999492406845093
"(128, 1512, 584, 3212, 660)",0.5999485850334167
"(2496, 1953, 3904, 1288, 1390, 2519, 1469, 2718)",0.5999484658241272
"(1936, 2690, 5093)",0.5999476909637451
"(4544, 1212, 1974)",0.5999470949172974
"(1384, 3270, 1567)",0.5999462604522705
"(1288, 1512, 3042, 1837)",0.5999457240104675
"(3642, 2143, 87)",0.5999457240104675
"(730, 2652, 2775)",0.5999453067779541
"(25, 3469, 2718)",0.5999445915222168
"(3019, 1788, 229, 54)",0.5999444723129272
"(258, 1446, 2057, 660, 1974, 4351)",0.5999437570571899
"(2080, 3075, 1781)",0.5999436974525452
"(1382, 1512, 4328, 2297, 2718)",0.5999435186386108
"(3922, 539, 2559)",0.5999427437782288
"(1377, 4474, 662)",0.5999423265457153
"(1688, 3042, 1939)",0.5999423265457153
"(1392, 3042, 1422)",0.5999422073364258
"(3435, 2417, 1579, 1963)",0.5999414324760437
"(1382, 1800, 1386, 1836, 332, 1837, 4332)",0.5999413728713989
"(251, 3525, 2718)",0.5999413132667542
"(4545, 1740, 1886)",0.5999411940574646
"(1953, 4103, 1386, 1836, 1837, 1786, 251, 253, 1469)",0.5999404788017273
"(2881, 2341, 1734)",0.5999404788017273
"(2178, 3525, 1578, 2028, 2160, 2001)",0.5999396443367004
"(1920, 1433, 2941, 1529)",0.599939227104187
"(2672, 2546, 5357)",0.5999391078948975
"(408, 1481, 5119, 1351)",0.5999389290809631
"(3894, 25, 398)",0.5999376773834229
"(1953, 1800, 1836, 4404, 1781, 568, 1469)",0.5999374389648438
"(2890, 2718, 302)",0.599937379360199
"(3276, 1326, 1983)",0.5999372601509094
"(4511, 2446, 1535)",0.5999363660812378
"(4545, 1989, 2568, 201, 2066, 2136)",0.599936306476593
"(516, 1830, 1529, 1433, 2941)",0.5999360084533691
"(2777, 1315, 2383)",0.5999345183372498
"(1344, 2166, 4032)",0.5999342203140259
"(1898, 4354, 2642)",0.5999332666397095
"(1305, 1723, 5357)",0.5999327301979065
"(681, 2973, 1743)",0.5999324917793274
"(10, 44, 3766, 2116)",0.5999324917793274
"(2417, 3042, 574)",0.5999324321746826
"(1372, 3118, 2159)",0.5999312996864319
"(3731, 2143, 87)",0.5999312996864319
"(4559, 1815, 574, 1535)",0.5999311208724976
"(1953, 4103, 1800, 1386, 332, 1836, 1786)",0.5999307036399841
"(2643, 2916, 1535)",0.5999306440353394
"(2897, 2278, 1390)",0.5999302864074707
"(4538, 1963, 1294)",0.5999299883842468
"(2248, 2985, 1901)",0.599929690361023
"(2080, 2297, 3192, 1382)",0.5999283194541931
"(523, 660, 4547, 159)",0.5999282002449036
"(128, 4420, 1446, 1801, 2738, 1463)",0.5999282002449036
"(4324, 1611, 2116)",0.5999273657798767
"(1921, 2628, 4557)",0.5999273061752319
"(1427, 1300, 4886)",0.5999271869659424
"(1330, 4899, 1774, 1674)",0.5999270081520081
"(193, 194, 2113, 1989, 1706, 2066, 3262)",0.5999270081520081
"(1801, 1953, 1933, 4127)",0.5999265909194946
"(1976, 3017, 220)",0.5999259948730469
"(1953, 1800, 1836, 1781, 568, 1469, 4446)",0.5999254584312439
"(1968, 1409, 3144, 2541)",0.5999253988265991
"(128, 1825, 1953, 1703, 1512, 2417, 4347)",0.5999252796173096
"(568, 586, 2958)",0.5999235510826111
"(1329, 1755, 4470)",0.5999232530593872
"(2080, 1465, 739, 3900)",0.5999212861061096
"(1968, 1476, 5406)",0.5999205708503723
"(1777, 1829, 69, 4391)",0.5999199748039246
"(4103, 2399, 1535)",0.59991854429245
"(3144, 1339, 1308)",0.5999182462692261
"(217, 3278, 1358, 2073)",0.5999181270599365
"(3200, 1409, 251, 1071)",0.599918007850647
"(1305, 2546, 3617, 1329)",0.599918007850647
"(424, 4608, 1338)",0.5999177694320679
"(128, 1825, 1953, 1954, 1446, 1288, 1512, 1390, 2808, 1469)",0.599917471408844
"(1721, 2890, 1814)",0.5999172329902649
"(1800, 2297, 332, 3192)",0.5999159812927246
"(1509, 3019, 1869, 1396, 1788)",0.5999152660369873
"(2240, 4545, 1827, 2568, 2427)",0.5999150276184082
"(1376, 2777, 1909)",0.5999124646186829
"(1953, 1954, 3298, 1382, 1703, 2127)",0.5999117493629456
"(1288, 1577, 4347, 1838)",0.5999115109443665
"(1446, 1963, 2738, 4532, 1974)",0.5999113321304321
"(1288, 1210, 1837, 4486)",0.59991055727005
"(2433, 3642, 2643)",0.59991055727005
"(3778, 1875, 1939, 269)",0.5999101996421814
"(1496, 54, 2775)",0.5999093651771545
"(656, 2807, 2307, 1391)",0.5999082326889038
"(816, 691, 3510, 998)",0.5999080538749695
"(1513, 1802, 2777)",0.5999072194099426
"(1513, 3214, 511)",0.5999058485031128
"(2496, 1953, 1288, 2956, 1294, 1469, 2718)",0.5999058485031128
"(128, 1801, 2738, 660, 4821, 1974)",0.5999057292938232
"(689, 1315, 3750, 406)",0.5999054908752441
"(3899, 2475, 2446)",0.5999053716659546
"(1747, 1996, 4103)",0.5999040603637695
"(713, 1929, 3914)",0.5999038815498352
"(1476, 1813, 2775)",0.5999035239219666
"(341, 1838, 4103)",0.599903404712677
"(1676, 1773, 2775)",0.5999033451080322
"(1337, 1492, 2817)",0.5999016165733337
"(3840, 1571, 1838)",0.5999014377593994
"(1953, 1786, 4796, 1837)",0.5999007821083069
"(128, 1953, 1801, 2859, 660, 2298, 159)",0.5998995900154114
"(218, 5079, 511)",0.5998989343643188
"(1953, 1703, 1963, 2956, 1974, 285)",0.599898636341095
"(1481, 1460, 5413)",0.5998982787132263
"(2655, 2890, 1390, 1535)",0.5998979210853577
"(1953, 1954, 1294, 2969, 2718)",0.5998979210853577
"(128, 1825, 4420, 2122, 2486, 159)",0.5998979210853577
"(1953, 1890, 1446, 2738, 4178, 1463)",0.5998976230621338
"(1512, 2417, 5099)",0.5998972058296204
"(1528, 3019, 1317)",0.5998970866203308
"(1442, 2217, 2994, 1597, 1919)",0.5998964905738831
"(3265, 1382, 1386, 1809, 251, 253)",0.5998963713645935
"(3265, 1799, 1809, 568, 251)",0.5998958945274353
"(2427, 2796, 1791)",0.5998955368995667
"(1466, 1298, 2911, 1674)",0.5998954772949219
"(1384, 1512, 5388)",0.599895179271698
"(2066, 4545, 58, 1827)",0.5998948812484741
"(2417, 2890, 2718)",0.5998947024345398
"(10, 1996, 4103)",0.5998936295509338
"(4891, 1692, 2703)",0.59989333152771
"(1944, 3200, 2541)",0.5998929738998413
"(1288, 1552, 3043, 2440)",0.599892795085907
"(0, 2916, 1740, 1925)",0.5998925566673279
"(1800, 4353, 730)",0.5998920202255249
"(3297, 1898, 1315, 2546)",0.5998910665512085
"(3125, 685, 1902, 687)",0.5998897552490234
"(2491, 2188, 309, 3815)",0.5998896360397339
"(4768, 1385, 1294)",0.5998894572257996
"(128, 1953, 1890, 3169, 1446, 363, 1963)",0.5998888611793518
"(1512, 4632, 2220)",0.599888265132904
"(1434, 3114, 1439)",0.5998877882957458
"(1897, 4002, 2239)",0.5998877286911011
"(2279, 584, 1512, 3212, 567)",0.5998871326446533
"(2053, 2094, 2062, 1492, 2904, 1372)",0.5998870134353638
"(128, 1953, 3149, 1744)",0.5998864769935608
"(1809, 1386, 3682, 2202)",0.5998862385749817
"(568, 2297, 2925)",0.5998852252960205
"(3258, 2090, 1925)",0.5998852252960205
"(2178, 1578, 2028, 2160, 2001, 4028)",0.5998851656913757
"(2300, 1341, 4470)",0.5998851656913757
"(3200, 1402, 1837)",0.5998847484588623
"(2672, 3019, 1692)",0.5998844504356384
"(2799, 2243, 1791)",0.5998842716217041
"(1376, 4219, 1404)",0.599884033203125
"(1512, 3500, 1381)",0.5998838543891907
"(1433, 4545, 1513)",0.5998835563659668
"(1706, 114, 1939, 5127)",0.599883496761322
"(1953, 1890, 1446, 2956, 2738, 1463)",0.5998815298080444
"(1426, 3267, 2599)",0.5998807549476624
"(2541, 830, 2799)",0.5998807549476624
"(2953, 2083, 1444)",0.5998806953430176
"(2410, 3085, 1490, 1362, 54)",0.5998796224594116
"(1953, 1954, 2947, 2242, 1288)",0.5998787879943848
"(1953, 1963, 3612)",0.5998784303665161
"(2790, 1748, 2542)",0.599878191947937
"(1386, 5383, 1823)",0.5998780727386475
"(1481, 2427, 3310)",0.5998771786689758
"(1160, 1697, 3810)",0.5998766422271729
"(2240, 1481, 2890, 2427)",0.5998764634132385
"(2506, 3903, 1991)",0.5998758673667908
"(1960, 1409, 4103)",0.5998749136924744
"(5030, 2524, 2302, 1535)",0.5998737215995789
"(1433, 1994, 4123, 2524)",0.5998734831809998
"(1953, 1954, 1288, 1512, 2958, 1744, 1469)",0.599873423576355
"(2243, 5030, 190)",0.5998731851577759
"(4545, 169, 2090, 2220, 1709, 121, 1439)",0.5998731255531311
"(25, 1426, 4861, 2609)",0.5998727679252625
"(793, 1364, 685, 5326)",0.599872350692749
"(1574, 1126, 2975)",0.5998722910881042
"(233, 2091, 173, 2102, 3415)",0.5998720526695251
"(1953, 1446, 1801, 4329, 1933, 1390, 1781, 1463)",0.599871814250946
"(1799, 1776, 1809, 4916, 568, 251)",0.5998717546463013
"(4417, 1403, 1988)",0.5998715162277222
"(1944, 2210, 3200)",0.5998715162277222
"(290, 291, 2958)",0.5998711585998535
"(4672, 2446, 1535)",0.5998706221580505
"(1512, 2297, 4586, 1639)",0.5998702049255371
"(2890, 459, 581, 1670)",0.5998696088790894
"(4354, 539, 2771)",0.5998691916465759
"(3440, 1305, 1326)",0.5998691916465759
"(1288, 1552, 3042, 2440)",0.5998691320419312
"(1953, 1954, 1288, 3903, 89, 1469, 2718, 575)",0.599868893623352
"(1465, 1445, 3255)",0.5998685359954834
"(10, 4446, 1855)",0.5998683571815491
"(2410, 1490, 1362, 54, 4599)",0.59986811876297
"(1953, 1382, 1703, 1512, 1705, 3212)",0.5998678803443909
"(1601, 4417, 1703, 1800, 1707, 2718)",0.5998675227165222
"(1994, 1442, 3796, 2332)",0.5998672842979431
"(539, 2916, 2718)",0.5998666882514954
"(2577, 3427, 1382)",0.599866509437561
"(2444, 1902, 2994, 1597, 1502, 1919)",0.5998663306236267
"(1763, 1837, 493, 2297, 3198)",0.5998660922050476
"(4906, 1771, 1829, 2303)",0.5998660326004028
"(2953, 2212, 1645)",0.5998659729957581
"(1698, 5030, 1535)",0.5998653173446655
"(5152, 1529, 1921)",0.5998652577400208
"(568, 3298, 739, 493)",0.5998643636703491
"(2890, 1390, 302, 303, 1463)",0.5998638272285461
"(128, 1446, 4135, 1963, 1390, 660)",0.5998631119728088
"(1571, 1383, 1426, 309, 2968)",0.5998618602752686
"(1777, 2058, 4545, 637)",0.5998618006706238
"(1384, 1512, 3499)",0.5998610258102417
"(1960, 3075, 254)",0.5998595952987671
"(1352, 1403, 3200, 502)",0.5998595952987671
"(1352, 441, 3414)",0.5998588800430298
"(1512, 2057, 3937, 2279)",0.5998587012290955
"(3926, 2330, 2613, 2302)",0.5998578071594238
"(2672, 1315, 5046)",0.5998576283454895
"(2897, 684, 54)",0.5998560786247253
"(1676, 2973, 1743)",0.5998558402061462
"(3512, 1995, 1662)",0.599855363368988
"(800, 3635, 685)",0.5998549461364746
"(128, 1825, 2560, 1703, 1801, 2956, 660, 285)",0.5998541712760925
"(2738, 331, 2916)",0.5998539328575134
"(3010, 1490, 1362, 1788)",0.599853515625
"(1090, 3068, 1382, 1703)",0.5998531579971313
"(420, 421, 2895)",0.5998530387878418
"(1984, 1396, 2775)",0.5998529195785522
"(4161, 1557, 269, 190)",0.5998529195785522
"(2541, 54, 4550)",0.599852442741394
"(1471, 1578, 1996, 2351, 3834, 251, 253, 1855)",0.5998523831367493
"(1464, 3014, 1942)",0.5998520255088806
"(1825, 4420, 1703, 2122, 2298, 350)",0.599851667881012
"(216, 1418, 3347)",0.5998516082763672
"(1372, 3119, 1439)",0.5998511910438538
"(1713, 2243, 4545)",0.5998507142066956
"(3376, 459, 1774)",0.599850594997406
"(1480, 3532, 1935)",0.5998497009277344
"(128, 1801, 2738, 660, 1974, 4822)",0.5998482704162598
"(1489, 3682, 1380, 1701)",0.5998475551605225
"(3682, 1448, 2601, 2397, 1534)",0.5998472571372986
"(1697, 3347, 1740)",0.5998461842536926
"(3200, 1954, 1036)",0.5998459458351135
"(3521, 1021, 1933)",0.5998448133468628
"(1953, 1800, 1801, 4410, 285)",0.5998446941375732
"(25, 26, 3492)",0.5998446345329285
"(1953, 1954, 4842, 1294, 1469)",0.5998445749282837
"(296, 3313, 1373)",0.5998445153236389
"(1825, 1446, 1703, 4329, 1963, 1933, 1390, 660, 285)",0.5998438596725464
"(1329, 1755, 4886)",0.5998420119285583
"(3042, 2116, 1837)",0.5998415946960449
"(2242, 2630, 2086, 2958, 1469, 2718)",0.5998411774635315
"(816, 4443, 691, 998)",0.5998408198356628
"(1953, 1390, 1294, 4103)",0.5998404026031494
"(128, 1953, 1954, 1703, 1288, 4329, 1469, 2718, 159)",0.5998395085334778
"(1418, 3347, 1967)",0.5998386740684509
"(2905, 2435, 2103, 1951)",0.5998386740684509
"(2482, 3371, 1655)",0.599836528301239
"(1234, 1350, 3839)",0.5998360514640808
"(273, 3214, 1446)",0.5998359322547913
"(3169, 519, 1963, 1933, 159)",0.5998351573944092
"(1920, 2433, 2941)",0.5998346209526062
"(3347, 1709, 1967)",0.5998342633247375
"(1494, 430, 2975)",0.5998342037200928
"(1446, 1963, 1933, 2738, 4469)",0.5998340249061584
"(1513, 3490, 511)",0.5998337864875793
"(2080, 2529, 54, 4599)",0.5998321771621704
"(1329, 2891, 54, 2143)",0.5998318195343018
"(2208, 1413, 2974)",0.5998308062553406
"(128, 1953, 1801, 4718, 1463, 2718)",0.5998307466506958
"(2546, 1774, 3415)",0.5998303890228271
"(1441, 1794, 2817)",0.5998299717903137
"(1960, 1996, 4103)",0.599829912185669
"(1944, 1402, 3203)",0.5998296737670898
"(2140, 4509, 1446)",0.5998295545578003
"(1512, 2473, 3937, 631)",0.5998291969299316
"(1370, 4988, 1933, 1390)",0.5998285412788391
"(1490, 1802, 4594)",0.5998281240463257
"(3347, 2062, 2063)",0.5998271703720093
"(1953, 739, 1578, 1426, 2358, 4024)",0.5998262763023376
"(1688, 4513, 2330)",0.5998262166976929
"(4706, 1470, 1495)",0.5998258590698242
"(3376, 1446, 1294)",0.5998243093490601
"(1353, 2771, 3283)",0.5998234748840332
"(1953, 5070, 575)",0.5998229384422302
"(1685, 2102, 3119)",0.5998228788375854
"(1960, 1410, 5030)",0.5998222827911377
"(2051, 1332, 2951)",0.5998222827911377
"(2672, 5021, 1294)",0.5998218655586243
"(3066, 1579, 1974)",0.5998218655586243
"(1889, 54, 4886)",0.5998213291168213
"(1312, 1540, 4391)",0.599821150302887
"(1994, 1611, 4324)",0.5998204946517944
"(2968, 1535, 567)",0.5998204946517944
"(1456, 3200, 2541)",0.5998201966285706
"(568, 586, 3200)",0.599819004535675
"(2168, 650, 3415)",0.599819004535675
"(681, 3250, 741)",0.599818766117096
"(2236, 1709, 3118)",0.5998184084892273
"(2777, 2570, 1676)",0.5998176336288452
"(3682, 2397, 2590, 2143)",0.5998172163963318
"(1953, 1954, 1294, 1469, 2718, 3903)",0.5998170971870422
"(1703, 1512, 4329, 1390, 2417, 2738)",0.599816620349884
"(1688, 249, 1979, 4926)",0.5998138785362244
"(3490, 1107, 2140)",0.5998134613037109
"(1809, 498, 739, 3597)",0.5998131036758423
"(2113, 1481, 58, 3262)",0.5998123288154602
"(1799, 4328, 574, 2297, 2718)",0.5998122096061707
"(4654, 754, 802, 262)",0.5998106598854065
"(2953, 1827, 2260)",0.5998082756996155
"(1968, 1754, 2541, 3238)",0.5998066663742065
"(121, 1434, 3750, 1439)",0.5998064279556274
"(187, 2236, 3415)",0.5998058319091797
"(361, 1453, 3085, 53, 2104, 1499)",0.599805474281311
"(4723, 364, 1399)",0.5998039841651917
"(1857, 3095, 1287)",0.5998034477233887
"(3256, 1490, 794)",0.5998033285140991
"(2777, 106, 2219, 2598)",0.5998033285140991
"(2057, 1426, 3267)",0.5998020172119141
"(4680, 25, 1426, 2609)",0.5998020172119141
"(25, 739, 684, 3297)",0.5998015999794006
"(1809, 498, 739, 4637)",0.599801242351532
"(2341, 1994, 1484, 2350, 4816)",0.599801242351532
"(10, 4103, 1855)",0.5998010039329529
"(2204, 4925, 1390)",0.5997998118400574
"(2570, 3014, 2247)",0.599799633026123
"(2570, 5415, 1791)",0.5997995138168335
"(3042, 2116, 10, 44, 51)",0.5997986197471619
"(584, 89, 1512, 4497)",0.599798321723938
"(2541, 1829, 3815)",0.5997982621192932
"(1641, 3762, 1333)",0.5997981429100037
"(2297, 2071, 3212, 159)",0.5997980237007141
"(1696, 1529, 1467, 4984)",0.5997978448867798
"(1392, 1356, 2356, 2796)",0.599797248840332
"(3200, 1697, 1315, 1740)",0.5997967720031738
"(1936, 4219, 1404)",0.5997965931892395
"(1835, 2916, 2213)",0.5997959971427917
"(2722, 1382, 1512, 2956, 2297)",0.5997948050498962
"(2541, 3219, 2109)",0.599793553352356
"(3042, 51, 1837)",0.5997932553291321
"(1392, 1571, 2968)",0.5997929573059082
"(128, 1801, 1933, 1390, 1463, 4542)",0.59979248046875
"(1809, 1350, 3815)",0.5997916460037231
"(2938, 2307, 2734)",0.5997915863990784
"(1953, 1954, 1382, 1703, 1800, 629, 4601, 1469)",0.5997914671897888
"(224, 1506, 3651)",0.5997912287712097
"(1825, 1953, 1954, 1288, 1512, 4522, 1390, 1814)",0.5997909903526306
"(4545, 2570, 2157, 1709)",0.5997909903526306
"(38, 2953, 1520, 371, 2009)",0.5997906923294067
"(1953, 519, 2738, 1974, 3002)",0.5997903347015381
"(816, 691, 998, 3095)",0.5997895002365112
"(4338, 1468, 1974)",0.5997886657714844
"(880, 3411, 1493)",0.5997880101203918
"(568, 385, 306, 4988)",0.5997877717018127
"(827, 459, 3500)",0.599787175655365
"(10, 3042, 1618)",0.5997865796089172
"(1979, 2998, 2143)",0.5997864603996277
"(2541, 54, 3415)",0.5997859835624695
"(3200, 1645, 1382, 1799)",0.5997856259346008
"(2368, 1291, 5243)",0.5997852087020874
"(4794, 1430, 54, 1759)",0.5997844338417053
"(2530, 901, 54, 3085)",0.5997840762138367
"(1409, 4103, 1471, 1996, 2351, 2325, 2140, 1855)",0.5997839570045471
"(1665, 1788, 3085, 54)",0.5997838973999023
"(2721, 2890, 2718)",0.5997833013534546
"(1288, 1933, 4532, 1467, 1535)",0.599782407283783
"(609, 3075, 1838)",0.5997819900512695
"(1781, 3682, 493)",0.5997812747955322
"(1960, 1836, 3200)",0.5997806787490845
"(1418, 3347, 1998, 1358)",0.5997804999351501
"(1512, 1705, 2275, 4509)",0.5997800827026367
"(1968, 1555, 4919, 1754, 1566)",0.5997792482376099
"(0, 2869, 1740, 1925)",0.5997790694236755
"(1713, 2243, 4886)",0.5997787714004517
"(2616, 473, 1298, 3214)",0.5997779965400696
"(3042, 51, 1831)",0.5997771620750427
"(1490, 634, 2885)",0.5997771620750427
"(1481, 1444, 1317, 4886)",0.5997768044471741
"(2050, 1427, 2942, 1982)",0.5997766256332397
"(2008, 2116, 4486)",0.599776566028595
"(2104, 2968, 2446, 2447)",0.599776566028595
"(1674, 1299, 2911)",0.5997751951217651
"(3200, 1705, 2057, 660, 89, 2492)",0.5997747778892517
"(360, 361, 2521, 1774, 3257)",0.599774181842804
"(2298, 493, 294, 4383)",0.5997740030288696
"(3200, 2297, 395)",0.5997738242149353
"(1284, 2133, 4886)",0.599773645401001
"(474, 2916, 1863)",0.5997723340988159
"(2641, 2642, 54, 3431)",0.5997717976570129
"(1825, 1703, 1933, 2958, 660, 285)",0.5997717380523682
"(1706, 1939, 3813, 782)",0.5997714996337891
"(794, 2604, 3455)",0.5997703671455383
"(2330, 1877, 2230, 3509)",0.5997689366340637
"(25, 1811, 4429)",0.5997687578201294
"(1410, 3144, 73, 1869, 1490, 54)",0.5997685790061951
"(5456, 2428, 2597)",0.599768340587616
"(1800, 1837, 4404, 251, 253, 574)",0.5997681617736816
"(1960, 2354, 3762)",0.5997679829597473
"(3200, 332, 2446, 2447)",0.5997675657272339
"(178, 475, 4383)",0.5997675657272339
"(2601, 4322, 1628, 1413)",0.5997669100761414
"(3200, 1326, 1799)",0.5997666120529175
"(2263, 2972, 1558, 1743)",0.5997662544250488
"(2712, 2326, 3598)",0.5997660756111145
"(1288, 1837, 4486, 2367)",0.5997660756111145
"(1467, 2868, 1390, 1814)",0.599764883518219
"(1953, 1836, 4311, 1786, 251, 1180, 253)",0.5997645258903503
"(689, 1315, 3541, 406)",0.5997644662857056
"(1954, 370, 4324, 1426)",0.5997640490531921
"(752, 1512, 3500)",0.5997631549835205
"(3266, 1382, 1799, 1386, 1809, 251)",0.5997620820999146
"(1953, 258, 1801, 1963, 1933, 1463, 4383)",0.5997614860534668
"(2998, 2143, 87)",0.5997603535652161
"(2144, 1286, 3095)",0.5997600555419922
"(1457, 1284, 3270, 2686)",0.5997596383094788
"(1801, 1067, 2958, 2297, 2559)",0.5997594594955444
"(2322, 1372, 2794)",0.5997592806816101
"(2602, 1974, 3210)",0.5997591614723206
"(1201, 2817, 1329)",0.599759042263031
"(1424, 3200, 1944)",0.5997586250305176
"(1994, 2014, 4919)",0.5997583866119385
"(2026, 4978, 1380, 1518)",0.5997579097747803
"(4400, 290, 291)",0.5997574925422668
"(1505, 4554, 1326)",0.5997573733329773
"(3042, 1837, 493)",0.5997573137283325
"(3200, 1971, 1836)",0.5997570157051086
"(2178, 4676, 1578, 2028, 2160, 2001)",0.5997568964958191
"(2441, 4351, 2486, 1463)",0.5997551083564758
"(1480, 3200, 1574)",0.5997549295425415
"(1929, 1341, 2902)",0.5997543334960938
"(2560, 1890, 1963, 660, 2718, 4415)",0.5997543334960938
"(4838, 46, 1471)",0.5997541546821594
"(1944, 3204, 1350)",0.5997539162635803
"(2427, 2798, 1935)",0.5997531414031982
"(2368, 3916, 1351)",0.5997526049613953
"(1305, 3778, 671)",0.5997524261474609
"(3066, 1763, 573)",0.5997519493103027
"(288, 3212, 398, 660, 159)",0.599751889705658
"(1962, 4443, 2405)",0.5997514128684998
"(1936, 3920, 1579)",0.5997504591941833
"(3440, 1481, 1351)",0.599750280380249
"(330, 4708, 2023)",0.5997502207756042
"(2643, 539, 2916)",0.5997490882873535
"(4553, 332, 1382)",0.5997486114501953
"(2810, 2143, 1823)",0.5997477769851685
"(1992, 1357, 4023)",0.5997472405433655
"(1288, 4538, 1963, 1535)",0.5997471213340759
"(1305, 1723, 3415)",0.5997467041015625
"(2570, 4627, 175)",0.5997462272644043
"(2530, 2953, 54, 2521, 2591)",0.5997461080551147
"(2113, 1481, 2890)",0.5997456908226013
"(1448, 1489, 1450, 3682)",0.599744975566864
"(1953, 4103, 1800, 1386, 1836, 1837, 1786, 251, 253, 1469)",0.599744975566864
"(3682, 1934, 1335)",0.5997444987297058
"(3214, 668, 1390)",0.5997442007064819
"(1953, 4103, 1837, 1469, 286)",0.5997440814971924
"(1960, 3200, 1469)",0.5997439622879028
"(922, 3900, 1639)",0.5997432470321655
"(2104, 4418, 590)",0.5997429490089417
"(5030, 2214, 1743)",0.5997428297996521
"(128, 2738, 4827, 660)",0.5997426509857178
"(1512, 4681, 2475, 2140)",0.5997422337532043
"(128, 4297, 1963, 1933)",0.5997418761253357
"(2322, 2794, 1967)",0.5997403860092163
"(1510, 3678, 2064, 1979, 2302)",0.599740207195282
"(2738, 2807, 159)",0.5997393131256104
"(1385, 2890, 1294)",0.5997386574745178
"(2160, 585, 3199, 2015)",0.5997380614280701
"(1288, 3043, 1837, 1574)",0.5997377038002014
"(128, 1953, 1446, 1963, 3218)",0.5997376441955566
"(1800, 1707, 2947, 1703)",0.5997374653816223
"(5218, 2413, 1310)",0.599737286567688
"(404, 2102, 3415)",0.5997368693351746
"(1890, 285, 2958, 159)",0.5997368693351746
"(3489, 1970, 2150)",0.5997365713119507
"(385, 2242, 4854, 567, 568)",0.5997365713119507
"(1953, 1382, 1703, 2958, 285)",0.5997362732887268
"(1830, 1484, 3252, 1176, 1502)",0.5997362732887268
"(3075, 1837, 2446, 159)",0.5997360348701477
"(474, 66, 3085)",0.5997359156608582
"(4353, 1974, 1535)",0.5997359156608582
"(1471, 1578, 1996, 2351, 251, 253, 4446, 1855)",0.5997349619865417
"(698, 4331, 1484)",0.5997348427772522
"(1953, 258, 1801, 1963, 1933, 1463, 4377)",0.599733829498291
"(2672, 1492, 3118)",0.5997326374053955
"(5400, 2425, 2577)",0.5997325778007507
"(258, 2140, 1446, 3334)",0.5997323989868164
"(1520, 3045, 54)",0.5997318029403687
"(5127, 196, 1479)",0.5997304320335388
"(4514, 1980, 1357)",0.5997301340103149
"(1288, 3042, 2140, 1837)",0.5997295379638672
"(3914, 1939, 1645)",0.5997278690338135
"(3202, 1799, 1809, 568, 251)",0.5997276902198792
"(4256, 2422, 1606)",0.5997264385223389
"(1288, 1467, 3214, 303)",0.5997263789176941
"(1443, 1588, 3166)",0.5997262001037598
"(3904, 2718, 1923, 1390)",0.5997244715690613
"(560, 3019, 1188)",0.5997228026390076
"(1480, 2506, 5260)",0.5997222065925598
"(1329, 1755, 4599)",0.5997219681739807
"(2777, 187, 2236)",0.5997219085693359
"(3200, 1202, 1799)",0.5997218489646912
"(1936, 3487, 2503)",0.5997218489646912
"(1434, 4605, 1439)",0.5997217297554016
"(1993, 2777, 237)",0.5997204780578613
"(2616, 2370, 3453)",0.5997196435928345
"(128, 3078, 1801, 2738, 660, 1974)",0.5997192859649658
"(4513, 2619, 2180)",0.5997187495231628
"(2008, 4496, 1383)",0.5997185707092285
"(1382, 1542, 1800, 4103, 2668, 2297)",0.5997180938720703
"(1288, 3615, 2718, 1463)",0.5997174382209778
"(1304, 1355, 4886)",0.5997162461280823
"(1944, 3203, 1535)",0.5997161865234375
"(1512, 2473, 3939, 631)",0.599716067314148
"(2672, 1692, 5079)",0.5997158288955688
"(4160, 2570, 2091, 173, 2102)",0.5997152924537659
"(4543, 332, 1087)",0.599714994430542
"(2417, 266, 5030)",0.599714994430542
"(1512, 1490, 4766)",0.5997148156166077
"(2672, 2807, 1268, 1791)",0.5997142791748047
"(2593, 196, 5127, 18, 276)",0.5997142195701599
"(2322, 2067, 3118)",0.5997141003608704
"(1539, 2775, 1435, 1879)",0.5997140407562256
"(1665, 2300, 3085, 54)",0.5997134447097778
"(224, 4545, 1980)",0.5997130870819092
"(1446, 1288, 1963, 1463, 4508)",0.5997128486633301
"(2593, 3642, 87)",0.5997124314308167
"(1480, 3270, 2302, 791)",0.5997123122215271
"(425, 2885, 2718)",0.599711537361145
"(2080, 1953, 3200, 1703, 1974)",0.5997112393379211
"(4545, 1996, 1855, 1471)",0.5997111201286316
"(3656, 1801, 1953, 1825)",0.5997101068496704
"(2275, 2947, 2086, 1288, 1469)",0.5997099876403809
"(1284, 1296, 1297, 5271, 2430)",0.5997095108032227
"(1384, 2370, 2868)",0.5997093319892883
"(1953, 739, 3078, 1578, 1426, 2358)",0.5997085571289062
"(2027, 4820, 2102)",0.5997083783149719
"(3200, 1548, 1836, 1974)",0.5997083783149719
"(2080, 2529, 2953, 54)",0.5997065901756287
"(1092, 4103, 2414, 1974, 1855)",0.5997064709663391
"(1512, 1837, 3075, 29)",0.5997061729431152
"(2890, 1699, 1470)",0.5997058749198914
"(1284, 1287, 5099, 1298, 1982)",0.5997054576873779
"(1512, 3499, 1381)",0.5997047424316406
"(2392, 251, 4103)",0.5997043251991272
"(3002, 2738, 1974, 631)",0.5997040867805481
"(697, 1829, 769, 3425)",0.5997037887573242
"(25, 26, 3492, 29)",0.5997017621994019
"(1512, 5465, 1671)",0.5997017621994019
"(2651, 1085, 157, 2807)",0.5997009873390198
"(1953, 1801, 1933, 1390, 3183, 1463)",0.599700927734375
"(2541, 1870, 1490, 54, 4599)",0.5997005105018616
"(1825, 1446, 1703, 1963, 1933, 1390, 3219, 660, 285)",0.5996999144554138
"(1801, 2738, 1953, 4279)",0.5996986627578735
"(1481, 4123, 1444, 1989)",0.599698543548584
"(128, 1953, 1954, 1703, 1288, 3219, 1469, 2718, 159)",0.5996983647346497
"(640, 529, 4019, 157)",0.599698007106781
"(1825, 4420, 1743)",0.5996976494789124
"(3778, 2050, 1445, 878)",0.5996971130371094
"(3347, 1139, 2060, 1685)",0.5996970534324646
"(920, 291, 5156)",0.5996959209442139
"(2201, 54, 2911)",0.59969562292099
"(1481, 2058, 3500)",0.5996954441070557
"(568, 4410, 1972)",0.599694550037384
"(1569, 3682, 2159)",0.5996943712234497
"(1825, 1953, 1954, 1288, 1512, 1390, 1814, 1463, 4347)",0.5996913909912109
"(1848, 3114, 1943)",0.5996912717819214
"(1402, 739, 3900)",0.5996909737586975
"(2096, 2476, 5127)",0.5996906161308289
"(3200, 1402, 2755)",0.5996904373168945
"(739, 4243, 1350)",0.5996893048286438
"(1994, 2019, 3042)",0.599689245223999
"(1665, 2146, 4354)",0.5996879935264587
"(1360, 1939, 3716)",0.5996878147125244
"(4579, 141, 2431)",0.5996870994567871
"(1512, 2891, 1381)",0.5996869802474976
"(4513, 1971, 2598)",0.599686861038208
"(2256, 2896, 341)",0.5996866226196289
"(296, 1777, 2916, 2577)",0.5996865034103394
"(3224, 1283, 276)",0.5996864438056946
"(2881, 1979, 1484, 1830)",0.5996863842010498
"(2672, 305, 5465)",0.5996860861778259
"(1481, 2938, 1460)",0.5996844172477722
"(2896, 1313, 1676)",0.5996840000152588
"(2968, 745, 284)",0.5996837019920349
"(1825, 1890, 1953, 1463, 3519)",0.5996821522712708
"(1944, 2340, 4327)",0.5996817350387573
"(2022, 1743, 1551, 2354, 2973)",0.5996808409690857
"(2251, 5275, 1390, 2655)",0.5996798276901245
"(1697, 5466, 1759)",0.599679708480835
"(1960, 1490, 4630)",0.5996791124343872
"(1441, 1794, 4354)",0.5996791124343872
"(1953, 1954, 1288, 1577, 2958, 1469, 2718)",0.5996785163879395
"(3521, 1994, 1294)",0.5996784567832947
"(1635, 2916, 2559)",0.5996783375740051
"(1953, 739, 1578, 4401, 1426, 2358)",0.5996774435043335
"(1953, 1954, 1288, 493, 2958, 1469)",0.5996773838996887
"(1920, 1204, 1933, 4509)",0.5996769666671753
"(2953, 1774, 1330, 371, 1754)",0.5996769666671753
"(3232, 697, 1829, 769)",0.5996769070625305
"(128, 1920, 1446, 1801, 1963, 1390, 2958)",0.5996765494346619
"(2080, 1705, 739, 3900)",0.5996761322021484
"(713, 1929, 2812)",0.5996755957603455
"(3650, 2541, 1759)",0.5996752977371216
"(1288, 4538, 1446, 1535)",0.5996747016906738
"(128, 1953, 1801, 1463, 4441)",0.5996745824813843
"(3200, 1305, 1836)",0.5996744632720947
"(1976, 2953, 220)",0.5996741652488708
"(4417, 1446, 1801, 2738, 660, 1463)",0.5996741652488708
"(1480, 4443, 1405)",0.5996734499931335
"(1800, 1386, 4499, 1382)",0.5996731519699097
"(2881, 1994, 1484, 2341)",0.5996727347373962
"(2442, 3085, 1351)",0.5996726155281067
"(249, 1292, 3716)",0.5996714234352112
"(512, 4354, 511)",0.5996704697608948
"(1942, 54, 4839)",0.5996701121330261
"(1799, 1776, 1809, 568, 251, 4638)",0.5996698141098022
"(1800, 2001, 1426, 3068)",0.5996696352958679
"(3200, 1329, 2546, 1318)",0.5996687412261963
"(2297, 4375, 1382, 1463)",0.5996679663658142
"(4599, 1788, 1645, 295)",0.5996679067611694
"(4545, 1434, 1563)",0.5996674299240112
"(1512, 2220, 5189)",0.5996673107147217
"(1697, 1740, 3212)",0.5996671915054321
"(128, 1446, 1801, 2738, 1463, 3519)",0.5996671319007874
"(1457, 3019, 1284)",0.5996670722961426
"(1426, 475, 4407)",0.5996668934822083
"(2073, 3849, 2054)",0.5996667742729187
"(4426, 1491, 2443)",0.5996664762496948
"(577, 1825, 1703, 660, 285, 3903)",0.5996664762496948
"(1953, 1446, 1390, 4337, 1974)",0.5996657609939575
"(3042, 2116, 2277, 1574, 1552)",0.5996652245521545
"(2666, 2140, 4327)",0.5996649861335754
"(896, 73, 2953, 2529)",0.5996649265289307
"(3200, 1329, 2546, 1670)",0.599664568901062
"(1800, 5355, 574, 1703)",0.5996643900871277
"(3210, 1468, 1974)",0.5996629595756531
"(2881, 1994, 1484, 1979, 830)",0.5996623039245605
"(1305, 1326, 2790)",0.5996622443199158
"(3200, 1732, 1469)",0.5996617078781128
"(128, 1953, 266, 4486)",0.5996614694595337
"(2488, 684, 4549)",0.5996614694595337
"(2476, 1284, 1300, 2942)",0.5996610522270203
"(3200, 1402, 1974)",0.5996609330177307
"(1936, 2796, 1341)",0.5996606945991516
"(2, 3315, 132)",0.5996595025062561
"(2616, 3080, 1298, 2439)",0.5996590256690979
"(385, 4675, 567)",0.5996578931808472
"(2953, 1978, 2300, 1341)",0.5996562242507935
"(1480, 3682, 1405)",0.5996553301811218
"(1426, 332, 4551, 2140)",0.5996548533439636
"(3200, 1469, 7)",0.5996544361114502
"(739, 4999, 1838, 1426, 1974)",0.5996542572975159
"(1968, 1409, 2541, 5414)",0.599653959274292
"(3200, 1402, 1637)",0.5996526479721069
"(2297, 5236, 1638, 1799)",0.599652111530304
"(1288, 1552, 2028, 5081)",0.5996519923210144
"(3552, 1442, 1902, 1597, 1502, 1919)",0.5996513962745667
"(3200, 385, 388)",0.5996513366699219
"(1953, 739, 4680, 1578, 1426, 2358)",0.5996512770652771
"(267, 341, 5471)",0.599651038646698
"(2611, 1572, 3085)",0.5996503829956055
"(3939, 660, 159)",0.5996502637863159
"(1701, 1934, 4423)",0.5996497273445129
"(2217, 5001, 1287)",0.5996479988098145
"(1305, 2546, 3651, 1329)",0.5996479392051697
"(128, 1953, 1954, 1703, 1288, 1933, 1390, 1469, 4415)",0.5996474623680115
"(1390, 2890, 837, 1294)",0.5996468663215637
"(341, 2895, 1471)",0.5996465086936951
"(2369, 3682, 2044, 1461)",0.5996456742286682
"(3200, 1382, 1800, 1833, 1426, 2358, 2071)",0.599644660949707
"(2905, 1418, 1967)",0.5996440052986145
"(128, 1953, 1801, 1463, 2718, 3519)",0.5996417999267578
"(2672, 2370, 3453)",0.5996406674385071
"(1740, 581, 5046)",0.5996405482292175
"(770, 2562, 2812, 1666)",0.5996405482292175
"(1432, 1426, 3200)",0.5996403694152832
"(2057, 1932, 2718, 3271)",0.5996403098106384
"(5296, 1433, 1513)",0.5996386408805847
"(1426, 475, 3036)",0.5996385812759399
"(2297, 1411, 1836, 4549)",0.5996385216712952
"(1513, 1228, 2777)",0.5996382236480713
"(1288, 2890, 15)",0.5996370911598206
"(5408, 2102, 175)",0.599636971950531
"(1288, 1837, 4407, 2367)",0.5996368527412415
"(408, 1481, 5118, 1351)",0.5996358394622803
"(444, 597, 2911)",0.5996357798576355
"(1953, 1954, 3201, 1294, 1469, 2718)",0.5996351838111877
"(1416, 3922, 2771)",0.5996347069740295
"(1744, 3682, 1588)",0.5996328592300415
"(2869, 1460, 1941)",0.599631667137146
"(2563, 3236, 1990)",0.5996313691139221
"(1568, 3200, 1960)",0.5996307134628296
"(1800, 1954, 3895)",0.5996304154396057
"(1305, 2777, 1326)",0.5996299982070923
"(2168, 1509, 3535)",0.5996279716491699
"(3072, 1465, 739, 493)",0.5996267199516296
"(3169, 258, 1963, 1933, 1463)",0.5996263027191162
"(1953, 3937, 1512, 2057, 631)",0.5996261835098267
"(2307, 5030, 2006)",0.5996260643005371
"(1447, 3311, 839)",0.5996260046958923
"(3487, 1490, 2239)",0.5996254086494446
"(2968, 385, 579)",0.5996252298355103
"(2546, 4939, 54)",0.5996250510215759
"(249, 1979, 2869)",0.5996245741844177
"(1513, 4059, 175)",0.5996239185333252
"(2050, 4891, 1445, 878)",0.5996238589286804
"(1960, 1675, 3014)",0.5996236205101013
"(1825, 1703, 2122, 1835, 2198, 4572)",0.5996229648590088
"(2080, 2389, 2911)",0.5996227264404297
"(128, 1953, 1801, 4587, 1463, 2718)",0.5996225476264954
"(2080, 3068, 1781)",0.5996220111846924
"(3058, 2006, 1829, 1830)",0.5996220111846924
"(1825, 3169, 1703, 1835, 398)",0.5996217727661133
"(2168, 4460, 662)",0.5996214151382446
"(1392, 2786, 1967)",0.5996202826499939
"(1707, 2160, 2486, 4024, 1469)",0.5996183753013611
"(1539, 1838, 4799)",0.5996177792549133
"(2953, 2530, 1892)",0.599617063999176
"(3200, 2242, 1382, 1386, 1835, 1836, 1837, 2297)",0.5996166467666626
"(10, 1996, 4446, 1471)",0.5996166467666626
"(4161, 197, 1557, 1949, 190)",0.599616289138794
"(920, 290, 4415)",0.5996156930923462
"(2592, 1777, 1378, 3553)",0.5996152758598328
"(128, 1446, 1288, 1801, 3064)",0.5996147990226746
"(3293, 2395, 1557)",0.5996136665344238
"(1481, 4545, 1639)",0.5996123552322388
"(2064, 2998, 1310)",0.5996116399765015
"(1569, 2102, 3415)",0.5996115207672119
"(4029, 2541, 1855)",0.5996109843254089
"(2368, 5152, 1351)",0.5996087789535522
"(1736, 3656, 1771, 2243)",0.5996084213256836
"(2593, 3642, 110)",0.5996081233024597
"(568, 3194, 493)",0.5996077060699463
"(2436, 3017, 1130, 1490, 1491, 2354)",0.5996060967445374
"(4914, 1283, 1502)",0.5996060967445374
"(473, 1170, 3319)",0.5996046662330627
"(2672, 2201, 5099, 1228)",0.5996039509773254
"(2656, 2938, 1823)",0.5996031761169434
"(713, 1929, 5410)",0.5996031165122986
"(1512, 2075, 3076)",0.5996028184890747
"(4594, 1995, 1404)",0.5996025204658508
"(5465, 2593, 2483)",0.5996006727218628
"(2116, 3766, 1375)",0.5996003746986389
"(1539, 2308, 2775)",0.5996001958847046
"(2916, 2214, 2559)",0.5995994806289673
"(2672, 1802, 2796)",0.5995979905128479
"(1825, 1703, 1833, 1835, 2198, 4572)",0.5995968580245972
"(3224, 2593, 1447)",0.5995957851409912
"(3192, 2001, 2297, 1382)",0.5995956063270569
"(1665, 2322, 4059)",0.5995954871177673
"(2080, 1809, 4169, 1437)",0.5995945930480957
"(1409, 10, 44, 4103)",0.5995939373970032
"(1960, 3192, 54)",0.599593460559845
"(1512, 4510, 1976)",0.5995934009552002
"(1283, 3763, 1743)",0.5995932221412659
"(296, 2817, 1492)",0.5995931625366211
"(1465, 3298, 1923)",0.5995930433273315
"(2081, 3258, 1495)",0.5995922684669495
"(159, 1825, 4420, 2486, 2559)",0.599591851234436
"(2616, 1298, 5351, 2439)",0.5995916724205017
"(296, 3408, 1373)",0.5995913743972778
"(2808, 1974, 421, 1446)",0.5995908379554749
"(1284, 2911, 1783)",0.5995895266532898
"(2973, 2029, 54)",0.5995894074440002
"(3334, 1899, 686, 662, 665)",0.5995893478393555
"(3200, 523, 1837, 493, 660, 1469)",0.5995892882347107
"(3257, 38, 1294)",0.5995885133743286
"(1697, 2916, 1759)",0.5995884537696838
"(1329, 2546, 2817)",0.59958815574646
"(2425, 3739, 2577)",0.5995875000953674
"(746, 1829, 2799)",0.5995873212814331
"(1107, 2140, 4595)",0.599587082862854
"(2080, 4917, 2216)",0.5995869636535645
"(200, 3290, 1317)",0.5995869636535645
"(1825, 1446, 1703, 1963, 1933, 1390, 660, 285, 3519)",0.5995869636535645
"(1539, 2503, 360, 1802, 4886)",0.5995861887931824
"(2080, 1809, 4545)",0.5995845198631287
"(1953, 1890, 4329, 2231)",0.5995838046073914
"(3347, 1709, 1439)",0.5995838046073914
"(2208, 291, 2973, 1743)",0.5995835661888123
"(1529, 1921, 3054)",0.5995832085609436
"(713, 1929, 2868)",0.5995821952819824
"(1800, 3075, 1836, 1535)",0.5995818972587585
"(4977, 1798, 1759)",0.5995815396308899
"(1569, 1380, 1518, 3017)",0.5995810627937317
"(2080, 3298, 739, 1705, 1465)",0.5995807647705078
"(1953, 4103, 1836, 493, 251, 1469)",0.5995796322822571
"(128, 1801, 2738, 660, 1974, 4823)",0.5995795130729675
"(1960, 2890, 1390)",0.5995795130729675
"(2178, 3523, 2140)",0.5995790362358093
"(2242, 739, 1800, 1836, 2968)",0.5995785593986511
"(560, 1329, 2546, 2984)",0.5995782613754272
"(1464, 2461, 2895)",0.5995780825614929
"(3713, 2178, 1578, 2028, 2160, 2001)",0.5995777249336243
"(2208, 2958, 2718)",0.5995768904685974
"(4719, 2457, 1359)",0.5995756387710571
"(1512, 89, 3212, 2541)",0.5995751619338989
"(1825, 2473, 19, 3169)",0.5995749235153198
"(1953, 1954, 3297, 1382, 1703, 1800, 629, 1469)",0.5995748043060303
"(560, 1481, 3074)",0.5995742082595825
"(1288, 2019, 4486, 159)",0.5995734333992004
"(4409, 1426, 475)",0.5995732545852661
"(2429, 806, 5127)",0.5995727777481079
"(1352, 3075, 1333)",0.5995725989341736
"(2080, 3200, 1350)",0.5995708107948303
"(1288, 1837, 4486, 1607)",0.599570095539093
"(793, 2796, 798)",0.5995698571205139
"(592, 302, 2895)",0.5995694994926453
"(128, 1801, 3471, 2738, 660, 1974)",0.5995694398880005
"(4420, 1446, 1801, 2738, 660, 1463)",0.5995693206787109
"(1288, 3042, 1837, 1574)",0.5995686650276184
"(1763, 1382, 1390, 4530, 629, 1786)",0.5995686650276184
"(1512, 1333, 3983)",0.5995678901672363
"(128, 1825, 1763, 1799, 4329, 2718)",0.599567711353302
"(2968, 1273, 2242)",0.5995667576789856
"(1365, 1470, 4071)",0.5995652079582214
"(3200, 1481, 1197)",0.599562406539917
"(1426, 332, 4717)",0.599561333656311
"(128, 1953, 1446, 1963, 1463, 4441)",0.5995610952377319
"(3200, 1315, 54)",0.5995607376098633
"(1426, 475, 4380)",0.5995600819587708
"(3519, 2013, 1991)",0.5995597243309021
"(1384, 5419, 1285)",0.5995590686798096
"(1499, 125, 3415)",0.5995590686798096
"(1512, 3371, 2269, 2718)",0.5995587706565857
"(3224, 977, 429, 431)",0.5995575785636902
"(1506, 1862, 3599)",0.5995575189590454
"(473, 1170, 1989, 5482)",0.5995569229125977
"(1512, 1381, 5008)",0.599556565284729
"(275, 1749, 3086)",0.5995564460754395
"(2208, 4544, 1743, 1551)",0.5995562076568604
"(128, 1953, 869, 1446, 1703, 1801, 1933, 1390, 3219, 1974)",0.599555253982544
"(3682, 1934, 2335)",0.5995513200759888
"(3200, 610, 1836)",0.5995505452156067
"(1953, 1954, 1638, 1288, 2958, 1469)",0.5995504856109619
"(1800, 3889, 1954)",0.5995503664016724
"(3021, 2666, 1837)",0.5995501279830933
"(1569, 4737, 2529, 2541, 1470)",0.5995500087738037
"(1612, 1701, 4420)",0.5995492339134216
"(4768, 1353, 2111)",0.5995491147041321
"(1953, 4508, 1446, 1463)",0.5995479226112366
"(1512, 1828, 3270)",0.5995474457740784
"(1132, 4337, 567, 568, 574)",0.5995469689369202
"(314, 2626, 3682)",0.5995467901229858
"(1288, 1963, 4509, 1974)",0.5995463728904724
"(2240, 3635, 1821)",0.5995458364486694
"(2884, 1390, 311)",0.5995457768440247
"(1488, 4858, 2299)",0.5995451807975769
"(3276, 1774, 1329, 1330, 2546)",0.5995447635650635
"(1801, 2738, 1953, 4641)",0.5995442271232605
"(560, 601, 3256)",0.5995442271232605
"(1953, 1382, 1703, 1512, 1705, 3212, 660, 1469)",0.5995430946350098
"(1305, 1754, 3415)",0.5995424389839172
"(3408, 459, 1229)",0.5995416641235352
"(464, 2392, 1548, 4103)",0.5995416641235352
"(1512, 1781, 3248)",0.5995398163795471
"(1953, 3013, 1836, 1786, 251, 1180, 253)",0.5995396375656128
"(1288, 1552, 3042, 1837)",0.5995389819145203
"(640, 529, 4020, 157)",0.5995367765426636
"(2441, 3221, 1655)",0.5995355844497681
"(3257, 843, 1499)",0.5995355844497681
"(2559, 2916, 1071)",0.599535346031189
"(4103, 2668, 559)",0.5995352864265442
"(3682, 1478, 2143)",0.5995349287986755
"(4513, 1971, 2023)",0.5995348691940308
"(1410, 1294, 5327)",0.5995346903800964
"(2984, 1774, 1330, 371, 1754)",0.599534273147583
"(4329, 19, 2420, 1944, 2013)",0.59953373670578
"(128, 1825, 2560, 1703, 1801, 3212, 660, 285)",0.5995332598686218
"(1385, 4988, 1949)",0.5995326638221741
"(1943, 1410, 4856, 1359)",0.5995323657989502
"(1920, 2941, 1679)",0.5995323061943054
"(681, 3250, 459)",0.5995321869850159
"(2897, 1963, 2718, 1463)",0.5995317697525024
"(2440, 3193, 575)",0.5995316505432129
"(2341, 1734, 3231)",0.599531352519989
"(1953, 1954, 2242, 2947, 1703, 1288, 1469)",0.5995305180549622
"(1392, 4244, 1422)",0.5995305180549622
"(3200, 1836, 2230)",0.599529504776001
"(1360, 4123, 2524)",0.599529504776001
"(4138, 1979, 2143)",0.5995294451713562
"(4038, 2541, 1822)",0.5995279550552368
"(2642, 3238, 286)",0.5995279550552368
"(128, 1825, 1953, 2057, 3002, 2718)",0.5995277762413025
"(1315, 1974, 4067)",0.5995272397994995
"(2890, 2140, 1390)",0.599526584148407
"(5451, 1491, 1933)",0.599525511264801
"(4545, 2069, 1581, 1351)",0.5995253324508667
"(717, 3042, 341)",0.5995243191719055
"(25, 1426, 4679, 2609)",0.5995239019393921
"(2048, 2064, 3778, 1493)",0.5995231866836548
"(2881, 1994, 1484, 1829)",0.5995227098464966
"(3276, 1675, 1676, 2541)",0.5995225310325623
"(1960, 1410, 2541, 5030)",0.5995221138000488
"(4870, 169, 2090, 2220, 1709, 121, 1439)",0.5995216369628906
"(3200, 1033, 54)",0.5995205640792847
"(1552, 4353, 1611, 1294)",0.5995202660560608
"(2191, 2683, 3750, 1887)",0.5995200276374817
"(3082, 1347, 1436)",0.5995191335678101
"(1512, 3980, 2220)",0.5995187759399414
"(2777, 1898, 1315, 2546)",0.5995187759399414
"(3552, 1442, 2444, 1902, 1597, 1502)",0.5995185971260071
"(2672, 3017, 1692)",0.5995176434516907
"(1706, 1170, 1989, 4886)",0.5995174050331116
"(1481, 1378, 3702, 1351)",0.599516749382019
"(1288, 1282, 3574)",0.5995165705680847
"(4756, 1308, 1350)",0.5995156168937683
"(2953, 2029, 54)",0.5995129942893982
"(2672, 2201, 1228, 4886)",0.5995126366615295
"(1799, 332, 1809, 2297, 4638)",0.5995123386383057
"(1897, 4001, 2239)",0.5995123386383057
"(1953, 1954, 1512, 1803, 2959, 660, 1469, 2718)",0.599511981010437
"(1512, 1381, 5127)",0.599511981010437
"(1953, 1954, 1703, 1288, 4460, 1469, 2718, 159)",0.5995112657546997
"(5400, 1315, 2383)",0.5995107293128967
"(1402, 739, 4245)",0.5995106101036072
"(1512, 459, 4030)",0.599510133266449
"(5408, 1644, 2102)",0.599509596824646
"(2168, 3265, 662)",0.599509060382843
"(2279, 584, 1512, 2057, 523, 2185, 3212, 631, 89)",0.5995090007781982
"(2672, 2953, 1692)",0.5995085835456848
"(2586, 1781, 3519)",0.5995074510574341
"(1512, 5444, 1886)",0.5995074510574341
"(1512, 129, 3200, 1287)",0.5995069146156311
"(1512, 2441, 4347, 1838)",0.5995063185691833
"(1411, 1148, 3118)",0.5995060205459595
"(128, 1825, 1953, 1703, 1512, 2859, 2417)",0.5995050668716431
"(3274, 2133, 1294)",0.599504292011261
"(1960, 1410, 2902)",0.5995041728019714
"(2050, 5028, 1807)",0.5995039343833923
"(2584, 5436, 1135)",0.599503755569458
"(128, 1825, 4383, 159)",0.5995026230812073
"(4560, 2713, 2714)",0.5995025038719177
"(2208, 1743, 4195, 1551)",0.5995025038719177
"(3408, 2307, 1524)",0.5995022654533386
"(1857, 3778, 1287)",0.5995021462440491
"(128, 1801, 2958, 2738, 660, 1974)",0.5995013117790222
"(1284, 2672, 1298, 1299, 2911)",0.5995012521743774
"(2008, 4324, 2116)",0.599500834941864
"(258, 660, 3218)",0.5994995832443237
"(2896, 2621, 2165)",0.5994986891746521
"(2234, 4594, 1967)",0.5994977951049805
"(4737, 2451, 1365, 1470)",0.5994970798492432
"(1939, 1925, 4910)",0.5994956493377686
"(1288, 1809, 3042, 563)",0.5994951128959656
"(1288, 3042, 1835, 2454)",0.5994946956634521
"(2057, 267, 4329)",0.5994940996170044
"(1512, 2524, 2828)",0.5994939208030701
"(10, 44, 4407, 2116)",0.5994937419891357
"(3200, 2541, 1829, 1830)",0.599493682384491
"(3200, 1382, 1799, 1542, 1469)",0.599492609500885
"(1665, 2146, 4012)",0.5994925498962402
"(616, 2916, 2541)",0.5994925498962402
"(272, 2808, 1463)",0.5994924902915955
"(128, 1890, 3340, 2738, 660, 2109)",0.5994921922683716
"(1288, 1282, 2796)",0.599492073059082
"(1480, 2506, 4483)",0.5994919538497925
"(1697, 3682, 1315, 1740)",0.5994915962219238
"(1809, 25, 2140, 4446, 1855)",0.599489688873291
"(1184, 2643, 2796)",0.5994890928268433
"(1569, 3682, 341)",0.5994890928268433
"(2560, 1963, 1933, 2738, 660, 4824)",0.5994886159896851
"(1360, 2603, 4469)",0.5994884371757507
"(1465, 2643, 3731)",0.5994883179664612
"(1953, 1890, 3519, 2231)",0.5994881987571716
"(3075, 452, 1837)",0.5994879007339478
"(1968, 1409, 2541, 2807)",0.5994871854782104
"(3047, 254, 2015)",0.5994869470596313
"(3250, 1347, 283)",0.5994861721992493
"(1954, 1707, 1426, 629, 4024)",0.5994851589202881
"(2368, 3054, 1351)",0.5994848608970642
"(425, 3203, 1247)",0.5994846820831299
"(4103, 1996, 575, 1855, 1471)",0.5994845032691956
"(1368, 689, 4470)",0.5994829535484314
"(1953, 1382, 1703, 1512, 1705, 2057, 3212, 660, 1469)",0.5994824171066284
"(1825, 1953, 1954, 1288, 1512, 1390, 1814, 1463, 4347, 1469)",0.5994823575019836
"(3983, 2142, 1351)",0.5994805693626404
"(2297, 2666, 4418)",0.5994800329208374
"(106, 2219, 4354, 2598)",0.5994794964790344
"(4554, 1382, 1326)",0.5994794964790344
"(1866, 171, 2787)",0.5994782447814941
"(1442, 1189, 2444, 791, 4443, 1919)",0.5994777083396912
"(1953, 1954, 1703, 1288, 4474, 1469, 2718, 159)",0.5994773507118225
"(3200, 1732, 1836)",0.5994769334793091
"(121, 1434, 1507, 3750)",0.5994765758514404
"(1994, 3507, 2332, 1903)",0.5994760990142822
"(1392, 4820, 2102)",0.5994752049446106
"(2718, 1294, 3615)",0.5994744896888733
"(1800, 2057, 4540, 1836)",0.5994743704795837
"(1504, 2309, 1381, 841, 3311, 1524)",0.5994731783866882
"(2672, 1297, 2812)",0.5994728207588196
"(3200, 1889, 54)",0.5994725823402405
"(3866, 821, 1414)",0.5994717478752136
"(2073, 3019, 2054)",0.599471390247345
"(3085, 1788, 229, 54)",0.5994709134101868
"(1257, 3682, 2397)",0.5994706153869629
"(3200, 1899, 309)",0.5994691848754883
"(2057, 2718, 3767)",0.599467933177948
"(2641, 1745, 2822)",0.5994671583175659
"(1979, 3335, 2143)",0.5994659066200256
"(2208, 4469, 1743)",0.5994657874107361
"(2213, 1382, 5352, 1386, 567)",0.5994645953178406
"(3042, 1974, 1535)",0.5994645357131958
"(3408, 402, 1925)",0.5994642376899719
"(1627, 2461, 2895)",0.599463939666748
"(2881, 1397, 1903)",0.5994632244110107
"(1426, 54, 4551)",0.599463164806366
"(4640, 1801, 2738, 1953)",0.5994627475738525
"(2066, 3414, 1599)",0.5994598865509033
"(128, 1825, 2560, 1703, 1801, 660, 285, 3519)",0.5994598865509033
"(1352, 1512, 3192, 1837)",0.599459707736969
"(200, 1317, 5127)",0.5994594693183899
"(3214, 1390, 303)",0.5994591116905212
"(3288, 2083, 1372)",0.5994590520858765
"(2080, 4443, 1919)",0.5994583964347839
"(3190, 2612, 1837, 1382)",0.5994580388069153
"(1976, 2334, 4415)",0.5994570255279541
"(4417, 1475, 84)",0.5994564294815063
"(3200, 1802, 54)",0.5994558930397034
"(225, 2718, 4649)",0.599455714225769
"(1560, 1829, 3717)",0.5994555950164795
"(3017, 2541, 1490, 54, 1754)",0.5994552969932556
"(1305, 4797, 2239)",0.5994552373886108
"(1418, 1515, 1998, 1358, 2000, 2905)",0.5994536280632019
"(2404, 2796, 240, 1936, 2389)",0.5994532704353333
"(3174, 1781, 1350)",0.5994529724121094
"(2799, 2303, 1791)",0.5994507074356079
"(3656, 1505, 1974)",0.5994505286216736
"(2529, 2451, 4743)",0.5994504690170288
"(5448, 2066, 1599)",0.599449634552002
"(2080, 2243, 5030, 1512, 2199)",0.5994485020637512
"(3199, 1469, 1087)",0.5994479656219482
"(2298, 157, 3519)",0.599446713924408
"(2942, 2483, 110)",0.5994462966918945
"(1298, 3500, 1674)",0.5994461178779602
"(1384, 1589, 3270, 1567)",0.5994452238082886
"(5259, 309, 1469)",0.5994449257850647
"(1953, 1954, 1703, 3469, 1390, 629)",0.5994444489479065
"(73, 2891, 1943)",0.5994442105293274
"(3042, 1475, 1292)",0.5994434356689453
"(1288, 1282, 2911)",0.5994430780410767
"(1512, 301, 2911)",0.59944087266922
"(1825, 1890, 1953, 4330, 1463)",0.5994408130645752
"(978, 3042, 574)",0.5994408130645752
"(3074, 2302, 1535)",0.5994404554367065
"(2568, 4605, 58, 1989)",0.5994403958320618
"(2651, 4117, 1991)",0.599440336227417
"(1424, 3200, 493)",0.5994397401809692
"(267, 341, 5046)",0.5994394421577454
"(1699, 3014, 1470)",0.5994386672973633
"(3082, 1347, 2534, 1351)",0.5994382500648499
"(3017, 218, 511)",0.5994367599487305
"(1962, 1436, 3194)",0.5994347333908081
"(2168, 650, 3739)",0.5994345545768738
"(1953, 1954, 739, 1763, 4707, 1426, 1469)",0.5994341969490051
"(1994, 1442, 2332, 2868)",0.5994333624839783
"(291, 293, 4509)",0.5994330644607544
"(592, 2896, 589, 341)",0.5994330048561096
"(1345, 1929, 3599)",0.5994327664375305
"(1402, 1834, 3466)",0.5994324088096619
"(2395, 1557, 2798)",0.5994324088096619
"(1098, 332, 4559)",0.5994314551353455
"(1512, 3371, 1781)",0.5994309186935425
"(1801, 331, 4620, 398, 159)",0.5994309186935425
"(3834, 2101, 1606)",0.599430501461029
"(3106, 1974, 1446)",0.5994297862052917
"(2832, 1561, 2530, 54)",0.5994294285774231
"(1964, 2050, 1284, 2942)",0.5994292497634888
"(10, 4582, 1855)",0.5994275808334351
"(3378, 27, 2541)",0.5994275212287903
"(1763, 2086, 1382, 1390, 3192, 1469)",0.5994268655776978
"(3200, 1386, 1426, 692, 1210)",0.5994260311126709
"(2952, 2278, 1390)",0.5994251370429993
"(1825, 4626, 2261)",0.5994240641593933
"(2208, 1986, 2973, 1743)",0.5994234085083008
"(1288, 2356, 2911)",0.5994232892990112
"(425, 3341, 2718)",0.5994220972061157
"(3347, 2435, 1998)",0.599422037601471
"(1288, 1953, 4538, 1535)",0.5994216799736023
"(568, 1289, 4660)",0.599421501159668
"(2279, 584, 2057, 1512, 523, 3212, 2486)",0.5994204878807068
"(424, 2790, 1740, 1678)",0.5994203090667725
"(2597, 190, 4973)",0.5994201302528381
"(1512, 122, 3200)",0.5994199514389038
"(25, 1426, 4860, 2609)",0.599419891834259
"(1512, 2796, 2389)",0.5994176864624023
"(4886, 1329, 54, 2143)",0.5994176864624023
"(1939, 2812, 2734)",0.5994176268577576
"(1968, 3218, 2541)",0.5994172692298889
"(1425, 1979, 1484, 3214)",0.5994172096252441
"(1989, 2568, 201, 2066, 4886, 2136)",0.5994169116020203
"(2410, 3054, 1490, 1362, 54)",0.5994163155555725
"(1512, 3212, 660, 2486, 2426)",0.5994157791137695
"(4354, 1372, 2062)",0.5994146466255188
"(1382, 1463, 2297, 2718, 3903)",0.5994144678115845
"(2080, 1764, 3302)",0.5994138121604919
"(4988, 1481, 1460)",0.5994133949279785
"(1288, 3218, 2279)",0.599413275718689
"(739, 3900, 1971)",0.5994124412536621
"(1995, 1404, 4925)",0.599412202835083
"(1288, 1705, 3043, 1837)",0.5994106531143188
"(1799, 1512, 1639, 1809, 4349)",0.5994093418121338
"(1800, 1836, 4477, 2612)",0.5994086861610413
"(401, 3276, 1420)",0.599407970905304
"(1411, 2541, 2981)",0.5994078516960144
"(3019, 380, 54)",0.599407434463501
"(2790, 1748, 1350)",0.5994067192077637
"(1560, 3250, 2389)",0.5994061231613159
"(4420, 1781, 1743)",0.5994054079055786
"(128, 1825, 2560, 1703, 1801, 2859, 660, 285)",0.5994047522544861
"(1361, 2790, 1847)",0.5994046330451965
"(1953, 1954, 1288, 2519, 1786, 2718, 3903)",0.5994045734405518
"(1512, 3045, 366)",0.5994042158126831
"(1675, 1676, 341, 2895)",0.599402904510498
"(1400, 4411, 1383)",0.5994024872779846
"(1490, 4029, 54)",0.5994018316268921
"(3042, 1109, 253)",0.5994016528129578
"(516, 1077, 2911)",0.5994014739990234
"(3202, 1799, 1776, 1809, 568, 251)",0.5994011759757996
"(1473, 3778, 133)",0.5994007587432861
"(5001, 2066, 1599)",0.5993996858596802
"(1665, 2146, 3415)",0.5993993878364563
"(2322, 2067, 2794)",0.5993992686271667
"(568, 1972, 4103)",0.5993983149528503
"(1808, 3310, 806)",0.5993980169296265
"(1953, 739, 1578, 1426, 2358, 4822)",0.5993975400924683
"(2191, 2683, 3813, 1887)",0.599396288394928
"(681, 2973, 1782, 1743)",0.5993959307670593
"(5158, 2029, 1743, 1782, 1558)",0.5993949770927429
"(3021, 1836, 1333)",0.5993940830230713
"(1512, 3042, 1475)",0.5993940234184265
"(1953, 1703, 4329, 1963, 1974, 285)",0.5993934869766235
"(1976, 4244, 2334)",0.5993922352790833
"(1090, 1764, 3198)",0.5993912220001221
"(1800, 1836, 4405, 2008)",0.5993910431861877
"(1288, 1933, 4538, 1467, 1535)",0.5993908643722534
"(3085, 1486, 54)",0.5993907451629639
"(2073, 1978, 5258)",0.5993901491165161
"(2008, 3298, 1350)",0.5993898510932922
"(1953, 4103, 1386, 1837, 1786, 251, 159)",0.5993891954421997
"(1953, 1703, 3212, 660, 285, 159)",0.5993869304656982
"(1569, 3710, 1943)",0.5993853807449341
"(1328, 2573, 4504)",0.5993843078613281
"(25, 2210, 3525, 2086)",0.5993828177452087
"(2026, 1701, 3682, 1263)",0.5993822813034058
"(1953, 2441, 1836, 4796, 1469)",0.5993821024894714
"(2593, 3374, 1807)",0.5993820428848267
"(128, 1953, 869, 1446, 1703, 1801, 4329, 1933, 1390, 1974)",0.599381685256958
"(5245, 1822, 1463)",0.5993816256523132
"(3118, 2121, 1990)",0.5993809700012207
"(4507, 2067, 2165, 1373)",0.5993805527687073
"(2201, 2737, 2895)",0.5993805527687073
"(2641, 1754, 52, 2868)",0.5993792414665222
"(1888, 1557, 190, 2911)",0.5993792414665222
"(128, 1953, 1954, 1703, 1288, 3519, 1469, 2718, 159)",0.5993791818618774
"(385, 386, 4103, 1855)",0.5993789434432983
"(1665, 3019, 1341, 54)",0.5993787050247192
"(2529, 3074, 71)",0.5993786454200745
"(3200, 2577, 1837)",0.5993785858154297
"(2968, 25, 1402)",0.5993785262107849
"(1944, 1426, 3203, 2462)",0.5993773341178894
"(2817, 1827, 1740)",0.5993772149085999
"(1953, 10, 4103)",0.5993771553039551
"(2704, 1723, 1540, 3535)",0.5993747115135193
"(3042, 44, 2140, 2116)",0.5993746519088745
"(3095, 1493, 1279)",0.5993730425834656
"(2116, 4407, 1375)",0.599372923374176
"(4486, 1837, 1294)",0.5993728637695312
"(568, 739, 3900, 493)",0.5993717312812805
"(1953, 2946, 1703, 1963, 1974, 285)",0.5993707180023193
"(2243, 1949, 5030)",0.599370539188385
"(1418, 1515, 1998, 1358, 2905, 1337)",0.5993694067001343
"(4169, 332, 1087)",0.5993691086769104
"(3200, 1548, 1837, 1836, 1974)",0.599368691444397
"(2473, 2298, 19, 3169)",0.5993682146072388
"(1800, 3050, 1836, 159)",0.5993673801422119
"(1144, 3288, 511)",0.599365234375
"(1284, 1296, 1297, 4925, 2430)",0.5993649959564209
"(3200, 1172, 332, 309)",0.5993646383285522
"(296, 2817, 1351)",0.5993638634681702
"(64, 2014, 2006, 2981)",0.5993638634681702
"(3288, 2483, 1709)",0.5993638038635254
"(5561, 1994, 2332, 1903)",0.5993633270263672
"(1936, 1305, 558, 3487)",0.5993629097938538
"(1825, 1446, 1703, 1963, 1933, 1390, 2958, 660, 285)",0.5993617177009583
"(1995, 1404, 4933)",0.5993615984916687
"(1512, 1837, 3156, 29)",0.5993613600730896
"(1601, 1953, 1954, 1288, 1781, 89, 1469, 2718, 3903)",0.5993613600730896
"(1960, 73, 3144, 267, 2541, 1870, 1879)",0.5993613004684448
"(2968, 273, 385, 567)",0.5993607044219971
"(2080, 5099, 2133)",0.5993606448173523
"(1512, 4019, 2534)",0.5993602871894836
"(616, 580, 2807)",0.5993596315383911
"(1968, 1409, 2541, 3063)",0.5993590950965881
"(1673, 1962, 4899)",0.5993589758872986
"(1288, 2019, 4407, 159)",0.5993586182594299
"(3200, 38, 1294)",0.5993583798408508
"(4534, 2029, 54)",0.5993571877479553
"(1953, 1954, 1294, 4375, 1469)",0.5993556976318359
"(3265, 1799, 1809, 251, 574)",0.5993554592132568
"(122, 821, 4510)",0.599354088306427
"(2570, 2091, 173, 3347, 2102)",0.5993539094924927
"(4838, 1942, 54)",0.5993533134460449
"(4730, 2012, 1380)",0.5993528366088867
"(1288, 4545, 1835)",0.5993528366088867
"(1953, 739, 1578, 3471, 1426, 2358)",0.5993524789810181
"(1960, 1674, 1676, 2895)",0.5993523001670837
"(1976, 5106, 855)",0.599352240562439
"(3682, 2419, 2143)",0.599351704120636
"(1736, 3054, 1771, 2243)",0.5993512868881226
"(1561, 3639, 135)",0.5993508696556091
"(3200, 579, 567)",0.5993497371673584
"(1512, 3257, 1333)",0.5993496775627136
"(4723, 1446, 1399)",0.5993484854698181
"(1665, 5515, 1492, 1369, 1341)",0.5993484258651733
"(1139, 1485, 4870, 2055)",0.5993484258651733
"(1770, 1588, 3165)",0.5993483662605286
"(473, 114, 1989, 2942)",0.5993477702140808
"(1496, 54, 3639)",0.5993473529815674
"(5345, 2298, 2446)",0.5993472337722778
"(1284, 1700, 1287, 1298, 2911)",0.5993472337722778
"(154, 13, 3047)",0.5993459820747375
"(1512, 25, 1283, 3200)",0.5993457436561584
"(3042, 2019, 1288, 1800, 1552)",0.5993455648422241
"(1409, 1606, 4103, 1471, 2422, 1855)",0.5993450284004211
"(3635, 2524, 2302)",0.5993443131446838
"(3200, 1382, 1542, 1800, 2668, 2297)",0.5993438959121704
"(128, 1920, 1953, 1446, 1703, 1801, 1933, 1390, 3219, 1974)",0.5993434190750122
"(1512, 2913, 1211)",0.5993428230285645
"(128, 1953, 869, 1446, 1703, 1801, 3212, 1933, 1390, 1974)",0.5993423461914062
"(1953, 1954, 1577, 1294, 1469, 2718, 3903)",0.5993419885635376
"(3200, 1433, 2566)",0.599341869354248
"(3075, 1677, 2071)",0.5993414521217346
"(1441, 1794, 3347)",0.599340558052063
"(1827, 1499, 3415)",0.599340558052063
"(3200, 739, 455)",0.5993400812149048
"(1827, 1989, 1351, 1326, 3262)",0.5993393659591675
"(2346, 2541, 2526, 5127)",0.5993388891220093
"(3200, 51, 567)",0.5993375182151794
"(128, 1825, 2560, 2946, 1703, 1801, 660, 285)",0.599336564540863
"(1513, 2777, 2541)",0.5993358492851257
"(2080, 2529, 3085, 54)",0.5993356704711914
"(1464, 2461, 2998)",0.5993354916572571
"(360, 361, 1774, 3055, 2521)",0.5993334054946899
"(1682, 1743, 5030, 1535)",0.5993331074714661
"(25, 4499, 1382, 1383)",0.5993330478668213
"(3177, 1781, 1350)",0.5993321537971497
"(1473, 3682, 2227)",0.5993307828903198
"(4169, 1426, 395, 309)",0.5993298292160034
"(2278, 1390, 3615)",0.5993289947509766
"(2641, 1754, 52, 3313)",0.5993277430534363
"(1763, 3076, 1382, 1703, 159)",0.5993264317512512
"(4545, 1699, 1470)",0.5993258953094482
"(1539, 1802, 1328, 1330, 3639)",0.5993244051933289
"(51, 4324, 1837)",0.5993226170539856
"(1430, 3045, 54, 1759)",0.5993224382400513
"(2340, 5157, 2462)",0.5993220210075378
"(1352, 3490, 2446)",0.5993219017982483
"(1936, 3019, 52, 54)",0.5993218421936035
"(3145, 1921, 2628)",0.5993216633796692
"(1512, 2417, 5244)",0.5993211269378662
"(363, 3341, 302, 303, 2417)",0.5993210077285767
"(2346, 1939, 3716, 1303)",0.5993205904960632
"(1754, 4354, 1893)",0.5993205308914185
"(1933, 1390, 302, 3408, 2264)",0.5993196964263916
"(1446, 1801, 2738, 660, 1463, 3519)",0.5993195176124573
"(3076, 2116, 1837)",0.5993185043334961
"(128, 1801, 4593, 2560)",0.5993182063102722
"(2307, 4901, 2573)",0.5993179082870483
"(2953, 2541, 1490, 54, 1754)",0.5993176102638245
"(490, 950, 4602)",0.5993168354034424
"(1330, 1539, 5247)",0.5993162989616394
"(3347, 1515, 1998, 1358)",0.5993151068687439
"(752, 1447, 5106, 839)",0.5993150472640991
"(1890, 3149, 1390)",0.5993146300315857
"(4545, 340, 341)",0.5993143916130066
"(3019, 1788, 1645, 295)",0.5993139147758484
"(2541, 1968, 3063, 1339, 1727)",0.5993134379386902
"(1515, 1358, 3119)",0.5993130803108215
"(1512, 25, 3490)",0.5993096828460693
"(240, 1427, 2942)",0.5993095636367798
"(1329, 1755, 3085)",0.5993083715438843
"(1953, 1446, 1801, 1390, 3218)",0.5993078351020813
"(416, 2242, 2086, 1382, 3211)",0.5993075370788574
"(1960, 3144, 2541, 1869, 54)",0.5993075370788574
"(2681, 502, 4559)",0.5993072390556335
"(1341, 54, 4789)",0.5993070602416992
"(1448, 2601, 3659)",0.5993068218231201
"(25, 4243, 1350)",0.5993062257766724
"(3200, 1800, 1548, 1836, 1974)",0.599306046962738
"(2192, 3200, 2461)",0.5993046760559082
"(3200, 739, 1350)",0.5993043780326843
"(128, 424, 1801, 4178, 2718)",0.5993040800094604
"(1490, 1338, 2790)",0.5993034839630127
"(1825, 1954, 1512, 1390, 4791)",0.5993034243583679
"(1386, 2340, 3682)",0.5993027091026306
"(1506, 3347, 1862)",0.5993027091026306
"(1968, 57, 1822, 3063)",0.5993022322654724
"(128, 1953, 1446, 1801, 1963, 3218)",0.5993014574050903
"(1107, 2140, 3487)",0.5993013978004456
"(4353, 1800, 1707, 573, 1469)",0.5993002653121948
"(1288, 1481, 2890, 1387, 1355)",0.5993000864982605
"(2401, 2089, 3347, 2072, 1374, 1951)",0.5992996096611023
"(3200, 513, 1825, 2297, 2559)",0.5992993712425232
"(2208, 4337, 1558, 1743)",0.5992993712425232
"(1953, 2916, 303, 304, 308)",0.5992991328239441
"(3144, 713, 1326)",0.5992987155914307
"(1953, 1294, 1463, 4922, 2718)",0.5992980003356934
"(1953, 1703, 1288, 4465, 2071, 2718)",0.5992977619171143
"(52, 3045, 54)",0.5992977619171143
"(4886, 2390, 2503)",0.599297046661377
"(2050, 1445, 878, 3095)",0.5992969870567322
"(3500, 2429, 2534)",0.599295437335968
"(10, 3042, 1574)",0.5992944836616516
"(2496, 1953, 2722, 1288, 2956, 1294, 1469)",0.5992941856384277
"(128, 1920, 1953, 1446, 1703, 1801, 4329, 1933, 1390, 1974)",0.599294126033783
"(1418, 1515, 1998, 1358, 2000, 2905, 1337)",0.5992940068244934
"(560, 3252, 1484, 2117)",0.5992918610572815
"(1512, 1825, 2958, 1382)",0.5992914438247681
"(1539, 5046, 1838)",0.5992910861968994
"(4919, 38, 2623)",0.5992904901504517
"(1568, 4417, 1402)",0.5992903709411621
"(1968, 1409, 2541, 3054)",0.5992898941040039
"(4544, 2412, 2061)",0.599289059638977
"(2080, 2533, 3983)",0.5992883443832397
"(3076, 1382, 1991)",0.5992854237556458
"(2672, 2953, 1268, 1791)",0.5992846488952637
"(2560, 1825, 4383, 159)",0.5992845296859741
"(1809, 1426, 2612, 4543)",0.5992841124534607
"(1409, 4103, 1800, 1837, 251, 253, 1471)",0.5992840528488159
"(2672, 2395, 2812, 1310)",0.5992836952209473
"(2881, 1829, 1830, 1994, 2303)",0.5992830991744995
"(1480, 1489, 3682, 1380)",0.5992828011512756
"(1418, 1515, 1998, 1358, 3347)",0.5992827415466309
"(1976, 2247, 3014, 1911)",0.5992818474769592
"(2297, 1463, 89, 2718, 3903)",0.5992815494537354
"(1960, 4418, 2183)",0.5992811322212219
"(1480, 1857, 4443, 2217)",0.5992807149887085
"(1754, 1692, 3066)",0.5992799401283264
"(2796, 1421, 1718, 1751)",0.599279522895813
"(1953, 1512, 2057, 3212, 660, 631, 89, 159)",0.599278450012207
"(2586, 4420, 1781)",0.599277913570404
"(2968, 385, 1535, 567)",0.5992776155471802
"(564, 3076, 1844, 1383)",0.5992776155471802
"(1661, 1294, 2911)",0.5992768406867981
"(2361, 371, 54, 3019)",0.5992768406867981
"(1184, 2643, 3430)",0.5992767810821533
"(1396, 1754, 92, 3535)",0.5992765426635742
"(2284, 2911, 1791)",0.5992757678031921
"(1960, 54, 4103)",0.5992757678031921
"(1569, 3017, 1405)",0.5992756485939026
"(1985, 3682, 2230)",0.5992754101753235
"(3200, 289, 334)",0.5992736220359802
"(3920, 2302, 1463)",0.5992736220359802
"(2080, 1481, 4545, 855)",0.5992733240127563
"(10, 1578, 4028, 1471)",0.599270761013031
"(1777, 2069, 4545, 1389)",0.5992675423622131
"(4605, 1446, 303)",0.5992671847343445
"(1774, 1330, 371, 3378, 1754)",0.5992670059204102
"(1433, 2799, 2303)",0.5992656350135803
"(0, 4125, 1740, 1925)",0.5992652177810669
"(1836, 1734, 4103)",0.5992648601531982
"(3200, 476, 359)",0.5992647409439087
"(10, 3042, 1831)",0.5992640256881714
"(1288, 2001, 3043)",0.5992622375488281
"(2681, 459, 3500)",0.5992621183395386
"(1953, 1954, 1288, 1577, 1067, 1781, 89, 1469, 2718, 3903)",0.5992619395256042
"(3682, 1380, 1511)",0.5992613434791565
"(2904, 1388, 1709)",0.5992605686187744
"(2064, 4988, 1310)",0.5992603898048401
"(114, 196, 3374)",0.5992599725723267
"(1382, 1799, 1703, 1707, 1836, 4342)",0.5992581248283386
"(1384, 5481, 58)",0.5992578268051147
"(2297, 2475, 3899)",0.599256694316864
"(3293, 249, 114, 1989)",0.5992565751075745
"(3074, 2692, 1351, 2568, 1481)",0.5992555022239685
"(1962, 4638, 1367)",0.5992542505264282
"(2242, 2946, 2630, 2086, 567, 1469)",0.5992542505264282
"(296, 2121, 5353)",0.5992538332939148
"(1480, 132, 3487)",0.5992536544799805
"(2226, 25, 1386, 4426)",0.5992522239685059
"(2441, 2394, 3222)",0.5992518663406372
"(1994, 3212, 2279)",0.5992509126663208
"(2216, 2242, 2968, 503)",0.599250853061676
"(2160, 585, 3076, 2015)",0.5992506146430969
"(2447, 2968, 2446, 1535)",0.5992496609687805
"(2672, 1802, 4594)",0.599249541759491
"(3465, 2718, 1390)",0.5992493033409119
"(1481, 2299, 4462)",0.5992493033409119
"(1953, 1954, 739, 1703, 1800, 1426, 4601)",0.599248468875885
"(2113, 1481, 2890, 1317)",0.599247932434082
"(4186, 2261, 1943)",0.5992475748062134
"(493, 1382, 4775)",0.5992474555969238
"(1480, 1571, 2968)",0.5992471575737
"(296, 4545, 1695)",0.599246621131897
"(1825, 1954, 1512, 4521, 1390, 1814, 1403)",0.5992463231086731
"(1986, 1836, 5406)",0.5992460250854492
"(1512, 1490, 3682)",0.5992458462715149
"(2891, 1837, 1933)",0.5992456674575806
"(3200, 2275, 1577, 89, 2718, 575)",0.5992448329925537
"(4886, 2332, 2302, 2335)",0.5992446541786194
"(1953, 1512, 2057, 5358, 631)",0.599244236946106
"(2026, 2459, 2332, 3682)",0.5992427468299866
"(1384, 5226, 460, 132)",0.5992416143417358
"(1521, 3257, 2257)",0.5992414355278015
"(1953, 1954, 2275, 1288, 1577, 2958, 1469, 2718)",0.5992403030395508
"(3075, 1844, 1382, 383)",0.5992395281791687
"(4329, 2075, 2334)",0.5992390513420105
"(128, 1825, 2560, 4417, 1703, 1801, 660, 285)",0.5992384552955627
"(2817, 187, 2598)",0.5992380976676941
"(1299, 2911, 1783)",0.5992377996444702
"(1498, 1437, 4973, 2551)",0.5992376804351807
"(4554, 1754, 2541)",0.5992373824119568
"(128, 1446, 1963, 1390, 3218, 660)",0.5992371439933777
"(1385, 1298, 3406)",0.5992369651794434
"(1936, 4674, 52, 54)",0.5992369055747986
"(1953, 1382, 1703, 1800, 3471, 159)",0.5992367267608643
"(4452, 2140, 1471)",0.5992354154586792
"(2110, 342, 2895)",0.5992352366447449
"(3411, 2335, 1493, 671)",0.5992343425750732
"(2208, 1809, 3203)",0.5992336869239807
"(1305, 1740, 3095)",0.5992336869239807
"(2666, 4635, 2140)",0.5992336273193359
"(1954, 1382, 1707, 331, 1469, 3198)",0.5992332100868225
"(1697, 5397, 1759)",0.5992328524589539
"(560, 2001, 3200)",0.5992313027381897
"(2307, 1979, 1445, 3214)",0.5992289781570435
"(1033, 3310, 1326)",0.5992286801338196
"(2476, 1317, 5126)",0.5992283225059509
"(1424, 770, 2562, 2812)",0.5992279052734375
"(2248, 4841, 1394)",0.5992268323898315
"(1683, 4484, 1469)",0.5992262363433838
"(1825, 1953, 1954, 1382, 1703, 1512, 89, 1469, 2718, 3903)",0.5992255806922913
"(1512, 4971, 2220)",0.5992252230644226
"(2377, 1666, 676, 3778)",0.599224865436554
"(568, 1113, 2722, 4614)",0.5992244482040405
"(1800, 3114, 1836, 574)",0.599223792552948
"(1442, 1902, 2994, 1597, 1502, 1919)",0.5992230772972107
"(2116, 4486, 1375)",0.5992230176925659
"(1774, 1329, 1330, 2546, 3063)",0.5992220640182495
"(1953, 1890, 4417, 1446, 2738, 1463)",0.5992214679718018
"(1953, 4538, 1467, 1463)",0.5992196798324585
"(1480, 4969, 2506)",0.59921795129776
"(3200, 1285, 1974)",0.5992175936698914
"(1466, 1298, 2869, 1674)",0.5992174744606018
"(3200, 1313, 701)",0.5992164015769958
"(558, 305, 3019, 54)",0.5992153286933899
"(1954, 2311, 1703, 4329, 1707, 1390)",0.5992136597633362
"(58, 3262, 558, 1351)",0.5992122292518616
"(1774, 3054, 1329, 1330, 2546)",0.5992120504379272
"(1601, 4733, 2718)",0.5992109179496765
"(51, 1837, 4486)",0.5992104411125183
"(360, 3585, 1520)",0.599206805229187
"(739, 2958, 1463)",0.5992063879966736
"(2968, 2340, 1823)",0.5992060303688049
"(1505, 3218, 996, 2263)",0.5992057919502258
"(3250, 2058, 2620)",0.5992056727409363
"(1825, 1953, 1954, 1288, 1512, 1390, 1814, 4792)",0.5992054343223572
"(1480, 2192, 3047)",0.599204957485199
"(128, 1953, 1446, 1512, 2057, 1963, 4186, 2718)",0.5992039442062378
"(1799, 1512, 1577, 2297, 2718, 3903)",0.5992034673690796
"(2738, 4886, 159)",0.59920334815979
"(1351, 2568, 1481, 2541, 3314)",0.5992022752761841
"(1288, 3043, 2440, 1837)",0.5992015600204468
"(1953, 1890, 2958, 2231)",0.5992014408111572
"(3200, 1986, 341)",0.5992012023925781
"(1703, 1800, 2025, 3911, 1707, 2718)",0.5992002487182617
"(1284, 1287, 2891, 1298, 1982)",0.5991964936256409
"(1480, 2506, 4415)",0.5991954207420349
"(73, 2916, 2213)",0.5991953611373901
"(713, 1929, 3406)",0.5991953015327454
"(1638, 1703, 1512, 4370, 2297)",0.5991946458816528
"(1288, 1098, 1835, 3200)",0.599194347858429
"(1377, 3682, 1380, 1413, 1966, 2105, 1406)",0.5991942286491394
"(1481, 1308, 4925)",0.5991939902305603
"(1481, 196, 4101)",0.5991923809051514
"(1962, 1514, 3258, 1436, 1439)",0.5991911888122559
"(128, 1953, 869, 1446, 1703, 1801, 1933, 1390, 1974, 2808)",0.5991905927658081
"(1944, 2178, 3527)",0.5991901755332947
"(1384, 2307, 2868, 1535)",0.5991901159286499
"(1697, 3453, 1740, 2101)",0.5991899371147156
"(1446, 1703, 1390, 4337, 1974)",0.599189817905426
"(4891, 770, 1315)",0.599189817905426
"(3200, 1970, 1469)",0.5991886854171753
"(1953, 1954, 739, 3297, 1703, 1800, 1426)",0.5991872549057007
"(296, 5353, 2094)",0.5991854071617126
"(1377, 4443, 1413, 1335)",0.5991852879524231
"(2064, 4724, 1310)",0.5991846919059753
"(3200, 1953, 1954, 1703, 1288, 1469, 2718, 159)",0.5991837382316589
"(3408, 459, 581, 1670)",0.599182665348053
"(424, 1978, 1388, 2790)",0.5991825461387634
"(4487, 2261, 1943)",0.5991812944412231
"(4770, 1380, 1518, 2590)",0.5991811752319336
"(128, 1953, 5160, 1463, 2718, 159)",0.5991798043251038
"(1933, 1390, 302, 2264, 2941)",0.5991795063018799
"(25, 3425, 1383)",0.5991789102554321
"(3778, 839, 671)",0.5991787314414978
"(2017, 1834, 560, 1588, 3166)",0.5991773009300232
"(1481, 827, 2935)",0.5991772413253784
"(2302, 3270, 806)",0.5991767644882202
"(1512, 4484, 1469, 1710)",0.5991767644882202
"(4420, 1934, 2375)",0.5991759300231934
"(1552, 1986, 3471)",0.5991759300231934
"(4410, 1611, 2116)",0.5991756916046143
"(3200, 1954, 2242, 1382, 2630, 1390)",0.599175214767456
"(1386, 2340, 2810)",0.599174976348877
"(2953, 532, 54)",0.5991746187210083
"(128, 1953, 1446, 1512, 2057, 1963, 3002, 2718)",0.5991729497909546
"(1755, 2890, 1723, 1318)",0.5991727113723755
"(1939, 3996, 1502, 2191)",0.5991725921630859
"(2427, 2302, 2911)",0.5991719961166382
"(3192, 323, 1837, 1382)",0.5991718769073486
"(1953, 1890, 4420, 1446, 2738, 1463)",0.5991714000701904
"(1513, 2777, 485)",0.5991705656051636
"(1953, 1801, 3370, 1963, 1933, 2738)",0.599170446395874
"(2672, 1051, 4611)",0.5991689562797546
"(5290, 2243, 190, 1351)",0.5991679430007935
"(4123, 1326, 1743)",0.5991672277450562
"(2641, 1754, 52, 2938)",0.5991666316986084
"(1424, 1857, 3763, 671)",0.5991662740707397
"(4609, 10, 44, 2116)",0.5991660356521606
"(3635, 1298, 2427)",0.5991659760475159
"(1304, 2812, 582)",0.599165678024292
"(2218, 842, 2541, 3055, 1555, 1566)",0.5991655588150024
"(1953, 4641, 1801, 1963, 1933, 2738)",0.5991654396057129
"(2440, 1549, 3527)",0.5991649627685547
"(1490, 1388, 2790)",0.599164605140686
"(1921, 2109, 4487)",0.5991644263267517
"(1433, 5402, 1444, 190)",0.5991637110710144
"(128, 1953, 1920, 2958, 1974)",0.5991632342338562
"(1471, 1996, 493, 4467, 1855)",0.5991631150245667
"(1288, 89, 3042, 1837)",0.5991628170013428
"(2080, 1481, 4886, 855)",0.5991625189781189
"(2374, 3085, 1486, 54, 1499)",0.5991604924201965
"(1963, 1933, 3303)",0.5991592407226562
"(5241, 1709, 2598)",0.5991587042808533
"(1512, 5389, 806)",0.5991579294204712
"(25, 1426, 4859, 2609)",0.5991576313972473
"(1994, 4420, 1294)",0.5991575121879578
"(2641, 1754, 52, 2890)",0.5991562604904175
"(1666, 4866, 2309)",0.5991551876068115
"(1953, 4548, 1963, 1294, 1463, 1467)",0.5991544723510742
"(1165, 176, 1873, 3252, 2303)",0.5991536974906921
"(2593, 2330, 3642)",0.5991533398628235
"(1400, 4332, 1383)",0.5991526246070862
"(1386, 390, 3815)",0.599152147769928
"(1418, 1515, 1998, 1358, 2000, 3347)",0.5991520285606384
"(1569, 1355, 411, 4886)",0.5991519689559937
"(2938, 2109, 1823)",0.599151611328125
"(4322, 1628, 1405, 1413)",0.5991515517234802
"(2570, 1676, 5420)",0.5991500616073608
"(5497, 1740, 2575)",0.5991500020027161
"(1665, 2322, 2794)",0.599149763584137
"(1984, 2775, 1359)",0.599149763584137
"(2216, 2968, 1333)",0.5991490483283997
"(616, 1674, 2938)",0.599148690700531
"(537, 173, 3415)",0.5991477966308594
"(1800, 1836, 568, 4410, 541)",0.5991452932357788
"(3200, 101, 1382, 1383, 1800, 2297, 1999, 2358, 2071, 25, 1469)",0.5991445183753967
"(473, 1282, 196, 4886)",0.5991432070732117
"(2752, 1445, 1446, 507, 5500)",0.5991417169570923
"(128, 1890, 4718, 2738, 660, 2109)",0.5991401672363281
"(2144, 2938, 1286)",0.5991398692131042
"(1433, 4531, 2351, 1855)",0.599139392375946
"(2072, 1785, 2102, 2822)",0.5991382598876953
"(2968, 2234, 1571)",0.5991367697715759
"(3042, 1837, 1535)",0.5991367101669312
"(128, 1920, 1953, 1446, 1703, 1801, 3212, 1933, 1390, 1974)",0.5991360545158386
"(3017, 1774, 1329, 1330, 2546)",0.5991350412368774
"(2297, 2446, 3169)",0.5991345643997192
"(2953, 1802, 1827)",0.5991343855857849
"(1667, 3014, 1463)",0.5991342663764954
"(1382, 1512, 2958, 2297, 2718)",0.5991340279579163
"(1809, 4324, 39)",0.5991325378417969
"(4101, 1971, 1357)",0.5991321802139282
"(2160, 585, 3297, 2015)",0.5991317629814148
"(64, 2981, 1968, 1555, 1566)",0.5991317629814148
"(2307, 5542, 1480, 1935, 2330, 2302)",0.5991312265396118
"(1513, 2777, 278)",0.5991307497024536
"(2490, 1411, 2890)",0.599130392074585
"(1796, 1774, 4415)",0.5991302132606506
"(1512, 3144, 1469)",0.5991297960281372
"(1960, 2881, 2303)",0.5991283059120178
"(1465, 3255, 1991)",0.5991280674934387
"(1288, 4608, 1318)",0.5991278290748596
"(2057, 3939, 660, 159)",0.5991272926330566
"(1722, 3453, 2402)",0.5991265177726746
"(161, 3159, 2143)",0.5991262197494507
"(616, 1674, 2916)",0.5991261005401611
"(1569, 3057, 2102)",0.599125325679779
"(1703, 1512, 1800, 1707, 2486, 2718, 3903)",0.5991252660751343
"(58, 4443, 1863)",0.5991249084472656
"(1809, 498, 739, 3372)",0.5991243124008179
"(1480, 2506, 2956)",0.5991226434707642
"(3682, 2444, 1405)",0.5991225838661194
"(3200, 2217, 1386)",0.5991224646568298
"(1960, 4432, 861)",0.5991218090057373
"(1442, 2444, 1902, 2994, 1597, 1502)",0.5991213917732239
"(2968, 2187, 1588, 1836)",0.59912109375
"(1579, 4533, 1974)",0.5991207957267761
"(1521, 3085, 54)",0.5991201400756836
"(2911, 1421, 1718, 1751)",0.5991199612617493
"(1353, 4354, 1740, 1517)",0.5991197824478149
"(4337, 1763, 573)",0.599119246006012
"(1802, 1971, 3166)",0.5991191267967224
"(1446, 2029, 1743, 1558, 2972)",0.5991163849830627
"(3231, 2341, 1791)",0.5991154909133911
"(26, 3378, 1086)",0.5991110801696777
"(3085, 2029, 54)",0.5991107821464539
"(3042, 1383, 1288, 1837, 25)",0.5991106033325195
"(1827, 4988, 1949)",0.5991092324256897
"(2953, 1645, 1491, 1499, 1852)",0.5991067886352539
"(1601, 1954, 1953, 3201, 1294, 1469, 2718)",0.5991062521934509
"(3809, 35, 1684)",0.5991048812866211
"(1409, 1972, 1836, 4103)",0.5991039872169495
"(128, 1446, 1390, 4337, 660, 1974)",0.5991031527519226
"(1288, 2424, 1837, 3766)",0.5991030335426331
"(128, 1801, 2738, 660, 1974, 4024)",0.5991027355194092
"(10, 44, 1574, 4407)",0.5991025567054749
"(2208, 1446, 1390, 4420)",0.599102258682251
"(1376, 1909, 3495)",0.5991013646125793
"(1481, 58, 2689, 3262)",0.5990996956825256
"(3347, 1372, 1439)",0.5990990996360779
"(5127, 436, 1284, 2133)",0.599098801612854
"(1986, 3076, 54)",0.5990983247756958
"(3313, 106, 1373)",0.5990982055664062
"(2297, 1799, 1512, 4328, 89, 2718)",0.5990978479385376
"(2968, 1402, 284)",0.599097728729248
"(3752, 233, 1339)",0.5990967750549316
"(128, 424, 1801, 4347, 2718)",0.5990958213806152
"(3200, 2297, 1317)",0.5990957617759705
"(1490, 54, 4103)",0.5990933179855347
"(440, 1740, 3679)",0.5990932583808899
"(1840, 677, 4654)",0.599092423915863
"(689, 5123, 2236)",0.5990921258926392
"(1627, 2461, 2998)",0.599091112613678
"(2091, 4059, 2095)",0.599091112613678
"(1953, 1890, 1446, 2738, 1463, 3519)",0.5990891456604004
"(1953, 258, 4520, 1801, 1963, 1933, 1463)",0.5990889668464661
"(4643, 1801, 2738, 1953)",0.5990887880325317
"(1825, 1953, 1954, 1288, 1512, 4521, 1390, 1814, 1463)",0.5990881323814392
"(2424, 1930, 5002)",0.5990872383117676
"(1825, 1953, 1954, 1703, 1288, 2506, 3788, 660, 285, 1469)",0.599087119102478
"(1960, 1771, 2984)",0.5990869402885437
"(2090, 3082, 2534)",0.5990866422653198
"(4980, 1779, 884)",0.5990860462188721
"(452, 3085, 54)",0.599084734916687
"(1481, 2890, 1444, 1949)",0.5990846157073975
"(1953, 2946, 1703, 2071, 2297, 285)",0.599082887172699
"(2916, 2213, 2214, 272, 539)",0.5990819931030273
"(137, 2042, 3753, 2497)",0.5990813970565796
"(1703, 1800, 1707, 2612, 3190)",0.599080502986908
"(1953, 303, 304, 308, 2869)",0.5990799069404602
"(1781, 1350, 3519)",0.5990794897079468
"(4420, 1781, 1350)",0.599079430103302
"(2541, 3426, 2341)",0.599078357219696
"(137, 2042, 2497, 3487)",0.599078357219696
"(4354, 2467, 1709)",0.5990780591964722
"(1960, 3624, 1963)",0.5990780591964722
"(1953, 2086, 1288, 3903, 1786, 2718, 159)",0.5990779995918274
"(3250, 1378, 283)",0.5990777611732483
"(2442, 574, 4454)",0.5990777015686035
"(1288, 1202, 3042)",0.599076509475708
"(3042, 1837, 1743)",0.599076509475708
"(1411, 2557, 2981)",0.5990762114524841
"(1825, 1446, 1703, 4330, 1963, 1933, 1390, 660, 285)",0.599075973033905
"(1800, 3298, 1231)",0.5990741848945618
"(2242, 1763, 3211, 285)",0.599073588848114
"(3045, 54, 1471)",0.5990734100341797
"(2217, 27, 3500)",0.5990710854530334
"(2008, 1350, 3471)",0.5990707278251648
"(3200, 1386, 1188, 1383)",0.5990704894065857
"(3200, 1489, 1426, 1380)",0.5990702509880066
"(401, 1420, 5093)",0.599070131778717
"(128, 2560, 1801, 1963, 1933, 4593)",0.5990700125694275
"(1305, 4202, 1326)",0.5990699529647827
"(1418, 1515, 1998, 1358, 3347, 1337)",0.5990694761276245
"(1960, 73, 3144, 2541, 1359)",0.5990692973136902
"(1288, 1970, 1936, 3487)",0.5990685224533081
"(1480, 3683, 1405)",0.5990684628486633
"(1424, 5051, 476, 1382)",0.5990672707557678
"(1800, 1836, 3076, 1535)",0.5990670323371887
"(1697, 1740, 3900)",0.5990657210350037
"(1377, 1450, 1405, 3682)",0.5990656018257141
"(2562, 2340, 4341)",0.5990639328956604
"(2704, 1723, 1540, 3063)",0.5990635752677917
"(1666, 2309, 1381, 4654, 656, 433)",0.5990625619888306
"(296, 1353, 3313, 1373)",0.5990614295005798
"(1224, 1962, 3200)",0.5990612506866455
"(2140, 1390, 3983)",0.5990598201751709
"(2356, 5245, 2263)",0.5990573167800903
"(2534, 1774, 1328, 1330, 3283)",0.5990564823150635
"(1512, 4123, 1886)",0.5990551114082336
"(1513, 4591, 511)",0.5990549921989441
"(4718, 19, 1222)",0.5990543365478516
"(4208, 1801, 2738, 1953)",0.5990540385246277
"(4504, 1212, 1974)",0.5990533828735352
"(1877, 2230, 3509, 2330, 2302)",0.5990526676177979
"(1444, 596, 3262, 1351)",0.5990504026412964
"(2050, 1284, 207, 1298, 3702)",0.5990503430366516
"(1490, 1499, 2973)",0.5990498661994934
"(2216, 4749, 1734)",0.5990496873855591
"(648, 4329, 309, 251, 2718)",0.599048912525177
"(1706, 701, 5258)",0.5990483164787292
"(3042, 44, 1831)",0.599047839641571
"(800, 850, 3796)",0.5990473031997681
"(25, 4244, 1350)",0.5990466475486755
"(1665, 1978, 3017, 2598)",0.5990450978279114
"(3815, 1386, 1426, 692, 29)",0.5990443825721741
"(1936, 52, 5357, 54)",0.5990439653396606
"(2269, 5, 3519)",0.5990429520606995
"(128, 1920, 1953, 1446, 1703, 1801, 1933, 1390, 1974, 2808)",0.5990428328514099
"(3200, 1539, 2503, 360, 1802)",0.5990428328514099
"(128, 1953, 1954, 1703, 1288, 2958, 1469, 2718, 159)",0.5990422964096069
"(1800, 2297, 3068, 1535)",0.5990415215492249
"(128, 4329, 1207)",0.5990411043167114
"(10, 1578, 4029, 2351)",0.5990403890609741
"(3646, 1433, 1510)",0.599040150642395
"(3762, 1490, 1943)",0.5990394949913025
"(1387, 701, 4886)",0.5990394353866577
"(281, 1835, 3043)",0.5990380048751831
"(1960, 2541, 1869, 54, 4599)",0.5990380048751831
"(385, 4028, 2116, 567)",0.5990374088287354
"(2341, 2117, 1829, 1651, 3422, 2303)",0.5990374088287354
"(3200, 1383, 332, 1083, 254)",0.5990361571311951
"(1953, 1836, 1781, 568, 1469, 4447)",0.5990355610847473
"(1825, 1890, 1953, 2958, 1463)",0.5990354418754578
"(1703, 1707, 2958, 281, 2718, 159)",0.5990344882011414
"(1418, 2903, 1967)",0.599032998085022
"(70, 73, 1869, 1870, 1396, 2645, 2775, 1470)",0.5990321040153503
"(2064, 3412, 1310)",0.5990317463874817
"(1837, 341, 4486, 2367)",0.5990309715270996
"(1490, 2267, 2973, 1478)",0.5990305542945862
"(2050, 1427, 1982, 4886)",0.5990296006202698
"(161, 1929, 1676, 2895)",0.5990278720855713
"(3042, 1618, 51, 1837)",0.5990272164344788
"(3248, 1763, 573)",0.5990269184112549
"(296, 2790, 1774)",0.5990267992019653
"(5357, 1315, 1341)",0.5990262627601624
"(3200, 1402, 1495)",0.5990245342254639
"(1825, 1953, 1954, 1512, 1833, 1835, 1838, 4347)",0.5990241765975952
"(1858, 5418, 1287)",0.5990238785743713
"(1440, 4462, 1367)",0.5990238189697266
"(1386, 261, 3815)",0.5990236401557922
"(3552, 1442, 1189, 2444, 1461, 791, 1502, 1919)",0.5990233421325684
"(4418, 1799, 266, 1386, 1426)",0.5990228056907654
"(281, 1403, 2052, 4329)",0.5990196466445923
"(73, 1501, 4423)",0.599019467830658
"(3766, 10, 44, 1574)",0.5990192294120789
"(1953, 2443, 2541, 1809, 4543)",0.5990191102027893
"(1466, 1298, 2798, 1674)",0.5990187525749207
"(321, 4354, 237, 1392, 1878)",0.5990187525749207
"(1347, 1351, 5000, 1481, 2396, 1433, 1436, 1310)",0.5990180373191833
"(1692, 2891, 459, 52)",0.599017858505249
"(159, 1825, 4420, 1835, 1612, 2559)",0.5990170240402222
"(2832, 1675, 1676, 2541)",0.5990170240402222
"(1390, 1699, 2890, 302)",0.5990162491798401
"(568, 1409, 493, 4029)",0.5990161895751953
"(1800, 5099, 1844)",0.5990161299705505
"(1288, 1098, 1835, 3042)",0.5990158319473267
"(2890, 1548, 1390)",0.5990156531333923
"(4329, 2298, 1350)",0.5990143418312073
"(1809, 4404, 25, 2140, 1855)",0.599013090133667
"(25, 1426, 4245, 2609)",0.5990115404129028
"(1960, 1963, 2869)",0.5990110635757446
"(464, 2392, 1548, 3815)",0.5990102291107178
"(1754, 701, 3415)",0.5990101099014282
"(4337, 398, 159)",0.5990094542503357
"(1384, 3212, 1502)",0.5990093350410461
"(1377, 1413, 3166, 1335)",0.5990060567855835
"(128, 1953, 869, 1446, 1703, 1801, 1933, 1390, 1974, 3519)",0.5990055799484253
"(266, 5030, 2454)",0.5990054607391357
"(2777, 1970, 2110)",0.5990042686462402
"(2133, 1294, 2951)",0.5990037322044373
"(25, 1953, 341, 3471)",0.5990031361579895
"(2410, 371, 2995)",0.5990030169487
"(3397, 428, 2533, 430)",0.5990030169487
"(2240, 868, 3310)",0.599002480506897
"(1529, 3276, 1390)",0.5990022420883179
"(1953, 1954, 1835, 1294, 2718, 3903)",0.599001944065094
"(1433, 5476, 2351, 1855)",0.5990009307861328
"(3249, 1481, 58, 2427)",0.599000871181488
"(128, 424, 1801, 5337, 2718)",0.5990007519721985
"(1962, 3042, 1436, 1709)",0.5990005731582642
"(1953, 258, 1801, 1963, 1933, 4150, 1463)",0.5989997982978821
"(1304, 1305, 1326, 5465)",0.5989989638328552
"(2080, 2001, 3200)",0.5989985466003418
"(1953, 1836, 5134, 1786, 575)",0.5989978313446045
"(2568, 4545, 194, 1827)",0.5989974141120911
"(2257, 2212, 4534)",0.5989972352981567
"(1386, 2109, 4499, 1837)",0.5989964008331299
"(1953, 1954, 1703, 3788, 1294, 567, 1469)",0.5989961624145508
"(3200, 385, 386, 2297, 2397)",0.5989951491355896
"(2242, 2947, 2086, 567, 1469)",0.5989949703216553
"(48, 1838, 3042, 1574)",0.5989946126937866
"(2568, 3249, 194)",0.5989937782287598
"(4355, 1446, 1963, 1933, 2738, 1974, 2140)",0.5989909172058105
"(1692, 3702, 2703)",0.598990261554718
"(3106, 2374, 2303)",0.5989899635314941
"(2208, 1682, 2973, 1743)",0.5989898443222046
"(4640, 1953, 1801, 1963, 1933, 2738)",0.5989893674850464
"(128, 1920, 1953, 1446, 1703, 1801, 1933, 1390, 1974, 3519)",0.5989891290664673
"(128, 1953, 3519, 1463, 2718, 159)",0.5989888906478882
"(4605, 2458, 1771, 2101)",0.5989888310432434
"(739, 4668, 1999)",0.5989882349967957
"(1467, 2869, 1390, 1814)",0.5989881753921509
"(1539, 1802, 1328, 1330, 3378)",0.5989879369735718
"(128, 1953, 869, 1446, 1703, 1801, 4330, 1933, 1390, 1974)",0.5989871025085449
"(809, 3270, 806)",0.5989856123924255
"(1529, 5030, 2598)",0.5989856123924255
"(4354, 1692, 1774, 2703)",0.5989837646484375
"(1498, 1995, 2116, 3042)",0.5989822745323181
"(217, 4354, 1358, 2073)",0.5989816188812256
"(684, 54, 4103)",0.5989810228347778
"(341, 2895, 2279)",0.5989805459976196
"(1288, 3145, 1963, 1933, 1463)",0.5989801287651062
"(114, 196, 2942, 246)",0.5989800691604614
"(4103, 10, 1578, 1471)",0.598979651927948
"(3312, 1447, 839)",0.5989789366722107
"(2341, 1994, 1484, 560, 2935)",0.5989787578582764
"(10, 1578, 2351, 4028, 1471)",0.5989787578582764
"(2968, 2586, 2446, 2447)",0.5989786982536316
"(2888, 689, 1791)",0.5989784598350525
"(1514, 2090, 3757)",0.5989781022071838
"(3376, 2201, 54)",0.5989775657653809
"(1392, 3203, 1422)",0.5989766120910645
"(2410, 2451, 2995)",0.5989763736724854
"(2240, 58, 2066, 2942)",0.5989758372306824
"(1826, 1955, 5445)",0.5989757776260376
"(1472, 4545, 66, 1481, 1709, 1777, 1939)",0.5989757180213928
"(2142, 4661, 1310)",0.5989751815795898
"(3834, 1380, 1991)",0.5989747047424316
"(3371, 2278, 1655)",0.598974347114563
"(1408, 3058, 2541, 2006)",0.5989735722541809
"(1304, 1305, 5271)",0.5989727973937988
"(1674, 1299, 3007)",0.5989725589752197
"(4032, 2060, 54)",0.5989724397659302
"(2259, 1621, 4509)",0.5989717841148376
"(2057, 3212, 1781, 1881, 2202)",0.5989698171615601
"(385, 2116, 4029, 567)",0.5989692211151123
"(1560, 681, 3250, 855)",0.598969042301178
"(1475, 2597, 1995, 4126)",0.5989674925804138
"(5129, 1390, 1294)",0.5989661812782288
"(1512, 3212, 1333)",0.5989658832550049
"(2442, 3075, 574)",0.5989654064178467
"(2213, 1382, 4585, 1386, 567)",0.5989649891853333
"(367, 1936, 1970, 1973, 3487)",0.5989649891853333
"(1480, 3085, 1669)",0.5989648103713989
"(2968, 142, 54)",0.598964512348175
"(1418, 1515, 1998, 1358, 2000, 3347, 1337)",0.5989643335342407
"(1284, 2895, 1296, 1297, 2430)",0.5989622473716736
"(1936, 1403, 3421, 2326)",0.5989621877670288
"(3893, 1469, 1703)",0.5989620089530945
"(2755, 2796, 1718, 1751, 473)",0.5989605784416199
"(3778, 269, 1949)",0.5989586710929871
"(3200, 1766, 1512, 2057, 660, 2718)",0.5989580750465393
"(2080, 1809, 3269, 1799)",0.5989578366279602
"(128, 1825, 2560, 3521, 1703, 1801, 660, 285)",0.5989574193954468
"(1378, 1507, 169, 3019, 1439)",0.5989573001861572
"(1983, 3250, 1494, 1943)",0.5989572405815125
"(385, 2116, 4103, 567)",0.5989566445350647
"(3249, 1827, 1989, 1351)",0.5989564061164856
"(4242, 1498, 1437, 2551)",0.5989561080932617
"(680, 4534, 1743)",0.5989556908607483
"(4604, 1350, 1703)",0.5989547371864319
"(1665, 3085, 1341, 54)",0.5989537239074707
"(1418, 4354, 1358)",0.598953127861023
"(880, 3249, 1939, 1038)",0.5989525318145752
"(1953, 1703, 1963, 4558, 1974, 285)",0.5989511609077454
"(1801, 2738, 1953, 4644)",0.5989503264427185
"(493, 1838, 3471, 2455, 1944)",0.5989499092102051
"(1288, 1835, 1707, 2071, 2718, 3903)",0.5989489555358887
"(2080, 739, 1705, 1465, 3900)",0.5989486575126648
"(1953, 2279, 1512, 1705, 2057, 523, 3212, 89, 159)",0.5989475846290588
"(2546, 518, 3415)",0.5989474058151245
"(2672, 1268, 3085, 1791)",0.5989460945129395
"(2755, 1718, 1751, 473, 2911)",0.5989457368850708
"(2568, 4545, 2234, 1646)",0.598945677280426
"(1826, 787, 5523)",0.598945677280426
"(1480, 1489, 4443, 1380)",0.5989454984664917
"(58, 1355, 2799)",0.598945140838623
"(1208, 1781, 3414)",0.5989445447921753
"(1513, 173, 2102, 2777, 1338)",0.5989441275596619
"(560, 1049, 5352)",0.5989434719085693
"(1404, 4407, 567)",0.5989431142807007
"(1825, 4383, 1781, 607)",0.5989429354667664
"(809, 2227, 4605)",0.5989428758621216
"(2938, 1285, 1974)",0.598942756652832
"(1704, 75, 2775, 2170, 1983)",0.5989425778388977
"(1288, 89, 3218)",0.5989425182342529
"(354, 4354, 1294)",0.5989417433738708
"(1603, 1513, 2219, 2777, 2365)",0.598939836025238
"(1754, 701, 5398)",0.5989390015602112
"(2666, 4386, 1837)",0.5989389419555664
"(3200, 2298, 1781, 1743)",0.5989387631416321
"(1732, 1548, 5414)",0.5989380478858948
"(1747, 3119, 1671)",0.5989355444908142
"(2954, 1740, 54)",0.5989352464675903
"(3042, 44, 1837)",0.5989350080490112
"(1953, 1954, 584, 1294, 2718, 3903)",0.59893399477005
"(1512, 1994, 3212, 2279)",0.5989325642585754
"(2570, 4870, 487)",0.5989323258399963
"(2807, 436, 1284, 2133)",0.5989299416542053
"(128, 424, 1801, 5335, 2718)",0.5989298820495605
"(1288, 3408, 15)",0.5989292860031128
"(1288, 1698, 2911)",0.598929226398468
"(1444, 596, 4510, 1351)",0.598928689956665
"(1964, 1365, 1398, 2775, 1754, 1501)",0.5989285111427307
"(560, 5274, 1484, 765)",0.5989282131195068
"(1960, 2163, 3535)",0.598927915096283
"(568, 2307, 5062)",0.5989263653755188
"(1627, 2461, 3014)",0.5989242792129517
"(1960, 73, 3144, 2541, 1359, 1470)",0.5989229679107666
"(1774, 1754, 54, 5422)",0.5989207029342651
"(3682, 1448, 1450, 1335, 1628, 1405)",0.5989203453063965
"(568, 385, 306, 2897)",0.5989183187484741
"(3045, 1499, 1365)",0.5989181995391846
"(128, 2560, 1801, 1963, 1933, 3064)",0.5989159941673279
"(1403, 2938, 27)",0.5989158153533936
"(3682, 590, 2351)",0.5989148616790771
"(2178, 3049, 1578, 2028, 2160, 2001)",0.5989142656326294
"(1962, 3130, 1367)",0.5989139080047607
"(1512, 1281, 5333)",0.5989121198654175
"(1512, 5001, 37)",0.5989105105400085
"(472, 266, 4226)",0.5989103317260742
"(2672, 5052, 2628)",0.5989095568656921
"(1674, 1299, 2938)",0.5989091396331787
"(1433, 106, 4545, 1513)",0.5989086627960205
"(1836, 3021, 2326)",0.5989074110984802
"(1800, 3114, 1837, 1844, 2071, 2297)",0.5989072918891907
"(1665, 2053, 1961, 2121, 2062, 2094, 3118, 2067, 1492, 2073, 1372, 1373)",0.5989055037498474
"(1288, 1837, 4407, 89, 25)",0.5989051461219788
"(1409, 10, 1578, 4029)",0.5989046096801758
"(1709, 2598, 2951)",0.598901629447937
"(3109, 1676, 813, 1686)",0.5989014506340027
"(1674, 1299, 4470)",0.5989011526107788
"(5099, 2651, 1718, 1751)",0.5989011526107788
"(1953, 1954, 739, 1763, 3078, 1426, 1469)",0.5989010334014893
"(1818, 5259, 62)",0.5989007949829102
"(1480, 2969, 2506)",0.598898708820343
"(1288, 5281, 1963, 2573)",0.5988969802856445
"(2257, 2953, 422)",0.598896324634552
"(1920, 1426, 1963, 3068)",0.5988950729370117
"(745, 2473, 4529, 2718)",0.5988947153091431
"(4554, 332, 1087)",0.5988941788673401
"(3043, 44, 1837)",0.5988941192626953
"(128, 424, 1801, 5334, 2718)",0.5988941192626953
"(3014, 1326, 1330, 1144, 2143)",0.5988926291465759
"(3200, 1674, 2045)",0.5988925099372864
"(1682, 2972, 1743)",0.5988923907279968
"(3224, 1502, 1294)",0.5988917946815491
"(2641, 2642, 3429, 54)",0.5988906621932983
"(568, 1100, 3200, 1111)",0.5988905429840088
"(2586, 3211, 2446, 2447)",0.5988902449607849
"(2473, 1475, 2956)",0.5988888144493103
"(128, 1801, 3064, 424)",0.5988883972167969
"(1829, 5030, 2541, 1968, 1490, 2006)",0.5988882780075073
"(25, 3900, 1350)",0.5988879799842834
"(1505, 2201, 4329)",0.5988873839378357
"(425, 4922, 2718, 1294)",0.5988870859146118
"(1392, 1510, 4687)",0.5988868474960327
"(1953, 1954, 1294, 89, 1469, 4927)",0.5988857746124268
"(2672, 2953, 2628)",0.5988854765892029
"(3904, 1923, 1390, 89, 2718)",0.5988853573799133
"(4768, 106, 1373)",0.5988848805427551
"(1569, 1355, 411, 4545)",0.5988844633102417
"(1594, 4708, 1709)",0.5988825559616089
"(560, 1484, 765, 4816)",0.5988824963569641
"(640, 529, 157, 3014)",0.5988823175430298
"(4354, 2053, 2121, 2094, 2062, 1492, 1372)",0.5988821983337402
"(3378, 1796, 54)",0.5988821983337402
"(4545, 2428, 2597)",0.5988821387290955
"(2441, 3218, 2052)",0.5988820791244507
"(1512, 806, 5391)",0.598881721496582
"(3200, 2574, 2270, 567)",0.5988814830780029
"(4169, 2443, 1879)",0.5988813638687134
"(2298, 1350, 3519)",0.5988805294036865
"(4417, 1569, 2473)",0.598880410194397
"(3200, 1953, 1382, 660, 1814, 2297, 2202, 1469)",0.5988802313804626
"(1326, 1811, 3200, 558)",0.5988779664039612
"(10, 1996, 1578, 4029)",0.5988771915435791
"(1377, 3683, 1413, 1448, 2569, 2419, 1405)",0.5988762974739075
"(3200, 1305, 1676, 885)",0.5988753437995911
"(1443, 1588, 3166, 2187)",0.5988750457763672
"(1446, 1963, 2738, 1974, 4508)",0.5988749265670776
"(576, 3200, 2700, 567, 568, 574)",0.5988744497299194
"(2672, 3047, 1268, 1791)",0.5988742113113403
"(2672, 3721, 2628)",0.5988733172416687
"(560, 1484, 2117, 4816)",0.5988709330558777
"(1825, 1953, 1954, 1703, 1288, 2506, 660, 4372, 285, 1469)",0.5988689661026001
"(314, 5347, 2626)",0.5988688468933105
"(2672, 1858, 5474)",0.5988669991493225
"(697, 4418, 2297)",0.5988662838935852
"(2560, 1825, 1954, 1638, 1288, 1390, 4347, 1814, 1403, 1469)",0.5988661050796509
"(3552, 1442, 1863, 2444, 1902, 1919)",0.5988660454750061
"(249, 1858, 1651, 3778)",0.5988660454750061
"(1446, 2029, 1933, 1743, 1558, 2972)",0.5988650321960449
"(4354, 1492, 54)",0.5988640785217285
"(1665, 1978, 2953, 2598)",0.5988633036613464
"(321, 4870, 237, 1392, 1878)",0.5988627076148987
"(2073, 4354, 1863)",0.5988619923591614
"(1825, 1953, 1954, 1288, 1512, 4521, 1390, 1814, 1463, 1469)",0.5988602638244629
"(1377, 1405, 1413, 3166)",0.598859965801239
"(2672, 1268, 2812, 1791)",0.5988584756851196
"(1512, 1939, 5219, 1463)",0.5988578796386719
"(128, 424, 1801, 5336, 2718)",0.5988567471504211
"(2191, 4337, 1887)",0.5988547205924988
"(361, 1453, 3085, 1362, 53, 694)",0.5988541841506958
"(1698, 1315, 4988)",0.5988540649414062
"(2080, 3200, 2541, 54)",0.598853349685669
"(2476, 3251, 1284, 1300)",0.5988523364067078
"(2204, 4955, 132, 1364)",0.5988519787788391
"(1288, 2424, 1837, 4486)",0.5988514423370361
"(1994, 1442, 2332, 2890)",0.5988513231277466
"(1985, 4602, 2277, 2609)",0.5988512635231018
"(2026, 2459, 2332, 4443)",0.5988481044769287
"(2217, 2891, 1749, 1303)",0.5988466739654541
"(1480, 3085, 2159)",0.5988453030586243
"(1825, 1953, 1954, 1638, 1512, 1390, 4347, 1469, 159)",0.5988451838493347
"(1962, 3324, 1367)",0.5988444089889526
"(2427, 1484, 2356, 2911)",0.5988420248031616
"(1107, 2140, 2895)",0.5988418459892273
"(1953, 2311, 1288, 1786, 3903)",0.5988417863845825
"(5030, 1709, 2598)",0.5988413691520691
"(2204, 2979, 132, 1364)",0.5988412499427795
"(2374, 3085, 1486, 1362, 54)",0.5988410115242004
"(2050, 1475, 2890, 1991)",0.5988404750823975
"(1481, 2890, 1639)",0.5988389849662781
"(3042, 2541, 1502)",0.5988389253616333
"(130, 1355, 3085, 1499)",0.598838210105896
"(2942, 197, 1294)",0.59883713722229
"(1390, 2890, 54)",0.5988345742225647
"(3256, 1754, 2541)",0.5988335013389587
"(4329, 1781, 1350)",0.5988331437110901
"(128, 1825, 1953, 4417, 1703, 1512, 660, 285)",0.5988330841064453
"(2973, 2022, 1311)",0.5988309979438782
"(1477, 3438, 1391)",0.5988308191299438
"(1288, 2424, 1837, 4407)",0.5988305807113647
"(713, 1481, 1989, 3262)",0.5988303422927856
"(1837, 1333, 4103)",0.5988298058509827
"(2113, 4545, 1989, 2568, 2066, 58)",0.5988290309906006
"(2308, 3144, 1329, 2546, 1723)",0.5988288521766663
"(816, 1377, 4443, 1480)",0.598825991153717
"(1920, 2941, 453)",0.5988252758979797
"(568, 3190, 2541, 1968)",0.5988249778747559
"(2145, 2057, 3200)",0.5988245010375977
"(1953, 1954, 2506, 1294, 1469, 2718, 3903)",0.5988240242004395
"(581, 614, 3647)",0.5988210439682007
"(3200, 1953, 1803, 533, 285)",0.5988199710845947
"(2672, 138, 3415, 2735)",0.5988181233406067
"(2086, 1382, 1390, 3192, 1469, 159)",0.5988173484802246
"(1618, 51, 1837, 4486)",0.598816454410553
"(1539, 1838, 4886)",0.5988160371780396
"(128, 424, 1801, 4178, 660, 2718)",0.5988159775733948
"(1382, 1703, 2958, 1463, 2297)",0.5988137125968933
"(3914, 130, 1939, 1645)",0.5988136529922485
"(3200, 1972, 54)",0.5988136529922485
"(1432, 1512, 523, 4486)",0.5988094806671143
"(1960, 2410, 267, 5357, 1490, 1491, 1333)",0.5988073945045471
"(3427, 2243, 542)",0.5988065600395203
"(4866, 196, 1284, 1457, 1466)",0.5988064408302307
"(1953, 1800, 1836, 1781, 568, 1469, 4447)",0.5988061428070068
"(3682, 1468, 2590, 2143)",0.5988060235977173
"(4508, 589, 2110)",0.5988045930862427
"(4545, 2142, 1351)",0.5988044142723083
"(1953, 1801, 1963, 1933, 2738, 4566)",0.5988039970397949
"(689, 2321, 3055)",0.5988014340400696
"(1033, 581, 5478)",0.5988011956214905
"(1953, 4353, 2443, 2541, 1809)",0.598800003528595
"(2984, 1796, 54)",0.5987976789474487
"(5176, 1315, 54)",0.5987971425056458
"(2890, 459, 1675, 1676, 1326, 1305)",0.5987969040870667
"(1675, 1676, 2541, 3238)",0.5987948179244995
"(3192, 121, 1034)",0.5987939834594727
"(568, 1970, 4332)",0.5987935662269592
"(3465, 2541, 54)",0.5987934470176697
"(1960, 73, 2541, 1359, 2775, 1470)",0.5987923741340637
"(1944, 3203, 54)",0.5987921953201294
"(1696, 1529, 1467, 5069)",0.5987894535064697
"(1424, 4418, 1960)",0.5987890958786011
"(3045, 2159, 1471)",0.5987887978553772
"(288, 2140, 1446, 3334)",0.5987887382507324
"(2425, 1466, 2916)",0.5987886786460876
"(4160, 106, 2334)",0.5987867116928101
"(2541, 62, 3063)",0.5987861156463623
"(3538, 2619, 2180)",0.5987853407859802
"(3525, 1549, 54)",0.5987852811813354
"(4353, 493, 1535)",0.5987840294837952
"(1953, 1705, 1801, 3212, 660, 340)",0.5987837910652161
"(3072, 25, 1426, 2609)",0.5987822413444519
"(1481, 3642, 1460)",0.5987818241119385
"(1763, 2019, 4486, 1288, 1835)",0.5987801551818848
"(1304, 3019, 884)",0.5987794399261475
"(2296, 2953, 1718)",0.5987785458564758
"(1978, 474, 2104, 3415)",0.598776638507843
"(288, 258, 3106, 302, 158)",0.5987761616706848
"(1386, 3270, 1426)",0.5987758636474609
"(0, 1740, 1925, 3599)",0.5987752676010132
"(697, 706, 4955, 661)",0.5987752079963684
"(4169, 2307, 309)",0.5987730622291565
"(2024, 4417, 2541)",0.5987727046012878
"(128, 1920, 1953, 1446, 1703, 1801, 4330, 1933, 1390, 1974)",0.5987717509269714
"(3042, 1934, 1607)",0.5987699627876282
"(385, 739, 1382, 2216, 1744, 2968)",0.5987697839736938
"(3200, 1939, 2220)",0.5987691283226013
"(1969, 1427, 2942)",0.5987690091133118
"(1377, 4474, 662, 2057)",0.5987685918807983
"(568, 4353, 1970)",0.5987682342529297
"(2261, 2628, 2109, 4487)",0.5987676382064819
"(1909, 3014, 2143)",0.5987667441368103
"(568, 385, 306, 2869)",0.5987662076950073
"(184, 173, 3415)",0.5987656116485596
"(2433, 1480, 1461, 791, 4443, 1919)",0.5987654328346252
"(1315, 1341, 3019)",0.5987647771835327
"(1288, 3420, 1974, 1463)",0.5987640619277954
"(1929, 1341, 2817)",0.5987634658813477
"(1426, 4523, 54)",0.5987599492073059
"(1404, 4486, 567)",0.5987597703933716
"(1313, 3682, 701)",0.5987595319747925
"(2800, 398, 159)",0.5987594127655029
"(2672, 2427, 2798, 1927)",0.5987587571144104
"(2057, 1826, 5443)",0.5987583994865417
"(5437, 1539, 1989)",0.5987576842308044
"(2681, 2985, 245)",0.5987576842308044
"(3412, 1934, 7)",0.5987575650215149
"(4605, 1386, 1837, 1799)",0.5987574458122253
"(1512, 122, 4586)",0.5987569689750671
"(1378, 1347, 4708, 1354, 1980, 1357, 2157, 1436)",0.5987560153007507
"(1953, 4643, 1801, 1963, 1933, 2738)",0.5987557768821716
"(1402, 3203, 597, 1382)",0.5987553596496582
"(1512, 1684, 2796)",0.5987546443939209
"(3200, 1229, 25, 251, 2718)",0.5987525582313538
"(2341, 1484, 4816, 1425, 1176, 1979)",0.5987517833709717
"(3200, 1799, 1386, 692, 567)",0.5987516045570374
"(4627, 1403, 2486)",0.5987511873245239
"(1392, 3200, 1422)",0.598750114440918
"(2429, 806, 4886)",0.5987498164176941
"(25, 1426, 3900, 2609)",0.5987496376037598
"(2616, 1676, 3815)",0.5987493991851807
"(128, 1953, 4718, 1463, 2718, 159)",0.598749041557312
"(1411, 1822, 3058, 1816, 62)",0.5987487435340881
"(2752, 3778, 1445, 1446, 507)",0.5987482666969299
"(3257, 1107, 2140)",0.5987479090690613
"(2813, 2143, 1823)",0.5987479090690613
"(1403, 2890, 27)",0.5987470746040344
"(4891, 1283, 839)",0.5987467765808105
"(1627, 2895, 1399)",0.5987454652786255
"(1512, 4545, 1709, 2534)",0.598743200302124
"(4891, 249, 1201)",0.5987429022789001
"(4510, 196, 197, 2334)",0.5987422466278076
"(1953, 1801, 1963, 1933, 4208, 2738)",0.5987412929534912
"(2979, 132, 1381, 1510, 1364)",0.5987390279769897
"(3200, 73, 1509)",0.5987385511398315
"(4353, 1350, 1703)",0.598738431930542
"(1953, 2311, 1288, 1786, 2718, 3903)",0.5987380146980286
"(2040, 4513, 2598)",0.5987368226051331
"(1288, 1098, 1835, 4486)",0.5987359881401062
"(2148, 1836, 5070)",0.598735511302948
"(5441, 2057, 1826)",0.5987350344657898
"(2534, 1351, 3302, 1481, 2189, 1422, 2541, 2551, 1433, 1310)",0.5987348556518555
"(1969, 2942, 110)",0.5987347364425659
"(1464, 2461, 3014)",0.5987340807914734
"(1962, 4418, 1367)",0.5987336039543152
"(128, 1953, 4587, 1463, 2718, 159)",0.5987317562103271
"(1848, 3144, 1920)",0.5987313389778137
"(2075, 2334, 4103)",0.598731279373169
"(2072, 54, 4599)",0.5987294912338257
"(1638, 1799, 1512, 4370, 2297)",0.5987290143966675
"(1675, 1676, 2541, 2775)",0.5987289547920227
"(1968, 2881, 1893, 1829)",0.598728597164154
"(3200, 1409, 739, 1382, 1799, 1386, 1837, 1426, 2297)",0.5987281799316406
"(241, 2995, 52)",0.5987271666526794
"(1944, 1490, 3200)",0.5987262725830078
"(3200, 1658, 1574)",0.5987258553504944
"(3042, 1709, 2534, 1351)",0.5987246036529541
"(2340, 4341, 2462)",0.5987244844436646
"(3075, 1800, 1836, 25, 1535)",0.5987226963043213
"(1512, 3212, 54)",0.5987212657928467
"(1754, 371, 2541, 3085)",0.598720908164978
"(3682, 1962, 1259, 2590)",0.5987198948860168
"(1707, 2160, 5364, 2486, 1469)",0.5987197756767273
"(2672, 1539, 3702)",0.5987181663513184
"(1409, 10, 4404)",0.5987170338630676
"(2213, 1382, 1386, 4586, 567)",0.5987144708633423
"(2672, 138, 5415, 2735)",0.5987128615379333
"(3204, 1974, 54)",0.5987124443054199
"(3635, 2302, 1535)",0.5987120866775513
"(1288, 1390, 3239)",0.5987111926078796
"(128, 1963, 4397, 1933)",0.5987106561660767
"(3929, 1706, 2723, 1463)",0.5987091064453125
"(1392, 3813, 1478)",0.5987091064453125
"(1288, 3043, 1837, 1838)",0.5987070202827454
"(3200, 2001, 1802)",0.5987069606781006
"(2278, 616, 272, 2577, 2738, 3922)",0.5987061262130737
"(1480, 2473, 2956)",0.5987038016319275
"(1288, 3239, 303)",0.5987027883529663
"(1825, 1953, 1954, 1288, 1390, 5135, 1814, 631, 1469)",0.598700761795044
"(169, 3298, 1439)",0.598700225353241
"(4103, 10, 1578, 2351, 1471)",0.5987001657485962
"(3075, 452, 1382, 1844, 568)",0.5987001657485962
"(2984, 1539, 2308)",0.5986998677253723
"(1976, 3169, 2334)",0.5986992120742798
"(3042, 44, 341)",0.5986979007720947
"(128, 1953, 1801, 1463, 4441, 2718)",0.59869784116745
"(3120, 2361, 2102)",0.5986976027488708
"(1825, 1953, 1954, 1703, 1288, 2506, 4843, 660, 285, 1469)",0.5986972451210022
"(3204, 1382, 1847)",0.5986962914466858
"(2, 132, 3094)",0.5986958742141724
"(3200, 1586, 1836, 1469)",0.5986957550048828
"(4420, 1612, 1391)",0.5986954569816589
"(4417, 1403, 1310)",0.5986950993537903
"(1513, 1771, 2777, 511)",0.5986940264701843
"(3712, 2347, 1701)",0.5986933708190918
"(128, 424, 1801, 660, 4347, 2718)",0.5986903309822083
"(3144, 1933, 1399)",0.5986899137496948
"(4103, 54, 1383)",0.5986897349357605
"(3200, 2422, 1350)",0.5986888408660889
"(2374, 3085, 371, 2645, 2009, 1754)",0.5986884236335754
"(568, 1970, 3200)",0.5986878275871277
"(1279, 3095, 839)",0.5986877679824829
"(1386, 2810, 1823)",0.5986864566802979
"(3043, 44, 1831)",0.5986860990524292
"(3265, 2178, 1799, 1386, 1837, 1171, 568)",0.5986849069595337
"(128, 1953, 1446, 3718, 1801, 1963)",0.5986840724945068
"(1953, 1703, 2958, 2071, 2297, 285)",0.5986834168434143
"(2641, 762, 3778)",0.5986826419830322
"(1443, 1641, 2672, 2768, 5566)",0.5986815690994263
"(1953, 1954, 2506, 1294, 2969, 1469, 2718)",0.5986810922622681
"(1818, 1051, 3276)",0.598680853843689
"(169, 1939, 3054)",0.5986807346343994
"(1347, 4708, 1415, 2058, 2234)",0.5986806750297546
"(1825, 1954, 4329, 1390, 1648, 1814, 1469)",0.5986803770065308
"(0, 850, 5504)",0.5986800789833069
"(1962, 2090, 4717)",0.5986800789833069
"(1953, 1446, 1288, 1963, 2897, 1463, 1535)",0.5986799001693726
"(4424, 25, 2541, 574)",0.5986796617507935
"(2666, 2140, 4637)",0.5986793637275696
"(2704, 3017, 1723, 1540)",0.5986784100532532
"(2278, 2916, 814)",0.5986782908439636
"(1305, 3490, 1974)",0.5986777544021606
"(1418, 118, 2822)",0.5986771583557129
"(1042, 964, 3262)",0.598676860332489
"(2612, 3076, 1382)",0.598673403263092
"(200, 1317, 2942)",0.5986725687980652
"(3045, 1499, 1365, 54)",0.598672091960907
"(25, 4245, 1350)",0.598671019077301
"(1936, 698, 3487)",0.5986706614494324
"(1706, 2723, 5302, 1463)",0.5986704230308533
"(5465, 2201, 2321)",0.5986696481704712
"(1825, 1954, 1923, 2958, 1390)",0.5986695885658264
"(4350, 1781, 1350)",0.5986692309379578
"(2490, 1499, 2890)",0.5986687541007996
"(1703, 1800, 1707, 3021, 2612)",0.5986683368682861
"(1392, 2061, 4544)",0.5986683368682861
"(1418, 3347, 118)",0.5986672639846802
"(2577, 4354, 1372)",0.5986660718917847
"(2314, 1836, 1403, 2013, 5406)",0.5986651182174683
"(2433, 1989, 1317, 2891, 1170)",0.5986651182174683
"(3553, 1732, 1939, 1432, 1305)",0.5986636281013489
"(3200, 1703, 1512, 1577, 1803, 89, 2718)",0.5986626744270325
"(1825, 1953, 1954, 1382, 1703, 1512, 4522, 89, 1469, 2718)",0.5986616015434265
"(5288, 1869, 1535)",0.5986611247062683
"(411, 4103, 2407)",0.5986605286598206
"(5443, 1826, 1955)",0.5986602902412415
"(1288, 2616, 3214, 1814)",0.5986601710319519
"(4619, 1705, 1650, 739)",0.5986579060554504
"(169, 1507, 4801)",0.5986578464508057
"(128, 1446, 1963, 2923, 1390, 660)",0.5986564755439758
"(3075, 1962, 2586)",0.598656415939331
"(2089, 3415, 2095)",0.5986555218696594
"(4225, 2357, 1470)",0.598655104637146
"(2217, 4914, 1287)",0.5986550450325012
"(5464, 161, 1327)",0.5986548662185669
"(1513, 173, 2102, 3415, 1338)",0.5986547470092773
"(10, 4404, 1855)",0.5986543297767639
"(1777, 1829, 69, 4462)",0.5986530184745789
"(1808, 3270, 806)",0.5986529588699341
"(1747, 1404, 3119)",0.5986523032188416
"(1960, 1410, 2822)",0.5986508131027222
"(1512, 1490, 4443)",0.5986502170562744
"(4554, 1962, 1436)",0.5986494421958923
"(3489, 1492, 1372, 1517)",0.5986494421958923
"(1825, 4420, 1703, 1833, 2362)",0.5986493229866028
"(1512, 3500, 806)",0.5986491441726685
"(2608, 25, 3200)",0.5986484289169312
"(2236, 1388, 1709, 3118)",0.5986475944519043
"(1574, 4486, 1837, 1294)",0.5986467599868774
"(434, 3942, 2527)",0.598645806312561
"(51, 4103, 341, 1471)",0.5986450910568237
"(1305, 2546, 2990, 1329)",0.5986440777778625
"(3376, 161, 1327)",0.5986434817314148
"(2307, 4900, 2573)",0.5986433625221252
"(1962, 1514, 1436, 3042)",0.5986431241035461
"(1386, 2109, 4499, 309)",0.5986429452896118
"(1721, 3214, 1814)",0.5986419320106506
"(2771, 2998, 1893, 1430)",0.5986417531967163
"(5258, 1692, 701)",0.5986409187316895
"(1954, 1923, 3298, 2127)",0.5986380577087402
"(1828, 2942, 1463)",0.5986372232437134
"(4561, 1683, 1469)",0.5986368060112
"(25, 1426, 3887, 2609)",0.5986365675926208
"(473, 4988, 2143)",0.5986360907554626
"(1490, 794, 4525)",0.5986344218254089
"(2776, 2259, 2365)",0.5986335873603821
"(1432, 2057, 3075)",0.5986335277557373
"(1201, 3599, 1329)",0.5986332893371582
"(128, 1825, 1953, 2057, 4787, 2718)",0.5986326336860657
"(2672, 3937, 1268, 1791)",0.598632276058197
"(3075, 452, 1800, 1836, 568)",0.5986310839653015
"(424, 3278, 2102)",0.5986310839653015
"(1443, 1641, 2672, 2768, 5565)",0.5986307859420776
"(1409, 10, 1996, 2351, 4029, 1855)",0.5986306071281433
"(3200, 2297, 2143)",0.5986303091049194
"(1288, 1552, 3042, 1838)",0.5986300706863403
"(1201, 3347, 1329)",0.5986295342445374
"(560, 5274, 1484, 2117)",0.5986291170120239
"(1382, 1512, 1577, 2958, 2297, 2718)",0.5986285209655762
"(1521, 2257, 3085, 54)",0.5986279845237732
"(2201, 54, 3095)",0.5986266732215881
"(3778, 2261, 2335)",0.5986259579658508
"(2296, 3019, 1718)",0.5986244082450867
"(2377, 1666, 676, 2998)",0.5986242890357971
"(2953, 1974, 54)",0.5986236929893494
"(4778, 1298, 852)",0.5986227989196777
"(4545, 2058, 2142)",0.5986212491989136
"(5281, 1288, 1963, 2573, 1463)",0.598621129989624
"(3682, 1980, 1357)",0.5986199975013733
"(4545, 1955, 1481, 2552, 1433)",0.5986176133155823
"(1020, 1901, 5046)",0.598617434501648
"(1384, 3521, 1480)",0.5986170768737793
"(2672, 2427, 2911, 1927)",0.598616898059845
"(2368, 217, 3119)",0.5986149311065674
"(3126, 3, 1854)",0.5986120700836182
"(435, 1179, 2973, 2215)",0.5986120700836182
"(1382, 1512, 2958, 2486, 2297, 2718)",0.5986118912696838
"(1826, 1955, 5444)",0.5986109972000122
"(2593, 196, 3378, 18, 276)",0.5986105799674988
"(1867, 701, 3918)",0.5986095070838928
"(1515, 3053, 1990)",0.5986083745956421
"(1954, 739, 1800, 4680, 2609)",0.5986079573631287
"(1920, 1829, 1529, 1433, 2941)",0.5986075401306152
"(1512, 89, 1994, 3212)",0.5986075401306152
"(2346, 3262, 2541, 2526)",0.5986073613166809
"(3200, 1836, 1809, 2001, 1054)",0.5986072421073914
"(1512, 458, 5030, 2199)",0.5986070036888123
"(3074, 1139, 1485, 2055)",0.5986043810844421
"(2752, 1445, 1446, 4886, 507)",0.5986036062240601
"(4103, 1837, 1999, 1809, 2358, 251, 1471)",0.5986034274101257
"(2168, 3190, 662)",0.5986025333404541
"(1953, 1954, 1703, 1288, 2959, 660, 285, 1469, 2718, 159)",0.5986006259918213
"(1953, 2668, 4733)",0.5986005067825317
"(3200, 1382, 54)",0.5986003279685974
"(3610, 2490, 1403)",0.5985998511314392
"(3200, 1347, 1357)",0.598599374294281
"(1953, 1382, 1703, 3471, 1426, 2358, 2008, 1465, 1469)",0.5985977649688721
"(2598, 5386, 1774)",0.59859699010849
"(589, 341, 4127)",0.5985963940620422
"(128, 1801, 2738, 4658)",0.5985962748527527
"(2529, 2314, 3778)",0.5985955595970154
"(1329, 2546, 3347)",0.5985946655273438
"(2137, 2054, 4870)",0.5985942482948303
"(2529, 1476, 165, 5425, 2582)",0.5985941290855408
"(3500, 1692, 2703)",0.598594069480896
"(4509, 1773, 2110)",0.5985918641090393
"(3075, 1509, 1383)",0.5985916256904602
"(2422, 1606, 4470)",0.5985913276672363
"(5411, 1676, 1806)",0.5985906720161438
"(1370, 1933, 1390, 3095)",0.5985904932022095
"(4552, 2612, 1837, 1382)",0.5985894203186035
"(584, 579, 3200)",0.5985887050628662
"(3925, 453, 1294)",0.5985873341560364
"(2986, 1490, 951)",0.5985863208770752
"(1296, 2140, 5406)",0.5985862612724304
"(4432, 793, 685)",0.5985852479934692
"(1426, 475, 4405)",0.5985841751098633
"(522, 1310, 5258)",0.5985840559005737
"(2441, 3066, 1655)",0.5985831022262573
"(3200, 1837, 1333)",0.5985807776451111
"(304, 3200, 1390, 1814)",0.5985802412033081
"(2013, 3682, 493)",0.5985799431800842
"(4523, 54, 1383)",0.598579466342926
"(1512, 806, 5390)",0.5985794067382812
"(4332, 1382, 1847)",0.5985783934593201
"(1830, 1484, 1425, 3252, 1176)",0.5985771417617798
"(2890, 1460, 1941)",0.5985769629478455
"(3500, 1901, 2534)",0.5985766053199768
"(1372, 5558, 1439)",0.5985752940177917
"(1658, 2530, 3085)",0.5985750555992126
"(1953, 4538, 1467, 1294)",0.5985749959945679
"(1440, 5001, 2058, 1976)",0.5985749363899231
"(1954, 739, 1800, 2609, 4861)",0.5985741019248962
"(1953, 1954, 2057, 1294, 1469, 350, 3903)",0.5985739231109619
"(1409, 3019, 1996)",0.5985737442970276
"(1960, 1426, 3068, 1382)",0.5985724925994873
"(10, 44, 3042, 1831)",0.5985718965530396
"(128, 4135, 1801, 1933, 1390, 1463)",0.5985714793205261
"(2341, 2117, 1829, 1651, 2935, 2303)",0.5985709428787231
"(2890, 1535, 1390, 302, 2655)",0.5985704660415649
"(1732, 1548, 4886)",0.5985693335533142
"(1284, 1700, 1287, 1298, 3290)",0.5985687375068665
"(2991, 341, 1463)",0.5985683798789978
"(3200, 1471, 1996, 1142, 1855)",0.5985683798789978
"(770, 1315, 2998)",0.5985673666000366
"(128, 1953, 1963, 1933, 1463, 4441, 159)",0.5985673069953918
"(2113, 1989, 2568, 2066, 4886, 58)",0.5985665321350098
"(2916, 187, 2236)",0.5985659956932068
"(3042, 1933, 1390, 1329, 2546)",0.598565936088562
"(4353, 2298, 1350)",0.5985646843910217
"(1432, 1979, 388, 3679)",0.598561704158783
"(681, 1526, 4543)",0.5985604524612427
"(2913, 114, 196, 246)",0.5985600352287292
"(2752, 3200, 1445, 1446, 507)",0.5985594391822815
"(1305, 1723, 2911)",0.5985593199729919
"(184, 2777, 173)",0.5985587239265442
"(1444, 596, 2942, 1351)",0.5985584855079651
"(1466, 1684, 5125)",0.5985568761825562
"(1432, 3249, 2240, 1391)",0.5985567569732666
"(2570, 1676, 3055)",0.5985565781593323
"(449, 4195, 1822)",0.5985555052757263
"(1382, 54, 3190)",0.5985550880432129
"(3200, 459, 309, 25, 251)",0.5985547304153442
"(1512, 3309, 1694)",0.5985544323921204
"(3200, 1469, 54)",0.5985532999038696
"(648, 2958, 309, 251, 2718)",0.5985531806945801
"(2817, 2274, 2053, 2121, 2094, 2062, 1492, 1372)",0.5985521674156189
"(2344, 2539, 275, 276, 3224, 1977, 2074, 2366, 95)",0.5985520482063293
"(1392, 1469, 3199)",0.5985519886016846
"(2325, 54, 4103)",0.5985510945320129
"(1785, 2201, 5270)",0.5985506176948547
"(1326, 3200, 54)",0.5985501408576965
"(4432, 1929, 1756, 1893)",0.5985490679740906
"(2080, 4545, 2434, 1900, 2256)",0.5985479950904846
"(1697, 1802, 1740, 3415, 1791)",0.5985475778579712
"(1976, 106, 4160)",0.5985474586486816
"(1820, 2973, 1551)",0.5985472798347473
"(1514, 1436, 3194, 1439)",0.5985469818115234
"(3042, 44, 1838)",0.5985456705093384
"(1432, 459, 3712, 806)",0.5985453128814697
"(1386, 468, 2810, 2340)",0.5985450148582458
"(3169, 2298, 1350)",0.5985443592071533
"(2090, 3082, 2534, 1351)",0.5985441207885742
"(1703, 1512, 1800, 2057, 1707, 2958)",0.5985424518585205
"(1865, 2102, 5415)",0.5985422730445862
"(1480, 2506, 3903)",0.5985412001609802
"(3042, 1574, 1831)",0.5985409021377563
"(1944, 970, 3203)",0.5985398292541504
"(1330, 692, 2775)",0.5985397100448608
"(713, 1539, 4337)",0.5985395908355713
"(3200, 1699, 2270)",0.598539412021637
"(2897, 161, 1327)",0.5985392928123474
"(1830, 1484, 1903, 3252, 1176)",0.5985386967658997
"(3376, 425, 2718)",0.5985379219055176
"(2008, 3198, 1350)",0.5985371470451355
"(3682, 1499, 125)",0.5985370874404907
"(616, 1499, 2916)",0.5985369682312012
"(3200, 1380, 54)",0.5985367894172668
"(1512, 2075, 4645, 2334)",0.5985364317893982
"(2297, 4723, 686)",0.5985362529754639
"(1825, 3218, 493, 1703)",0.5985355973243713
"(1688, 249, 1979, 2869)",0.598535418510437
"(1446, 1288, 3145, 1963, 1463)",0.5985338687896729
"(2593, 196, 18, 276, 3870)",0.5985330939292908
"(2087, 2315, 1995, 1498, 2975)",0.5985324382781982
"(385, 3042, 44)",0.5985319018363953
"(1683, 1469, 3199)",0.5985305309295654
"(3200, 2161, 1774)",0.598530113697052
"(2769, 2790, 2191)",0.5985300540924072
"(12, 3045, 44)",0.5985296368598938
"(1490, 1446, 1390, 4420)",0.5985289216041565
"(2530, 3019, 54, 2521, 2591)",0.5985283851623535
"(4443, 2405, 1405)",0.5985282063484192
"(3200, 2028, 2406)",0.5985279083251953
"(3144, 2649, 1964, 1365)",0.5985274910926819
"(1512, 1364, 4560)",0.5985231399536133
"(1409, 4103, 10, 1996, 51, 1471)",0.5985211730003357
"(1968, 1409, 3257, 2541)",0.5985203385353088
"(65, 1714, 4532)",0.5985190868377686
"(5569, 1443, 1641, 2672, 2768)",0.5985190868377686
"(2968, 2330, 1571)",0.5985190272331238
"(2113, 1827, 2568, 2096, 1460, 3262)",0.5985180735588074
"(1512, 3835, 1412)",0.5985177159309387
"(3075, 2101, 254)",0.5985174179077148
"(2565, 3347, 1453)",0.5985170602798462
"(3256, 1490, 951)",0.5985167026519775
"(5049, 1356, 2356, 1463)",0.598516583442688
"(568, 1392, 3199)",0.5985164046287537
"(1400, 4400, 163)",0.5985134840011597
"(1953, 1446, 3149, 1390, 1974)",0.5985134243965149
"(1601, 1825, 1703, 1800, 1707, 660, 285, 3903)",0.5985128879547119
"(3200, 1329, 1836)",0.598512589931488
"(2280, 5532, 2053)",0.5985119938850403
"(128, 424, 1801, 2718, 4415)",0.5985119938850403
"(3204, 1125, 1835, 2001, 1944, 1469)",0.5985115170478821
"(1512, 249, 3500)",0.5985113978385925
"(2534, 2539, 3378, 1302, 2074)",0.598511278629303
"(1920, 1825, 1703, 3212, 285)",0.5985106825828552
"(1674, 1299, 2895)",0.598510205745697
"(1403, 2891, 27)",0.5985097885131836
"(1944, 2608, 3204)",0.5985095500946045
"(1409, 4103, 10, 1996, 2351, 1855)",0.5985089540481567
"(2890, 2251, 1535, 2478, 1390, 2655)",0.5985084176063538
"(1870, 4578, 1294)",0.5985082387924194
"(4368, 2006, 1935)",0.5985072255134583
"(5030, 1645, 62, 1822)",0.5985070466995239
"(3072, 25, 1350)",0.5985067486763
"(1313, 1803, 2958)",0.5985043048858643
"(1569, 2473, 4845)",0.5985041856765747
"(2322, 2794, 1791)",0.5985037088394165
"(4593, 1539, 1838)",0.5985020399093628
"(3200, 1409, 1350)",0.5985007286071777
"(1611, 3021, 54, 1471)",0.5984999537467957
"(1357, 3558, 1461)",0.598499059677124
"(1774, 1330, 3415, 1305, 1754)",0.5984984636306763
"(5417, 1699, 1470)",0.5984967947006226
"(1953, 1382, 1703, 1512, 1705, 2057, 523, 3212, 660, 631, 89, 1469)",0.5984957218170166
"(3075, 452, 1800, 1844, 568)",0.5984957218170166
"(3408, 1539, 1838)",0.5984956622123718
"(3298, 1412, 741)",0.5984955430030823
"(1675, 1676, 2541, 3055)",0.5984952449798584
"(3370, 1467, 1933)",0.5984935760498047
"(2110, 2986, 342)",0.5984922051429749
"(3200, 594, 54)",0.5984922051429749
"(1825, 1953, 1954, 1512, 1833, 1390, 1294, 4347, 1403)",0.5984909534454346
"(3682, 388, 1934)",0.5984897017478943
"(1392, 3144, 1510)",0.5984892249107361
"(2956, 1437, 159)",0.5984886288642883
"(1512, 1281, 5332)",0.598487913608551
"(2080, 4545, 2533)",0.5984861850738525
"(128, 4420, 424, 1801, 2718)",0.5984860062599182
"(1410, 73, 1869, 4593, 1490, 54)",0.5984852313995361
"(1409, 2351, 25, 4029, 574, 1855)",0.5984846353530884
"(3169, 1781, 1350)",0.5984839797019958
"(2956, 861, 1413)",0.5984832644462585
"(4354, 117, 2062)",0.5984827280044556
"(2369, 4101, 1461)",0.5984814167022705
"(128, 2560, 1801, 4593, 2738)",0.5984811782836914
"(3270, 653, 806)",0.5984804034233093
"(1433, 3443, 1351)",0.5984772443771362
"(3042, 2116, 1831, 10, 44)",0.5984770059585571
"(1392, 2681, 2817)",0.5984761714935303
"(1464, 4794, 1859)",0.5984755754470825
"(1953, 1954, 1294, 2297, 2718, 3903)",0.598475456237793
"(1490, 2859, 1446, 1390)",0.5984751582145691
"(4988, 1875, 2508, 1319)",0.5984736680984497
"(2360, 1993, 2603, 3252)",0.5984736084938049
"(2066, 3590, 1599)",0.598473310470581
"(2057, 1826, 5444)",0.5984721183776855
"(10, 1996, 4404, 1471)",0.5984715223312378
"(1512, 2185, 1994, 3212, 2486)",0.5984712243080139
"(3042, 44, 1837, 2116)",0.5984700322151184
"(2985, 1731, 1292)",0.5984677672386169
"(3204, 1378, 2090)",0.5984675288200378
"(3075, 1828, 1383)",0.5984674692153931
"(132, 1381, 1510, 1364, 4955)",0.5984672904014587
"(3536, 1350, 1951)",0.5984663963317871
"(106, 2219, 2598, 3599)",0.5984653830528259
"(3682, 2596, 1413)",0.5984652042388916
"(2064, 1283, 2144, 3095)",0.598465085029602
"(3397, 429, 1936, 2326, 2715)",0.5984634160995483
"(128, 424, 1801, 660, 5337, 2718)",0.5984629392623901
"(2168, 2777, 650)",0.5984626412391663
"(1774, 1329, 1330, 2546, 3256)",0.5984614491462708
"(1392, 1410, 3200, 1501)",0.5984604954719543
"(128, 1801, 2923, 1933, 1390, 1463)",0.5984602570533752
"(568, 385, 306, 2952)",0.5984594821929932
"(1953, 1954, 2242, 1288, 1294, 2958)",0.5984572172164917
"(816, 1315, 3310)",0.5984566807746887
"(1424, 3374, 2437, 1326)",0.598456621170044
"(1953, 1954, 1763, 1294, 89, 1469, 2718, 3903)",0.5984551906585693
"(2090, 3287, 1439)",0.5984549522399902
"(1703, 1800, 1707, 2612, 3198)",0.598453938961029
"(2374, 2984, 371, 2645, 2009, 1754)",0.5984521508216858
"(5514, 43, 1939, 1310)",0.598451554775238
"(1800, 3682, 1836, 493)",0.5984504222869873
"(2080, 1953, 163, 3471, 2358)",0.5984504222869873
"(1520, 5449, 1053, 1933)",0.5984504222869873
"(1418, 3347, 1709)",0.5984495282173157
"(1898, 3574, 406)",0.5984493494033813
"(296, 1777, 1492, 4545)",0.5984484553337097
"(1512, 2075, 3212, 2334)",0.5984468460083008
"(1774, 1328, 1330, 3639, 1437, 1791)",0.5984466075897217
"(436, 1284, 4886, 2133)",0.5984446406364441
"(159, 1825, 4871, 1833, 2486, 1211, 607)",0.5984439849853516
"(4229, 1638, 1703, 1463, 1469)",0.5984426736831665
"(1953, 1382, 1703, 1512, 2057, 523, 3212, 660, 631, 89, 1786)",0.598441481590271
"(3900, 1578, 2028, 1838, 2140, 254)",0.5984411239624023
"(3190, 1382, 1847)",0.5984399318695068
"(2568, 194, 1827, 4886)",0.598439633846283
"(3200, 1350, 1294)",0.5984393954277039
"(1450, 2596, 3682)",0.5984391570091248
"(1285, 1974, 3983)",0.5984376668930054
"(1490, 3475, 1943)",0.5984373688697815
"(1825, 2275, 1703, 2956, 2738, 660, 285, 2718)",0.5984368324279785
"(1856, 1469, 4103)",0.5984365344047546
"(2341, 1994, 1484, 4816, 1425, 1176, 1979, 1502)",0.5984358191490173
"(4187, 1963, 1933, 1390)",0.5984358191490173
"(1443, 1641, 2672, 2768, 5496)",0.5984354019165039
"(1446, 1963, 1933, 4368, 2738, 1974, 2140)",0.598434329032898
"(25, 4353, 1350)",0.5984339714050293
"(176, 3453, 1829, 855)",0.5984328389167786
"(1979, 262, 3247)",0.5984326601028442
"(568, 2307, 4559)",0.5984315276145935
"(2810, 2340, 157, 510)",0.5984309315681458
"(1953, 258, 1801, 1963, 1933, 1463, 4478)",0.5984305739402771
"(1382, 1386, 1837, 4499, 2109)",0.5984294414520264
"(321, 3014, 237, 1392, 1878)",0.5984294414520264
"(1481, 4354, 915, 2541)",0.5984283089637756
"(1380, 1518, 1590, 3414, 2590)",0.598427414894104
"(1432, 5418, 684)",0.5984272956848145
"(2417, 2330, 5030, 1535)",0.5984272360801697
"(3144, 1974, 54)",0.5984252691268921
"(1490, 739, 3900)",0.5984251499176025
"(1995, 1404, 3415)",0.5984250903129578
"(568, 1970, 3427)",0.5984246730804443
"(2302, 1294, 2911)",0.5984246134757996
"(5441, 1826, 1955)",0.5984245538711548
"(1288, 1282, 2952)",0.5984245538711548
"(3043, 1837, 54)",0.5984244346618652
"(1352, 54, 3647)",0.5984242558479309
"(1825, 1763, 1382, 1512, 1800, 89, 2718, 3903)",0.5984236598014832
"(2057, 1826, 5442)",0.5984234809875488
"(1457, 2938, 1740, 2356)",0.5984210968017578
"(1825, 2092, 4420)",0.5984205007553101
"(1802, 3900, 2127, 1703)",0.5984201431274414
"(1825, 1953, 1954, 1288, 1512, 2473, 1390, 5135, 1814)",0.5984194278717041
"(1960, 2541, 1869, 4593, 54)",0.5984181761741638
"(4443, 2444, 1405)",0.5984168648719788
"(2897, 1953, 1292, 1535)",0.5984166264533997
"(4545, 66, 1347, 135, 1394, 2068)",0.5984161496162415
"(681, 2972, 1743)",0.598414957523346
"(128, 424, 1801, 660, 5336, 2718)",0.5984132885932922
"(3075, 1979, 1383)",0.5984118580818176
"(2530, 2953, 1486, 54, 1496, 1499)",0.5984113216400146
"(2672, 4507, 2663)",0.5984097123146057
"(16, 610, 3200)",0.5984096527099609
"(3490, 26, 2140)",0.598408043384552
"(1933, 3374, 1807)",0.5984079837799072
"(1641, 267, 1516, 3257, 1788)",0.5984072089195251
"(2217, 1770, 1461, 4443, 1919)",0.5984064340591431
"(1377, 1413, 4654, 1335)",0.5984010696411133
"(2073, 2234, 4545)",0.5984009504318237
"(400, 3075, 2735)",0.5983998775482178
"(1288, 1963, 3239)",0.598396897315979
"(25, 4678, 1350)",0.5983965992927551
"(1312, 157, 4032)",0.5983951687812805
"(2817, 1686, 1326)",0.5983930826187134
"(2185, 4426, 1332)",0.5983928442001343
"(1352, 1836, 3200, 2655)",0.5983920693397522
"(2808, 1740, 1933, 1390)",0.5983917117118835
"(1304, 1305, 3813, 2526)",0.5983914136886597
"(2666, 3211, 2140)",0.5983913540840149
"(128, 1953, 1890, 4937, 660, 2718)",0.5983887314796448
"(2374, 3276, 371, 2645, 2009, 1754)",0.5983874201774597
"(3900, 684, 54)",0.5983874201774597
"(3166, 2362, 2598)",0.5983869433403015
"(1837, 341, 1786, 251, 4029)",0.5983863472938538
"(1418, 1998, 1358, 2822)",0.5983843803405762
"(2440, 385, 5229, 567)",0.5983830690383911
"(1920, 4443, 1919)",0.5983830094337463
"(128, 424, 1801, 660, 5335, 2718)",0.5983827114105225
"(2208, 4730, 1628)",0.5983825922012329
"(464, 4103, 1548, 1799)",0.598382294178009
"(3682, 2596, 1405, 1413)",0.5983821749687195
"(2208, 1682, 3682, 1743)",0.5983809232711792
"(1800, 4345, 1836, 2612)",0.5983805060386658
"(3214, 1467, 1390, 1814)",0.5983798503875732
"(2975, 1498, 1437, 2551)",0.5983798503875732
"(3200, 1469, 1351)",0.5983791351318359
"(4545, 1774, 1328, 1330, 1437, 1791)",0.5983790159225464
"(99, 4507, 1382)",0.5983782410621643
"(161, 3270, 1676, 1304, 1305)",0.5983772873878479
"(1392, 2297, 4418, 1382)",0.5983770489692688
"(2148, 4417, 2052)",0.5983767509460449
"(3200, 1549, 54)",0.5983758568763733
"(2080, 3297, 2127, 1809, 1721)",0.598375141620636
"(1802, 1740, 2998)",0.5983745455741882
"(1512, 122, 2426, 4586)",0.598373532295227
"(296, 4446, 2534)",0.5983723402023315
"(1960, 4432, 1628)",0.5983719229698181
"(2315, 3914, 179)",0.5983718037605286
"(1953, 1954, 1763, 1382, 1800, 1390, 4401, 2358, 159)",0.5983709096908569
"(1618, 51, 4324, 1837)",0.5983707308769226
"(1720, 2562, 2938, 1823)",0.5983707308769226
"(2112, 2790, 1388, 2259, 2236)",0.5983697772026062
"(360, 361, 1774, 5422, 2521)",0.5983678102493286
"(920, 2537, 3066)",0.5983664989471436
"(1953, 1954, 1763, 1382, 1703, 1800, 1390, 4401, 2358, 159)",0.5983654260635376
"(5422, 692, 1774)",0.5983650088310242
"(3200, 1732, 1548)",0.5983644127845764
"(3560, 1332, 1382)",0.5983642935752869
"(2968, 1530, 2586, 2446)",0.5983626246452332
"(3200, 2279, 309, 89, 251)",0.5983613729476929
"(1376, 2344, 4656)",0.5983612537384033
"(1953, 54, 4103)",0.5983585119247437
"(169, 3042, 1439)",0.5983583927154541
"(1825, 3169, 1703, 1835, 398, 159)",0.598357617855072
"(1481, 1444, 1989, 3702)",0.5983574986457825
"(1825, 1763, 1382, 1512, 1800, 4360, 89, 2718)",0.5983569025993347
"(1953, 1786, 251, 4796, 253)",0.5983558297157288
"(1953, 1954, 2057, 1294, 2962, 1469, 350)",0.5983545780181885
"(2080, 1338, 2790)",0.5983543992042542
"(2753, 4103, 1855)",0.5983543992042542
"(128, 1825, 3169, 1703, 2473, 2122, 1835, 1781, 2298, 2559)",0.5983536839485168
"(1788, 1341, 54, 4789)",0.5983532667160034
"(5534, 1974, 222)",0.5983532071113586
"(3042, 2116, 10, 1578, 44)",0.5983526706695557
"(1512, 26, 3490, 783)",0.5983521938323975
"(1752, 1889, 3075, 1350)",0.598351776599884
"(3231, 1667, 2117, 1829, 1993, 176, 2303)",0.5983512997627258
"(128, 1801, 2738, 660, 1974, 4026)",0.598350465297699
"(2885, 1365, 1470)",0.5983502268791199
"(1960, 2586, 4549, 54)",0.5983500480651855
"(4325, 1703, 1800, 1707, 2612)",0.5983492732048035
"(4776, 1953, 1355, 1382)",0.5983490943908691
"(2064, 3778, 1283, 2144)",0.5983490943908691
"(1751, 3019, 1676, 175)",0.598347544670105
"(1960, 73, 3017, 2541, 1359, 1470)",0.5983471870422363
"(2609, 2178, 3203)",0.5983466506004333
"(1944, 1732, 3200)",0.5983456969261169
"(3043, 44, 1837, 2116)",0.5983436703681946
"(3092, 2143, 87)",0.5983421206474304
"(1288, 1552, 3042, 44)",0.598341703414917
"(4291, 1836, 54)",0.5983399152755737
"(128, 424, 1801, 660, 5334, 2718)",0.5983397960662842
"(1870, 4577, 1294)",0.5983388423919678
"(128, 1953, 1890, 1446, 1801, 4297, 1390)",0.5983377695083618
"(3200, 648, 309, 251, 2718)",0.5983374714851379
"(4092, 1974, 1294)",0.5983374118804932
"(1382, 4332, 309, 1350)",0.5983373522758484
"(568, 5065, 2307)",0.5983346700668335
"(2161, 3682, 1638)",0.5983346104621887
"(681, 1381, 4263)",0.5983312726020813
"(128, 2958, 1207)",0.5983307361602783
"(1392, 4933, 1510)",0.5983302593231201
"(1865, 3262, 1351)",0.5983297228813171
"(3815, 493, 1535)",0.5983293652534485
"(1433, 4801, 2351, 1855)",0.5983284711837769
"(1706, 114, 1317, 4886)",0.598328173160553
"(2593, 196, 3239, 18, 276)",0.5983266830444336
"(3353, 12, 1878)",0.5983247756958008
"(2869, 1933, 1519)",0.5983245968818665
"(4680, 25, 1350)",0.5983245372772217
"(5030, 2478, 2302, 1535)",0.5983244180679321
"(2008, 4353, 54)",0.5983210206031799
"(3778, 1301, 877, 758)",0.5983210206031799
"(249, 2370, 3453)",0.5983200073242188
"(1138, 3085, 54)",0.5983198881149292
"(2984, 73, 1963)",0.5983196496963501
"(1800, 3793, 1836, 54)",0.5983195304870605
"(2261, 5455, 2335)",0.5983192920684814
"(1920, 3866, 1939)",0.5983182787895203
"(296, 1378, 3200)",0.5983177423477173
"(1513, 2306, 2777)",0.5983172059059143
"(1469, 54, 4103)",0.5983169078826904
"(73, 4028, 1501)",0.598316490650177
"(1304, 1305, 2938, 2526)",0.5983162522315979
"(3453, 1932, 1437)",0.5983147025108337
"(3200, 1403, 54)",0.5983147025108337
"(1800, 3075, 1836, 1936)",0.5983138680458069
"(681, 3682, 1782, 1743)",0.5983138084411621
"(3737, 1730, 1853, 1309)",0.598312497138977
"(1953, 4331, 1837, 1239, 1786)",0.5983113050460815
"(128, 1953, 424, 1963, 1974, 3002)",0.5983105897903442
"(1638, 1799, 1705, 4370, 2297)",0.5983091592788696
"(2330, 4038, 1877, 2230)",0.5983087420463562
"(793, 798, 2911)",0.5983085036277771
"(3200, 1352, 1809, 692, 1471)",0.598307192325592
"(2297, 3265, 686)",0.5983052253723145
"(2473, 3682, 2477)",0.5983046293258667
"(2790, 1358, 1599)",0.5983042120933533
"(1568, 178, 3200, 1991)",0.598303496837616
"(2881, 1651, 1319)",0.5983025431632996
"(3635, 2427, 2083)",0.5983017683029175
"(1800, 1703, 3076, 39)",0.5983012914657593
"(1488, 1937, 1470, 2775)",0.5983005166053772
"(2168, 2201, 1539, 3200)",0.5982987284660339
"(568, 2307, 4895)",0.5982957482337952
"(314, 4724, 2626)",0.5982948541641235
"(1392, 3021, 1422)",0.5982937216758728
"(128, 1953, 869, 1446, 1703, 1801, 1933, 1390, 2958, 1974)",0.5982927680015564
"(1372, 1709, 2822, 1863)",0.5982919931411743
"(3682, 388, 2335)",0.598289430141449
"(2672, 1802, 1539, 3047)",0.5982892513275146
"(2568, 194, 1827, 4605)",0.5982885956764221
"(1696, 1529, 1467, 3612)",0.5982884168624878
"(1920, 1953, 1446, 424, 1801, 1963, 4347)",0.5982881188392639
"(2331, 2541, 2799)",0.5982879996299744
"(1512, 2302, 5389, 1310)",0.5982876420021057
"(3414, 2091, 54)",0.5982865691184998
"(1801, 396, 4278)",0.598285973072052
"(3347, 1685, 2102)",0.5982854962348938
"(3200, 1386, 1502, 1382)",0.5982844829559326
"(3192, 2202, 1939)",0.5982842445373535
"(1512, 1994, 523, 3212, 2486)",0.5982841849327087
"(2080, 2592, 3453)",0.5982838273048401
"(4545, 717, 1471)",0.5982838273048401
"(33, 1828, 2404, 3270, 1457, 1298, 2133, 1466, 2686)",0.5982837080955505
"(1305, 1723, 2798)",0.5982832908630371
"(2962, 1628, 861)",0.598282516002655
"(1825, 1953, 1954, 1382, 1703, 1512, 2958, 89, 1469, 2718)",0.5982816219329834
"(3200, 1357, 1469)",0.5982816219329834
"(652, 2765, 2710, 2775)",0.5982815623283386
"(4545, 1444, 596, 1351)",0.5982810258865356
"(1826, 1955, 5442)",0.5982805490493774
"(2641, 1745, 3347)",0.5982804298400879
"(1512, 1667, 3014)",0.5982782244682312
"(1914, 1437, 3014)",0.5982763767242432
"(1825, 1953, 1954, 1288, 1512, 1390, 1814, 4791)",0.5982755422592163
"(1253, 3414, 1743)",0.5982751846313477
"(2332, 2796, 2302, 2335)",0.5982751846313477
"(1184, 2284, 2911)",0.5982747077941895
"(2534, 1351, 3014, 1481, 2541, 1422, 2551, 1433, 1310)",0.5982729196548462
"(1692, 3053, 1774, 2703)",0.5982726216316223
"(1751, 1676, 2775, 175)",0.5982710123062134
"(2240, 2083, 1827, 1989, 2568, 4886, 58)",0.5982688665390015
"(2057, 1826, 5445)",0.5982681512832642
"(1697, 2777, 1759)",0.598267674446106
"(1444, 213, 3262, 1351)",0.5982673764228821
"(4354, 1515, 1990)",0.5982672572135925
"(25, 4418, 605)",0.5982672572135925
"(1825, 1890, 4556, 285, 2718)",0.5982671976089478
"(121, 1034, 4895)",0.5982648730278015
"(1830, 1425, 3252, 1176, 1979)",0.5982645153999329
"(568, 3200, 550, 567)",0.5982640981674194
"(1520, 1053, 1933, 4583)",0.5982625484466553
"(4459, 821, 1414)",0.5982605814933777
"(1955, 1481, 4886, 2552, 1433)",0.5982602834701538
"(1512, 2185, 341, 4982, 89)",0.5982595682144165
"(1848, 2832, 1920)",0.5982590913772583
"(1824, 2529, 4733, 2582)",0.5982570052146912
"(3074, 1740, 54)",0.5982568264007568
"(425, 2718, 1294, 3615)",0.59825599193573
"(2017, 3076, 1382)",0.5982556343078613
"(522, 4550, 1310)",0.5982542634010315
"(1382, 4337, 534, 2297, 1758)",0.5982532501220703
"(1288, 1800, 2019, 3044)",0.5982526540756226
"(1939, 1645, 3510)",0.5982526540756226
"(2232, 2057, 3212)",0.5982506275177002
"(3203, 1382, 1847)",0.5982500910758972
"(3050, 1475, 2317)",0.5982498526573181
"(161, 5259, 2725)",0.5982493162155151
"(2297, 1674, 1844, 4418)",0.5982488989830017
"(418, 1388, 1350, 2822)",0.598248302936554
"(2143, 2998, 1734, 1351)",0.5982480645179749
"(568, 1392, 4990)",0.5982480049133301
"(4160, 106, 1372)",0.5982457399368286
"(1447, 4653, 839)",0.5982452034950256
"(169, 4545, 166)",0.598244845867157
"(3347, 106, 2219, 2598)",0.5982438921928406
"(1480, 1980, 4101)",0.5982438921928406
"(2080, 2083, 2790)",0.5982418060302734
"(1825, 1953, 1954, 1382, 1288, 1512, 2959, 660, 1469, 2718, 159)",0.5982410311698914
"(1056, 1057, 1196, 2865, 1051)",0.5982409715652466
"(1512, 3249, 1351)",0.598240852355957
"(762, 2597, 4126)",0.5982396006584167
"(1469, 54, 4029)",0.5982394814491272
"(2066, 3420, 1599)",0.5982392430305481
"(2051, 1692, 4886)",0.5982374548912048
"(2048, 2064, 1493, 3095)",0.5982374548912048
"(4497, 2251, 814)",0.5982356071472168
"(1970, 1469, 3487)",0.5982356071472168
"(424, 1962, 3285)",0.5982347726821899
"(1953, 1923, 1703, 4490, 2127)",0.5982347130775452
"(1304, 2302, 4655)",0.5982345938682556
"(2881, 1830, 1484, 1176, 1502)",0.5982332229614258
"(2546, 2541, 3406)",0.5982331037521362
"(1976, 2334, 3839)",0.598232626914978
"(1579, 3988, 1974)",0.5982316732406616
"(2672, 406, 3495)",0.5982316136360168
"(1528, 3010, 1317)",0.5982311964035034
"(1392, 4418, 1422)",0.5982310175895691
"(1512, 3203, 2672)",0.5982286334037781
"(5241, 1410, 2330)",0.5982283353805542
"(1825, 1763, 1382, 1512, 1800, 2959, 89, 2718)",0.5982266664505005
"(1432, 1281, 3712, 806)",0.598224937915802
"(2881, 2341, 1994, 1484, 560)",0.5982236862182617
"(2666, 3050, 1837)",0.5982233285903931
"(3682, 1480, 1461, 791, 1919)",0.5982232093811035
"(3200, 1333, 13)",0.5982231497764587
"(216, 1149, 3118)",0.5982208251953125
"(3017, 1358, 1951)",0.5982205271720886
"(2916, 2278, 616, 272, 2577, 2738)",0.5982202291488647
"(25, 3490, 1287)",0.5982200503349304
"(1840, 1829, 469, 2799)",0.5982200503349304
"(3918, 1676, 1806)",0.5982197523117065
"(2278, 4516, 814)",0.5982184410095215
"(1480, 1204, 1920, 4509)",0.5982180237770081
"(2208, 4768, 1743)",0.5982168316841125
"(1304, 1305, 3553, 2526)",0.5982165932655334
"(2568, 2234, 3408, 1646)",0.5982164740562439
"(1443, 4012, 2655)",0.5982160568237305
"(1880, 2890, 108)",0.598215639591217
"(1974, 54, 4327)",0.5982152819633484
"(2611, 1979, 3679, 1447)",0.5982146859169006
"(1490, 4525, 951)",0.5982137322425842
"(3682, 1955, 2590)",0.5982126593589783
"(128, 1920, 1953, 1446, 1703, 1801, 1933, 1390, 2958, 1974)",0.5982124209403992
"(1825, 1953, 1954, 1703, 1288, 2506, 2958, 660, 285, 1469)",0.5982106328010559
"(1800, 2392, 3075)",0.5982105731964111
"(1825, 1953, 1703, 1800, 1707, 2958, 660, 285)",0.5982091426849365
"(1569, 2473, 4420)",0.5982085466384888
"(3212, 1437, 159)",0.598208487033844
"(4208, 2066, 1599)",0.5982067584991455
"(4545, 1506, 2598, 169, 1434, 2619, 1436)",0.5982066988945007
"(1513, 3378, 1846, 511)",0.5982065200805664
"(3, 2979, 1854)",0.5982052683830261
"(2891, 1302, 1479)",0.5982049703598022
"(1489, 2262, 4415)",0.5982049107551575
"(1392, 3054, 1510)",0.5982040166854858
"(1825, 1382, 1703, 1512, 1800, 1707, 2962, 2297, 2718)",0.5982024669647217
"(464, 3815, 1548, 1799)",0.5982023477554321
"(1954, 1382, 1707, 331, 4477, 1469)",0.5982019901275635
"(3211, 1382, 1847)",0.5982015132904053
"(2730, 2340, 22, 4391)",0.5982008576393127
"(1284, 3054, 1296, 1297, 2430)",0.5982002019882202
"(2104, 3297, 739, 590)",0.5982000231742859
"(739, 1838, 4687)",0.5981992483139038
"(4000, 1825, 1763, 1382, 1512, 1800, 89, 2718)",0.5981991291046143
"(3900, 1350, 567)",0.5981981754302979
"(2057, 4443, 460)",0.5981968641281128
"(2570, 2091, 5258, 173, 2102)",0.5981965065002441
"(1586, 5429, 2102)",0.5981956720352173
"(3232, 1298, 1771, 1829)",0.5981953144073486
"(1825, 2946, 2275, 1703, 2738, 660, 285, 2718)",0.5981940627098083
"(2234, 2577, 66, 2916)",0.5981931090354919
"(44, 1837, 3766, 567)",0.5981929302215576
"(1974, 54, 2807)",0.5981921553611755
"(2546, 4029, 54)",0.5981920957565308
"(3047, 1934, 1607)",0.5981912612915039
"(577, 1825, 1638, 1512, 41, 2473, 1390, 5135)",0.59819096326828
"(3353, 51, 13)",0.5981878042221069
"(1288, 1282, 4910)",0.5981877446174622
"(5528, 1409, 1973)",0.5981869101524353
"(1953, 1703, 1963, 1974, 285, 4415)",0.5981863737106323
"(4912, 1867, 1924, 2143)",0.5981863141059875
"(3270, 747, 653, 806)",0.5981852412223816
"(1392, 4676, 1422)",0.5981852412223816
"(2350, 2643, 4963, 1502)",0.5981846451759338
"(1210, 2236, 3414)",0.5981839299201965
"(2972, 214, 415)",0.5981835722923279
"(10, 3042, 2116, 1549)",0.5981825590133667
"(1954, 739, 4679, 1800, 2609)",0.5981823801994324
"(2361, 4354, 2102)",0.598181962966919
"(1974, 4029, 54)",0.5981814861297607
"(3019, 130, 1355, 1499)",0.5981808304786682
"(1588, 1949, 3095)",0.5981777906417847
"(1502, 1294, 3086)",0.5981770157814026
"(2297, 4524, 1332)",0.5981760621070862
"(2593, 3490, 196, 18, 276)",0.5981758832931519
"(1480, 274, 4674)",0.5981733202934265
"(2307, 2117, 4816, 1176, 1979)",0.5981730818748474
"(4032, 2411, 1685)",0.5981718897819519
"(1699, 390, 3415)",0.5981711745262146
"(1338, 2790, 2239)",0.5981693267822266
"(1411, 1822, 4919, 1816, 62)",0.598169207572937
"(1306, 2012, 3190)",0.5981677174568176
"(1793, 1754, 4354)",0.5981672406196594
"(1573, 2890, 363, 1390, 2417, 2655)",0.5981670022010803
"(1751, 1676, 2895, 175)",0.5981660485267639
"(3200, 1490, 1470)",0.5981659889221191
"(3560, 1382, 54)",0.5981647372245789
"(1000, 2944, 1292, 1432)",0.5981646776199341
"(2315, 179, 5439)",0.5981630086898804
"(1665, 1961, 3487)",0.5981624126434326
"(1801, 2738, 1953, 4658)",0.598162055015564
"(4354, 2054, 2121, 2094, 2062, 1492)",0.598160982131958
"(1800, 1836, 54, 4676)",0.5981592535972595
"(434, 2821, 2527)",0.5981590151786804
"(633, 2938, 20)",0.5981585383415222
"(1933, 1390, 1329, 2546, 2868)",0.5981564521789551
"(1412, 5439, 1662, 1759)",0.5981563329696655
"(3490, 25, 26, 27)",0.5981560945510864
"(2145, 1058, 2085, 4870, 1159, 424, 2321)",0.5981549024581909
"(267, 341, 4222)",0.5981542468070984
"(1313, 2249, 3311)",0.5981537699699402
"(1954, 739, 1703, 1426, 1465, 4026)",0.5981535315513611
"(1107, 2140, 3053)",0.5981531739234924
"(2208, 1380, 2479, 1743, 2972)",0.5981530547142029
"(2080, 2541, 4593, 54, 1791)",0.5981517434120178
"(4327, 1800, 1703, 1707, 2612)",0.5981488227844238
"(2121, 4354, 1491)",0.598147451877594
"(1936, 3200, 1355, 1437)",0.5981467962265015
"(2897, 1994, 1442, 2332)",0.5981466770172119
"(3200, 2116, 1837, 1574)",0.5981466174125671
"(816, 1377, 3633, 1480)",0.5981462597846985
"(5329, 1467, 1446)",0.5981452465057373
"(2451, 4235, 1359)",0.598145067691803
"(1953, 1954, 739, 1703, 1800, 1707, 3471, 1426, 2358, 1469)",0.5981418490409851
"(4101, 1980, 2332)",0.5981395244598389
"(1512, 1684, 2911)",0.5981363654136658
"(473, 1170, 1989, 3318)",0.5981360077857971
"(398, 1974, 4186, 2109, 159)",0.5981354713439941
"(272, 4558, 1463)",0.5981350541114807
"(1825, 1382, 1799, 1512, 2962, 2486, 2297, 2718)",0.5981336832046509
"(4103, 1548, 464, 1786, 1469)",0.5981333255767822
"(1825, 1446, 1703, 1390, 2958, 660, 281, 285)",0.5981330871582031
"(1475, 2317, 3047)",0.5981326103210449
"(3256, 1521, 54)",0.5981307625770569
"(3200, 1985, 1836)",0.5981289744377136
"(1512, 2968, 54)",0.5981284379959106
"(1825, 3682, 1703, 660, 285)",0.5981276035308838
"(1954, 739, 1800, 2609, 4860)",0.5981270670890808
"(1705, 2057, 660, 2807, 89, 2492)",0.5981264114379883
"(1492, 1308, 3118)",0.5981261730194092
"(2672, 5424, 2307)",0.5981258749961853
"(2534, 1351, 3014, 1481, 2189, 1422, 2541, 2551, 1433, 1310)",0.5981242656707764
"(2153, 2121, 4354)",0.5981238484382629
"(2625, 3076, 1382, 1800, 1844, 567, 2297)",0.59812331199646
"(1962, 2973, 2022)",0.5981228947639465
"(1512, 1362, 4599)",0.5981219410896301
"(128, 4420, 424, 1801, 660, 2718)",0.5981218814849854
"(473, 3290, 1651, 196)",0.5981218218803406
"(1953, 1355, 1382, 4775)",0.5981206297874451
"(1539, 2984, 1802, 1328, 1330)",0.5981203317642212
"(1825, 1953, 1954, 1638, 1288, 1512, 1833, 2473, 1390, 5135, 1814)",0.5981189012527466
"(1409, 10, 2475, 4103)",0.5981184840202332
"(320, 1968, 5414)",0.5981177687644958
"(159, 1825, 2473, 2860, 607)",0.5981171727180481
"(5259, 2374, 1655)",0.5981167554855347
"(408, 1481, 3440, 1351)",0.5981131792068481
"(1519, 1488, 1937, 1045, 2775, 1470)",0.5981130003929138
"(1994, 1442, 2332, 3922)",0.5981127619743347
"(3536, 2643, 2246)",0.5981125831604004
"(3009, 1470, 2159)",0.5981101393699646
"(128, 424, 1801, 2718, 3519)",0.598108172416687
"(568, 4683, 1392)",0.598107635974884
"(1288, 1974, 1463, 4824, 2718)",0.598106861114502
"(3200, 1676, 54)",0.5981062054634094
"(2080, 1932, 3453)",0.5981060862541199
"(4328, 1781, 1350)",0.5981050133705139
"(1954, 1382, 2127, 4401, 2462)",0.59810471534729
"(3002, 1970, 2109)",0.5981042385101318
"(3203, 1446, 1963, 1467, 2588)",0.5981037020683289
"(3046, 2726, 1478)",0.5981035828590393
"(1704, 2953, 1920)",0.5981014966964722
"(2080, 3200, 783)",0.5980987548828125
"(1409, 4545, 1357)",0.5980982780456543
"(1418, 1358, 2902, 1337, 1978, 1341)",0.5980981588363647
"(1313, 2729, 4545, 1351)",0.5980972647666931
"(3265, 1837, 1333)",0.5980963110923767
"(1480, 3671, 2503)",0.5980955958366394
"(1974, 3085, 54)",0.5980954170227051
"(3042, 1404, 567)",0.5980944037437439
"(128, 1953, 1890, 2857, 660, 2718)",0.5980938673019409
"(4545, 1827, 1481, 58, 2683)",0.5980929136276245
"(1754, 1692, 4388)",0.5980923175811768
"(1929, 1756, 1893, 2973)",0.5980921387672424
"(827, 1933, 3374)",0.5980907678604126
"(1953, 2828, 1463, 1467, 1535)",0.598089873790741
"(2201, 2445, 4103)",0.5980894565582275
"(3401, 1409, 1996)",0.5980885624885559
"(1392, 2297, 1382, 4638)",0.5980836749076843
"(2541, 3014, 2247)",0.5980827212333679
"(1490, 1446, 1390, 3519)",0.5980806350708008
"(2080, 2127, 1809, 1721, 3900)",0.5980780124664307
"(3200, 1196, 2127)",0.5980772972106934
"(1505, 1512, 2185, 523, 3212, 1326)",0.5980769395828247
"(3374, 1862, 126, 31)",0.5980766415596008
"(1934, 3412, 1446)",0.598076343536377
"(2417, 1377, 662, 4800)",0.5980750918388367
"(1809, 2713, 4801)",0.5980744361877441
"(4579, 1325, 2001, 2140, 2431)",0.5980741381645203
"(2729, 1802, 2953, 1326)",0.5980737209320068
"(128, 1825, 2560, 3169, 1703, 1801, 660, 285)",0.5980732440948486
"(1954, 739, 1800, 2609, 4859)",0.5980729460716248
"(4101, 1357, 1461)",0.5980724096298218
"(1283, 1806, 4886)",0.5980721116065979
"(128, 424, 1801, 660, 2718, 4415)",0.5980719923973083
"(2529, 2140, 3063)",0.5980713367462158
"(1704, 3475, 1943)",0.5980696678161621
"(1754, 1326, 3727)",0.5980690121650696
"(1512, 2798, 1390)",0.5980688333511353
"(2274, 4354, 2053, 2121, 2094, 2062, 1492, 1372)",0.5980667471885681
"(128, 1890, 2738, 660, 4885, 2109)",0.5980666875839233
"(1865, 2916, 2102)",0.5980664491653442
"(3200, 1754, 1386)",0.5980646014213562
"(1674, 1299, 2942)",0.598064124584198
"(717, 637, 3815)",0.5980637073516846
"(5265, 2073, 2138)",0.5980637073516846
"(1974, 54, 3999)",0.5980623364448547
"(3200, 1971, 1326)",0.5980603694915771
"(4337, 1939, 1925)",0.598060131072998
"(2341, 2117, 1829, 2799, 1651, 2303)",0.5980596542358398
"(4140, 1325, 2001, 2140, 2431)",0.598058819770813
"(1409, 10, 2475, 4467)",0.5980587601661682
"(1920, 1953, 4420, 1446, 424, 1801, 1963)",0.5980581641197205
"(568, 1970, 3190)",0.598055899143219
"(249, 1979, 4551)",0.5980557203292847
"(516, 869, 2775)",0.5980544090270996
"(1751, 1676, 3415, 175)",0.5980542302131653
"(3682, 2596, 1448, 1628, 1405)",0.5980541110038757
"(3925, 1294, 159)",0.5980536341667175
"(1512, 1390, 2911)",0.5980532169342041
"(361, 3085, 1486)",0.5980521440505981
"(3042, 2116, 1831, 10, 44, 51)",0.5980518460273743
"(3475, 1469, 2335)",0.5980516672134399
"(4195, 1717, 1734)",0.5980513691902161
"(2672, 2619, 2995, 2598)",0.5980513691902161
"(4784, 2307, 309)",0.5980508327484131
"(2057, 1707, 4563, 2071)",0.5980501770973206
"(1358, 3347, 54)",0.5980485677719116
"(1953, 4796, 1836, 1786, 251, 1180, 253)",0.5980483293533325
"(1809, 498, 739, 4476)",0.5980477929115295
"(1507, 2090, 3019, 1939, 2483, 1439)",0.5980440974235535
"(3042, 1763, 1288, 1837, 2160)",0.5980439186096191
"(3075, 2307, 1383)",0.5980420112609863
"(2643, 2981, 1495)",0.5980411171913147
"(4976, 1549, 54)",0.5980404615402222
"(2008, 3888, 1383)",0.5980393290519714
"(2768, 3276, 1974)",0.5980362892150879
"(3200, 1675, 1676, 2541)",0.5980359315872192
"(1698, 2330, 5030, 1535)",0.5980358123779297
"(1825, 1890, 4556, 1390, 285, 2718)",0.5980320572853088
"(568, 2307, 5064)",0.5980315208435059
"(1825, 1446, 1703, 1390, 660, 2808, 281, 285)",0.5980300307273865
"(1962, 1612, 4420)",0.598029613494873
"(1512, 3019, 366)",0.5980282425880432
"(1774, 1201, 1330, 2546, 1329, 3415)",0.5980246067047119
"(1312, 323, 3192)",0.5980234146118164
"(1360, 2973, 1943)",0.5980220437049866
"(1512, 2417, 3310)",0.5980219841003418
"(987, 4877, 2302)",0.598021388053894
"(2394, 3650, 2710)",0.5980206727981567
"(2672, 2628, 2799)",0.5980183482170105
"(4353, 1475, 1974)",0.5980178713798523
"(804, 2974, 1628)",0.5980175137519836
"(1176, 1484, 1829, 2799)",0.5980173945426941
"(4337, 1991, 839)",0.5980173349380493
"(1944, 1809, 4629, 1799)",0.5980145931243896
"(1512, 3076, 54)",0.5980131030082703
"(2570, 3302, 2247)",0.5980126261711121
"(1512, 1705, 1994, 4351)",0.5980123281478882
"(1512, 122, 3560)",0.5980112552642822
"(1512, 1362, 4669)",0.5980104207992554
"(698, 803, 4331)",0.5980096459388733
"(2666, 4619, 2140)",0.5980090498924255
"(1512, 573, 2718, 5264)",0.5980088114738464
"(809, 3933, 806)",0.5980080366134644
"(2411, 1685, 2975)",0.5980075001716614
"(4101, 1292, 741)",0.5980073809623718
"(3552, 1442, 1189, 1863, 1902, 1502, 1919)",0.5980070233345032
"(2729, 1802, 1326, 3063)",0.598006546497345
"(4337, 1740, 54)",0.5980058312416077
"(3552, 1442, 1863, 2444, 1902, 1502)",0.5980048775672913
"(2641, 1481, 2069, 3415)",0.5980017185211182
"(1446, 1703, 3149, 1390, 1974)",0.5980014204978943
"(1521, 3257, 54)",0.5980011224746704
"(2953, 1490, 1486)",0.597998857498169
"(4619, 1809, 739, 1325)",0.5979987978935242
"(5280, 1326, 1304, 1305, 637)",0.5979979038238525
"(1392, 3793, 1422)",0.5979970693588257
"(128, 1446, 3149, 1390, 660, 1974)",0.597996175289154
"(1674, 3075, 1837)",0.5979946255683899
"(3778, 460, 1701, 839)",0.5979945659637451
"(1740, 3054, 2575)",0.5979943871498108
"(3937, 2570, 1791)",0.5979935526847839
"(1512, 4282, 1645)",0.5979933738708496
"(1304, 1305, 2526, 3095)",0.5979932546615601
"(128, 1953, 1446, 1801, 4397, 1390)",0.5979911684989929
"(4486, 10, 44, 48, 51)",0.5979910492897034
"(1298, 1979, 1989, 2798)",0.597989559173584
"(576, 4931, 1392, 567, 568)",0.5979886651039124
"(296, 1347, 4198)",0.5979865789413452
"(473, 1706, 1989, 3374)",0.5979859828948975
"(25, 1350, 4679)",0.5979853868484497
"(1305, 3492, 1974)",0.597984790802002
"(2672, 4354, 406)",0.5979834198951721
"(1953, 258, 2869, 1069)",0.5979833006858826
"(4545, 2220, 43, 1939)",0.5979823470115662
"(1512, 1873, 4103)",0.5979817509651184
"(3656, 161, 1459)",0.5979809165000916
"(2457, 3535, 239)",0.5979804992675781
"(3490, 2534, 2539, 1302, 2074)",0.5979798436164856
"(321, 1939, 5487, 2593)",0.5979784727096558
"(3200, 1386, 1836, 335, 1809)",0.5979770421981812
"(2651, 3270, 1991)",0.597976803779602
"(3050, 1611, 54, 1471)",0.5979764461517334
"(1936, 3489, 1517)",0.5979759097099304
"(398, 1974, 3002, 2109, 159)",0.5979753136634827
"(161, 3433, 1327)",0.5979747176170349
"(128, 1953, 1463, 4441, 2718, 159)",0.5979722142219543
"(1751, 4820, 1676, 175)",0.5979721546173096
"(128, 1953, 4328, 424, 2417)",0.597970724105835
"(3017, 1490, 1486)",0.5979705452919006
"(5002, 1325, 2001, 2140, 2431)",0.5979699492454529
"(1418, 3019, 2410)",0.5979692339897156
"(2946, 1437, 159)",0.5979669094085693
"(1377, 2626, 3682, 1413, 1448, 394, 1405)",0.5979642868041992
"(1284, 1296, 1297, 3063, 2430)",0.5979636907577515
"(2208, 3682, 291, 1743)",0.5979616045951843
"(3200, 1426, 1965)",0.5979608297348022
"(4896, 2714, 1972)",0.5979602932929993
"(3200, 1571, 1383, 1838, 1999, 2160, 2001, 1944, 2140)",0.5979588627815247
"(217, 2775, 1358, 2073)",0.5979577302932739
"(2243, 1771, 1876, 2006, 4605)",0.5979573726654053
"(4554, 1514, 1939)",0.5979573726654053
"(2417, 1377, 4057, 662)",0.5979567170143127
"(56, 3656, 2695)",0.597956120967865
"(1802, 1740, 3132)",0.597955584526062
"(1666, 2309, 1381, 656, 433, 3312)",0.597955584526062
"(1777, 5258, 2195, 2246)",0.5979553461074829
"(1136, 2953, 371, 1723)",0.5979539155960083
"(3200, 1329, 54, 2143)",0.5979518294334412
"(2280, 2794, 2003)",0.597951352596283
"(4768, 1351, 1481, 2541, 1503)",0.5979493856430054
"(4103, 10, 2475, 1996, 1471)",0.5979480147361755
"(44, 1837, 4407, 567)",0.5979478359222412
"(3224, 26, 29)",0.5979475378990173
"(2541, 3203, 1413)",0.5979471802711487
"(2121, 371, 3118)",0.5979461669921875
"(128, 1825, 1953, 1954, 1446, 1288, 1512, 1390, 5458, 1469)",0.5979456901550293
"(2080, 3297, 739, 1809, 1721)",0.5979452729225159
"(1411, 2981, 1822)",0.5979424118995667
"(1328, 2980, 1867, 1188)",0.5979419946670532
"(474, 4933, 1743)",0.5979416370391846
"(4354, 2483, 2062)",0.5979410409927368
"(187, 3900, 739)",0.5979404449462891
"(249, 1201, 5390)",0.5979346632957458
"(3303, 1963, 1933, 1463)",0.597933292388916
"(2672, 1268, 3045, 1791)",0.597931444644928
"(3374, 1933, 1294, 1303)",0.5979311466217041
"(1976, 106, 4160, 2334)",0.5979310870170593
"(1954, 1703, 1512, 1577, 1800, 1707, 2122, 2956, 2718)",0.5979304313659668
"(1288, 3923, 1390)",0.5979300141334534
"(321, 237, 1392, 1878, 3453)",0.5979291796684265
"(1304, 770, 2998)",0.5979284048080444
"(2000, 1515, 5356)",0.5979276299476624
"(473, 1170, 1989, 4655)",0.5979267358779907
"(128, 1953, 3148, 1744)",0.5979259014129639
"(1994, 1484, 4816, 1425, 1176, 1979, 2303)",0.5979241728782654
"(184, 173, 3054)",0.5979231595993042
"(1512, 25, 3490, 1283)",0.5979225039482117
"(1418, 1998, 1358, 3347, 2072, 1951)",0.5979217886924744
"(2360, 3224, 1502, 1294)",0.5979216694831848
"(512, 218, 4507, 511)",0.5979198217391968
"(1953, 1382, 1703, 1512, 2057, 523, 4492, 660, 631, 89, 1786)",0.5979195237159729
"(2243, 5259, 1771, 1876, 2006)",0.5979189276695251
"(1313, 2729, 4469, 1351)",0.5979163646697998
"(3200, 1960, 1333, 1499, 1852)",0.5979132652282715
"(408, 1754, 3200)",0.5979112982749939
"(1288, 1282, 2808)",0.5979109406471252
"(568, 2307, 5063)",0.5979107022285461
"(2768, 3054, 1974)",0.5979098081588745
"(2546, 1541, 3682)",0.5979090929031372
"(1953, 2334, 4103)",0.5979079008102417
"(1282, 1284, 1287, 1298, 1718, 1751, 1278, 2911)",0.5979043841362
"(1138, 1499, 3085, 54)",0.5979024767875671
"(1400, 1394, 1285, 3406)",0.5979020595550537
"(2953, 1621, 1477, 1933)",0.597901463508606
"(184, 3224, 173)",0.5979009866714478
"(2577, 3922, 1372)",0.5979009866714478
"(1361, 3106, 67)",0.5979006290435791
"(2625, 302, 303, 304, 2775)",0.5979000926017761
"(1392, 2297, 1382, 4511)",0.5978991985321045
"(1865, 4123, 1351)",0.5978983044624329
"(3042, 1987, 2019)",0.5978971719741821
"(2073, 1978, 4545)",0.5978957414627075
"(1953, 4103, 44, 1837, 1469, 1471)",0.5978948473930359
"(1282, 2050, 199, 200, 1298, 2942, 1982)",0.5978944897651672
"(2598, 5030, 54)",0.5978938341140747
"(4623, 1509, 1383)",0.5978932976722717
"(2096, 5450, 1836)",0.5978925228118896
"(610, 1475, 3778, 1934, 1493, 2335)",0.5978923439979553
"(1953, 5122, 1355, 1829)",0.5978904962539673
"(1505, 1512, 2185, 523, 2956, 1326)",0.597888708114624
"(1953, 1963, 1294, 1463, 1467, 3615)",0.5978884696960449
"(2672, 1315, 3755)",0.5978872776031494
"(1313, 2645, 2895)",0.5978857278823853
"(1490, 3766, 2239)",0.5978851914405823
"(1667, 1993, 2091, 173, 2102, 3415)",0.5978848338127136
"(1408, 1836, 3200)",0.5978838801383972
"(2777, 2683, 2091, 2102)",0.5978835821151733
"(3200, 1837, 1478, 1382)",0.5978824496269226
"(1962, 1436, 4543)",0.597881555557251
"(2696, 666, 3560)",0.5978797078132629
"(288, 258, 1446, 3334, 1288, 1974)",0.5978779792785645
"(1285, 1974, 3095)",0.5978778600692749
"(3200, 1766, 2001, 2008, 1944)",0.5978759527206421
"(2001, 1386, 692, 3815)",0.5978744626045227
"(1505, 4417, 1512, 2185, 523, 1326)",0.5978733897209167
"(424, 2409, 1515, 2822)",0.5978730320930481
"(456, 5465, 455)",0.5978726148605347
"(2080, 739, 1809, 1721, 3900)",0.5978720188140869
"(2278, 616, 272, 2577, 2738, 2968)",0.5978713631629944
"(4870, 424, 2409, 2408, 2102)",0.5978710651397705
"(1512, 3682, 1886)",0.5978708267211914
"(1386, 4418, 1410)",0.5978690385818481
"(2064, 2938, 1283, 2144)",0.5978689193725586
"(4816, 1876, 2302, 2303)",0.5978683829307556
"(2890, 2251, 1390, 2478, 2655, 1402, 1467, 1535)",0.5978665947914124
"(2460, 1429, 2790)",0.5978654026985168
"(2738, 4453, 1974)",0.5978639721870422
"(3347, 1515, 1375)",0.5978623032569885
"(305, 3646, 1313)",0.5978622436523438
"(4553, 2612, 1837, 1382)",0.5978606939315796
"(3815, 1933, 1390, 1329, 2546)",0.59786057472229
"(5105, 10, 1618)",0.5978593230247498
"(1960, 3347, 1358)",0.5978584289550781
"(3200, 1799, 1386, 493, 692)",0.5978583097457886
"(1664, 66, 3231)",0.597858190536499
"(1986, 1836, 1645, 5406)",0.5978558659553528
"(1825, 1953, 1954, 4329, 1390, 1648, 1814, 1721, 1469)",0.5978530049324036
"(1751, 1676, 3085, 175)",0.5978522896766663
"(1345, 1330, 3599)",0.5978518724441528
"(1305, 3226, 1974, 1326)",0.5978516936302185
"(1325, 1510, 3591)",0.5978497266769409
"(4304, 373, 159)",0.5978463292121887
"(257, 26, 3492)",0.5978453755378723
"(2729, 1802, 1326, 3415)",0.5978443026542664
"(936, 18, 5127)",0.5978438854217529
"(89, 1021, 3519)",0.5978437066078186
"(2777, 1995, 1404)",0.5978434681892395
"(3369, 2651, 1949)",0.5978431701660156
"(2050, 1485, 1298, 3635, 1300)",0.5978429913520813
"(1645, 1491, 2775, 1499, 1852)",0.5978420972824097
"(4084, 1974, 1294)",0.5978418588638306
"(568, 3815, 550, 567)",0.597841203212738
"(2121, 4354, 2662)",0.5978409051895142
"(3068, 1822, 1382, 1703)",0.5978389382362366
"(3010, 1774, 1329, 1330, 2546)",0.597836971282959
"(785, 3250, 787, 855)",0.5978363156318665
"(128, 1953, 3911, 424, 2417)",0.5978337526321411
"(1825, 1953, 1954, 1638, 1288, 1833, 4521, 1390, 1294, 1814)",0.5978332161903381
"(3200, 25, 2690)",0.5978327989578247
"(1552, 3042, 1811, 44)",0.597832202911377
"(2, 2300, 4534)",0.5978286862373352
"(4032, 1351, 1481, 2541, 1433)",0.5978282690048218
"(1979, 1510, 5031)",0.5978281497955322
"(5465, 153, 2094)",0.5978274345397949
"(3200, 1721, 2187, 1814)",0.5978264808654785
"(1969, 2942, 1982)",0.5978244543075562
"(4103, 1382, 1847)",0.5978243947029114
"(3200, 25, 1748)",0.5978243350982666
"(2951, 1965, 1463)",0.5978237390518188
"(128, 424, 1801, 660, 2718, 3519)",0.5978232622146606
"(2089, 5538, 2095)",0.5978225469589233
"(1825, 2722, 1382, 1703, 1512, 2959, 660, 285)",0.5978217720985413
"(1929, 491, 4469, 1734)",0.5978211164474487
"(1809, 739, 1325, 4951)",0.5978204607963562
"(3475, 70, 1943)",0.5978193879127502
"(4870, 1358, 1599)",0.5978173017501831
"(1703, 1800, 1707, 2612, 3192)",0.5978168845176697
"(1962, 3682, 2022)",0.5978161096572876
"(816, 1377, 3129, 1480)",0.5978150367736816
"(1370, 390, 4638)",0.5978123545646667
"(3200, 1321, 2546, 1329)",0.5978123545646667
"(3347, 1331, 1748, 2159)",0.5978122353553772
"(681, 2972, 1782, 1743)",0.5978111028671265
"(1698, 1381, 839, 1557, 4858)",0.5978102684020996
"(1422, 3119, 1392, 1359, 1339)",0.5978090763092041
"(3249, 2346, 2541, 2526)",0.597808837890625
"(581, 4391, 1791)",0.5978086590766907
"(2341, 2117, 1893, 2799, 2303)",0.5978079438209534
"(2242, 2210, 2630, 2086, 2958, 1469)",0.597806453704834
"(1953, 1954, 2506, 1294, 2958, 1469, 2718)",0.5978050231933594
"(1448, 3408, 1413)",0.5978047847747803
"(1953, 4582, 44, 1837, 1469, 1471)",0.5978044271469116
"(1576, 739, 1836, 3900)",0.59780353307724
"(1825, 1953, 1954, 1638, 1288, 1512, 1833, 4521, 1390, 1294, 1814)",0.5978030562400818
"(1512, 54, 4103)",0.5978027582168579
"(490, 3019, 492)",0.597801923751831
"(2064, 1283, 2144, 5127)",0.597800076007843
"(1512, 2057, 1332, 3212)",0.597798764705658
"(1953, 2630, 2311, 1288, 1469, 2718, 3903)",0.5977979898452759
"(2712, 3092, 132, 1797)",0.5977932810783386
"(1480, 4443, 1971, 1919)",0.5977911949157715
"(1953, 4103, 51, 567, 1786, 1855)",0.5977897047996521
"(2072, 3347, 1863)",0.5977893471717834
"(3656, 2314, 1836, 1403, 2013)",0.5977883338928223
"(2360, 4880, 1502, 1294)",0.5977882146835327
"(5001, 1548, 1287)",0.597787082195282
"(1848, 3145, 1920)",0.5977870225906372
"(4416, 187, 739)",0.5977869629859924
"(4933, 2718, 1463)",0.597785234451294
"(58, 1586, 2546, 2812)",0.5977851152420044
"(1994, 1148, 3118)",0.5977840423583984
"(2279, 1512, 1994, 3212, 2486)",0.5977832078933716
"(2433, 2884, 1481, 2541, 1390, 1433)",0.5977832078933716
"(1283, 1806, 2807)",0.5977822542190552
"(3200, 1386, 1382, 1431)",0.5977814793586731
"(1408, 3429, 1512, 1294, 179)",0.5977810025215149
"(1601, 2117, 4337)",0.5977805256843567
"(1520, 3054, 1053, 1933)",0.5977802872657776
"(4545, 43, 1939, 1310)",0.5977786183357239
"(1996, 3733, 2116)",0.5977766513824463
"(1442, 5030, 2214)",0.597776472568512
"(2473, 1781, 3169, 2375)",0.597774863243103
"(2050, 1284, 1299, 1783, 2911)",0.5977737307548523
"(1040, 3320, 1478)",0.597771167755127
"(3200, 1410, 1469)",0.5977711081504822
"(1954, 739, 1800, 2609, 3900)",0.597769558429718
"(1512, 2075, 3076, 2334)",0.5977681875228882
"(1953, 4547, 1382, 1703, 1512, 2057, 523, 660, 631, 89, 1786)",0.5977631211280823
"(2796, 1390, 303)",0.5977626442909241
"(2902, 1418, 2410)",0.5977625250816345
"(3778, 2325, 1934)",0.5977605581283569
"(3200, 1453, 1999)",0.5977604389190674
"(1287, 110, 18, 473, 3293, 1982)",0.5977597832679749
"(2529, 2140, 3535)",0.5977592468261719
"(1291, 3118, 1863)",0.5977580547332764
"(3048, 254, 2015)",0.5977578163146973
"(3200, 385, 574, 1569)",0.5977578163146973
"(138, 3347, 2735)",0.5977570414543152
"(4103, 44, 341, 1471)",0.5977562665939331
"(2168, 2958, 662)",0.5977562069892883
"(2080, 2777, 2083)",0.5977532863616943
"(1329, 3250, 54, 2143)",0.5977525115013123
"(1392, 2297, 3203, 1382)",0.5977504253387451
"(1568, 4420, 1781, 1743)",0.5977492928504944
"(1954, 739, 1800, 3887, 2609)",0.5977487564086914
"(1512, 2958, 1960)",0.5977473855018616
"(25, 1426, 3889, 2609)",0.5977449417114258
"(128, 1953, 1890, 1446, 1801, 4812, 1390)",0.5977429151535034
"(1512, 2297, 4469, 1639)",0.5977427959442139
"(2672, 5050, 2628)",0.5977425575256348
"(1638, 1799, 1512, 2958, 2297)",0.5977421402931213
"(1953, 1512, 1705, 1994, 3212)",0.5977401733398438
"(3683, 1475, 2317)",0.5977376103401184
"(10, 3042, 2116, 1837)",0.5977362990379333
"(3106, 371, 1974)",0.5977360010147095
"(1224, 1962, 2956)",0.5977356433868408
"(1954, 2275, 2946, 2086, 1703, 1288, 2630, 1469, 159)",0.5977350473403931
"(3778, 2335, 1701, 2143)",0.597733736038208
"(2433, 1481, 2890, 2541, 1390, 1433)",0.5977330207824707
"(1378, 4103, 1351)",0.5977328419685364
"(1960, 2417, 2890, 1390)",0.5977321863174438
"(4101, 2598, 1513, 1967, 2137)",0.5977318286895752
"(1800, 1836, 4612, 2160)",0.597730278968811
"(2080, 1481, 2541, 54, 4599, 1791)",0.5977294445037842
"(2417, 5030, 2302, 1535)",0.5977256298065186
"(3682, 2601, 2571, 1518, 2419, 2105, 2397)",0.5977249145507812
"(1512, 4193, 2534)",0.5977219343185425
"(1409, 10, 2475, 3013)",0.5977209210395813
"(1953, 1954, 739, 5092, 1703, 1800, 1707, 1426, 2358, 1469)",0.5977201461791992
"(1920, 1953, 1446, 424, 1801, 1963, 3519)",0.597718358039856
"(2433, 1170, 1330, 3500)",0.5977175831794739
"(1660, 3278, 2598)",0.5977175235748291
"(4933, 2108, 1341, 1863)",0.5977165102958679
"(1960, 1410, 3347)",0.5977153778076172
"(3200, 1868, 1669, 1326)",0.5977153778076172
"(2217, 2771, 3566)",0.5977149605751038
"(2808, 1933, 1519)",0.5977131724357605
"(5351, 1933, 1519)",0.5977115631103516
"(1107, 2140, 2775)",0.5977107286453247
"(3256, 1521, 2257, 54)",0.5977097749710083
"(1282, 1284, 1287, 2796, 1298, 1718, 1751, 1278)",0.5977088212966919
"(1392, 2001, 3525)",0.5977070331573486
"(2417, 266, 2859, 586)",0.5977030992507935
"(2168, 1386, 1355, 4334)",0.597700834274292
"(2330, 5030, 54)",0.5976997017860413
"(1960, 3054, 1372, 2094)",0.5976994633674622
"(4961, 1351, 1512, 1709, 1777)",0.5976977348327637
"(3200, 2001, 1731)",0.5976977348327637
"(1872, 4354, 2579)",0.5976948738098145
"(2683, 2091, 3053, 2102)",0.5976901054382324
"(821, 2998, 2143)",0.5976883172988892
"(1825, 1953, 1954, 1703, 1288, 1512, 1833, 1835, 1390, 1838, 4626, 1814)",0.597687304019928
"(1466, 3076, 2133)",0.5976871848106384
"(2344, 2539, 3224, 1753, 2366, 95)",0.5976862907409668
"(1353, 1770, 3118)",0.5976857542991638
"(1432, 1932, 2718, 3008)",0.5976853966712952
"(2529, 2140, 2775)",0.5976822376251221
"(2683, 2091, 2102, 3415)",0.5976808667182922
"(1296, 3656, 2140)",0.5976799726486206
"(3353, 2700, 1471)",0.5976791381835938
"(4193, 1939, 2357)",0.5976781845092773
"(1440, 2080, 5189, 2534, 1351, 1777)",0.5976755619049072
"(3243, 190, 1599)",0.5976738333702087
"(1698, 227, 2467, 1353, 1385, 2911, 1503)",0.5976682305335999
"(2117, 4816, 1425, 1176, 1979)",0.5976674556732178
"(681, 1979, 1526, 4543)",0.5976639986038208
"(2232, 2057, 3200)",0.5976601839065552
"(3072, 1954, 739, 1800, 2609)",0.5976594686508179
"(2374, 3378, 371, 2645, 2009, 1754)",0.5976563096046448
"(577, 1825, 1953, 1954, 1512, 41, 1288, 2473, 1390, 5135, 1814)",0.5976560115814209
"(4891, 788, 1381)",0.5976549386978149
"(1433, 3047, 2351, 1855)",0.5976545214653015
"(1422, 1359, 1392, 3415, 1339)",0.5976524949073792
"(4513, 1660, 2598)",0.597649872303009
"(1920, 2953, 1870)",0.5976489782333374
"(1825, 1382, 1512, 2958, 281)",0.5976486802101135
"(821, 846, 5127)",0.5976484417915344
"(1512, 122, 3560, 2426)",0.5976470708847046
"(4080, 2074, 1651)",0.5976434946060181
"(4400, 2541, 2341)",0.5976412296295166
"(2121, 1358, 5415)",0.5976408123970032
"(5386, 2164, 1351)",0.5976402163505554
"(4534, 1358, 1951)",0.5976390242576599
"(1529, 2981, 2375)",0.597638726234436
"(44, 1837, 4486, 567)",0.5976362824440002
"(1328, 3122, 1867, 2573)",0.5976357460021973
"(4103, 10, 2475, 44, 1471)",0.5976356267929077
"(2563, 2533, 3397, 1936, 2416, 1970, 1973, 2326, 2010, 2715)",0.5976353287696838
"(1954, 739, 1800, 2609, 4245)",0.5976349711418152
"(1288, 1356, 2356, 2911)",0.5976340770721436
"(713, 4123, 1481, 1989)",0.5976329445838928
"(2240, 2083, 1989, 2568, 2066, 1528, 58, 2427, 4605)",0.597632884979248
"(1520, 1053, 1933, 3063)",0.5976319909095764
"(5417, 1674, 1675, 1773, 54)",0.597630500793457
"(1825, 1953, 1954, 1288, 1833, 4329, 1390, 1648, 1814)",0.5976285934448242
"(1953, 3019, 1469)",0.5976273417472839
"(3257, 843, 596)",0.5976266264915466
"(1946, 1381, 4886)",0.5976253151893616
"(1390, 2890, 1070)",0.5976244211196899
"(4169, 1426, 332, 1350)",0.5976243615150452
"(1180, 1316, 3590)",0.5976223945617676
"(1865, 2146, 3495)",0.5976214408874512
"(1632, 1989, 1706, 4510, 2143)",0.5976212620735168
"(2672, 5051, 2628)",0.5976206660270691
"(1329, 2546, 4988, 1446)",0.5976201891899109
"(3076, 1703, 1800, 1707, 2612)",0.5976201891899109
"(281, 1705, 1837, 3043)",0.5976197719573975
"(4610, 2541, 2302, 1903)",0.5976190567016602
"(1809, 3834, 2101, 1606)",0.5976182818412781
"(2441, 13, 4558, 1463)",0.5976179838180542
"(2168, 4169, 1386, 1355)",0.5976175665855408
"(1288, 3257, 1412, 1829)",0.5976160168647766
"(816, 1377, 3671, 1480)",0.5976148247718811
"(249, 114, 1989, 3702)",0.5976128578186035
"(2354, 2436, 2973)",0.5976127982139587
"(3778, 1898, 2324, 1326)",0.5976126790046692
"(2001, 4675, 2297, 1382)",0.5976117253303528
"(3019, 108, 2765, 1392, 2610)",0.5976079106330872
"(1825, 4420, 1333)",0.5976011753082275
"(73, 1501, 3198)",0.5976005792617798
"(1506, 2101, 3229, 2655)",0.5976002812385559
"(2729, 459, 3877)",0.5975987911224365
"(1515, 4820, 1990)",0.5975982546806335
"(3490, 1430, 1791)",0.5975973010063171
"(1315, 1802, 1676, 3415, 2168)",0.5975967645645142
"(2817, 1330, 637)",0.5975958108901978
"(2916, 2278, 616, 2577, 2718)",0.5975956320762634
"(2817, 2338, 1975)",0.5975954532623291
"(793, 4331, 1364)",0.5975921750068665
"(4160, 1924, 516)",0.5975908041000366
"(3200, 1889, 2250, 1781)",0.5975899696350098
"(2121, 4354, 1661)",0.5975897908210754
"(2064, 1283, 2144, 4510)",0.5975891947746277
"(2440, 1362, 3525)",0.5975874066352844
"(25, 26, 2891, 29)",0.5975850224494934
"(4329, 314, 1403)",0.5975818037986755
"(1328, 1867, 2573, 4469)",0.5975816249847412
"(1377, 3682, 2596, 1413)",0.5975815057754517
"(2080, 3297, 739, 2127, 1809, 1721)",0.597581148147583
"(2080, 3072, 2127, 1809, 1721)",0.5975744128227234
"(3200, 1381, 567)",0.5975741147994995
"(2338, 2534, 1351, 2220, 4821)",0.5975740551948547
"(1825, 4420, 2057, 1835, 1292, 493, 1390)",0.5975720882415771
"(1481, 2995, 1460)",0.597571074962616
"(3705, 1826, 787)",0.5975705981254578
"(3257, 1990, 1974)",0.5975705981254578
"(1740, 4733, 2575)",0.5975697040557861
"(616, 580, 4886)",0.5975692272186279
"(3256, 2729, 1802, 1326)",0.5975678563117981
"(4329, 1954, 54)",0.5975674986839294
"(2344, 2321, 3629)",0.5975666642189026
"(1298, 5091, 541)",0.5975661277770996
"(2360, 2082, 4032)",0.5975648164749146
"(1703, 1800, 1707, 3185, 2612)",0.5975633263587952
"(656, 2953, 2307, 1391)",0.597562849521637
"(2243, 1412, 2117, 3144, 842, 2218, 2541, 1968, 1555, 1566)",0.5975618958473206
"(4778, 1298, 853)",0.5975616574287415
"(1288, 2251, 1463, 4984, 1470)",0.5975546836853027
"(2700, 3045, 1471)",0.5975546836853027
"(257, 3106, 363)",0.5975544452667236
"(1825, 314, 4329)",0.5975522398948669
"(1305, 2938, 1974, 1326)",0.5975521802902222
"(2080, 4032, 1566, 2111)",0.5975518226623535
"(1974, 54, 4886)",0.5975499153137207
"(448, 1288, 5264)",0.597549319267273
"(2916, 780, 2670)",0.597548246383667
"(122, 3347, 1418)",0.5975480079650879
"(424, 3347, 2102)",0.5975456237792969
"(2890, 2251, 1390, 2655, 2417, 1402, 1467, 1535)",0.5975444316864014
"(3200, 1461, 742)",0.597544252872467
"(1801, 331, 398, 5367, 159)",0.597543478012085
"(3219, 2389, 54)",0.5975430011749268
"(33, 1828, 2404, 3310, 1457, 1298, 2133, 1466, 2686)",0.5975426435470581
"(1481, 1989, 2806)",0.5975420475006104
"(1284, 1700, 1287, 1298, 2942)",0.5975393056869507
"(4554, 1939, 1439)",0.5975369811058044
"(1512, 3200, 1976, 2334)",0.5975350141525269
"(3042, 1351, 567)",0.5975348949432373
"(2968, 2446, 54, 2447)",0.5975322127342224
"(3200, 1939, 1524)",0.5975320339202881
"(4561, 2666, 1836)",0.5975304841995239
"(1512, 3371, 573, 2718)",0.5975302457809448
"(2080, 739, 2127, 1809, 1721, 3900)",0.5975293517112732
"(1418, 4354, 118)",0.5975293517112732
"(2053, 2121, 2094, 2062, 1492, 4507, 1372)",0.5975289940834045
"(1480, 2938, 1442, 2350)",0.597527265548706
"(2916, 1305, 1974, 1326)",0.5975272059440613
"(3200, 2729, 1802, 1326)",0.5975260734558105
"(1475, 84, 2958)",0.5975250601768494
"(2072, 3347, 1358, 2582)",0.5975239872932434
"(5409, 2427, 1397, 38)",0.5975238084793091
"(5112, 1953, 1355, 1829)",0.5975224375724792
"(1498, 5030, 2302, 1682)",0.597521185874939
"(1408, 1475, 3656, 1715, 1495)",0.5975201725959778
"(841, 1740, 3813, 391)",0.59751957654953
"(1521, 3257, 2257, 54)",0.5975192785263062
"(2672, 1315, 2998, 2143)",0.5975182056427002
"(3200, 1827, 1990, 38)",0.5975176095962524
"(1313, 2645, 4886)",0.5975164175033569
"(2278, 616, 272, 2577, 2738, 4341)",0.5975160598754883
"(1471, 44, 1996, 4029, 251, 253, 1855)",0.5975156426429749
"(89, 2722, 2628, 3201)",0.5975149273872375
"(5125, 1685, 2102)",0.5975146889686584
"(1512, 2888, 1771, 1774)",0.5975118279457092
"(2433, 1481, 2541, 1390, 3408, 1433)",0.5975105166435242
"(2057, 1549, 3527)",0.597510039806366
"(80, 3017, 2436, 1478)",0.5975089073181152
"(2440, 1362, 4734)",0.5975074768066406
"(5152, 321, 1330, 689)",0.5975064039230347
"(4589, 1386, 2109, 309)",0.5975056886672974
"(3153, 2143, 1823)",0.5975055694580078
"(2953, 2530, 2341, 1829)",0.5975055694580078
"(1415, 1740, 2575, 2777, 2300, 1791)",0.597505509853363
"(2672, 1836, 1382, 4676)",0.5975047945976257
"(2586, 4354, 2053)",0.5975046157836914
"(2307, 1365, 2998)",0.597503125667572
"(1800, 1836, 4613, 2160)",0.5975019931793213
"(3154, 2340, 2462)",0.5974965691566467
"(1929, 114, 3500)",0.5974953174591064
"(3200, 1305, 1974, 1326)",0.5974944233894348
"(1698, 227, 2467, 1353, 1385, 5545, 1503)",0.5974910855293274
"(3200, 54, 2407)",0.5974897742271423
"(321, 237, 1392, 1878, 2777)",0.597489058971405
"(1392, 1510, 3055)",0.5974884629249573
"(1498, 44, 3042, 1574)",0.5974879264831543
"(473, 1170, 3500, 1989)",0.5974858403205872
"(816, 1802, 4507)",0.5974838733673096
"(2076, 2301, 2981)",0.5974826216697693
"(1404, 1498, 44, 3984)",0.5974821448326111
"(1976, 2334, 3519)",0.5974782705307007
"(4545, 296, 2058, 1581, 1373)",0.5974782109260559
"(3200, 2534, 567)",0.5974781513214111
"(1498, 10, 2116, 5319)",0.5974773168563843
"(272, 2916, 2559)",0.5974770188331604
"(3298, 1703, 1800, 1707, 2612)",0.5974752306938171
"(2953, 1539, 1838)",0.5974735021591187
"(3513, 2187, 676)",0.5974721908569336
"(128, 1890, 2738, 660, 4886, 2109)",0.597472071647644
"(616, 1674, 4420)",0.5974711179733276
"(1842, 5410, 1447)",0.5974682569503784
"(2723, 1351, 1460, 1463, 3929)",0.5974664092063904
"(3200, 1362, 1206)",0.597465991973877
"(128, 1825, 1953, 1954, 1512, 2024, 4521, 1390, 1814, 1403)",0.597459614276886
"(1650, 5427, 1317, 1287)",0.5974578261375427
"(5001, 1430, 1791)",0.5974572896957397
"(1836, 4733, 2239)",0.5974551439285278
"(3512, 682, 1979, 660)",0.5974540710449219
"(816, 4610, 2541, 2302)",0.5974511504173279
"(4608, 321, 1330, 689)",0.5974497199058533
"(3656, 1515, 2006)",0.597447395324707
"(1513, 3490, 1846, 511)",0.597446858882904
"(25, 26, 29, 5001)",0.5974465012550354
"(1961, 4354, 1740, 2119)",0.597444474697113
"(1825, 1953, 1954, 1288, 1512, 1390, 1648, 1814, 4347, 1469)",0.5974406599998474
"(3293, 113, 459, 821)",0.5974404215812683
"(1953, 1923, 1703, 2127, 4373)",0.5974387526512146
"(1825, 4869, 2057, 1835, 1292, 493, 1390)",0.5974380970001221
"(473, 1481, 3415)",0.5974375605583191
"(4960, 1351, 1512, 1709, 1777)",0.5974372625350952
"(3200, 1827, 1382)",0.5974363088607788
"(3200, 1386, 692, 2638)",0.5974320769309998
"(4160, 1305, 2201)",0.597430944442749
"(920, 2537, 4038)",0.5974307060241699
"(1697, 2794, 1740)",0.597428023815155
"(3682, 791, 1461, 1335, 1919)",0.5974261164665222
"(3275, 373, 159)",0.5974256992340088
"(1664, 1802, 4354, 1372)",0.5974239110946655
"(2822, 1418, 1998, 1358, 2072, 1951)",0.5974237322807312
"(288, 1446, 1288, 1963, 3414, 1463)",0.59742271900177
"(1541, 1734, 3270, 1326, 1329, 2546)",0.5974211692810059
"(2185, 1332, 2958)",0.5974204540252686
"(3085, 1621, 1477, 1933)",0.597417950630188
"(2586, 2083, 3334, 1255)",0.5974146723747253
"(1288, 4329, 1282)",0.5974134802818298
"(3203, 493, 1350, 1469)",0.5974116921424866
"(473, 1170, 1989, 3743)",0.5974108576774597
"(1763, 4461, 2297, 1469, 159)",0.5974107980728149
"(1475, 2317, 4103)",0.5974101424217224
"(1825, 1953, 1954, 1638, 1703, 1512, 1833, 2311, 1390, 1814, 4347, 2718)",0.5974100828170776
"(2968, 2242, 1110)",0.5974100232124329
"(1953, 10, 4462)",0.5974082946777344
"(1836, 3013, 2239)",0.5974078178405762
"(2683, 2091, 3750, 2102)",0.5974076986312866
"(321, 2790, 237, 1392, 1878)",0.5974047183990479
"(1304, 1666, 1979, 2998)",0.5974043607711792
"(581, 5414, 2503, 1740, 1774)",0.5974008440971375
"(3656, 2427, 1397, 38)",0.5974003076553345
"(1475, 2317, 3119)",0.5973993539810181
"(424, 2409, 1515, 3347)",0.5973991751670837
"(616, 1499, 2869)",0.5973970293998718
"(2080, 3072, 739, 1809, 1721)",0.5973926186561584
"(2374, 3055, 371, 2645, 2009, 1754)",0.5973890423774719
"(3270, 1480, 1007, 791, 2302)",0.5973889231681824
"(1953, 1355, 1829, 4775)",0.5973889231681824
"(2440, 1362, 4735)",0.5973880887031555
"(3200, 1381, 654)",0.5973875522613525
"(161, 970, 1675, 1676, 1868, 3408)",0.5973864197731018
"(4618, 1509, 1383)",0.5973854064941406
"(2984, 1645, 1491, 1499, 1852)",0.5973848700523376
"(2666, 2140, 3372)",0.5973837375640869
"(3682, 2397, 493, 1535)",0.5973812937736511
"(2958, 2075, 2334)",0.5973798632621765
"(2946, 1707, 1294, 2161, 2071, 2297)",0.5973790287971497
"(4354, 2645, 1373)",0.5973758697509766
"(3426, 274, 1747, 342, 343, 1375)",0.5973730683326721
"(1475, 4103, 2399, 1999)",0.5973711013793945
"(1392, 4177, 1422)",0.5973700284957886
"(2141, 2822, 1951)",0.5973682403564453
"(1865, 2916, 2577)",0.5973674654960632
"(1512, 3250, 1739)",0.5973674058914185
"(1403, 2953, 371, 2148)",0.597366213798523
"(618, 2692, 3231)",0.5973649024963379
"(3347, 1418, 2083)",0.5973647832870483
"(4190, 1836, 54)",0.5973647236824036
"(3810, 1415, 1740, 2575, 2300, 1791)",0.5973626375198364
"(1698, 1381, 839, 5516, 1557)",0.5973622798919678
"(1539, 2341, 1512, 2603, 1036, 5079)",0.5973619222640991
"(1848, 2417, 3063)",0.5973603129386902
"(2530, 3144, 1486, 54, 1496, 1499)",0.5973596572875977
"(1969, 2483, 2942)",0.597357451915741
"(1960, 4012, 1372, 1326)",0.5973527431488037
"(2953, 884, 1486, 54)",0.5973526835441589
"(1392, 1469, 2958)",0.5973445177078247
"(3851, 1995, 1404)",0.5973443388938904
"(4443, 1403, 2332, 1461)",0.5973421335220337
"(1288, 1552, 10, 3042)",0.5973378419876099
"(66, 296, 2953, 2542, 1777, 2201)",0.5973373055458069
"(3200, 1754, 701)",0.5973364114761353
"(1754, 1469, 4103)",0.5973353385925293
"(3050, 2140, 54, 1471)",0.5973343849182129
"(1464, 1859, 4599)",0.5973342657089233
"(3042, 2116, 44, 1837, 1552)",0.5973342061042786
"(2433, 739, 3900, 429)",0.5973325967788696
"(2240, 2881, 2083, 1827, 1989, 2568, 58)",0.5973301529884338
"(3042, 323, 1837, 1382)",0.5973290205001831
"(3682, 1357, 1461)",0.5973262786865234
"(2560, 1963, 2738, 660, 4566, 2109)",0.5973262190818787
"(2641, 2251, 3204, 390)",0.5973204374313354
"(568, 5066, 2307)",0.5973202586174011
"(1481, 2570, 1355, 4012, 1490, 2102)",0.597318708896637
"(1328, 1867, 1188, 2941)",0.5973179340362549
"(1443, 1641, 2672, 2768, 3603)",0.5973176956176758
"(3200, 283, 1837)",0.597314715385437
"(2672, 5297, 2298)",0.5973103642463684
"(2897, 1305, 1974, 1326)",0.5973097681999207
"(616, 1698, 2916)",0.5973091721534729
"(1953, 322, 1763, 1954, 1294, 89, 1469, 2718, 3903)",0.5973058342933655
"(2064, 1283, 2144, 4886)",0.5973055362701416
"(385, 386, 3682, 2297, 2397)",0.5973045229911804
"(2, 3019, 2300)",0.5973043441772461
"(1800, 5099, 1837, 1844, 2071, 2297)",0.5973033308982849
"(841, 1740, 5390, 391)",0.5973004698753357
"(2560, 1963, 2738, 660, 4279, 2109)",0.5972989797592163
"(1512, 3256, 1390)",0.5972973704338074
"(4600, 25, 2643)",0.5972955226898193
"(1353, 1770, 5258)",0.5972955226898193
"(1994, 3042, 1837)",0.5972949266433716
"(2979, 1662, 2007)",0.5972949266433716
"(1472, 66, 1353, 1709, 4429, 1777, 2101)",0.597292959690094
"(1825, 2057, 1835, 1292, 493, 1390, 4626)",0.5972927808761597
"(4523, 274, 1747, 342, 343, 1375)",0.5972921848297119
"(616, 2938, 1499)",0.5972888469696045
"(2279, 1512, 2057, 1994, 3212, 2486)",0.5972861647605896
"(1136, 371, 1723, 3019)",0.5972857475280762
"(3200, 1577, 586, 2140)",0.5972856283187866
"(161, 3997, 1327)",0.5972839593887329
"(288, 2651, 2911)",0.5972837805747986
"(2752, 4545, 1445, 1446, 507)",0.5972827672958374
"(1801, 4276, 396)",0.5972824096679688
"(1329, 2546, 1974, 4327)",0.5972810387611389
"(2626, 804, 1413, 2569, 4432, 861)",0.5972796082496643
"(1392, 3746, 1422)",0.597275972366333
"(2080, 1699, 3054, 2327, 1822)",0.5972734093666077
"(3200, 1800, 1836, 1837, 504, 285)",0.5972655415534973
"(4169, 169, 1514)",0.5972654223442078
"(2808, 1298, 1850)",0.5972653031349182
"(681, 1829, 1381, 4263)",0.5972639322280884
"(576, 1830, 4103)",0.5972638726234436
"(1842, 3406, 1447)",0.5972625613212585
"(1954, 1923, 3298, 2127, 1721)",0.5972601175308228
"(1443, 3415, 2655)",0.5972596406936646
"(1953, 4294, 1703, 1288, 2311, 1067, 1786)",0.5972595810890198
"(4103, 1934, 2335)",0.597259521484375
"(1994, 1484, 4816, 1425, 1176, 1979, 2332, 1502, 2303)",0.5972570776939392
"(3085, 1253, 1743)",0.597251296043396
"(2610, 1540, 1326, 2911)",0.597250759601593
"(4545, 1347, 2094, 1372, 1310)",0.5972481966018677
"(266, 5300, 2591)",0.5972471833229065
"(1356, 5245, 2263)",0.5972431302070618
"(2593, 196, 18, 276, 3869)",0.5972416400909424
"(2000, 2953, 1515)",0.5972403883934021
"(4619, 1325, 2001, 2140, 2431)",0.5972402095794678
"(2946, 493, 2143)",0.5972382426261902
"(3200, 2641, 762)",0.597237765789032
"(4038, 1877, 2230, 2330, 2302)",0.5972334742546082
"(698, 2777, 106)",0.597232460975647
"(752, 1447, 3311, 839)",0.597232460975647
"(1953, 4103, 1386, 54, 1469)",0.5972315073013306
"(473, 2346, 1278, 4886)",0.5972310304641724
"(3682, 1380, 2397, 1511)",0.5972293615341187
"(1509, 4190, 1383)",0.5972286462783813
"(1857, 1475, 1287, 1305, 2938)",0.5972247123718262
"(3778, 1701, 1991, 1934, 1298)",0.5972217917442322
"(920, 291, 3727)",0.5972180962562561
"(2360, 1502, 1294, 3086)",0.5972180366516113
"(3120, 1561, 2257)",0.5972177386283875
"(1840, 4337, 796)",0.5972164869308472
"(664, 1961, 2794)",0.5972155332565308
"(4534, 652, 2765, 2710)",0.5972148180007935
"(1968, 3236, 2541, 159)",0.597213864326477
"(1809, 498, 739, 3708)",0.597213625907898
"(1705, 3683, 2335)",0.597213089466095
"(1706, 3075, 1351)",0.5972128510475159
"(3136, 1510, 1487)",0.5972098112106323
"(4426, 102, 1294)",0.5972077250480652
"(3815, 1548, 464, 1786, 1469)",0.5972074866294861
"(2911, 2332, 2302, 2335)",0.5972073674201965
"(4504, 2105, 1380)",0.5972070693969727
"(1611, 1996, 2101, 4103)",0.5972055196762085
"(1432, 2080, 3453)",0.5972039699554443
"(1830, 1903, 1425, 3252, 1176)",0.597200334072113
"(43, 1939, 1310, 4886)",0.5971998572349548
"(2112, 2570, 2916)",0.5971994996070862
"(739, 3900, 1374)",0.5971983075141907
"(1793, 1666, 2998, 1310)",0.597197949886322
"(2279, 1512, 1994, 2486, 4351)",0.5971968770027161
"(4544, 1409, 1973)",0.5971955060958862
"(2598, 1513, 1967, 2995, 2137)",0.597194492816925
"(4160, 2570, 1676)",0.5971938371658325
"(3200, 1809, 1325, 1999)",0.5971937775611877
"(432, 1979, 4459)",0.5971902012825012
"(128, 1953, 424, 4522, 2417)",0.5971902012825012
"(337, 3190, 1382)",0.5971895456314087
"(1825, 1953, 1954, 1638, 1703, 1512, 1833, 2311, 4521, 1390, 1814, 2718)",0.5971887707710266
"(2601, 3682, 1388)",0.5971875190734863
"(2665, 1418, 2902)",0.5971854329109192
"(1825, 1953, 1703, 1292, 3788, 1390, 2008)",0.5971842408180237
"(1481, 2570, 1355, 1490, 4627, 2102)",0.5971810221672058
"(1304, 3374, 2302)",0.5971804261207581
"(2121, 1418, 3053, 2094, 2062, 1492)",0.5971784591674805
"(3276, 1971, 1836)",0.5971781611442566
"(2902, 1337, 1388, 2321)",0.597176194190979
"(2080, 4354, 2643)",0.5971761345863342
"(1422, 1359, 1392, 2777, 1339)",0.5971760153770447
"(2091, 5460, 54)",0.5971753597259521
"(3169, 1490, 1446, 1390)",0.5971742272377014
"(58, 2594, 3406)",0.5971740484237671
"(1333, 1748, 165, 2775)",0.5971716046333313
"(2712, 2713, 1667, 2881)",0.5971705913543701
"(4103, 2140, 54, 1855)",0.5971691608428955
"(3192, 1674, 1786)",0.5971664786338806
"(2672, 314, 269, 5474)",0.5971636176109314
"(1432, 1330, 1706, 5418)",0.5971613526344299
"(3750, 1512, 2057, 1292, 1463)",0.597160279750824
"(1867, 1924, 5555, 2143)",0.5971596240997314
"(1381, 1384, 681, 2868, 249)",0.5971568822860718
"(5415, 2108, 1341, 1863)",0.5971561074256897
"(1698, 227, 2467, 1353, 1385, 2942, 1503)",0.5971531867980957
"(3265, 1484, 2341)",0.5971525311470032
"(1362, 2890, 1933, 1446)",0.597147524356842
"(1836, 3270, 1974)",0.5971474647521973
"(319, 1962, 2090, 5363, 1436, 1439)",0.5971459746360779
"(1825, 466, 2859)",0.5971435904502869
"(1825, 1953, 1954, 1288, 1512, 1390, 1648, 1814, 4347, 1469, 2718)",0.5971423387527466
"(1411, 2981, 1459, 1532, 2557)",0.5971409678459167
"(5347, 1682, 2307, 2239)",0.5971384048461914
"(1825, 1953, 1703, 1292, 1390, 2008, 4347)",0.5971364974975586
"(2208, 1499, 2972, 1743)",0.5971323251724243
"(1953, 4324, 1350, 1386, 1786)",0.597131609916687
"(1688, 249, 1979, 4551)",0.5971312522888184
"(1539, 2812, 1838)",0.5971292853355408
"(3200, 1499, 2655)",0.5971282720565796
"(3487, 2572, 1895)",0.5971236228942871
"(1539, 4933, 1838)",0.5971232056617737
"(1481, 2570, 1355, 3053, 1490, 2102)",0.5971202254295349
"(1954, 1923, 4326, 2127, 1721)",0.5971185564994812
"(4337, 1732, 1548)",0.5971159934997559
"(2984, 2529, 1557, 2591)",0.5971144437789917
"(1481, 2570, 1355, 1490, 2102, 3415)",0.5971144437789917
"(3042, 1475, 1837)",0.5971135497093201
"(1953, 4103, 1471, 1996, 1390, 1294, 1855)",0.597112774848938
"(1505, 1588, 4329, 983)",0.5971091985702515
"(2121, 1970, 3489)",0.5971090793609619
"(1825, 1953, 1954, 1512, 1833, 4329, 1390, 1648, 1814)",0.5971077680587769
"(1382, 1703, 1289, 4476, 1469)",0.5971051454544067
"(3626, 1933, 1519)",0.5971044301986694
"(2938, 1362, 1933, 1446)",0.5971043705940247
"(1953, 2279, 1288, 2057, 1994, 523, 3212)",0.5971036553382874
"(1424, 2389, 238, 3471)",0.5971032381057739
"(1165, 176, 1873, 4816, 2303)",0.5970978140830994
"(2905, 1358, 54)",0.5970972776412964
"(1962, 4029, 1999)",0.5970958471298218
"(2995, 2598, 1287)",0.5970931053161621
"(1705, 10, 44, 3042)",0.5970916748046875
"(2672, 4514, 1683)",0.5970910787582397
"(2672, 4508, 2663)",0.5970901846885681
"(1440, 3983, 1939, 2068, 1463)",0.5970898866653442
"(1514, 1939, 4543)",0.5970875024795532
"(1392, 3211, 2598)",0.5970875024795532
"(3200, 2307, 253)",0.5970866084098816
"(1936, 1825, 4420, 1781)",0.5970850586891174
"(319, 1962, 2090, 3098, 1436, 1439)",0.5970839262008667
"(1512, 1386, 3224)",0.5970832109451294
"(2080, 3072, 739, 2127, 1809, 1721)",0.59708172082901
"(3200, 1921, 2700, 2261)",0.5970814824104309
"(1408, 3297, 2109)",0.5970814228057861
"(1751, 1676, 3278, 175)",0.5970805883407593
"(3075, 1514, 1939)",0.597079336643219
"(2376, 3682, 1380)",0.5970787405967712
"(1288, 4896, 1759)",0.5970765352249146
"(1960, 2094, 5414)",0.5970745086669922
"(3200, 1513, 511)",0.5970744490623474
"(1380, 5030, 1534, 2302, 1535)",0.5970734357833862
"(321, 1330, 689, 3057)",0.597072958946228
"(2425, 2916, 2575)",0.5970726609230042
"(4514, 1971, 2598)",0.597070574760437
"(2529, 2140, 3983)",0.5970694422721863
"(3014, 1351, 527)",0.5970657467842102
"(1485, 173, 3415)",0.5970653295516968
"(169, 1378, 3204)",0.5970646142959595
"(3276, 1333, 1748, 165)",0.5970635414123535
"(3074, 1740, 1388)",0.5970634818077087
"(3019, 44, 1430)",0.5970625877380371
"(1760, 4462, 1471)",0.5970615148544312
"(2616, 2001, 3200)",0.5970609784126282
"(1665, 1802, 3075)",0.5970596671104431
"(1408, 1472, 4708, 1353, 1709, 1646, 1777, 1939)",0.5970574617385864
"(1825, 1954, 1638, 1703, 1512, 2311, 1390, 4347, 1403, 2718)",0.5970568656921387
"(2274, 2794, 1358)",0.597055971622467
"(352, 1370, 2812, 2734)",0.5970557928085327
"(1825, 1954, 1923, 1390, 4345)",0.5970553755760193
"(2956, 493, 2143)",0.5970544815063477
"(2091, 54, 4595)",0.5970541834831238
"(3616, 1573, 1288, 1390, 303, 2417)",0.5970534682273865
"(1995, 2315, 1936, 1970, 1973, 1662, 2975)",0.5970528721809387
"(1281, 459, 2891, 1427, 1460)",0.5970525741577148
"(2968, 2242, 54)",0.5970513224601746
"(568, 1970, 4552)",0.5970495343208313
"(1698, 1381, 839, 3499, 1557)",0.5970494747161865
"(1826, 787, 2869)",0.597045361995697
"(66, 296, 2542, 1777, 3122, 2201)",0.5970446467399597
"(616, 1499, 3983)",0.5970398187637329
"(2672, 3354, 701)",0.5970397591590881
"(1777, 1961, 4545)",0.5970374345779419
"(1698, 227, 2467, 5544, 1353, 1385, 1503)",0.5970371961593628
"(1699, 2117, 1829, 1830, 2341, 3408, 2142, 2303)",0.5970370173454285
"(3200, 1837, 1381)",0.5970346331596375
"(1800, 1499, 4324)",0.597031831741333
"(1392, 1865, 4514)",0.5970317125320435
"(2442, 3085, 1486)",0.597029983997345
"(4169, 169, 1439)",0.5970293283462524
"(1953, 3937, 2307, 1512, 2057)",0.5970288515090942
"(1481, 2230, 3415)",0.5970282554626465
"(1840, 689, 3057, 469)",0.5970280766487122
"(1362, 1933, 1446, 2807)",0.597026526927948
"(1377, 2958, 1350)",0.597024142742157
"(2360, 2684, 37, 5303)",0.597024142742157
"(2098, 1963, 3226)",0.5970232486724854
"(1699, 1481, 1294, 1718, 4886, 2655)",0.5970216393470764
"(2089, 5426, 2095)",0.5970214605331421
"(1353, 1770, 4545)",0.5970214009284973
"(1960, 2905, 1358)",0.5970204472541809
"(2112, 2777, 1754)",0.597020149230957
"(1665, 1961, 1862, 4870)",0.5970183610916138
"(368, 4513, 1660)",0.5970150232315063
"(2220, 43, 1939, 4886)",0.5970147848129272
"(1676, 1774, 2895, 1330, 885, 2645, 1754)",0.5970135927200317
"(1800, 3298, 1973)",0.5970123410224915
"(4545, 2570, 2091, 173, 2102)",0.597009539604187
"(4488, 1698, 1933)",0.5970075726509094
"(1478, 1960, 1516, 2541, 4824)",0.5970070958137512
"(532, 3045, 54)",0.5970070362091064
"(2213, 5030, 266, 2478, 2417)",0.5970062017440796
"(2683, 2091, 4012, 2102)",0.5970041751861572
"(1403, 371, 2148, 4534)",0.5970038771629333
"(1408, 3200, 2109)",0.5970017910003662
"(3200, 2297, 1754, 1836)",0.5970012545585632
"(128, 1953, 1920, 3169, 424, 1801)",0.5970011949539185
"(3347, 1898, 1315, 2546)",0.59699946641922
"(4423, 73, 267, 1365, 1501)",0.5969980359077454
"(3226, 1381, 567)",0.5969967842102051
"(3408, 43, 1939, 1310)",0.5969946980476379
"(1512, 1362, 1355, 5434)",0.5969918370246887
"(1699, 2117, 1829, 1830, 2341, 2890, 2142, 2303)",0.596989095211029
"(2161, 1774, 3535)",0.59698885679245
"(3383, 1477, 1391)",0.5969874262809753
"(1380, 1534, 5241, 2302, 1535)",0.5969842672348022
"(1377, 3682, 1380, 1413, 2596, 1518)",0.5969842076301575
"(3440, 2546, 2541)",0.5969827175140381
"(128, 1446, 1288, 1801, 4412)",0.5969800353050232
"(1512, 89, 1332, 3212)",0.5969764590263367
"(1440, 4545, 1939, 2068, 1463)",0.5969763398170471
"(2212, 2442, 3085, 1521, 1592)",0.5969756841659546
"(1865, 2942, 190, 1135)",0.5969747304916382
"(1698, 1381, 839, 5008, 1557)",0.5969677567481995
"(1865, 5402, 1351)",0.5969677567481995
"(1628, 1445, 2974)",0.5969663262367249
"(1867, 1460, 1326, 5126)",0.5969663262367249
"(1740, 5021, 2062)",0.5969656705856323
"(3682, 1628, 1942)",0.5969638824462891
"(1953, 1355, 4467, 1829)",0.59696364402771
"(1561, 3250, 588)",0.5969626903533936
"(2828, 2374, 1655)",0.596961259841919
"(1827, 1989, 1351, 1865, 3262)",0.5969610810279846
"(1933, 3214, 1390, 1329, 2546)",0.5969601273536682
"(5126, 787, 1982, 2143)",0.5969581007957458
"(497, 2946, 2140)",0.5969580411911011
"(1377, 2210, 996, 4757)",0.5969557762145996
"(1953, 1954, 3682, 1703, 1288, 1469, 2718, 159)",0.5969557762145996
"(816, 1377, 3270, 1480)",0.5969545245170593
"(1699, 2117, 1829, 1830, 2341, 2941, 2142, 2303)",0.5969535708427429
"(568, 2307, 4103)",0.5969526767730713
"(3200, 102, 1294)",0.5969525575637817
"(1384, 4329, 1480)",0.5969504714012146
"(2440, 1362, 4736)",0.5969441533088684
"(625, 3019, 1341)",0.5969403982162476
"(3200, 1374, 54)",0.5969336032867432
"(1698, 227, 2467, 1353, 1385, 3290, 1503)",0.5969322919845581
"(1384, 4420, 1703)",0.5969300866127014
"(2374, 1953, 4178, 2057)",0.5969293117523193
"(1889, 3214, 1298, 2616, 473)",0.596926212310791
"(3200, 1386, 1548, 464, 2297)",0.5969257950782776
"(1954, 1923, 2946, 2630, 1703, 1288, 1469)",0.5969247817993164
"(289, 3900, 334)",0.5969238877296448
"(2946, 493, 2143, 1703)",0.5969226956367493
"(1953, 1355, 1829, 4029)",0.5969209671020508
"(3192, 323, 2060)",0.5969206094741821
"(1825, 1953, 1954, 1703, 1512, 1707, 1390, 1294, 2970, 2718)",0.5969188213348389
"(1754, 4354, 2094)",0.5969187617301941
"(2022, 1383, 2216, 2029, 1838, 1551, 1782, 2973)",0.5969172716140747
"(2369, 1442, 3682, 1461, 791, 1919)",0.5969172120094299
"(3019, 1390, 303)",0.5969136357307434
"(165, 1958, 2775, 2321, 1494, 1943, 1983)",0.5969133377075195
"(1960, 3414, 1372, 1326)",0.5969113707542419
"(2160, 2217, 3525)",0.5969083309173584
"(2536, 1481, 3047, 1759)",0.5969076156616211
"(1121, 1827, 1828, 1509, 70, 4870, 1869, 187, 1119)",0.5969054102897644
"(3200, 1723, 1836, 1837)",0.5969040393829346
"(3238, 1774, 1330, 692, 1943, 1754)",0.5969027876853943
"(2090, 2794, 1503)",0.5969024300575256
"(1676, 1774, 3983, 1330, 885, 2645, 1754)",0.596901535987854
"(1512, 3200, 38, 495)",0.596901535987854
"(440, 3680, 1740)",0.5969009399414062
"(2024, 3778, 1934)",0.5968992114067078
"(1944, 1409, 3200, 1310)",0.59689861536026
"(1337, 3017, 1358)",0.5968981385231018
"(2410, 1490, 1362, 4630, 54)",0.5968978404998779
"(1478, 3017, 1642, 1516, 2383, 2361)",0.5968976020812988
"(2729, 459, 4119)",0.5968958139419556
"(2050, 1284, 1287, 1512, 1292, 1298, 1299, 1463, 4891)",0.5968948602676392
"(568, 385, 306, 2796)",0.5968943238258362
"(4417, 1403, 495)",0.5968900918960571
"(2559, 2916, 2303)",0.5968886613845825
"(3200, 1362, 1469)",0.5968877673149109
"(161, 3019, 884, 1304, 1305)",0.5968858599662781
"(713, 5258, 581)",0.5968854427337646
"(3144, 44, 1430, 1399)",0.5968829393386841
"(1827, 1989, 1351, 1865, 5258)",0.5968828201293945
"(1800, 4244, 1973)",0.5968815684318542
"(1953, 1763, 4103, 1512, 1837, 1999, 251, 1469, 159)",0.5968812108039856
"(1953, 1890, 2630, 1703, 1800, 5035, 660)",0.5968803763389587
"(1760, 3045, 1471)",0.5968794226646423
"(706, 2341, 4816, 1425, 1979)",0.5968793034553528
"(169, 1507, 3021)",0.5968780517578125
"(3371, 2374, 1655)",0.5968759059906006
"(5221, 1288, 1974, 1463, 2718)",0.5968756079673767
"(2777, 1698, 2118)",0.5968741774559021
"(1288, 4195, 2718)",0.5968682765960693
"(128, 1446, 1801, 2857, 2738, 1463)",0.5968668460845947
"(1512, 2913, 821)",0.5968660712242126
"(1825, 1953, 1954, 1638, 1288, 1512, 1833, 4521, 1390, 1294, 1814, 1721, 1469)",0.5968637466430664
"(3200, 1827, 1387, 2243)",0.5968614816665649
"(2598, 5400, 66, 926)",0.5968583822250366
"(2666, 2140, 3527)",0.596856951713562
"(4160, 1036, 502, 175)",0.596856415271759
"(452, 453, 266, 1744, 2807)",0.5968542098999023
"(1400, 2057, 3200, 39)",0.596854031085968
"(3682, 1934, 1461, 2230, 2302)",0.5968530178070068
"(3200, 2668, 1836, 2605, 2028, 1104)",0.5968495607376099
"(1929, 1754, 318, 2817)",0.5968493819236755
"(1825, 1954, 1638, 1703, 1512, 2311, 4521, 1390, 1403, 2718)",0.596849262714386
"(2057, 1707, 4564, 2071)",0.5968424677848816
"(2541, 2902, 2303)",0.5968422889709473
"(1403, 371, 2148, 3063)",0.5968367457389832
"(1386, 2109, 1837, 4501)",0.596835196018219
"(241, 1722, 52, 2869)",0.5968340635299683
"(1409, 4103, 10, 1996, 2351, 251, 2012, 1471)",0.5968319773674011
"(4103, 1740, 1836, 2297, 1469)",0.5968281030654907
"(43, 3415, 1943)",0.5968254208564758
"(1424, 1857, 5452, 671)",0.5968247652053833
"(2369, 1442, 3682, 1480, 1461, 791, 1919)",0.5968220829963684
"(2956, 493, 2143, 1703)",0.5968198776245117
"(3200, 1382, 1383, 1352, 1386, 395, 1837, 1809, 2001, 1944, 2297)",0.5968177914619446
"(3019, 1524, 2302)",0.5968162417411804
"(3192, 121, 2686, 1887)",0.5968142151832581
"(4103, 1962, 1436, 1439)",0.596812903881073
"(3347, 1310, 1135)",0.596808671951294
"(2057, 1707, 4565, 2071)",0.5968080759048462
"(3200, 25, 1727)",0.5968068242073059
"(2617, 4513, 1660)",0.5968042612075806
"(4543, 1939, 1439)",0.5968017578125
"(391, 5424, 691, 249, 58)",0.5967990159988403
"(1304, 3200, 582)",0.5967987775802612
"(3200, 1571, 1382, 1836, 590, 1426, 1944, 2104, 1469)",0.596798300743103
"(2243, 1412, 2117, 842, 2218, 2541, 3055, 1968, 1555, 1566)",0.5967963933944702
"(199, 302, 303, 1427, 3290)",0.5967962741851807
"(3042, 1763, 1288, 1837, 2298, 159)",0.5967938303947449
"(296, 5353, 2062)",0.5967901945114136
"(3257, 1539, 1838)",0.596790075302124
"(3063, 373, 159)",0.596788227558136
"(3920, 1409, 1973)",0.5967856645584106
"(4514, 2598, 1513, 1967, 2137)",0.5967846512794495
"(2072, 2905, 1358, 2582)",0.5967829823493958
"(1481, 2570, 1355, 1490, 2102, 2777)",0.5967760682106018
"(1976, 4545, 1914)",0.596775472164154
"(2278, 616, 272, 2577, 2738, 4190)",0.5967746376991272
"(1827, 2790, 1992, 2541, 1338)",0.5967738032341003
"(3106, 1994, 1442, 2332)",0.5967724919319153
"(2723, 1351, 3922, 1460, 1463)",0.5967714786529541
"(2053, 1492, 3415, 537, 1372)",0.5967710614204407
"(1337, 2953, 1358)",0.596767246723175
"(1121, 1827, 1828, 1509, 70, 5415, 1869, 187, 1119)",0.5967671871185303
"(1464, 2972, 1942)",0.5967491269111633
"(1793, 1378, 4545, 1734, 1351, 2541)",0.596747100353241
"(73, 267, 1365, 4028, 1501)",0.5967446565628052
"(1920, 869, 4528)",0.5967442393302917
"(713, 1929, 3566)",0.5967425107955933
"(5032, 285, 2159)",0.5967425107955933
"(2090, 2338, 4533)",0.5967403054237366
"(1513, 4591, 1846, 511)",0.596738874912262
"(128, 424, 1801, 3977, 2718)",0.5967385768890381
"(4353, 54, 1999)",0.5967376232147217
"(1953, 1954, 4294, 1703, 1288, 1801, 331, 398, 660, 2297, 1469, 159)",0.5967344045639038
"(568, 1970, 4503)",0.5967344045639038
"(281, 3042, 1831)",0.5967322587966919
"(538, 3415, 1991)",0.5967316031455994
"(1490, 2267, 3132, 1478)",0.5967292785644531
"(3414, 2683, 2091, 2102)",0.5967264175415039
"(2944, 1033, 674, 1305)",0.5967260003089905
"(1287, 110, 18, 3702, 473, 1982)",0.5967227816581726
"(2240, 1929, 390, 3705)",0.5967211127281189
"(1560, 2114, 2053, 3231)",0.5967190265655518
"(1381, 1574, 4486, 1384, 1484, 1979)",0.5967181921005249
"(2210, 1972, 2973, 1743)",0.5967143177986145
"(2212, 2442, 4688, 1521, 1592)",0.5967124700546265
"(3042, 1831, 46, 39)",0.5967110395431519
"(3489, 1961, 1517, 2094, 1492, 1372)",0.5967100858688354
"(290, 1323, 3727)",0.5967100262641907
"(497, 2612, 2958)",0.5967077612876892
"(2, 2300, 5079)",0.596707284450531
"(1953, 4410, 1355, 1829)",0.596704363822937
"(1409, 4101, 1357)",0.5967015624046326
"(3075, 1939, 1439)",0.5967004895210266
"(4514, 1827, 2100)",0.5966959595680237
"(821, 1414, 4477)",0.5966948866844177
"(3042, 1995, 1831)",0.596687376499176
"(2374, 1953, 4347, 2057)",0.5966853499412537
"(1867, 1460, 3293, 1326)",0.5966829657554626
"(1411, 2965, 62)",0.5966823697090149
"(2672, 1268, 3200, 1791)",0.5966821908950806
"(1569, 1476, 4583, 1933, 1499)",0.5966813564300537
"(1512, 3257, 2008)",0.5966798067092896
"(337, 4190, 1382)",0.5966750979423523
"(5030, 1645, 62, 1822, 1343)",0.5966712236404419
"(2427, 2998, 1397, 38)",0.596670389175415
"(3075, 1802, 2011)",0.5966654419898987
"(3610, 108, 1846, 1847)",0.5966647863388062
"(1424, 3213, 2389, 238)",0.5966636538505554
"(1382, 1703, 1512, 3788, 1648, 2297)",0.596663236618042
"(1960, 1358, 3347, 54)",0.5966629981994629
"(1350, 4586, 2297, 662)",0.5966602563858032
"(1305, 1723, 2942)",0.5966563820838928
"(1740, 2598, 4103)",0.5966541767120361
"(321, 2817, 237, 1392, 1878)",0.5966517329216003
"(1762, 2035, 3270, 1567)",0.5966379046440125
"(2080, 3200, 1705, 1422, 1809, 2655)",0.5966339707374573
"(2248, 1709, 4103)",0.5966330170631409
"(2616, 3336, 1298, 2439)",0.5966313481330872
"(2208, 1954, 1512, 2859, 1403)",0.5966299772262573
"(1480, 2217, 1461, 4443, 796, 1919)",0.5966247916221619
"(1480, 1461, 54, 791, 4443, 1919)",0.5966241955757141
"(1480, 2994, 1491, 1461, 791, 1919)",0.5966219305992126
"(1350, 424, 1992, 1709, 2413, 1338, 4507)",0.5966206192970276
"(4544, 2609, 2178)",0.5966190099716187
"(1481, 3014, 527)",0.5966143608093262
"(1288, 4510, 1460, 2334)",0.5966123342514038
"(2208, 4417, 1954, 1512, 1403)",0.5966106057167053
"(1353, 2058, 3671)",0.5966094732284546
"(1121, 1827, 1828, 1509, 70, 5414, 1869, 187, 1119)",0.5966067314147949
"(1995, 2742, 2975)",0.5966021418571472
"(1840, 2953, 469, 687)",0.5966004729270935
"(4103, 1352, 1548, 493, 464)",0.5965944528579712
"(1929, 132, 3797, 2249)",0.5965933203697205
"(2144, 3075, 1383)",0.5965930819511414
"(1408, 4650, 2109)",0.5965927839279175
"(1539, 1838, 3055)",0.5965911149978638
"(1512, 2958, 2075, 2334)",0.5965901017189026
"(4354, 1603, 2094, 2067, 1372)",0.5965829491615295
"(1935, 3075, 1383)",0.5965813398361206
"(816, 691, 998, 2911)",0.5965811610221863
"(1827, 1444, 3302, 1936, 2356, 1911, 1722)",0.5965792536735535
"(385, 3211, 1461)",0.5965762734413147
"(1384, 4329, 1703)",0.5965755581855774
"(3200, 1678, 1329, 2546, 1974)",0.5965708494186401
"(1953, 1954, 1923, 1288, 1294, 2958)",0.5965703725814819
"(1288, 1294, 1936, 1970, 1973, 3487)",0.5965588092803955
"(5570, 1443, 1641, 2672, 2768)",0.5965548753738403
"(1760, 3045, 54)",0.5965494513511658
"(804, 1413, 1448, 2569, 4432, 1628, 861)",0.5965486764907837
"(1425, 5474, 2204, 839)",0.5965484380722046
"(3156, 102, 1294)",0.5965476036071777
"(2672, 3118, 2062)",0.5965433716773987
"(3200, 1410, 2330)",0.5965421795845032
"(717, 3815, 637, 1799)",0.5965410470962524
"(352, 1857, 1512, 2890, 2064)",0.5965383648872375
"(1456, 3144, 1974)",0.5965370535850525
"(3200, 1411, 1822, 1816, 62)",0.5965356826782227
"(1446, 1801, 2857, 2738, 660, 1463)",0.5965330004692078
"(2817, 1418, 1998, 1358, 2072, 1951)",0.596528172492981
"(1898, 1315, 2546, 3599)",0.5965281128883362
"(816, 1315, 2979)",0.5965232849121094
"(2096, 3425, 1836)",0.5965223908424377
"(2344, 739, 4717)",0.596522331237793
"(841, 2938, 1740, 391)",0.5965221524238586
"(1480, 3682, 1980)",0.5965173840522766
"(2080, 3013, 1351, 1962, 1777, 1436)",0.5965061187744141
"(2050, 3076, 1485, 1298, 1300)",0.5964937210083008
"(1676, 3085, 1806)",0.5964936017990112
"(1992, 1426, 4331, 1933)",0.5964925289154053
"(2090, 2483, 4103)",0.5964886546134949
"(114, 770, 2998, 110)",0.5964877009391785
"(4561, 1374, 1951)",0.5964862704277039
"(5351, 1381, 567)",0.59648597240448
"(1490, 884, 4630, 2143)",0.5964810848236084
"(1996, 44, 2775)",0.5964804291725159
"(2331, 1870, 4103)",0.5964792966842651
"(1960, 1372, 1326, 3415)",0.5964776277542114
"(1944, 3200, 1727)",0.5964763760566711
"(2, 2300, 3085)",0.5964740514755249
"(4417, 1442, 1403)",0.5964736342430115
"(1955, 424, 1388, 2413, 1777, 3285, 1338, 1341)",0.5964734554290771
"(424, 1492, 3288)",0.5964725017547607
"(1512, 1706, 1939, 3866, 671)",0.5964718461036682
"(1380, 1534, 5242, 2302, 1535)",0.5964710712432861
"(1844, 1829, 2799)",0.5964706540107727
"(408, 1169, 3347)",0.5964702367782593
"(1954, 739, 1800, 2609, 3889)",0.5964696407318115
"(717, 637, 4733, 1799)",0.5964668989181519
"(418, 2643, 3415)",0.5964668393135071
"(137, 2042, 2497, 4609)",0.5964652299880981
"(3200, 1953, 1355, 1292, 1645)",0.5964651107788086
"(2080, 4354, 2067)",0.596462607383728
"(2595, 1867, 1774, 1330, 3866)",0.5964558124542236
"(73, 1501, 2958)",0.5964547395706177
"(568, 4418, 1979, 1384)",0.5964534878730774
"(4549, 1836, 2297, 2330, 157)",0.5964528322219849
"(3290, 1933, 1294, 1303)",0.5964511036872864
"(896, 2530, 2374, 360, 361, 3085, 1486, 54, 2521, 1499)",0.5964427590370178
"(1953, 1890, 1446, 2857, 2738, 1463)",0.5964374542236328
"(2080, 1953, 1478, 1703, 1705, 3198)",0.5964370369911194
"(1442, 3682, 2444, 1597, 1919)",0.5964356660842896
"(3200, 2242, 1382, 2057, 684, 2001, 1426, 1944, 284)",0.5964349508285522
"(2958, 1382, 327)",0.596433162689209
"(2112, 5536, 1388, 2259, 2236)",0.5964300036430359
"(1440, 2794, 1374, 1992)",0.5964259505271912
"(3200, 1835, 483, 1828)",0.5964241623878479
"(161, 3923, 1327)",0.5964231491088867
"(1478, 1642, 3019, 1516, 2383, 2361)",0.5964193940162659
"(3200, 1827, 2260)",0.5964162945747375
"(576, 2541, 1830, 4103)",0.5964161157608032
"(2297, 2251, 814, 3079)",0.5964147448539734
"(1415, 1740, 2575, 3599, 2300, 1791)",0.5964098572731018
"(249, 1666, 4669, 1381)",0.5964091420173645
"(1793, 2243, 1829, 1994, 1771, 1484, 4816, 1425)",0.5964038968086243
"(2817, 1692, 1774, 2703)",0.5964037179946899
"(4332, 2058, 1980)",0.5964004993438721
"(1898, 2642, 3599)",0.5963975191116333
"(1880, 3371, 1655)",0.5963974595069885
"(1560, 2114, 3453, 2053)",0.5963958501815796
"(2672, 2395, 1310, 4399)",0.5963951349258423
"(1921, 1676, 2261, 4420)",0.5963939428329468
"(1492, 5078, 1934)",0.5963869690895081
"(1412, 1491, 2518, 54, 3002)",0.5963850617408752
"(2080, 1953, 1478, 1703, 1705, 4329)",0.5963832139968872
"(3200, 2683, 157)",0.5963826775550842
"(161, 1867, 1676, 1329, 2546, 4593, 1304, 1305, 1754)",0.5963793992996216
"(257, 2938, 1390)",0.5963792204856873
"(1898, 267, 5422)",0.5963766574859619
"(1515, 4261, 1863)",0.5963735580444336
"(3200, 1955, 2484)",0.5963603258132935
"(385, 3042, 10, 44, 48)",0.596359133720398
"(1298, 2101, 1606, 3834)",0.5963574051856995
"(3200, 1347, 1974)",0.5963568687438965
"(1378, 1499, 2995, 1434)",0.5963565111160278
"(2665, 2062, 2817)",0.5963541865348816
"(2008, 1706, 3042)",0.5963488817214966
"(4545, 1699, 2117, 1829, 1830, 2341, 2142, 2303)",0.5963487029075623
"(681, 3250, 785, 855)",0.5963473916053772
"(5123, 2404, 2317)",0.5963426828384399
"(2080, 4418, 1718, 2655)",0.5963413119316101
"(4870, 44, 1430, 1399)",0.5963372588157654
"(1404, 10, 44, 4407)",0.5963367223739624
"(2312, 4038, 2365, 1374)",0.5963364839553833
"(2148, 2057, 1838, 1971, 4886, 1403)",0.5963337421417236
"(2008, 1802, 2140, 3415)",0.5963327288627625
"(576, 1392, 5266, 567, 568)",0.5963293313980103
"(161, 5031, 1867, 1676, 1329, 2546, 1304, 1305, 1754)",0.596327006816864
"(4354, 739, 493)",0.5963265299797058
"(1953, 2311, 1288, 694, 1786, 3903)",0.596320390701294
"(3815, 2573, 1822, 2239)",0.5963190793991089
"(1408, 25, 1469, 4103)",0.5963186025619507
"(3054, 2427, 1397, 38)",0.5963181853294373
"(1432, 2916, 1932, 2718)",0.5963156819343567
"(1443, 1641, 2672, 2768, 5567)",0.596310555934906
"(4794, 1831, 1430, 1759)",0.5963087677955627
"(3716, 1351, 1512, 1709, 1777)",0.5963087677955627
"(264, 4066, 1939, 2253)",0.5963080525398254
"(1512, 4053, 1829, 2230)",0.5963072180747986
"(1024, 4203, 1982, 846)",0.5963069796562195
"(3200, 1350, 1519)",0.5963057279586792
"(2621, 2165, 3566)",0.5963056087493896
"(2080, 1953, 1478, 1703, 4326, 1705)",0.596304714679718
"(2672, 1490, 3371, 1655)",0.5963038206100464
"(3200, 140, 2001, 978, 1971, 2008, 2140)",0.5963028073310852
"(5560, 1381, 567)",0.5963006615638733
"(1641, 3019, 814, 2354, 2451, 2361, 1788)",0.5962992310523987
"(656, 2307, 3019, 1391)",0.5962979197502136
"(3682, 1974, 2735)",0.5962977409362793
"(1512, 25, 3224)",0.5962952971458435
"(4544, 2302, 1484, 262)",0.5962939858436584
"(3983, 1381, 567)",0.596293568611145
"(1382, 1703, 1512, 1648, 4370, 2297)",0.5962927341461182
"(5529, 1298, 1950)",0.5962920784950256
"(1403, 3490, 371, 2148)",0.5962918996810913
"(2201, 1318, 1326, 3510, 1305, 1791)",0.5962895154953003
"(1953, 1801, 1963, 1933, 3853, 2738)",0.5962870121002197
"(1386, 3380, 1837)",0.5962823629379272
"(2108, 4685, 2135)",0.5962806344032288
"(1944, 25, 1828, 3200)",0.5962804555892944
"(3682, 1980, 2332)",0.5962785482406616
"(1953, 1954, 1923, 2947, 2630, 1703, 1288, 1469)",0.5962784886360168
"(1929, 1581, 1456, 1713, 2672, 4599, 2201, 1310)",0.5962749123573303
"(4545, 2063, 1373, 15)",0.596274197101593
"(1512, 3200, 2630, 1847)",0.5962733030319214
"(2570, 3053, 174, 175)",0.5962693095207214
"(3200, 249, 1426, 2358)",0.5962654948234558
"(3815, 1674, 1675, 1773, 54)",0.5962618589401245
"(4354, 2053, 2094, 2062, 1560, 1372)",0.5962586402893066
"(2307, 3085, 2374)",0.5962494015693665
"(3224, 2593, 2555, 1933)",0.5962449312210083
"(3920, 1547, 2053)",0.5962433815002441
"(2896, 212, 1677)",0.596241295337677
"(128, 424, 1801, 3977, 660, 2718)",0.5962405204772949
"(1929, 2796, 1581, 1456, 1713, 2672, 2201, 1310)",0.5962404012680054
"(3651, 108, 1846, 1847)",0.5962400436401367
"(1568, 1465, 746, 4594)",0.5962391495704651
"(2080, 2121, 2822)",0.5962346792221069
"(2208, 4683, 1836, 159)",0.5962310433387756
"(3144, 1403, 2148, 2451)",0.5962291359901428
"(1960, 2777, 1372, 1326)",0.5962255597114563
"(1288, 1963, 1463, 4984, 1470)",0.5962216258049011
"(1825, 1953, 1638, 1926, 2311, 1390, 1294, 4347, 1469, 2718)",0.5962201356887817
"(1553, 1515, 2911)",0.5962198376655579
"(3257, 1641, 814, 2354, 2451, 2361, 1788)",0.5962192416191101
"(1376, 4354, 1418, 2063, 2097, 2073, 2299)",0.5962167978286743
"(2664, 747, 2092, 1808, 2103, 3835)",0.5962156057357788
"(1825, 1953, 1703, 4521, 1292, 1390, 2008)",0.5962116718292236
"(2374, 350, 3063)",0.5962095856666565
"(3682, 2596, 1413, 2590)",0.5962074398994446
"(274, 1747, 342, 343, 4190, 1375)",0.5962045192718506
"(1825, 1953, 1638, 1926, 1512, 2311, 1390, 1294, 4347, 1469, 2718)",0.5962017178535461
"(2000, 1515, 5357)",0.5961891412734985
"(2374, 1953, 4420, 2057)",0.5961869359016418
"(1403, 371, 2148, 3639)",0.5961863994598389
"(1512, 1667, 1325, 3229)",0.5961846709251404
"(2541, 4066, 2251, 1397)",0.5961818099021912
"(1382, 1386, 1837, 4501, 2109)",0.5961746573448181
"(2643, 1709, 3118)",0.5961740612983704
"(1960, 2905, 1410)",0.5961682796478271
"(1432, 1361, 1979, 2799)",0.5961669087409973
"(3490, 25, 26, 971)",0.5961664915084839
"(64, 2014, 2006, 3311)",0.5961609482765198
"(1665, 1961, 1862, 3487)",0.596157968044281
"(2024, 214, 4583)",0.5961552858352661
"(3074, 1506, 283, 1380)",0.5961477160453796
"(1560, 2114, 3252, 2053)",0.5961475968360901
"(3200, 1314, 124, 309)",0.5961442589759827
"(2958, 1974, 54)",0.5961422920227051
"(360, 3017, 892, 1486)",0.596141517162323
"(1285, 1319, 1706, 1875, 1939, 1301, 4988)",0.5961402654647827
"(3347, 2645, 1373)",0.5961402058601379
"(3430, 2091, 54)",0.5961381196975708
"(2817, 2053, 2094, 2062, 1560, 1372)",0.5961328148841858
"(3682, 1480, 1461, 791, 1405, 1919)",0.5961271524429321
"(3017, 1974, 1791)",0.59612637758255
"(2672, 3746, 1836, 1382)",0.596123993396759
"(1520, 3651, 1053, 1933)",0.5961231589317322
"(787, 3095, 1982, 2143)",0.5961209535598755
"(2008, 1706, 4327)",0.5961179137229919
"(2374, 1953, 2057, 3519)",0.5961147546768188
"(2608, 25, 2775)",0.5961126685142517
"(1611, 4029, 2101, 251, 253)",0.5961113572120667
"(1825, 1953, 1638, 1926, 2311, 4521, 1390, 1294, 1469, 2718)",0.5961110591888428
"(2794, 2683, 1439)",0.5961096882820129
"(1409, 3013, 1740, 1972, 1465)",0.5961072444915771
"(616, 1499, 2911)",0.5961039662361145
"(2080, 2083, 3347)",0.5961020588874817
"(2057, 1971, 3166, 1402, 1950)",0.5961010456085205
"(4747, 2573, 1822, 2239)",0.596099853515625
"(2577, 4354, 2067)",0.5960980653762817
"(2121, 1661, 2817)",0.5960939526557922
"(2209, 2973, 2215)",0.5960876941680908
"(2072, 434, 4933)",0.5960862040519714
"(3200, 1827, 1382, 2297, 1469)",0.5960861444473267
"(674, 1317, 1456, 2998, 2143)",0.5960855484008789
"(2656, 1481, 3408, 1433, 1723)",0.5960830450057983
"(3408, 9, 1802, 2729)",0.5960813760757446
"(1825, 1953, 1638, 1926, 1512, 2311, 4521, 1390, 1294, 1469, 2718)",0.5960804224014282
"(1288, 3042, 259, 1837)",0.5960803627967834
"(3200, 1473, 739, 2531, 753)",0.5960777401924133
"(3045, 1831, 1430, 1759)",0.5960776805877686
"(2145, 3778, 1934, 1943)",0.5960766077041626
"(2790, 43, 1939, 1310)",0.5960586071014404
"(1953, 1825, 3656, 1801, 2672)",0.5960565805435181
"(2080, 3200, 2541, 54, 1791)",0.5960543751716614
"(2080, 1953, 1478, 1703, 1705, 3471)",0.5960537195205688
"(5456, 2329, 1978, 1463)",0.5960535407066345
"(568, 385, 306, 2911)",0.5960526466369629
"(73, 1876, 3463)",0.5960516929626465
"(1350, 424, 1992, 1709, 2413, 4368, 1338)",0.5960503816604614
"(2400, 4354, 1642, 814, 1369, 1372)",0.596045196056366
"(1288, 4353, 259, 1837)",0.5960448980331421
"(1569, 1476, 1933, 4977, 1499)",0.596043586730957
"(4235, 2307, 1476)",0.5960420966148376
"(452, 453, 266, 1744, 4886)",0.5960401892662048
"(3536, 1961, 1418)",0.5960401892662048
"(761, 2102, 3415)",0.5960370302200317
"(2053, 2094, 2062, 1560, 1372, 3288)",0.5960363745689392
"(1442, 1189, 1863, 2217, 2444, 1902, 2994, 791, 1820, 1502, 1919)",0.5960321426391602
"(2529, 2022, 1551, 2973, 1310)",0.59602952003479
"(1490, 2643, 2916, 1934)",0.5960269570350647
"(681, 4730, 2012, 1380)",0.5960256457328796
"(5386, 1709, 1974)",0.596025288105011
"(89, 3133, 2718)",0.5960234999656677
"(1472, 2979, 1494)",0.5960208177566528
"(577, 1825, 1953, 1954, 1638, 584, 1512, 1833, 1390, 1838, 1814, 1721, 4347)",0.5960173606872559
"(1826, 4391, 1867, 1326, 1328, 1304, 1305, 1754, 2143)",0.5960065722465515
"(1641, 814, 2354, 2451, 2775, 2361, 1788)",0.5960045456886292
"(2672, 138, 3347, 2735)",0.5960041284561157
"(2817, 106, 2306, 156)",0.5960031151771545
"(161, 1867, 1676, 1329, 2546, 2868, 1304, 1305, 1754)",0.5960004329681396
"(2112, 5414, 1388, 2259, 2236)",0.5959983468055725
"(3098, 2302, 1535)",0.595992386341095
"(3552, 1442, 1189, 1863, 2217, 2444, 1902, 791, 1820, 1502, 1919)",0.5959917902946472
"(1480, 2307, 3415)",0.5959852337837219
"(1953, 2311, 1288, 694, 1786, 2718, 3903)",0.5959827303886414
"(1480, 2994, 1461, 54, 791, 1919)",0.595982015132904
"(4545, 1351, 2058, 2541, 2067)",0.5959767699241638
"(1539, 1838, 3415)",0.595975935459137
"(1382, 1703, 1512, 1707, 3788, 1648, 2297)",0.5959694385528564
"(121, 4895, 2686, 1887)",0.5959658026695251
"(1381, 1384, 681, 1934, 2868, 249)",0.5959653258323669
"(2096, 3276, 1836)",0.5959649085998535
"(1481, 2794, 1351)",0.5959542989730835
"(2080, 4545, 2067)",0.5959527492523193
"(3815, 1352, 1548, 493, 464)",0.5959510803222656
"(1698, 1288, 3310, 1298, 2302)",0.5959504246711731
"(1703, 1512, 1801, 1707, 1648, 4370, 660)",0.5959494113922119
"(1351, 2890, 1390, 1463, 1949)",0.5959489345550537
"(224, 2794, 1827, 1440)",0.5959482192993164
"(48, 3200, 45, 2351)",0.5959430932998657
"(1795, 3298, 739)",0.5959413051605225
"(3276, 2541, 1645, 1878, 1689)",0.5959354043006897
"(2180, 4933, 359, 2063, 2067, 117, 2073, 1372)",0.5959267616271973
"(2425, 3922, 2575)",0.5959266424179077
"(1953, 4581, 1960, 2358, 159)",0.5959079265594482
"(1989, 1330, 3500, 1749)",0.5959041714668274
"(5032, 1953, 2358, 2159)",0.5959041118621826
"(161, 1867, 1676, 3019, 1329, 2546, 1304, 1305, 1754)",0.5959011316299438
"(3075, 1665, 2011)",0.5958966612815857
"(2664, 747, 2092, 1808, 2103, 3130)",0.5958935022354126
"(4417, 1475, 1380, 1480, 1577, 2026)",0.5958933234214783
"(1665, 2777, 1510)",0.5958928465843201
"(2593, 3290, 2555, 1933)",0.5958888530731201
"(3489, 43, 1939)",0.5958885550498962
"(1827, 1989, 1351, 1865, 4469)",0.5958842039108276
"(3560, 169, 1507)",0.595878541469574
"(1827, 1989, 1351, 1865, 4123)",0.5958743095397949
"(4561, 2299, 1951)",0.5958664417266846
"(3778, 1475, 1934, 2064, 597, 2335)",0.5958579182624817
"(1986, 1475, 3778, 1991, 1490, 1493)",0.5958513617515564
"(2307, 1315, 5458, 2771, 1430)",0.5958500504493713
"(4554, 1659, 1469)",0.5958430171012878
"(1960, 1358, 2905, 54)",0.5958395600318909
"(4400, 1377, 1350)",0.5958394408226013
"(159, 1953, 1960, 2358, 3199)",0.5958355665206909
"(560, 3265, 1484, 2117)",0.5958316922187805
"(1305, 1974, 3239)",0.5958303809165955
"(5241, 2116, 494)",0.5958300828933716
"(1488, 1913, 4545)",0.5958290696144104
"(4578, 2259, 2718)",0.5958285927772522
"(1953, 1960, 2358, 4119, 159)",0.595823347568512
"(1985, 2074, 3642, 2330, 1979)",0.5958192944526672
"(3834, 884, 2101, 1606)",0.5958154201507568
"(25, 2690, 2775)",0.5958125591278076
"(3200, 1354, 1436, 1378)",0.5958114266395569
"(1403, 371, 2148, 3019)",0.5958113670349121
"(5030, 2116, 494)",0.5958092212677002
"(1698, 1288, 1298, 4797, 2302)",0.595808744430542
"(2210, 1972, 5405, 1743)",0.5958049893379211
"(1953, 1288, 1463, 4984, 1470)",0.5958034992218018
"(3599, 1692, 1774, 2703)",0.5958034992218018
"(2672, 406, 2822)",0.5958006978034973
"(1836, 1974, 2796)",0.5958004593849182
"(1512, 89, 4659, 2718)",0.5957982540130615
"(3200, 1586, 2541, 1950)",0.5957974195480347
"(2080, 1378, 2243, 4934, 1351, 1512, 1777)",0.595796525478363
"(2168, 1386, 1355, 4333)",0.5957950949668884
"(1800, 3298, 591)",0.5957906246185303
"(360, 4688, 892, 1486)",0.5957874059677124
"(2312, 4627, 2365, 1374)",0.5957870483398438
"(5424, 1837, 1381)",0.5957854390144348
"(1953, 3078, 1960, 2358, 159)",0.5957807302474976
"(1809, 821, 4103)",0.5957801938056946
"(73, 267, 1365, 1501, 3198)",0.5957773923873901
"(2541, 3347, 1829)",0.5957762598991394
"(1825, 1953, 1954, 1703, 1512, 1833, 1390, 1294, 1648, 1814, 4347, 1469)",0.5957748889923096
"(5448, 1577, 1396)",0.5957720875740051
"(1777, 1709, 3190)",0.5957688689231873
"(1867, 1460, 1326, 3095)",0.5957674980163574
"(70, 1449, 2389, 5464, 1403)",0.595761239528656
"(2672, 3835, 1196, 1933)",0.5957593321800232
"(2593, 2555, 1933, 3318)",0.5957583785057068
"(2427, 1397, 38, 3063)",0.5957553386688232
"(5568, 1443, 1641, 2672, 2768)",0.595754086971283
"(1826, 3066, 1867, 1326, 1328, 1304, 1305, 1754, 2143)",0.595752477645874
"(2121, 2794, 2246)",0.5957455635070801
"(1698, 1381, 839, 1557, 4030)",0.5957404375076294
"(25, 3211, 1396)",0.5957388877868652
"(2248, 637, 4103)",0.5957387089729309
"(1929, 2953, 1581, 1456, 1713, 2672, 2201, 1310)",0.5957347750663757
"(3682, 2596, 804, 1413, 1450, 1405)",0.5957306623458862
"(1809, 498, 739, 3719)",0.5957281589508057
"(2080, 2434, 275, 2891)",0.5957170128822327
"(577, 1825, 1953, 1954, 1638, 584, 1512, 1833, 4521, 1390, 1838, 1814, 1721)",0.5957167148590088
"(1929, 3017, 1581, 1456, 1713, 2672, 2201, 1310)",0.5957155823707581
"(2344, 4413, 2109)",0.5957146883010864
"(2442, 4509, 1486)",0.5957077741622925
"(1641, 1974, 54, 4126, 1310, 2143)",0.5957069396972656
"(2080, 1698, 2890, 1390, 1294, 1310, 2655)",0.5957015156745911
"(1953, 1960, 4809, 2358, 159)",0.5956989526748657
"(1304, 1338, 1740, 2790)",0.5956847071647644
"(2593, 2555, 1933, 4655)",0.5956783294677734
"(3042, 1446, 1836, 1390, 1329, 2546, 1974)",0.5956733226776123
"(1953, 1960, 2358, 4024, 159)",0.5956711173057556
"(681, 2001, 3525, 1383)",0.5956705808639526
"(2888, 689, 2321, 1275, 605)",0.5956699252128601
"(2529, 1410, 1476, 3238, 1704, 1774, 1330, 2706, 692, 2582, 1754)",0.5956689715385437
"(2288, 2832, 1869)",0.5956668853759766
"(3042, 2116, 1861, 1831, 10, 44)",0.5956628322601318
"(3719, 253, 1383)",0.5956546664237976
"(4688, 1337, 1358)",0.5956523418426514
"(161, 1867, 1676, 3214, 1329, 2546, 1304, 1305, 1754)",0.5956510305404663
"(1506, 2598, 1676, 2897, 1269, 2619, 283)",0.5956497192382812
"(1921, 1676, 2261, 3519)",0.5956482887268066
"(1953, 3525, 1960, 2358, 159)",0.5956462621688843
"(3834, 2101, 1077, 1606)",0.5956451892852783
"(2080, 1698, 1390, 1294, 3408, 1310, 2655)",0.595645010471344
"(1403, 371, 2148, 2775)",0.595642626285553
"(1953, 4103, 1490, 251, 2718)",0.5956385135650635
"(3796, 1788, 1381)",0.5956372022628784
"(1317, 1287, 5127, 473, 2683, 1310)",0.5956355333328247
"(1424, 489, 2168, 3200)",0.5956246256828308
"(184, 4925, 173)",0.5956226587295532
"(2672, 2817, 406)",0.5956141352653503
"(1464, 1859, 2998)",0.5956135392189026
"(161, 1867, 1676, 3085, 1329, 2546, 1304, 1305, 1754)",0.5956128239631653
"(1478, 4391, 1512, 1430, 472)",0.5956099033355713
"(1296, 3257, 2140)",0.5956053137779236
"(2278, 616, 272, 2577, 2738, 3154)",0.5956025123596191
"(1382, 1512, 1648, 5236, 567, 2297)",0.5956024527549744
"(1827, 1444, 1936, 2356, 1911, 1722, 3487)",0.5955991148948669
"(1698, 1288, 1298, 2302, 4799)",0.5955986380577087
"(3057, 1547, 2053)",0.5955973863601685
"(4896, 1826, 1867, 1326, 1328, 1304, 1305, 1754, 2143)",0.5955951809883118
"(2593, 4341, 110)",0.5955917835235596
"(3471, 2057, 1306, 391)",0.5955854654312134
"(3125, 1965, 1294)",0.5955844521522522
"(2664, 747, 2092, 3500, 1808, 2103)",0.5955767631530762
"(1328, 3076, 1734, 2071)",0.5955719947814941
"(2212, 2442, 3019, 1521, 1592)",0.5955703258514404
"(1570, 3682, 1380, 1413, 2596, 1448, 2601, 1518, 1489, 2419, 1335, 2105, 1628, 1534)",0.5955694317817688
"(106, 2306, 156, 4354)",0.5955687761306763
"(4980, 1484, 2190, 1351)",0.5955624580383301
"(2321, 1446, 3414)",0.595547080039978
"(3200, 1548, 1837, 1836, 466, 1974)",0.5955389738082886
"(3278, 1709, 1974)",0.5955356955528259
"(25, 1557, 1809, 4551)",0.5955329537391663
"(1440, 1962, 2090, 2191, 2681, 2938, 2683, 1439)",0.5955315232276917
"(2577, 3922, 2067)",0.5955258011817932
"(1351, 631, 1706, 3212, 1463)",0.5955203771591187
"(2729, 1802, 2942, 1326)",0.5955185890197754
"(3200, 1689, 2572, 1727)",0.5955182909965515
"(199, 302, 303, 1427, 3319)",0.5955178141593933
"(1953, 1960, 3471, 2358, 159)",0.5955162048339844
"(1170, 3500, 1989, 246)",0.5955144166946411
"(1315, 2724, 1318, 1802, 3414)",0.5955129861831665
"(3200, 1352, 1836, 1999, 2770, 1116, 1469)",0.5955010056495667
"(2210, 1499, 2972, 1743)",0.5954978466033936
"(2936, 1837, 1381)",0.5954940319061279
"(2664, 747, 2092, 1808, 2103, 2911)",0.5954921841621399
"(3487, 1380, 2415)",0.5954899787902832
"(2777, 1212, 1974)",0.5954899191856384
"(70, 1449, 2890, 2389, 1403)",0.595485508441925
"(1994, 1701, 2962, 2519)",0.595482349395752
"(1344, 2979, 1430)",0.5954818725585938
"(1506, 2598, 1676, 2963, 1269, 2619, 283)",0.5954805016517639
"(4123, 2563, 2524, 1743)",0.5954750180244446
"(1384, 3169, 1703)",0.5954717397689819
"(1953, 1960, 4822, 2358, 159)",0.5954607725143433
"(1826, 1867, 1326, 1328, 5398, 1304, 1305, 1754, 2143)",0.5954563617706299
"(4123, 1614, 239, 2389, 187, 2524)",0.5954554080963135
"(1475, 3043, 1837, 48, 1469, 2367)",0.5954505801200867
"(1478, 1512, 1430, 472, 5406)",0.5954480171203613
"(1512, 3988, 2630, 1847)",0.5954436659812927
"(1440, 1665, 5415, 2121, 1644, 2094, 1967, 2067, 1492, 2072)",0.5954403877258301
"(3778, 1946, 268, 615)",0.5954394340515137
"(1361, 1906, 2790, 1847)",0.5954347252845764
"(2312, 4977, 2365, 1374)",0.5954246520996094
"(1827, 1989, 1351, 1865, 1326, 3262)",0.595424473285675
"(1392, 1660, 3278)",0.5954222679138184
"(1793, 1701, 2123, 1934, 1529, 2941)",0.5954214930534363
"(3552, 1442, 2444, 1461, 796, 1502, 1919)",0.5954199433326721
"(4352, 1953, 1960, 2358, 159)",0.5954183340072632
"(1410, 1827, 2083, 1829, 1962, 273, 2868)",0.5954153537750244
"(2390, 3085, 1486)",0.5954111814498901
"(1472, 5400, 66, 2598, 2098, 1972, 2360)",0.5954073667526245
"(3118, 1709, 1974)",0.5953875184059143
"(2938, 1962, 2630)",0.5953850150108337
"(2001, 1962, 4353)",0.5953823328018188
"(2400, 4870, 1642, 814, 1369, 1372)",0.5953812599182129
"(1481, 2570, 1355, 1490, 5426, 2102)",0.5953812003135681
"(3042, 1475, 1837, 48, 1469, 2367)",0.5953766107559204
"(1382, 1383, 1837, 25, 4574)",0.5953736901283264
"(2307, 385, 739, 2968)",0.5953724384307861
"(4891, 787, 1982, 2143)",0.5953720211982727
"(4608, 1937, 1502)",0.5953713059425354
"(4355, 1777, 2219)",0.5953700542449951
"(4032, 2315, 1485, 2007)",0.5953679084777832
"(1321, 1424, 1430, 2998, 1464, 1465, 1370)",0.5953672528266907
"(5158, 1480, 1461, 54, 791, 1919)",0.5953585505485535
"(1001, 5418, 1651, 821, 1432)",0.5953565835952759
"(1760, 3401, 54)",0.5953528881072998
"(1317, 1287, 473, 2683, 3293, 1310)",0.5953510999679565
"(1791, 4103, 1430, 1759)",0.5953495502471924
"(1650, 190, 4103)",0.5953468680381775
"(2869, 1547, 2053)",0.5953442454338074
"(2112, 2306, 1603, 106, 2219, 1846, 2777, 2365)",0.5953435301780701
"(1762, 4418, 1383)",0.5953423380851746
"(2800, 1939, 2068, 1878)",0.5953403115272522
"(1180, 1316, 3727)",0.5953364372253418
"(1472, 610, 2595, 360, 2941)",0.5953351259231567
"(3200, 1827, 325, 2143)",0.595331609249115
"(80, 2354, 3019, 2436)",0.5953307151794434
"(1954, 739, 1426, 54, 4633)",0.5953283905982971
"(1410, 1827, 2083, 1829, 1962, 3214, 273)",0.5953230857849121
"(2890, 1965, 1390, 1799)",0.5953230261802673
"(4513, 2053, 1961, 1706, 2062, 2094, 2067, 1492, 1372, 2073, 1660, 1373)",0.5953155159950256
"(1351, 1288, 1706, 2897, 2718)",0.5953080058097839
"(1802, 1867, 2998)",0.5953078269958496
"(1440, 1665, 5414, 2121, 1644, 2094, 1967, 2067, 1492, 2072)",0.5953037738800049
"(1961, 2794, 2078)",0.5952937006950378
"(1698, 1381, 839, 5517, 1557)",0.5952926278114319
"(2080, 1953, 1478, 1703, 1705, 2958)",0.5952920913696289
"(2897, 1381, 567)",0.5952863693237305
"(2537, 2891, 1404, 6)",0.5952823162078857
"(1285, 1974, 2911)",0.5952764749526978
"(2137, 2097, 1308, 3118)",0.5952736139297485
"(1450, 2109, 3682)",0.595273494720459
"(1432, 1932, 3109, 2718)",0.5952657461166382
"(2968, 2057, 1306, 391)",0.5952628254890442
"(3552, 1442, 1189, 2217, 1461, 791, 796, 1502, 1919)",0.5952604413032532
"(1446, 3815, 1836, 1390, 1329, 2546, 1974)",0.5952597260475159
"(2180, 1358, 2000, 3347, 217, 1375)",0.5952574014663696
"(2752, 1825, 1803, 1707, 2869)",0.5952556133270264
"(1298, 2942, 1950)",0.5952539443969727
"(1351, 1706, 2897, 1463, 2718)",0.5952533483505249
"(1512, 2329, 3200, 1383)",0.5952492356300354
"(1953, 2311, 1288, 3912, 2519, 1786, 2718)",0.5952363014221191
"(1698, 227, 2467, 1353, 1385, 3095, 1503)",0.5952340364456177
"(3392, 1509, 2278, 1446, 1547)",0.595233142375946
"(257, 258, 3106, 1974)",0.595227837562561
"(1865, 1358, 3347, 54, 1978)",0.5952255129814148
"(2180, 1515, 1358, 2000, 3347, 217, 1375)",0.5952207446098328
"(2683, 2091, 2916, 2102)",0.5952200889587402
"(4545, 111, 1044, 2292, 2239)",0.5952132940292358
"(25, 26, 4167)",0.5952114462852478
"(1358, 3347, 531, 532, 217)",0.5952075719833374
"(1481, 1354, 4103)",0.5952035784721375
"(49, 11, 155, 4462)",0.5951976776123047
"(1512, 1994, 3212, 1970, 89)",0.5951952338218689
"(3043, 1837, 1967)",0.5951939225196838
"(2307, 1315, 2916, 2771, 1430)",0.5951906442642212
"(3200, 1316, 1326, 660, 285)",0.595188558101654
"(1825, 1954, 1638, 1512, 54, 4347, 1469)",0.5951867699623108
"(2112, 4768, 1388, 2259, 2236)",0.5951812863349915
"(2664, 747, 2092, 1808, 4151, 2103)",0.5951794385910034
"(2080, 1351, 4103, 1962, 1777, 1436)",0.5951743125915527
"(1962, 1411, 4927, 2455)",0.5951692461967468
"(3560, 1332, 54)",0.5951660871505737
"(1298, 3310, 1950)",0.5951633453369141
"(3200, 2154, 739)",0.5951575636863708
"(1641, 2897, 1974, 54, 1310, 2143)",0.5951573252677917
"(3778, 1475, 2541, 1934, 2064, 1495, 2335)",0.595147430896759
"(1350, 1977, 275, 276, 3224, 1753, 1147)",0.5951429605484009
"(2722, 4743, 1351, 1706, 1463)",0.5951424837112427
"(2390, 1953, 1390, 4103)",0.5951401591300964
"(1848, 4537, 1920)",0.5951295495033264
"(3200, 1185, 1410, 2015)",0.5951279401779175
"(3200, 1409, 1663)",0.5951215624809265
"(4545, 1641, 1974, 54, 1310, 2143)",0.5951178669929504
"(38, 3656, 2549, 1047, 1818, 2014, 1343)",0.5951148271560669
"(1490, 3068, 1333, 1959)",0.5951100587844849
"(1492, 4269, 1934)",0.5951067805290222
"(2279, 1512, 1351, 1706, 3212, 631)",0.5951039791107178
"(2934, 43, 1939, 1310)",0.5950998067855835
"(2605, 4103, 2101, 159)",0.595097541809082
"(2776, 2321, 1446)",0.5950900912284851
"(416, 4002, 790)",0.5950878262519836
"(1836, 1974, 2911)",0.5950821042060852
"(4545, 1763, 1288, 1837, 2298, 159)",0.5950726866722107
"(1512, 1330, 1651, 3642, 1979, 1948)",0.5950726866722107
"(1802, 1326, 1328, 1330, 1305, 5435)",0.5950642824172974
"(1403, 371, 2148, 3487)",0.5950551629066467
"(1953, 1954, 1288, 2718, 2958, 1469, 2334)",0.5950528979301453
"(3106, 1074, 1974, 1446)",0.5950494408607483
"(464, 3778, 2324, 2717)",0.595047116279602
"(2344, 3002, 2109)",0.5950435400009155
"(3490, 1641, 1974, 54, 1310, 2143)",0.5950427651405334
"(1660, 1492, 3278, 1454)",0.5950384140014648
"(169, 1673, 3054, 1872, 1439)",0.5950378775596619
"(2053, 1961, 1706, 2062, 2094, 3278, 2067, 1492, 1372, 2073, 1660, 1373)",0.5950314998626709
"(1353, 2771, 3681)",0.5950301885604858
"(760, 1296, 2938, 1989)",0.5950190424919128
"(2593, 2555, 1933, 3743)",0.5949990153312683
"(321, 746, 1292, 4114, 1533)",0.5949981212615967
"(1641, 1974, 54, 2938, 1310, 2143)",0.5949867963790894
"(1426, 164, 2828, 127)",0.5949808955192566
"(1378, 1347, 1354, 1980, 4426, 1357, 2157, 1436)",0.5949793457984924
"(2570, 2091, 173, 2102, 3415, 1210)",0.5949762463569641
"(1953, 3265, 1490, 251, 2718)",0.5949730277061462
"(2080, 3053, 2327, 537, 2142)",0.5949668288230896
"(2350, 3406, 1867, 2342)",0.5949587821960449
"(3106, 1381, 567)",0.5949455499649048
"(2080, 1698, 1390, 1294, 3313, 1310, 2655)",0.594940721988678
"(4545, 1547, 2053)",0.5949369072914124
"(1361, 1906, 2817, 1847)",0.5949326753616333
"(1411, 1829, 1574, 4486, 1962, 1499)",0.5949317216873169
"(3149, 1382, 327)",0.5949314832687378
"(199, 302, 303, 1427, 2942)",0.5949300527572632
"(4354, 2053, 1961, 1706, 2062, 2094, 2067, 1492, 1372, 2073, 1660, 1373)",0.5949240326881409
"(25, 4682, 2297, 1837)",0.5949223637580872
"(4410, 2605, 2101, 159)",0.5949192047119141
"(128, 1953, 1954, 1382, 1703, 1288, 424, 1799, 1707, 1800, 4328, 2297, 1469, 2718)",0.594917893409729
"(816, 1377, 2911, 1480)",0.5949130058288574
"(3378, 1547, 2053)",0.5948969721794128
"(841, 1740, 3926, 391)",0.5948968529701233
"(2436, 1478, 1960, 1641, 3017, 1516, 80, 1490, 2354)",0.5948941111564636
"(2596, 804, 1413, 1450, 4432, 1405)",0.5948936343193054
"(1953, 1490, 4626, 251, 2718)",0.5948822498321533
"(3154, 2340, 157, 510)",0.5948812961578369
"(2329, 2316, 1463, 5465, 1978)",0.5948805212974548
"(1425, 1645, 3813, 1903)",0.5948802828788757
"(1512, 2617, 5030, 2199)",0.5948788523674011
"(1994, 2586, 1844, 2799)",0.5948753356933594
"(488, 1492, 2973)",0.5948728919029236
"(128, 1953, 1954, 1382, 1703, 1288, 424, 1799, 1707, 1800, 3911, 2297, 1469, 2718)",0.5948705077171326
"(1409, 1953, 10, 44, 1836, 1996, 4029, 1855, 1786, 251, 253, 1471)",0.5948687791824341
"(1992, 1426, 1933, 2958)",0.5948577523231506
"(2080, 1698, 1390, 1294, 2941, 1310, 2655)",0.5948494672775269
"(3042, 2116, 1512, 10, 1837, 2367)",0.5948421359062195
"(1547, 2053, 2911)",0.5948377251625061
"(2986, 1793, 922)",0.5948348045349121
"(1825, 1953, 1954, 1638, 2311, 1288, 1512, 1833, 1707, 4521, 1390, 1294, 1814, 1721, 1469)",0.5948333740234375
"(1953, 1351, 1288, 1706, 1463, 4538)",0.5948319435119629
"(1992, 1426, 3149, 1933)",0.5948297381401062
"(1403, 371, 2148, 3214)",0.5948272347450256
"(2712, 1660, 3487)",0.5948256850242615
"(4103, 2393, 25, 2266, 251, 1212, 2270)",0.5948159098625183
"(128, 1801, 4329, 1963, 1933, 1390, 1338, 159)",0.5948020815849304
"(3320, 2593, 2555, 1933)",0.5947965979576111
"(1512, 1330, 1651, 2998, 1979, 1948)",0.5947893261909485
"(1392, 3851, 1510)",0.5947884321212769
"(4103, 1837, 1967)",0.5947845578193665
"(3593, 2306, 1325)",0.5947843790054321
"(3487, 1475, 2415)",0.5947757959365845
"(1288, 2393, 4486)",0.5947694778442383
"(1506, 2598, 1676, 1269, 2619, 2938, 283)",0.5947614312171936
"(3075, 1665, 1802, 2011)",0.5947601795196533
"(1547, 2053, 3415)",0.594755232334137
"(1305, 1974, 1326, 2911)",0.594746470451355
"(2617, 4594, 1358)",0.5947434902191162
"(739, 3900, 1951)",0.5947369933128357
"(4101, 1962, 1771, 1394, 2357, 1976)",0.5947346687316895
"(1861, 13, 4462)",0.5947325229644775
"(3302, 1318, 1867, 637, 1791)",0.5947207808494568
"(3200, 2541, 1456, 1586, 1950)",0.5947204232215881
"(2213, 2214, 272, 2777, 539)",0.5947186350822449
"(3200, 1731, 2086, 1382, 2311, 1836, 2202, 1469)",0.594710648059845
"(3200, 1459, 1831)",0.5947065949440002
"(1382, 1383, 1800, 2630, 266, 1386, 332, 1836, 1390, 1837, 1999, 309, 3190)",0.5947039723396301
"(2056, 2648, 2981)",0.5947012901306152
"(1641, 2895, 1974, 54, 1310, 2143)",0.5946894884109497
"(3200, 1641, 1974, 54, 1310, 2143)",0.5946849584579468
"(1347, 2534, 1351, 1512, 169, 1514, 4841, 1976, 1439)",0.5946822762489319
"(1446, 2890, 1933, 2064, 1432, 1529, 1979)",0.594679057598114
"(2000, 2072, 1418, 2916)",0.594667911529541
"(5347, 1257, 1802, 1590, 1628, 1405)",0.5946660041809082
"(1827, 1411, 1829, 2083, 1962, 562, 2938)",0.5946495532989502
"(1446, 1836, 1390, 1329, 2546, 2868, 1974)",0.5946387648582458
"(2112, 2306, 1603, 106, 2219, 1846, 2776, 2365)",0.5946378707885742
"(1777, 1403, 1974, 3169)",0.5946255922317505
"(2307, 1315, 4012, 2771, 1430)",0.5946131348609924
"(1473, 2227, 630, 2798)",0.594611406326294
"(2672, 3347, 406)",0.5946078300476074
"(2777, 1974, 1463)",0.5945894122123718
"(1505, 5522, 1676, 1333)",0.5945838093757629
"(2113, 2794, 2390)",0.5945790410041809
"(1953, 3471, 2358, 2042, 351)",0.5945700407028198
"(1288, 2396, 1397, 3262)",0.5945580005645752
"(2321, 1446, 3415)",0.5945430994033813
"(4066, 2251, 2541, 1390, 1397)",0.594539225101471
"(1953, 4103, 1384, 1469, 159)",0.5945355892181396
"(3687, 2664, 747, 2092, 1808, 2103)",0.5945271253585815
"(128, 1801, 1963, 1933, 1390, 3219, 1338, 159)",0.5945261120796204
"(2309, 1381, 998, 433, 4151, 1401)",0.5945199728012085
"(73, 267, 2958, 1365, 1501)",0.5945197343826294
"(128, 1953, 1954, 1382, 1703, 1288, 424, 1799, 1707, 1800, 4522, 2297, 1469, 2718)",0.5945166349411011
"(3042, 2116, 1831, 10, 44, 573)",0.5945098996162415
"(2307, 1955, 2775)",0.5945008993148804
"(1953, 1954, 739, 2242, 5092, 1382, 967, 1703, 1800, 2311, 1707, 1426, 1469)",0.594499409198761
"(2208, 4432, 804)",0.594499409198761
"(3202, 2243, 1512, 1706, 1836)",0.5944937467575073
"(2979, 2664, 747, 2092, 1808, 2103)",0.5944882035255432
"(1938, 2051, 2951)",0.5944857597351074
"(2417, 2330, 3635, 1535)",0.5944837927818298
"(2312, 3813, 2365, 1374)",0.5944796800613403
"(1953, 1960, 2358, 4026, 159)",0.5944796800613403
"(3347, 2541, 2303)",0.5944741368293762
"(2053, 4038, 1961, 1706, 2062, 2094, 2067, 1492, 1372, 2073, 1660, 1373)",0.5944638848304749
"(1502, 682, 1390, 3512, 1309, 2302)",0.594463050365448
"(1833, 2122, 2412, 2832, 1786, 1469)",0.5944600105285645
"(106, 2306, 156, 2775)",0.5944534540176392
"(4169, 1970, 1381, 567)",0.5944469571113586
"(2529, 1509, 2597, 1870, 1359, 1394, 1396, 2742, 2775, 1339, 1791)",0.5944432020187378
"(4354, 1372, 493)",0.5944262742996216
"(2312, 3243, 2365, 1374)",0.5944083333015442
"(11, 44, 4462, 1759)",0.5944074392318726
"(1475, 132, 2686, 2541, 2191, 1456, 2998, 1979, 2526)",0.5944042801856995
"(1665, 2011, 3190)",0.5943946838378906
"(1865, 1358, 54, 2905, 1978)",0.5943894982337952
"(1415, 2794, 1740, 2575, 2300, 1791)",0.5943834185600281
"(1382, 1383, 1800, 2630, 266, 1386, 332, 1836, 1390, 1837, 1999, 4332, 309)",0.5943707227706909
"(4418, 197, 1228, 1836, 2297, 1949)",0.5943681001663208
"(128, 1801, 3519, 1963, 1933, 1390, 1338, 159)",0.5943629145622253
"(1105, 1482, 453, 4198)",0.594353199005127
"(1954, 1833, 1292, 1390, 1294, 1648, 1814, 1786, 4347)",0.5943389534950256
"(1978, 1955, 1350, 2790, 424, 1388, 1429, 1338, 1341)",0.5943377614021301
"(1481, 2890, 1397, 1390)",0.5943358540534973
"(4354, 2094, 1551)",0.5943305492401123
"(128, 1953, 4368, 312, 2718)",0.5943168997764587
"(2112, 2306, 1603, 106, 2219, 3599, 1846, 2365)",0.5942949652671814
"(1698, 1288, 1298, 2302, 4798)",0.5942791700363159
"(161, 1867, 1676, 1329, 2546, 1304, 1305, 1754, 3453)",0.5942779183387756
"(1381, 841, 3312, 433, 1524, 1401)",0.594273030757904
"(2984, 1391, 1524, 1494, 669)",0.5942720174789429
"(1409, 5001, 2164, 1317)",0.5942662954330444
"(2577, 4354, 2062)",0.5942622423171997
"(4503, 964, 2735)",0.5942596197128296
"(1825, 1953, 1954, 1833, 1292, 1390, 1294, 1648, 1814, 1786, 4347)",0.5942535996437073
"(128, 1801, 1963, 3212, 1933, 1390, 1338, 159)",0.5942498445510864
"(1446, 1933, 2064, 2869, 1432, 1529, 1979)",0.5942459106445312
"(1837, 1381, 3054)",0.5942376255989075
"(1378, 1351, 1512, 2220, 5080, 2142)",0.5942288041114807
"(1698, 1351, 1512, 1706, 523, 3212, 631)",0.5942168235778809
"(3076, 2393, 25, 2266, 251, 1212, 2270)",0.5942158102989197
"(1709, 1974, 2822)",0.5942136645317078
"(3200, 1547, 2053)",0.5942054986953735
"(1351, 1706, 3212, 660, 2079)",0.5942051410675049
"(2080, 3941, 1962, 1434, 1790)",0.5941985249519348
"(1426, 2053, 3815)",0.5941936373710632
"(2148, 2057, 1838, 1971, 3166, 1402, 1403, 1950)",0.59419184923172
"(2799, 1361, 1878, 1432, 1979)",0.5941901803016663
"(2089, 2715, 5430)",0.5941880345344543
"(2299, 2822, 23)",0.5941870212554932
"(3682, 1448, 493, 1518, 2397, 1628, 1405, 1535)",0.5941827297210693
"(1381, 1384, 681, 1934, 1488, 2868, 249)",0.5941793918609619
"(385, 2243, 4483, 1351, 1512, 1706)",0.594177782535553
"(2080, 3200, 2340, 1292, 1974, 1465, 1310, 1823)",0.5941742062568665
"(3682, 1412, 1413, 1628, 1341)",0.5941724181175232
"(2209, 4581, 565)",0.5941627025604248
"(2664, 747, 2092, 1808, 2103, 3966)",0.5941600203514099
"(5542, 1705, 2057, 660, 89, 2492)",0.5941519141197205
"(1698, 227, 2467, 1353, 1385, 4988, 1503)",0.5941509008407593
"(1763, 1949, 2958)",0.5941324234008789
"(1440, 1305, 1811, 3200)",0.5941299200057983
"(2916, 1446, 1933, 2064, 1432, 1529, 1979)",0.5941254496574402
"(2592, 5418, 43, 1932, 1939, 1432)",0.5941228270530701
"(1674, 1675, 1676, 5457, 341)",0.594118595123291
"(2617, 1403, 3203)",0.5941158533096313
"(2137, 1418, 1350, 3599)",0.5941101312637329
"(1446, 1933, 2064, 2897, 1432, 1529, 1979)",0.5941082835197449
"(1351, 1288, 1706, 1963, 1463, 4538, 2718)",0.5941030979156494
"(3106, 1512, 2097, 1974, 2425)",0.5940843820571899
"(1440, 1058, 1512, 2121, 3567)",0.5940828919410706
"(1377, 3204, 1781, 1974, 2297, 1402, 1757)",0.5940677523612976
"(2321, 2777, 1446)",0.5940570831298828
"(3656, 1660, 2191)",0.5940533876419067
"(2973, 2094, 1551)",0.5940492153167725
"(4608, 2053, 1961, 1706, 2062, 2094, 2067, 1492, 1372, 2073, 1660, 1373)",0.5940278172492981
"(3593, 2306, 1764, 1325)",0.5940265655517578
"(1954, 5125, 1833, 1292, 1390, 1294, 1648, 1814, 1786)",0.5940183401107788
"(1970, 3203, 1381, 567)",0.5940164923667908
"(2243, 4103, 1512, 1488, 1976)",0.5940055847167969
"(2560, 1963, 3853, 2738, 660, 2109)",0.5940054655075073
"(2091, 3019, 173, 2062, 2067, 1492, 2165, 2102)",0.5940052270889282
"(1837, 3276, 1381)",0.5940038561820984
"(1954, 1833, 4681, 1292, 1390, 1294, 1648, 1814, 1786)",0.5940017700195312
"(4354, 2062, 2577, 2067, 1492, 1372)",0.5939980745315552
"(3487, 2415, 1935)",0.5939849019050598
"(3200, 739, 1799, 1386, 2001, 1202, 978, 692, 1944, 2012)",0.5939787030220032
"(3042, 2019, 1288, 1384, 159)",0.5939687490463257
"(1641, 1974, 54, 3415, 1310, 2143)",0.5939603447914124
"(1361, 3682, 493)",0.5939515233039856
"(2643, 2541, 2822)",0.5939480662345886
"(2825, 2299, 23)",0.5939450860023499
"(2080, 2643, 2822)",0.5939437747001648
"(43, 1777, 1939, 1300, 2812, 1949)",0.593941330909729
"(2209, 565, 3471)",0.5939390659332275
"(2819, 1709, 1974)",0.593936562538147
"(4418, 1512, 1386, 2226, 1976, 25, 1469)",0.5939248204231262
"(2577, 3922, 2062)",0.5939176678657532
"(2401, 4545, 106, 1515, 1936, 1337)",0.5938975214958191
"(1410, 267, 1421, 1935, 2672, 4591)",0.5938949584960938
"(1953, 1954, 1288, 2958, 1976, 1469, 2718)",0.5938949584960938
"(3200, 1382, 38, 1512, 1386, 1836, 495, 2297, 2202, 1469)",0.5938729643821716
"(1825, 1953, 1954, 5125, 1833, 1292, 1390, 1294, 1648, 1814, 1786)",0.5938690304756165
"(1825, 1953, 1954, 1833, 4681, 1292, 1390, 1294, 1648, 1814, 1786)",0.5938474535942078
"(2374, 2953, 371, 2009, 543)",0.5938386917114258
"(296, 2790, 1429, 1774)",0.5938383936882019
"(70, 3238, 75, 78, 1774, 1330, 692, 1396, 1754)",0.5938311815261841
"(802, 1827, 1992, 2795, 2396)",0.5938265919685364
"(5030, 2053, 54)",0.5938253998756409
"(2094, 1661, 1294, 4886)",0.5938113927841187
"(2080, 3200, 1449, 75, 1392, 2451, 54)",0.593746542930603
"(521, 2091, 173, 2222, 4910, 2102)",0.5937440991401672
"(1392, 3057, 1162, 1660)",0.5937272906303406
"(1825, 1953, 1954, 1512, 2857, 1390, 1294, 1648, 1814, 1721)",0.593726396560669
"(2121, 1418, 3053, 1998, 1358, 2062, 1492, 1951)",0.5937135815620422
"(11, 44, 3045, 1759)",0.5937092304229736
"(2148, 2057, 1838, 1971, 4886, 1402, 1950)",0.5936968922615051
"(2148, 2057, 1838, 1971, 4886, 1402, 1403, 1950)",0.5936936736106873
"(1986, 1960, 1491, 1492, 1333, 2973)",0.5936731100082397
"(2905, 2299, 23)",0.5936539769172668
"(1446, 1836, 1390, 3214, 1329, 2546, 1974)",0.5936471819877625
"(3074, 1413, 1332, 2101, 885)",0.5936415791511536
"(739, 2570, 1777, 3900, 2655)",0.5936386585235596
"(1411, 1288, 2541, 5328, 2718, 1535)",0.5936331748962402
"(2979, 1351, 1481, 2541, 1433, 2078)",0.5935840606689453
"(3682, 2596, 1450, 1744, 1405, 1406)",0.5935640335083008
"(2817, 1709, 1974)",0.5935527682304382
"(2476, 1298, 2194, 1460, 1557, 1949, 2911)",0.5935462713241577
"(128, 1446, 1801, 331, 2738, 2299, 4285)",0.5935418009757996
"(1825, 1953, 1954, 1512, 2857, 1390, 1294, 1648, 1814, 1721, 1469)",0.5935391187667847
"(4024, 2209, 565)",0.5935333967208862
"(3778, 1445, 1991, 1386, 1934, 1906, 2324, 2335)",0.5935214161872864
"(128, 1801, 4330, 1963, 1933, 1390, 1338, 159)",0.5935065746307373
"(2243, 1351, 584, 1288, 1706, 1463, 5023)",0.5935029983520508
"(1408, 2597, 1446, 1995, 4973, 1294, 2771, 1310)",0.5934911370277405
"(2114, 2091, 171, 173, 5106, 2102)",0.5934831500053406
"(2484, 1861, 4486)",0.5934640765190125
"(1953, 1960, 2358, 4957, 159)",0.5934634208679199
"(2191, 1409, 3232, 1135)",0.5934616923332214
"(233, 2410, 3019, 1520, 181, 54, 2361, 1788, 1341)",0.5934260487556458
"(128, 1801, 1963, 1933, 1390, 4400, 1338, 159)",0.593425989151001
"(216, 1475, 2902)",0.5934182405471802
"(128, 1801, 1963, 1933, 1390, 2958, 1338, 159)",0.5934043526649475
"(3200, 257, 363, 2414, 304, 2008, 2140)",0.5933970808982849
"(1319, 970, 1676, 1326, 1774, 1328, 3121, 1330, 1754, 2206, 2143)",0.5933824181556702
"(2080, 3200, 1802, 75, 1392, 2451, 54)",0.5933791995048523
"(1825, 1351, 41, 1706, 1292, 1390, 1463, 4347)",0.5933680534362793
"(3200, 1827, 1603)",0.593361496925354
"(1698, 1351, 1512, 1706, 523, 3212, 631, 89)",0.593359649181366
"(1512, 3635, 2603, 1965)",0.593346357345581
"(1409, 3388, 1973)",0.5933457016944885
"(1825, 4420, 1951)",0.5933318734169006
"(257, 258, 3243, 1974)",0.5933228135108948
"(1412, 1413, 4123, 1628, 1341)",0.5933051705360413
"(3200, 1320, 493, 2383, 1779)",0.593300461769104
"(3681, 1257, 1802, 1590, 1628, 1405)",0.5932984948158264
"(1410, 267, 1421, 1935, 2672, 4593)",0.5932883024215698
"(1665, 1829, 1414, 1962, 1453, 2518, 3002)",0.5932539105415344
"(3471, 2532, 1799)",0.5932499170303345
"(3200, 1765, 2086, 1703, 1800, 2297)",0.5932260155677795
"(1953, 1351, 1706, 1963, 1292, 1933, 3212, 660, 1463, 159)",0.5932228565216064
"(3257, 1837, 1381)",0.5932218432426453
"(2209, 565, 3078)",0.5931863784790039
"(3288, 2370, 2350)",0.5931784510612488
"(2080, 193, 4545, 1670, 1503, 2703, 2327, 1369, 1535)",0.5931740999221802
"(265, 1996, 44, 2775, 1404)",0.5931734442710876
"(1960, 3347, 54, 2103, 1336)",0.5931650400161743
"(3851, 739, 1838)",0.5931450128555298
"(66, 2531, 1445, 2251, 3415)",0.5931419730186462
"(4418, 1955, 1974, 2231)",0.5931341052055359
"(1446, 2796, 1933, 2064, 1432, 1529, 1979)",0.5931323766708374
"(4685, 1980, 1357)",0.5931289196014404
"(3014, 2247, 1909, 1911, 1912, 1913, 1914, 1310, 1695)",0.5931102633476257
"(161, 1826, 1867, 1676, 1326, 1774, 1328, 3121, 1330, 821, 1304, 1305, 1754, 2143)",0.5931086540222168
"(804, 1413, 2569, 4432, 2354, 1628, 861)",0.5931020975112915
"(2307, 1315, 2771, 1430, 3415)",0.5930988192558289
"(2080, 193, 1670, 1503, 2703, 4886, 2327, 1369, 1535)",0.5930951237678528
"(3265, 2243, 1512, 1800, 1706, 1836, 2075)",0.5930835604667664
"(4545, 1378, 1827, 2598, 2121, 2058, 2062, 2672, 2067, 2389, 1144, 1372)",0.5930361747741699
"(1989, 197, 1680, 1460, 2678, 3293)",0.5930300354957581
"(3042, 2019, 2116, 44, 2669, 1552)",0.5930238962173462
"(1960, 1515, 3347, 54, 1336)",0.5930213928222656
"(1378, 1827, 2598, 5415, 2121, 2058, 2062, 2672, 2067, 2389, 1144, 1372)",0.5930155515670776
"(1512, 1359, 4080, 1974, 2140)",0.5929821133613586
"(4545, 166, 167, 1976, 1436)",0.59298175573349
"(1960, 1358, 3347, 54, 1336)",0.5929137468338013
"(4545, 2053, 1961, 1706, 2062, 2094, 2067, 1492, 1372, 2073, 1660, 1373)",0.5928923487663269
"(1825, 1492, 4420)",0.5928645133972168
"(4688, 2257, 181)",0.5928564667701721
"(2247, 2348, 4019, 1911, 1976, 1913)",0.5928482413291931
"(1478, 2728, 1642, 1516, 2383, 3984, 1624)",0.5928481817245483
"(3200, 739, 2057, 682, 2097, 284)",0.5928480625152588
"(2050, 1284, 2476, 1298, 1299, 1460, 1557, 2194, 1949, 2911)",0.5928404927253723
"(1512, 1697, 3076, 2073)",0.5928220748901367
"(1378, 1827, 2598, 2121, 2058, 5099, 2062, 2672, 2067, 2389, 1144, 1372)",0.5928161144256592
"(4545, 1378, 1347, 168, 1354, 1436)",0.5928154587745667
"(2297, 2718, 478, 3903)",0.5928034782409668
"(2794, 1740, 581)",0.5927895903587341
"(739, 1380, 1413, 2596, 4243)",0.5927779078483582
"(568, 1776, 251, 3851)",0.5927690267562866
"(1328, 1488, 1330, 787, 1937, 2775, 1470)",0.5927676558494568
"(2601, 3682, 2062)",0.5927653908729553
"(3075, 1358, 567)",0.5927520394325256
"(3042, 2116, 1861, 1831, 10, 44, 1837)",0.5927141904830933
"(128, 1825, 1953, 1954, 1512, 1833, 2857, 1390, 1294, 1648, 1814, 1721, 1403, 1469)",0.5927111506462097
"(2871, 1292, 1831, 1471)",0.592681348323822
"(2968, 417, 1350)",0.5926412343978882
"(2297, 2718, 2956, 478)",0.5926389098167419
"(2401, 106, 1515, 5386, 1936, 1337)",0.5926355719566345
"(2094, 2890, 1390)",0.5926043391227722
"(1410, 267, 1421, 1935, 2672, 3647)",0.5925968885421753
"(1512, 1697, 4418, 2073)",0.592596173286438
"(1446, 1933, 2064, 1432, 1529, 1979, 2911)",0.5925953388214111
"(3106, 266, 398, 302, 2738, 1561)",0.5925798416137695
"(216, 1475, 3347)",0.5925534963607788
"(3014, 2247, 2348, 1911, 1976, 1913)",0.5925464630126953
"(1698, 1381, 839, 5518, 1557)",0.5925185680389404
"(4354, 1418, 1998, 1358, 1905, 2067)",0.5924962759017944
"(1512, 89, 3212, 478)",0.5924810767173767
"(1060, 1964, 1584, 2775, 1501)",0.5924640893936157
"(3200, 1377, 1450, 1932, 662, 1432)",0.5924463868141174
"(1453, 1486, 2672, 1044, 4599, 1499, 2687)",0.5924042463302612
"(132, 1512, 1641, 1929, 1935, 1939, 1524, 3705)",0.5923961400985718
"(128, 1463, 258, 1890, 1446, 1351, 1706, 363, 1963, 1933, 1390, 2738, 660, 1974, 1367, 2808)",0.5923916101455688
"(1676, 1326, 1774, 3121, 1330, 821, 1304, 1754, 2206, 2143)",0.5923888683319092
"(128, 1463, 258, 1890, 1446, 1351, 1706, 363, 1963, 1933, 1390, 2738, 660, 1974, 1367, 3002)",0.5923870801925659
"(4066, 1799, 1390, 2191, 1967)",0.5923852920532227
"(2240, 717, 1135, 3249, 2098, 1432, 1305)",0.5923773050308228
"(1793, 1512, 1706, 3050, 1836)",0.5923506617546082
"(2208, 2121, 4354, 1743)",0.5923473238945007
"(1512, 2889, 275, 806)",0.5923205018043518
"(1831, 1291, 1292, 2871, 1471)",0.5922759771347046
"(478, 1703, 1800, 1707, 2718, 3903)",0.5922175049781799
"(2243, 1382, 1512, 1386, 1706, 1836, 567, 4953, 2109)",0.5922053456306458
"(2530, 2953, 1486, 2544, 1362, 371, 54, 1496, 2553, 1499)",0.5921933054924011
"(2307, 1315, 2771, 1430, 2777)",0.5921877026557922
"(2168, 1386, 1355, 4335)",0.5921403169631958
"(2168, 1386, 1355, 4336)",0.5921363830566406
"(2080, 1699, 3054, 2062, 2327)",0.5921293497085571
"(2053, 1961, 1706, 4685, 2062, 2094, 2067, 1492, 1372, 2073, 1660, 1373)",0.5920949578285217
"(5400, 66, 2598, 2098, 1972, 1974, 2360)",0.5920771956443787
"(289, 2916, 2570, 1835, 272, 539)",0.5920769572257996
"(66, 2598, 2098, 1972, 1974, 2360, 4733)",0.5920698642730713
"(1418, 3053, 1998, 1358, 1905, 2067)",0.5920672416687012
"(3042, 2203, 2116, 1831)",0.5920171141624451
"(478, 1703, 1800, 1707, 2956, 2718)",0.5920135974884033
"(66, 2598, 2098, 1972, 1974, 3414, 2360)",0.592010498046875
"(3200, 2242, 2086, 1639, 1836, 1837, 692, 2071, 1374)",0.5919705629348755
"(1512, 1697, 2073, 5031)",0.5919478535652161
"(1539, 1740, 2643, 1492, 1400, 187, 5308, 1341)",0.5919214487075806
"(2601, 4354, 2062)",0.5919156074523926
"(3019, 1520, 2300, 181, 2361, 730, 1788)",0.5919033288955688
"(1512, 1697, 3190, 2073)",0.5918818116188049
"(3118, 2062, 2335)",0.5918816924095154
"(1954, 390, 1326, 4147, 2390, 2231)",0.5916645526885986
"(1418, 1900, 1556, 2331, 2812)",0.5916589498519897
"(1360, 2962, 1934, 2519)",0.5916467905044556
"(2049, 1292, 3500, 1326, 1294, 2002)",0.5915998816490173
"(2560, 1963, 2738, 660, 4567, 2109)",0.5915867686271667
"(1632, 1965, 1397, 2998, 1949)",0.5915467143058777
"(2593, 2082, 1895, 111, 977, 4914, 2681, 2683)",0.5915079116821289
"(2145, 1417, 1418, 3347, 2103, 698)",0.5914796590805054
"(2594, 2245, 1989, 2249, 2891, 2253, 1502)",0.5914793014526367
"(2208, 2209, 1547, 302, 1743, 304, 303, 2973)",0.5914753079414368
"(2560, 1963, 2738, 660, 4569, 2109)",0.5913869142532349
"(2560, 1963, 2738, 660, 4568, 2109)",0.5913151502609253
"(1857, 1516, 4844, 2064, 1493)",0.5912089943885803
"(1444, 1867, 685, 1135, 1364, 1365, 3262)",0.5911025404930115
"(66, 2531, 3750, 1331, 474, 2076, 2110)",0.5909795761108398
"(1285, 2054, 1512, 1397, 2998, 1465, 1949)",0.5909717679023743
"(2087, 2411, 2315, 2995, 2742, 2617, 1660, 1662)",0.5908675193786621
"(3682, 1380, 2596, 1450, 1744, 1938)",0.5908181071281433
"(3682, 1380, 1511, 2376, 1770, 1965, 1518, 1489, 1938, 1950, 1332, 2105, 1402, 1534, 1535)",0.5906379222869873
"(4577, 2287, 1903, 2321, 2302)",0.5906071066856384
"(3042, 2116, 1861, 1831, 10, 44, 2203)",0.5906044840812683
"(1867, 1774, 5422, 1328, 1584, 1330, 1494, 1943, 1983)",0.5905832052230835
"(3166, 1380, 1511, 2376, 1770, 1965, 1518, 1489, 1938, 1950, 1332, 2105, 1402, 1534, 1535)",0.5904415845870972
"(2560, 1963, 2738, 660, 4570, 2109)",0.5903526544570923
"(3042, 1859, 2116, 1861, 1831, 10, 44, 2203)",0.5901833772659302
"(3275, 1784, 55, 56, 57, 59, 637)",0.5899595618247986
"(576, 385, 396, 2968, 567, 568, 571, 574, 575)",0.5899116396903992
"(2530, 2953, 1486, 1774, 2544, 1330, 371, 1362, 54, 1496, 2553, 1499)",0.589749276638031
"(576, 385, 3200, 396, 567, 568, 571, 574, 575)",0.5897021293640137
"(1475, 1380, 1511, 2326, 3257, 1852, 1405)",0.5892812609672546
"(2116, 1831, 10, 44, 3766, 2008, 2203)",0.5891472101211548
"(289, 1473, 3106, 1765, 1446, 686, 2227, 1974)",0.5891450643539429
"(576, 385, 3076, 396, 567, 568, 571, 574, 575)",0.5891110301017761
"(4681, 2617, 1358)",0.5889727473258972
"(1376, 1509, 4933, 1704, 239, 186, 187)",0.5888547301292419
"(3200, 1698, 1512, 1706, 1771, 1112, 190)",0.5888296961784363
"(1825, 3021, 2742)",0.5887993574142456
"(2116, 1831, 10, 44, 4407, 2008, 2203)",0.5887963175773621
"(2308, 3397, 2288, 1494, 1943, 185, 183)",0.5885815620422363
"(1825, 1953, 1954, 4902, 1703, 1288, 1512, 1833, 1292, 1390, 1648, 1814)",0.5885238647460938
"(2080, 739, 1380, 1509, 3900, 1991, 1971, 1492, 2643, 1468, 2334)",0.5882937908172607
"(2720, 1825, 1953, 1703, 2962, 1469, 2718)",0.5879132151603699
"(4288, 1865, 2570, 1037, 1326, 495, 2357, 600, 185)",0.5872036218643188
"(3200, 1831, 1996, 1071, 2005, 2203, 1471)",0.5871775150299072
"(1765, 1446, 1351, 1706, 2064, 2738, 2227, 662, 1463, 1432, 1974, 4470, 671)",0.5870242118835449
"(1865, 2570, 1037, 1326, 495, 2357, 3414, 600, 185)",0.5869803428649902
"(1410, 267, 1421, 1935, 2672, 4592)",0.5868723392486572
"(1410, 267, 1421, 4590, 1935, 2672)",0.5855410099029541
"(2695, 2828, 2541, 1555, 2006, 2556, 2269, 1822, 63)",0.5844559669494629
"(2116, 1831, 1288, 1512, 10, 1835, 44, 1836, 1837, 4103, 1552, 51, 347)",0.5812881588935852
"(3042, 2116, 1831, 1288, 1512, 10, 1835, 44, 1836, 1837, 1552, 51, 347)",0.5812491178512573
"(5088, 1347, 2534, 1351, 1512, 169, 1514, 2220, 1976, 1439)",0.5803627967834473
