args: Namespace(D_lr=5e-07, G_lr=1e-08, alpha_e=0, alpha_v=0, bs=32, clip=0.01, dataset_name='hypergraph_random_feature', dim_edge=400, dim_hidden=400, dim_vertex=400, epochs=50, exp_num=5, fix_seed=True, folder_name='no_pretrain', gen='MLP', gpu=2, memory_size=128, memory_type='sample', model='hnhn', n_layers=1, testns='SMCA', train_DG='epoch1:1', training='wgan')
0 epoch: Training d_loss : 8.362205255599248e-05 / Training g_loss : -0.431988102528784 /Training roc : 0.8472336757330245 / Training ap : 0.7817070484161377 
0 epoch, SNS : Val AP : 0.8750089406967163 / AUROC : 0.905631832142242 
0 epoch, MNS : Val AP : 0.6458243131637573 / AUROC : 0.6790206417894454 
0 epoch, CNS : Val AP : 0.5095303058624268 / AUROC : 0.5063307306992312 
0 epoch, ALL : Val AP : 0.6458483934402466 / AUROC : 0.6996737976816801 
1 epoch: Training d_loss : 8.175317168425301e-05 / Training g_loss : -0.4318114567921158 /Training roc : 0.8928985183419123 / Training ap : 0.8723878860473633 
1 epoch, SNS : Val AP : 0.8750089406967163 / AUROC : 0.905631832142242 
1 epoch, MNS : Val AP : 0.6458243131637573 / AUROC : 0.6790206417894454 
1 epoch, CNS : Val AP : 0.5095303058624268 / AUROC : 0.5063307306992312 
1 epoch, ALL : Val AP : 0.6458483934402466 / AUROC : 0.6996737976816801 
2 epoch: Training d_loss : 3.262662546433781e-05 / Training g_loss : -0.4313570836674428 /Training roc : 0.906594516082762 / Training ap : 0.8934592008590698 
2 epoch, SNS : Val AP : 0.9330102205276489 / AUROC : 0.9423442626873386 
2 epoch, MNS : Val AP : 0.7152479887008667 / AUROC : 0.7369720978005198 
2 epoch, CNS : Val AP : 0.5253102779388428 / AUROC : 0.5295170939537662 
2 epoch, ALL : Val AP : 0.6862510442733765 / AUROC : 0.7379437086130974 
3 epoch: Training d_loss : -1.212070875213332e-05 / Training g_loss : -0.4310796497262339 /Training roc : 0.9266119900008782 / Training ap : 0.9254430532455444 
3 epoch, SNS : Val AP : 0.9330102205276489 / AUROC : 0.9423442626873386 
3 epoch, MNS : Val AP : 0.7152479887008667 / AUROC : 0.7369720978005198 
3 epoch, CNS : Val AP : 0.5253102779388428 / AUROC : 0.5295170939537662 
3 epoch, ALL : Val AP : 0.6862510442733765 / AUROC : 0.7379437086130974 
4 epoch: Training d_loss : -5.372441914199077e-05 / Training g_loss : -0.4307744967349951 /Training roc : 0.930625158317057 / Training ap : 0.9309861660003662 
4 epoch, SNS : Val AP : 0.9500869512557983 / AUROC : 0.9546254587883263 
4 epoch, MNS : Val AP : 0.7503532767295837 / AUROC : 0.7622645611604943 
4 epoch, CNS : Val AP : 0.5299773812294006 / AUROC : 0.5379019259895224 
4 epoch, ALL : Val AP : 0.70185786485672 / AUROC : 0.7522797987697619 
5 epoch: Training d_loss : -7.433225126827464e-05 / Training g_loss : -0.4306114690766236 /Training roc : 0.9368471914386243 / Training ap : 0.9388250112533569 
5 epoch, SNS : Val AP : 0.9500869512557983 / AUROC : 0.9546254587883263 
5 epoch, MNS : Val AP : 0.7503532767295837 / AUROC : 0.7622645611604943 
5 epoch, CNS : Val AP : 0.5299773812294006 / AUROC : 0.5379019259895224 
5 epoch, ALL : Val AP : 0.70185786485672 / AUROC : 0.7522797987697619 
6 epoch: Training d_loss : -9.727139256906433e-05 / Training g_loss : -0.43048302826896573 /Training roc : 0.9393169091423791 / Training ap : 0.94219970703125 
6 epoch, SNS : Val AP : 0.957278311252594 / AUROC : 0.9592554487233819 
6 epoch, MNS : Val AP : 0.7677936553955078 / AUROC : 0.7739602184645906 
6 epoch, CNS : Val AP : 0.5307487845420837 / AUROC : 0.5411060987946394 
6 epoch, ALL : Val AP : 0.7087581753730774 / AUROC : 0.7587842357559017 
7 epoch: Training d_loss : -0.00011226629604406311 / Training g_loss : -0.43035333372640683 /Training roc : 0.9414180373886144 / Training ap : 0.9453113079071045 
7 epoch, SNS : Val AP : 0.957278311252594 / AUROC : 0.9592554487233819 
7 epoch, MNS : Val AP : 0.7677936553955078 / AUROC : 0.7739602184645906 
7 epoch, CNS : Val AP : 0.5307487845420837 / AUROC : 0.5411060987946394 
7 epoch, ALL : Val AP : 0.7087581753730774 / AUROC : 0.7587842357559017 
8 epoch: Training d_loss : -0.0001417055181175802 / Training g_loss : -0.43019066582802556 /Training roc : 0.9451005503865089 / Training ap : 0.9496391415596008 
8 epoch, SNS : Val AP : 0.9622517824172974 / AUROC : 0.9632972560446265 
8 epoch, MNS : Val AP : 0.7777437567710876 / AUROC : 0.7822629588741393 
8 epoch, CNS : Val AP : 0.5274927020072937 / AUROC : 0.5391053403524377 
8 epoch, ALL : Val AP : 0.7103198170661926 / AUROC : 0.7613928166162756 
9 epoch: Training d_loss : -0.00014980495070804662 / Training g_loss : -0.43014842821418386 /Training roc : 0.9448532916757238 / Training ap : 0.9492706060409546 
9 epoch, SNS : Val AP : 0.9622517824172974 / AUROC : 0.9632972560446265 
9 epoch, MNS : Val AP : 0.7777437567710876 / AUROC : 0.7822629588741393 
9 epoch, CNS : Val AP : 0.5274927020072937 / AUROC : 0.5391053403524377 
9 epoch, ALL : Val AP : 0.7103198170661926 / AUROC : 0.7613928166162756 
10 epoch: Training d_loss : -0.0001811466649151 / Training g_loss : -0.4299094794001223 /Training roc : 0.9443744208370088 / Training ap : 0.9497619867324829 
10 epoch, SNS : Val AP : 0.9650464653968811 / AUROC : 0.9652495815382132 
10 epoch, MNS : Val AP : 0.7840577363967896 / AUROC : 0.7878337144021438 
10 epoch, CNS : Val AP : 0.5250380635261536 / AUROC : 0.536054520037144 
10 epoch, ALL : Val AP : 0.7109004259109497 / AUROC : 0.7626130977950124 
11 epoch: Training d_loss : -0.00019681212064382193 / Training g_loss : -0.4299397872722395 /Training roc : 0.9471349949156873 / Training ap : 0.9525229930877686 
11 epoch, SNS : Val AP : 0.9650464653968811 / AUROC : 0.9652495815382132 
11 epoch, MNS : Val AP : 0.7840577363967896 / AUROC : 0.7878337144021438 
11 epoch, CNS : Val AP : 0.5250380635261536 / AUROC : 0.536054520037144 
11 epoch, ALL : Val AP : 0.7109004259109497 / AUROC : 0.7626130977950124 
12 epoch: Training d_loss : -0.00021429897681328754 / Training g_loss : -0.42969459996503945 /Training roc : 0.9450666889498623 / Training ap : 0.9507342576980591 
12 epoch, SNS : Val AP : 0.96622633934021 / AUROC : 0.9657266794074943 
12 epoch, MNS : Val AP : 0.7938156127929688 / AUROC : 0.793106507319896 
12 epoch, CNS : Val AP : 0.5265305638313293 / AUROC : 0.537464674218104 
12 epoch, ALL : Val AP : 0.7142161726951599 / AUROC : 0.7652363551377198 
13 epoch: Training d_loss : -0.00021862450673204917 / Training g_loss : -0.42974512338259263 /Training roc : 0.9467333252399271 / Training ap : 0.9527552127838135 
13 epoch, SNS : Val AP : 0.96622633934021 / AUROC : 0.9657266794074943 
13 epoch, MNS : Val AP : 0.7938156127929688 / AUROC : 0.793106507319896 
13 epoch, CNS : Val AP : 0.5265305638313293 / AUROC : 0.537464674218104 
13 epoch, ALL : Val AP : 0.7142161726951599 / AUROC : 0.7652363551377198 
14 epoch: Training d_loss : -0.00024292446282027445 / Training g_loss : -0.4296311453245403 /Training roc : 0.9479146681627093 / Training ap : 0.9543226957321167 
14 epoch, SNS : Val AP : 0.968559741973877 / AUROC : 0.9679811776231513 
14 epoch, MNS : Val AP : 0.7983800172805786 / AUROC : 0.7971852058847988 
14 epoch, CNS : Val AP : 0.5259661674499512 / AUROC : 0.5368423663707732 
14 epoch, ALL : Val AP : 0.7161203622817993 / AUROC : 0.7670490506926811 
15 epoch: Training d_loss : -0.0002573095084373826 / Training g_loss : -0.4296769498831138 /Training roc : 0.9496533838836849 / Training ap : 0.9550938010215759 
15 epoch, SNS : Val AP : 0.968559741973877 / AUROC : 0.9679811776231513 
15 epoch, MNS : Val AP : 0.7983800172805786 / AUROC : 0.7971852058847988 
15 epoch, CNS : Val AP : 0.5259661674499512 / AUROC : 0.5368423663707732 
15 epoch, ALL : Val AP : 0.7161203622817993 / AUROC : 0.7670490506926811 
16 epoch: Training d_loss : -0.0002798253525232094 / Training g_loss : -0.4294510555286286 /Training roc : 0.9471660708705935 / Training ap : 0.9534817337989807 
16 epoch, SNS : Val AP : 0.9682716727256775 / AUROC : 0.9669613641259949 
16 epoch, MNS : Val AP : 0.8047823905944824 / AUROC : 0.8000521476224721 
16 epoch, CNS : Val AP : 0.5255999565124512 / AUROC : 0.5354530850133106 
16 epoch, ALL : Val AP : 0.7162396311759949 / AUROC : 0.7673302258742849 
17 epoch: Training d_loss : -0.0002872934875882487 / Training g_loss : -0.4294552566610952 /Training roc : 0.9476538535230644 / Training ap : 0.9537731409072876 
17 epoch, SNS : Val AP : 0.9682716727256775 / AUROC : 0.9669613641259949 
17 epoch, MNS : Val AP : 0.8047823905944824 / AUROC : 0.8000521476224721 
17 epoch, CNS : Val AP : 0.5255999565124512 / AUROC : 0.5354530850133106 
17 epoch, ALL : Val AP : 0.7162396311759949 / AUROC : 0.7673302258742849 
18 epoch: Training d_loss : -0.0003068452561792395 / Training g_loss : -0.42945479583853946 /Training roc : 0.9493443077183608 / Training ap : 0.9559917449951172 
18 epoch, SNS : Val AP : 0.9690054059028625 / AUROC : 0.9675632101633832 
18 epoch, MNS : Val AP : 0.8082022070884705 / AUROC : 0.8021984270800079 
18 epoch, CNS : Val AP : 0.5250430107116699 / AUROC : 0.5345435231251 
18 epoch, ALL : Val AP : 0.7161474823951721 / AUROC : 0.7678646231492632 
19 epoch: Training d_loss : -0.000319990875800577 / Training g_loss : -0.4293614121802471 /Training roc : 0.9487982311161667 / Training ap : 0.9550489783287048 
19 epoch, SNS : Val AP : 0.9690054059028625 / AUROC : 0.9675632101633832 
19 epoch, MNS : Val AP : 0.8082022070884705 / AUROC : 0.8021984270800079 
19 epoch, CNS : Val AP : 0.5250430107116699 / AUROC : 0.5345435231251 
19 epoch, ALL : Val AP : 0.7161474823951721 / AUROC : 0.7678646231492632 
20 epoch: Training d_loss : -0.00033962923222012663 / Training g_loss : -0.429376418999913 /Training roc : 0.9505007479160399 / Training ap : 0.9565612077713013 
20 epoch, SNS : Val AP : 0.9714115858078003 / AUROC : 0.9704699646734961 
20 epoch, MNS : Val AP : 0.804451584815979 / AUROC : 0.8035212797602418 
20 epoch, CNS : Val AP : 0.5180149078369141 / AUROC : 0.5256095658717094 
20 epoch, ALL : Val AP : 0.7126418352127075 / AUROC : 0.7661777387115964 
21 epoch: Training d_loss : -0.00035732823449212154 / Training g_loss : -0.4294156776134085 /Training roc : 0.9531347115444464 / Training ap : 0.9589848518371582 
21 epoch, SNS : Val AP : 0.9714115858078003 / AUROC : 0.9704699646734961 
21 epoch, MNS : Val AP : 0.804451584815979 / AUROC : 0.8035212797602418 
21 epoch, CNS : Val AP : 0.5180149078369141 / AUROC : 0.5256095658717094 
21 epoch, ALL : Val AP : 0.7126418352127075 / AUROC : 0.7661777387115964 
22 epoch: Training d_loss : -0.0003818208633052905 / Training g_loss : -0.429195147961236 /Training roc : 0.9518837735393324 / Training ap : 0.958060622215271 
22 epoch, SNS : Val AP : 0.9724797010421753 / AUROC : 0.971406242442766 
22 epoch, MNS : Val AP : 0.8091734647750854 / AUROC : 0.8062875676108967 
22 epoch, CNS : Val AP : 0.518881618976593 / AUROC : 0.5267345766219356 
22 epoch, ALL : Val AP : 0.7155951261520386 / AUROC : 0.768123444748388 
23 epoch: Training d_loss : -0.00038838317833947455 / Training g_loss : -0.4292382442515302 /Training roc : 0.9540029093017722 / Training ap : 0.9595929384231567 
23 epoch, SNS : Val AP : 0.9724797010421753 / AUROC : 0.971406242442766 
23 epoch, MNS : Val AP : 0.8091734647750854 / AUROC : 0.8062875676108967 
23 epoch, CNS : Val AP : 0.518881618976593 / AUROC : 0.5267345766219356 
23 epoch, ALL : Val AP : 0.7155951261520386 / AUROC : 0.768123444748388 
24 epoch: Training d_loss : -0.000412466937294067 / Training g_loss : -0.429192814046135 /Training roc : 0.9537264209279215 / Training ap : 0.9593141078948975 
24 epoch, SNS : Val AP : 0.9732797145843506 / AUROC : 0.9723032739717935 
24 epoch, MNS : Val AP : 0.8143908977508545 / AUROC : 0.8094239453964271 
24 epoch, CNS : Val AP : 0.5216678977012634 / AUROC : 0.5299244194950083 
24 epoch, ALL : Val AP : 0.718855619430542 / AUROC : 0.7705741617650994 
25 epoch: Training d_loss : -0.0004295539969670185 / Training g_loss : -0.42913157349550096 /Training roc : 0.9554839031687661 / Training ap : 0.9612042307853699 
25 epoch, SNS : Val AP : 0.9732797145843506 / AUROC : 0.9723032739717935 
25 epoch, MNS : Val AP : 0.8143908977508545 / AUROC : 0.8094239453964271 
25 epoch, CNS : Val AP : 0.5216678977012634 / AUROC : 0.5299244194950083 
25 epoch, ALL : Val AP : 0.718855619430542 / AUROC : 0.7705741617650994 
26 epoch: Training d_loss : -0.0004532238400418353 / Training g_loss : -0.42901439583358403 /Training roc : 0.9546120856427449 / Training ap : 0.960207462310791 
26 epoch, SNS : Val AP : 0.9739857316017151 / AUROC : 0.9733330628790087 
26 epoch, MNS : Val AP : 0.8106646537780762 / AUROC : 0.80916922807722 
26 epoch, CNS : Val AP : 0.5172901153564453 / AUROC : 0.5258564406079527 
26 epoch, ALL : Val AP : 0.7156703472137451 / AUROC : 0.7690974143348948 
27 epoch: Training d_loss : -0.00047274021541371066 / Training g_loss : -0.4290349642688406 /Training roc : 0.9564149106390799 / Training ap : 0.9616787433624268 
27 epoch, SNS : Val AP : 0.9739857316017151 / AUROC : 0.9733330628790087 
27 epoch, MNS : Val AP : 0.8106646537780762 / AUROC : 0.80916922807722 
27 epoch, CNS : Val AP : 0.5172901153564453 / AUROC : 0.5258564406079527 
27 epoch, ALL : Val AP : 0.7156703472137451 / AUROC : 0.7690974143348948 
28 epoch: Training d_loss : -0.0004900858303700797 / Training g_loss : -0.42875270211450245 /Training roc : 0.9535948862099732 / Training ap : 0.9591500759124756 
28 epoch, SNS : Val AP : 0.9744295477867126 / AUROC : 0.9734053346137997 
28 epoch, MNS : Val AP : 0.8168095946311951 / AUROC : 0.8119657420868616 
28 epoch, CNS : Val AP : 0.5196056365966797 / AUROC : 0.5278499341078621 
28 epoch, ALL : Val AP : 0.7187551856040955 / AUROC : 0.7709713822593259 
29 epoch: Training d_loss : -0.0005171825851658759 / Training g_loss : -0.42875457359611135 /Training roc : 0.9566203723139316 / Training ap : 0.9621062278747559 
29 epoch, SNS : Val AP : 0.9744295477867126 / AUROC : 0.9734053346137997 
29 epoch, MNS : Val AP : 0.8168095946311951 / AUROC : 0.8119657420868616 
29 epoch, CNS : Val AP : 0.5196056365966797 / AUROC : 0.5278499341078621 
29 epoch, ALL : Val AP : 0.7187551856040955 / AUROC : 0.7709713822593259 
30 epoch: Training d_loss : -0.0005314879841948541 / Training g_loss : -0.4287694078560664 /Training roc : 0.9562438164033177 / Training ap : 0.9617059230804443 
30 epoch, SNS : Val AP : 0.974871814250946 / AUROC : 0.9743626407252092 
30 epoch, MNS : Val AP : 0.8080395460128784 / AUROC : 0.8103473595522805 
30 epoch, CNS : Val AP : 0.5123902559280396 / AUROC : 0.5198024442242942 
30 epoch, ALL : Val AP : 0.7118228077888489 / AUROC : 0.7676299105332303 
31 epoch: Training d_loss : -0.0005424328278661343 / Training g_loss : -0.4288310960574825 /Training roc : 0.9574702873390901 / Training ap : 0.9623587131500244 
31 epoch, SNS : Val AP : 0.974871814250946 / AUROC : 0.9743626407252092 
31 epoch, MNS : Val AP : 0.8080395460128784 / AUROC : 0.8103473595522805 
31 epoch, CNS : Val AP : 0.5123902559280396 / AUROC : 0.5198024442242942 
31 epoch, ALL : Val AP : 0.7118228077888489 / AUROC : 0.7676299105332303 
32 epoch: Training d_loss : -0.0005795599685774909 / Training g_loss : -0.42859327452523366 /Training roc : 0.956580006279132 / Training ap : 0.9616196155548096 
32 epoch, SNS : Val AP : 0.9748083353042603 / AUROC : 0.9740311416305831 
32 epoch, MNS : Val AP : 0.8109235763549805 / AUROC : 0.8116758997714342 
32 epoch, CNS : Val AP : 0.5104468464851379 / AUROC : 0.5170731142681445 
32 epoch, ALL : Val AP : 0.7108590006828308 / AUROC : 0.7671720731672308 
33 epoch: Training d_loss : -0.0005756825777229709 / Training g_loss : -0.42869445349908597 /Training roc : 0.9565816359757016 / Training ap : 0.9620757102966309 
33 epoch, SNS : Val AP : 0.9748083353042603 / AUROC : 0.9740311416305831 
33 epoch, MNS : Val AP : 0.8109235763549805 / AUROC : 0.8116758997714342 
33 epoch, CNS : Val AP : 0.5104468464851379 / AUROC : 0.5170731142681445 
33 epoch, ALL : Val AP : 0.7108590006828308 / AUROC : 0.7671720731672308 
34 epoch: Training d_loss : -0.0005987898012791983 / Training g_loss : -0.4286829328404322 /Training roc : 0.9584734236064071 / Training ap : 0.9637887477874756 
34 epoch, SNS : Val AP : 0.9758102893829346 / AUROC : 0.9752800007624858 
34 epoch, MNS : Val AP : 0.8102424740791321 / AUROC : 0.8130116827159314 
34 epoch, CNS : Val AP : 0.508568286895752 / AUROC : 0.5138737958663634 
34 epoch, ALL : Val AP : 0.710029125213623 / AUROC : 0.7668892092457973 
35 epoch: Training d_loss : -0.0006129055836242409 / Training g_loss : -0.4287342568459685 /Training roc : 0.9585868693540989 / Training ap : 0.9629647731781006 
35 epoch, SNS : Val AP : 0.9758102893829346 / AUROC : 0.9752800007624858 
35 epoch, MNS : Val AP : 0.8102424740791321 / AUROC : 0.8130116827159314 
35 epoch, CNS : Val AP : 0.508568286895752 / AUROC : 0.5138737958663634 
35 epoch, ALL : Val AP : 0.710029125213623 / AUROC : 0.7668892092457973 
36 epoch: Training d_loss : -0.0006347603041720125 / Training g_loss : -0.4283944436590319 /Training roc : 0.9583233803064206 / Training ap : 0.9636819362640381 
36 epoch, SNS : Val AP : 0.9763662815093994 / AUROC : 0.9754387519708934 
36 epoch, MNS : Val AP : 0.8200948238372803 / AUROC : 0.8170968908468638 
36 epoch, CNS : Val AP : 0.5131983757019043 / AUROC : 0.5190987334761721 
36 epoch, ALL : Val AP : 0.7157970070838928 / AUROC : 0.7704533613166411 
37 epoch: Training d_loss : -0.0006507686998203563 / Training g_loss : -0.4284668155902899 /Training roc : 0.9590370387469322 / Training ap : 0.964013934135437 
37 epoch, SNS : Val AP : 0.9763662815093994 / AUROC : 0.9754387519708934 
37 epoch, MNS : Val AP : 0.8200948238372803 / AUROC : 0.8170968908468638 
37 epoch, CNS : Val AP : 0.5131983757019043 / AUROC : 0.5190987334761721 
37 epoch, ALL : Val AP : 0.7157970070838928 / AUROC : 0.7704533613166411 
38 epoch: Training d_loss : -0.0006677423780028885 / Training g_loss : -0.42849609217886325 /Training roc : 0.9593516019533808 / Training ap : 0.964270830154419 
38 epoch, SNS : Val AP : 0.9766374826431274 / AUROC : 0.9755843951794465 
38 epoch, MNS : Val AP : 0.8228214979171753 / AUROC : 0.8186208291316455 
38 epoch, CNS : Val AP : 0.5146090388298035 / AUROC : 0.5213292707124338 
38 epoch, ALL : Val AP : 0.7180561423301697 / AUROC : 0.7719895701650512 
39 epoch: Training d_loss : -0.0006764378333508685 / Training g_loss : -0.428330894826137 /Training roc : 0.9585608731700582 / Training ap : 0.9635966420173645 
39 epoch, SNS : Val AP : 0.9766374826431274 / AUROC : 0.9755843951794465 
39 epoch, MNS : Val AP : 0.8228214979171753 / AUROC : 0.8186208291316455 
39 epoch, CNS : Val AP : 0.5146090388298035 / AUROC : 0.5213292707124338 
39 epoch, ALL : Val AP : 0.7180561423301697 / AUROC : 0.7719895701650512 
40 epoch: Training d_loss : -0.0006991124731179073 / Training g_loss : -0.42823382013363376 /Training roc : 0.9590185042476955 / Training ap : 0.9640588760375977 
40 epoch, SNS : Val AP : 0.9771685600280762 / AUROC : 0.9761750549830606 
40 epoch, MNS : Val AP : 0.8197786808013916 / AUROC : 0.8181768789501318 
40 epoch, CNS : Val AP : 0.5099188089370728 / AUROC : 0.514751431998996 
40 epoch, ALL : Val AP : 0.7138127088546753 / AUROC : 0.7696604646363214 
41 epoch: Training d_loss : -0.0006981829865369205 / Training g_loss : -0.4283125320944005 /Training roc : 0.9597240703515783 / Training ap : 0.9647257924079895 
41 epoch, SNS : Val AP : 0.9771685600280762 / AUROC : 0.9761750549830606 
41 epoch, MNS : Val AP : 0.8197786808013916 / AUROC : 0.8181768789501318 
41 epoch, CNS : Val AP : 0.5099188089370728 / AUROC : 0.514751431998996 
41 epoch, ALL : Val AP : 0.7138127088546753 / AUROC : 0.7696604646363214 
42 epoch: Training d_loss : -0.0007334401052214194 / Training g_loss : -0.42807091158979077 /Training roc : 0.9592382031034764 / Training ap : 0.9644820690155029 
42 epoch, SNS : Val AP : 0.9778493642807007 / AUROC : 0.9769077144156073 
42 epoch, MNS : Val AP : 0.821942925453186 / AUROC : 0.8197054050348628 
42 epoch, CNS : Val AP : 0.5102022290229797 / AUROC : 0.5134474192914344 
42 epoch, ALL : Val AP : 0.7144647836685181 / AUROC : 0.7699050541583308 
43 epoch: Training d_loss : -0.0007488738940895456 / Training g_loss : -0.4281921163082881 /Training roc : 0.9607196276896226 / Training ap : 0.9658128023147583 
43 epoch, SNS : Val AP : 0.9778493642807007 / AUROC : 0.9769077144156073 
43 epoch, MNS : Val AP : 0.821942925453186 / AUROC : 0.8197054050348628 
43 epoch, CNS : Val AP : 0.5102022290229797 / AUROC : 0.5134474192914344 
43 epoch, ALL : Val AP : 0.7144647836685181 / AUROC : 0.7699050541583308 
44 epoch: Training d_loss : -0.0007806915689159084 / Training g_loss : -0.42807549584082466 /Training roc : 0.9609135364647969 / Training ap : 0.9659392237663269 
44 epoch, SNS : Val AP : 0.9782924056053162 / AUROC : 0.9774926200294547 
44 epoch, MNS : Val AP : 0.819959282875061 / AUROC : 0.8196857652520297 
44 epoch, CNS : Val AP : 0.5082687139511108 / AUROC : 0.511442817317072 
44 epoch, ALL : Val AP : 0.7130305767059326 / AUROC : 0.7694171194489234 
45 epoch: Training d_loss : -0.0007986821032859183 / Training g_loss : -0.42814408349308564 /Training roc : 0.9615581786404056 / Training ap : 0.9662126302719116 
45 epoch, SNS : Val AP : 0.9782924056053162 / AUROC : 0.9774926200294547 
45 epoch, MNS : Val AP : 0.819959282875061 / AUROC : 0.8196857652520297 
45 epoch, CNS : Val AP : 0.5082687139511108 / AUROC : 0.511442817317072 
45 epoch, ALL : Val AP : 0.7130305767059326 / AUROC : 0.7694171194489234 
46 epoch: Training d_loss : -0.0007931401505947871 / Training g_loss : -0.4279304368981117 /Training roc : 0.9597565051081661 / Training ap : 0.9647560119628906 
46 epoch, SNS : Val AP : 0.9785193204879761 / AUROC : 0.9776647458411039 
46 epoch, MNS : Val AP : 0.8196942806243896 / AUROC : 0.8203014302316377 
46 epoch, CNS : Val AP : 0.5060839056968689 / AUROC : 0.5093870052754812 
46 epoch, ALL : Val AP : 0.7115118503570557 / AUROC : 0.7691070690382619 
47 epoch: Training d_loss : -0.0008262463612852112 / Training g_loss : -0.4280022240120959 /Training roc : 0.9621100273729055 / Training ap : 0.9668939113616943 
47 epoch, SNS : Val AP : 0.9785193204879761 / AUROC : 0.9776647458411039 
47 epoch, MNS : Val AP : 0.8196942806243896 / AUROC : 0.8203014302316377 
47 epoch, CNS : Val AP : 0.5060839056968689 / AUROC : 0.5093870052754812 
47 epoch, ALL : Val AP : 0.7115118503570557 / AUROC : 0.7691070690382619 
48 epoch: Training d_loss : -0.0008458727304431327 / Training g_loss : -0.427872369702556 /Training roc : 0.9612617759850471 / Training ap : 0.9662123918533325 
48 epoch, SNS : Val AP : 0.9784165620803833 / AUROC : 0.9774947417480754 
48 epoch, MNS : Val AP : 0.8210992813110352 / AUROC : 0.8210843332941351 
48 epoch, CNS : Val AP : 0.5057252049446106 / AUROC : 0.509017615174496 
48 epoch, ALL : Val AP : 0.7115238308906555 / AUROC : 0.7692342800319937 
49 epoch: Training d_loss : -0.0008661370067035451 / Training g_loss : -0.42780678194543326 /Training roc : 0.9608451965153542 / Training ap : 0.965672492980957 
49 epoch, SNS : Val AP : 0.9784165620803833 / AUROC : 0.9774947417480754 
49 epoch, MNS : Val AP : 0.8210992813110352 / AUROC : 0.8210843332941351 
49 epoch, CNS : Val AP : 0.5057252049446106 / AUROC : 0.509017615174496 
49 epoch, ALL : Val AP : 0.7115238308906555 / AUROC : 0.7692342800319937 
0 epoch: Training d_loss : 6.0200028949313696e-05 / Training g_loss : -0.45534908393072704 /Training roc : 0.8761233175272425 / Training ap : 0.8466331362724304 
0 epoch, SNS : Val AP : 0.887265682220459 / AUROC : 0.9123167565494065 
0 epoch, MNS : Val AP : 0.6608150601387024 / AUROC : 0.694423119259182 
0 epoch, CNS : Val AP : 0.515536367893219 / AUROC : 0.5217385402367052 
0 epoch, ALL : Val AP : 0.6622591018676758 / AUROC : 0.714374400108506 
1 epoch: Training d_loss : 7.315657570934447e-05 / Training g_loss : -0.4553633143204384 /Training roc : 0.894017806852914 / Training ap : 0.8744756579399109 
1 epoch, SNS : Val AP : 0.887265682220459 / AUROC : 0.9123167565494065 
1 epoch, MNS : Val AP : 0.6608150601387024 / AUROC : 0.694423119259182 
1 epoch, CNS : Val AP : 0.515536367893219 / AUROC : 0.5217385402367052 
1 epoch, ALL : Val AP : 0.6622591018676758 / AUROC : 0.714374400108506 
2 epoch: Training d_loss : 2.557998715599315e-05 / Training g_loss : -0.45487960978797587 /Training roc : 0.9082393708188895 / Training ap : 0.8988305330276489 
2 epoch, SNS : Val AP : 0.9401010870933533 / AUROC : 0.9463727398392395 
2 epoch, MNS : Val AP : 0.7418025732040405 / AUROC : 0.7523004373117572 
2 epoch, CNS : Val AP : 0.5380159020423889 / AUROC : 0.5472731461228058 
2 epoch, ALL : Val AP : 0.706699013710022 / AUROC : 0.7525549633707888 
3 epoch: Training d_loss : -1.9022789213729398e-06 / Training g_loss : -0.45468765805180766 /Training roc : 0.9276721971729895 / Training ap : 0.9282317161560059 
3 epoch, SNS : Val AP : 0.9401010870933533 / AUROC : 0.9463727398392395 
3 epoch, MNS : Val AP : 0.7418025732040405 / AUROC : 0.7523004373117572 
3 epoch, CNS : Val AP : 0.5380159020423889 / AUROC : 0.5472731461228058 
3 epoch, ALL : Val AP : 0.706699013710022 / AUROC : 0.7525549633707888 
4 epoch: Training d_loss : -2.329269444809809e-05 / Training g_loss : -0.45455695615284775 /Training roc : 0.9315057333877966 / Training ap : 0.9337001442909241 
4 epoch, SNS : Val AP : 0.9521825313568115 / AUROC : 0.9551293502979881 
4 epoch, MNS : Val AP : 0.7626191973686218 / AUROC : 0.7680994873194653 
4 epoch, CNS : Val AP : 0.539085328578949 / AUROC : 0.549850323304373 
4 epoch, ALL : Val AP : 0.7139000296592712 / AUROC : 0.7611892790263046 
5 epoch: Training d_loss : -4.1720787557774773e-05 / Training g_loss : -0.4544264757102548 /Training roc : 0.9357503768409997 / Training ap : 0.93928462266922 
5 epoch, SNS : Val AP : 0.9521825313568115 / AUROC : 0.9551293502979881 
5 epoch, MNS : Val AP : 0.7626191973686218 / AUROC : 0.7680994873194653 
5 epoch, CNS : Val AP : 0.539085328578949 / AUROC : 0.549850323304373 
5 epoch, ALL : Val AP : 0.7139000296592712 / AUROC : 0.7611892790263046 
6 epoch: Training d_loss : -5.776777460768416e-05 / Training g_loss : -0.45430424624671994 /Training roc : 0.9369534371417996 / Training ap : 0.9410302639007568 
6 epoch, SNS : Val AP : 0.9576742649078369 / AUROC : 0.9592300991846802 
6 epoch, MNS : Val AP : 0.7771119475364685 / AUROC : 0.7787393618861265 
6 epoch, CNS : Val AP : 0.541757345199585 / AUROC : 0.5524848424310667 
6 epoch, ALL : Val AP : 0.7192272543907166 / AUROC : 0.7668229150973608 
7 epoch: Training d_loss : -6.458703398894051e-05 / Training g_loss : -0.4542134660510835 /Training roc : 0.9393775566205378 / Training ap : 0.9440611600875854 
7 epoch, SNS : Val AP : 0.9576742649078369 / AUROC : 0.9592300991846802 
7 epoch, MNS : Val AP : 0.7771119475364685 / AUROC : 0.7787393618861265 
7 epoch, CNS : Val AP : 0.541757345199585 / AUROC : 0.5524848424310667 
7 epoch, ALL : Val AP : 0.7192272543907166 / AUROC : 0.7668229150973608 
8 epoch: Training d_loss : -8.847783593570485e-05 / Training g_loss : -0.4540507712405892 /Training roc : 0.9411529402404895 / Training ap : 0.9471255540847778 
8 epoch, SNS : Val AP : 0.9614545106887817 / AUROC : 0.9618698170774177 
8 epoch, MNS : Val AP : 0.7867830991744995 / AUROC : 0.7858151157499705 
8 epoch, CNS : Val AP : 0.5418466329574585 / AUROC : 0.5528925012265422 
8 epoch, ALL : Val AP : 0.7219579815864563 / AUROC : 0.7697301807049387 
9 epoch: Training d_loss : -9.787698618368807e-05 / Training g_loss : -0.45400662154006655 /Training roc : 0.9417420813530291 / Training ap : 0.9482413530349731 
9 epoch, SNS : Val AP : 0.9614545106887817 / AUROC : 0.9618698170774177 
9 epoch, MNS : Val AP : 0.7867830991744995 / AUROC : 0.7858151157499705 
9 epoch, CNS : Val AP : 0.5418466329574585 / AUROC : 0.5528925012265422 
9 epoch, ALL : Val AP : 0.7219579815864563 / AUROC : 0.7697301807049387 
10 epoch: Training d_loss : -0.00012022221315835731 / Training g_loss : -0.4539098846230105 /Training roc : 0.9431697783529607 / Training ap : 0.9499374628067017 
10 epoch, SNS : Val AP : 0.9638457894325256 / AUROC : 0.9638110563135002 
10 epoch, MNS : Val AP : 0.7898059487342834 / AUROC : 0.7899302501110792 
10 epoch, CNS : Val AP : 0.5384872555732727 / AUROC : 0.5494593605460001 
10 epoch, ALL : Val AP : 0.7222779393196106 / AUROC : 0.7706892293862416 
11 epoch: Training d_loss : -0.00012311602340025061 / Training g_loss : -0.45392942286447424 /Training roc : 0.9434982060263439 / Training ap : 0.9503147006034851 
11 epoch, SNS : Val AP : 0.9638457894325256 / AUROC : 0.9638110563135002 
11 epoch, MNS : Val AP : 0.7898059487342834 / AUROC : 0.7899302501110792 
11 epoch, CNS : Val AP : 0.5384872555732727 / AUROC : 0.5494593605460001 
11 epoch, ALL : Val AP : 0.7222779393196106 / AUROC : 0.7706892293862416 
12 epoch: Training d_loss : -0.00014171596551358414 / Training g_loss : -0.4537314623831186 /Training roc : 0.9418356041801469 / Training ap : 0.9497995376586914 
12 epoch, SNS : Val AP : 0.9644520878791809 / AUROC : 0.9638134446355078 
12 epoch, MNS : Val AP : 0.8018480539321899 / AUROC : 0.7953633272067134 
12 epoch, CNS : Val AP : 0.5426176190376282 / AUROC : 0.5529240381855143 
12 epoch, ALL : Val AP : 0.7268581986427307 / AUROC : 0.7734006900546467 
13 epoch: Training d_loss : -0.0001579796471921742 / Training g_loss : -0.4537178787783333 /Training roc : 0.9444285630983961 / Training ap : 0.9517254829406738 
13 epoch, SNS : Val AP : 0.9644520878791809 / AUROC : 0.9638134446355078 
13 epoch, MNS : Val AP : 0.8018480539321899 / AUROC : 0.7953633272067134 
13 epoch, CNS : Val AP : 0.5426176190376282 / AUROC : 0.5529240381855143 
13 epoch, ALL : Val AP : 0.7268581986427307 / AUROC : 0.7734006900546467 
14 epoch: Training d_loss : -0.00016897049731025635 / Training g_loss : -0.4537124199310054 /Training roc : 0.9446797130913821 / Training ap : 0.9522813558578491 
14 epoch, SNS : Val AP : 0.9655354619026184 / AUROC : 0.9646819162767167 
14 epoch, MNS : Val AP : 0.804484486579895 / AUROC : 0.7977344532956522 
14 epoch, CNS : Val AP : 0.5412063598632812 / AUROC : 0.5508980079639318 
14 epoch, ALL : Val AP : 0.7272614240646362 / AUROC : 0.7735374557605716 
15 epoch: Training d_loss : -0.00018236007902694242 / Training g_loss : -0.4536769350780402 /Training roc : 0.9447912471371616 / Training ap : 0.9526379108428955 
15 epoch, SNS : Val AP : 0.9655354619026184 / AUROC : 0.9646819162767167 
15 epoch, MNS : Val AP : 0.804484486579895 / AUROC : 0.7977344532956522 
15 epoch, CNS : Val AP : 0.5412063598632812 / AUROC : 0.5508980079639318 
15 epoch, ALL : Val AP : 0.7272614240646362 / AUROC : 0.7735374557605716 
16 epoch: Training d_loss : -0.0002078925198705094 / Training g_loss : -0.45359791817649936 /Training roc : 0.9465983571102812 / Training ap : 0.9536513686180115 
16 epoch, SNS : Val AP : 0.9666100144386292 / AUROC : 0.9656582178794406 
16 epoch, MNS : Val AP : 0.8097085952758789 / AUROC : 0.8004739808313498 
16 epoch, CNS : Val AP : 0.5424168109893799 / AUROC : 0.5516872206399188 
16 epoch, ALL : Val AP : 0.7298563718795776 / AUROC : 0.7751962982289652 
17 epoch: Training d_loss : -0.0002148434496077521 / Training g_loss : -0.4535181773485933 /Training roc : 0.9460868478798488 / Training ap : 0.953455924987793 
17 epoch, SNS : Val AP : 0.9666100144386292 / AUROC : 0.9656582178794406 
17 epoch, MNS : Val AP : 0.8097085952758789 / AUROC : 0.8004739808313498 
17 epoch, CNS : Val AP : 0.5424168109893799 / AUROC : 0.5516872206399188 
17 epoch, ALL : Val AP : 0.7298563718795776 / AUROC : 0.7751962982289652 
18 epoch: Training d_loss : -0.000227480724051192 / Training g_loss : -0.4535124524124855 /Training roc : 0.9466747832255916 / Training ap : 0.9538418650627136 
18 epoch, SNS : Val AP : 0.9673001766204834 / AUROC : 0.9664022746067762 
18 epoch, MNS : Val AP : 0.8143973350524902 / AUROC : 0.8030940478327799 
18 epoch, CNS : Val AP : 0.5449582934379578 / AUROC : 0.5536257716251838 
18 epoch, ALL : Val AP : 0.7324848771095276 / AUROC : 0.7767079647991959 
19 epoch: Training d_loss : -0.00024027139280103916 / Training g_loss : -0.4533982319085132 /Training roc : 0.9465906695756063 / Training ap : 0.9537374973297119 
19 epoch, SNS : Val AP : 0.9673001766204834 / AUROC : 0.9664022746067762 
19 epoch, MNS : Val AP : 0.8143973350524902 / AUROC : 0.8030940478327799 
19 epoch, CNS : Val AP : 0.5449582934379578 / AUROC : 0.5536257716251838 
19 epoch, ALL : Val AP : 0.7324848771095276 / AUROC : 0.7767079647991959 
20 epoch: Training d_loss : -0.00025945094033530863 / Training g_loss : -0.45346589384094144 /Training roc : 0.9504034843733018 / Training ap : 0.9564346075057983 
20 epoch, SNS : Val AP : 0.9709110260009766 / AUROC : 0.9707111518708192 
20 epoch, MNS : Val AP : 0.8108522295951843 / AUROC : 0.8053821602921315 
20 epoch, CNS : Val AP : 0.5388010740280151 / AUROC : 0.5460155112960854 
20 epoch, ALL : Val AP : 0.7307949066162109 / AUROC : 0.7768515410150909 
21 epoch: Training d_loss : -0.00026610019855165707 / Training g_loss : -0.45349750941432715 /Training roc : 0.9517002773071105 / Training ap : 0.9574072360992432 
21 epoch, SNS : Val AP : 0.9709110260009766 / AUROC : 0.9707111518708192 
21 epoch, MNS : Val AP : 0.8108522295951843 / AUROC : 0.8053821602921315 
21 epoch, CNS : Val AP : 0.5388010740280151 / AUROC : 0.5460155112960854 
21 epoch, ALL : Val AP : 0.7307949066162109 / AUROC : 0.7768515410150909 
22 epoch: Training d_loss : -0.0002846942181048977 / Training g_loss : -0.4532607167438028 /Training roc : 0.9512593109879758 / Training ap : 0.9577038288116455 
22 epoch, SNS : Val AP : 0.9710264801979065 / AUROC : 0.9705944240212673 
22 epoch, MNS : Val AP : 0.8197311758995056 / AUROC : 0.8087819200069424 
22 epoch, CNS : Val AP : 0.543808102607727 / AUROC : 0.5508228480257831 
22 epoch, ALL : Val AP : 0.7353872060775757 / AUROC : 0.7795951544010382 
23 epoch: Training d_loss : -0.0002957808952452837 / Training g_loss : -0.4532607682937658 /Training roc : 0.9517699637167121 / Training ap : 0.9579777717590332 
23 epoch, SNS : Val AP : 0.9710264801979065 / AUROC : 0.9705944240212673 
23 epoch, MNS : Val AP : 0.8197311758995056 / AUROC : 0.8087819200069424 
23 epoch, CNS : Val AP : 0.543808102607727 / AUROC : 0.5508228480257831 
23 epoch, ALL : Val AP : 0.7353872060775757 / AUROC : 0.7795951544010382 
24 epoch: Training d_loss : -0.00031633743800116266 / Training g_loss : -0.4533082827665089 /Training roc : 0.9544284709319024 / Training ap : 0.9599646329879761 
24 epoch, SNS : Val AP : 0.9724224805831909 / AUROC : 0.9719973576938326 
24 epoch, MNS : Val AP : 0.8202200531959534 / AUROC : 0.8108836211564985 
24 epoch, CNS : Val AP : 0.540238618850708 / AUROC : 0.5479756016133148 
24 epoch, ALL : Val AP : 0.734090268611908 / AUROC : 0.779799736343272 
25 epoch: Training d_loss : -0.0003266887937706491 / Training g_loss : -0.4532193545317233 /Training roc : 0.9535008549121078 / Training ap : 0.9589669704437256 
25 epoch, SNS : Val AP : 0.9724224805831909 / AUROC : 0.9719973576938326 
25 epoch, MNS : Val AP : 0.8202200531959534 / AUROC : 0.8108836211564985 
25 epoch, CNS : Val AP : 0.540238618850708 / AUROC : 0.5479756016133148 
25 epoch, ALL : Val AP : 0.734090268611908 / AUROC : 0.779799736343272 
26 epoch: Training d_loss : -0.00033821196358988507 / Training g_loss : -0.453212225901493 /Training roc : 0.9555093069597027 / Training ap : 0.9608514308929443 
26 epoch, SNS : Val AP : 0.9734610915184021 / AUROC : 0.973224266480216 
26 epoch, MNS : Val AP : 0.8216443657875061 / AUROC : 0.812323468289671 
26 epoch, CNS : Val AP : 0.5399743914604187 / AUROC : 0.5476817380301355 
26 epoch, ALL : Val AP : 0.7342831492424011 / AUROC : 0.7804324360525333 
27 epoch: Training d_loss : -0.000346727846915847 / Training g_loss : -0.45320399245321275 /Training roc : 0.9548446110433765 / Training ap : 0.9600046873092651 
27 epoch, SNS : Val AP : 0.9734610915184021 / AUROC : 0.973224266480216 
27 epoch, MNS : Val AP : 0.8216443657875061 / AUROC : 0.812323468289671 
27 epoch, CNS : Val AP : 0.5399743914604187 / AUROC : 0.5476817380301355 
27 epoch, ALL : Val AP : 0.7342831492424011 / AUROC : 0.7804324360525333 
28 epoch: Training d_loss : -0.00036716461181640625 / Training g_loss : -0.45301263306781486 /Training roc : 0.9555966491521037 / Training ap : 0.9612293243408203 
28 epoch, SNS : Val AP : 0.9729663729667664 / AUROC : 0.9725601685519932 
28 epoch, MNS : Val AP : 0.8256171941757202 / AUROC : 0.813724968969032 
28 epoch, CNS : Val AP : 0.542316198348999 / AUROC : 0.5499568091404793 
28 epoch, ALL : Val AP : 0.7355833053588867 / AUROC : 0.7812544968253023 
29 epoch: Training d_loss : -0.0003747973229813083 / Training g_loss : -0.45298749066308874 /Training roc : 0.9553965461665374 / Training ap : 0.960823655128479 
29 epoch, SNS : Val AP : 0.9729663729667664 / AUROC : 0.9725601685519932 
29 epoch, MNS : Val AP : 0.8256171941757202 / AUROC : 0.813724968969032 
29 epoch, CNS : Val AP : 0.542316198348999 / AUROC : 0.5499568091404793 
29 epoch, ALL : Val AP : 0.7355833053588867 / AUROC : 0.7812544968253023 
30 epoch: Training d_loss : -0.0003924158731970006 / Training g_loss : -0.45307587226926804 /Training roc : 0.9566116542620868 / Training ap : 0.9615347385406494 
30 epoch, SNS : Val AP : 0.9748138785362244 / AUROC : 0.9746837533962217 
30 epoch, MNS : Val AP : 0.8206120729446411 / AUROC : 0.8137559171788582 
30 epoch, CNS : Val AP : 0.5353431701660156 / AUROC : 0.5435284904931788 
30 epoch, ALL : Val AP : 0.7316082119941711 / AUROC : 0.7797569401207519 
31 epoch: Training d_loss : -0.0003944430944460943 / Training g_loss : -0.4530977698691509 /Training roc : 0.9577624420422334 / Training ap : 0.9624614119529724 
31 epoch, SNS : Val AP : 0.9748138785362244 / AUROC : 0.9746837533962217 
31 epoch, MNS : Val AP : 0.8206120729446411 / AUROC : 0.8137559171788582 
31 epoch, CNS : Val AP : 0.5353431701660156 / AUROC : 0.5435284904931788 
31 epoch, ALL : Val AP : 0.7316082119941711 / AUROC : 0.7797569401207519 
32 epoch: Training d_loss : -0.0004184072925930931 / Training g_loss : -0.4529030119615888 /Training roc : 0.9579701094123992 / Training ap : 0.962783932685852 
32 epoch, SNS : Val AP : 0.9751535058021545 / AUROC : 0.9749824713827367 
32 epoch, MNS : Val AP : 0.8245358467102051 / AUROC : 0.8154861398342318 
32 epoch, CNS : Val AP : 0.537982165813446 / AUROC : 0.545171622708841 
32 epoch, ALL : Val AP : 0.7337095737457275 / AUROC : 0.7809187597930245 
33 epoch: Training d_loss : -0.00041851974632857523 / Training g_loss : -0.4529751412250658 /Training roc : 0.9580908993352717 / Training ap : 0.962489902973175 
33 epoch, SNS : Val AP : 0.9751535058021545 / AUROC : 0.9749824713827367 
33 epoch, MNS : Val AP : 0.8245358467102051 / AUROC : 0.8154861398342318 
33 epoch, CNS : Val AP : 0.537982165813446 / AUROC : 0.545171622708841 
33 epoch, ALL : Val AP : 0.7337095737457275 / AUROC : 0.7809187597930245 
34 epoch: Training d_loss : -0.0004240171139873268 / Training g_loss : -0.4529272942834894 /Training roc : 0.95747778975092 / Training ap : 0.9625431299209595 
34 epoch, SNS : Val AP : 0.9755579233169556 / AUROC : 0.9752752796608433 
34 epoch, MNS : Val AP : 0.8235504031181335 / AUROC : 0.8161869290535728 
34 epoch, CNS : Val AP : 0.5339602828025818 / AUROC : 0.5418617972032016 
34 epoch, ALL : Val AP : 0.7313631772994995 / AUROC : 0.7801347845474618 
35 epoch: Training d_loss : -0.0004431871380449668 / Training g_loss : -0.4529121245223502 /Training roc : 0.9576101673948889 / Training ap : 0.9623744487762451 
35 epoch, SNS : Val AP : 0.9755579233169556 / AUROC : 0.9752752796608433 
35 epoch, MNS : Val AP : 0.8235504031181335 / AUROC : 0.8161869290535728 
35 epoch, CNS : Val AP : 0.5339602828025818 / AUROC : 0.5418617972032016 
35 epoch, ALL : Val AP : 0.7313631772994995 / AUROC : 0.7801347845474618 
36 epoch: Training d_loss : -0.00045808192656415444 / Training g_loss : -0.4527603834630575 /Training roc : 0.9571821275869412 / Training ap : 0.9623491764068604 
36 epoch, SNS : Val AP : 0.9760777950286865 / AUROC : 0.9757335042320289 
36 epoch, MNS : Val AP : 0.8273932337760925 / AUROC : 0.8182691348304639 
36 epoch, CNS : Val AP : 0.535231351852417 / AUROC : 0.542472007921853 
36 epoch, ALL : Val AP : 0.7330191731452942 / AUROC : 0.7811896025533035 
37 epoch: Training d_loss : -0.0004849444322631545 / Training g_loss : -0.45275959595208704 /Training roc : 0.9602260568628662 / Training ap : 0.9650057554244995 
37 epoch, SNS : Val AP : 0.9760777950286865 / AUROC : 0.9757335042320289 
37 epoch, MNS : Val AP : 0.8273932337760925 / AUROC : 0.8182691348304639 
37 epoch, CNS : Val AP : 0.535231351852417 / AUROC : 0.542472007921853 
37 epoch, ALL : Val AP : 0.7330191731452942 / AUROC : 0.7811896025533035 
38 epoch: Training d_loss : -0.0004976630589920311 / Training g_loss : -0.4527139016478922 /Training roc : 0.9589260292158799 / Training ap : 0.9639543890953064 
38 epoch, SNS : Val AP : 0.975501537322998 / AUROC : 0.975019307084023 
38 epoch, MNS : Val AP : 0.8277571797370911 / AUROC : 0.8184525579606317 
38 epoch, CNS : Val AP : 0.5340568423271179 / AUROC : 0.5423817848923459 
38 epoch, ALL : Val AP : 0.7318863868713379 / AUROC : 0.7806682374613512 
39 epoch: Training d_loss : -0.0005190944586345994 / Training g_loss : -0.45259329008563337 /Training roc : 0.9584046763867053 / Training ap : 0.9634298086166382 
39 epoch, SNS : Val AP : 0.975501537322998 / AUROC : 0.975019307084023 
39 epoch, MNS : Val AP : 0.8277571797370911 / AUROC : 0.8184525579606317 
39 epoch, CNS : Val AP : 0.5340568423271179 / AUROC : 0.5423817848923459 
39 epoch, ALL : Val AP : 0.7318863868713379 / AUROC : 0.7806682374613512 
40 epoch: Training d_loss : -0.0005351059103239511 / Training g_loss : -0.45258338017380295 /Training roc : 0.9595381218587369 / Training ap : 0.9644561409950256 
40 epoch, SNS : Val AP : 0.9761336445808411 / AUROC : 0.975670630266625 
40 epoch, MNS : Val AP : 0.8293066620826721 / AUROC : 0.8201434899418651 
40 epoch, CNS : Val AP : 0.5332304239273071 / AUROC : 0.5418999325959988 
40 epoch, ALL : Val AP : 0.7316061854362488 / AUROC : 0.7811764703791034 
41 epoch: Training d_loss : -0.0005483369095715885 / Training g_loss : -0.4525045418966745 /Training roc : 0.9595785576246838 / Training ap : 0.9644975066184998 
41 epoch, SNS : Val AP : 0.9761336445808411 / AUROC : 0.975670630266625 
41 epoch, MNS : Val AP : 0.8293066620826721 / AUROC : 0.8201434899418651 
41 epoch, CNS : Val AP : 0.5332304239273071 / AUROC : 0.5418999325959988 
41 epoch, ALL : Val AP : 0.7316061854362488 / AUROC : 0.7811764703791034 
42 epoch: Training d_loss : -0.0005685078699751764 / Training g_loss : -0.45244298058018584 /Training roc : 0.9600875220330742 / Training ap : 0.9648948907852173 
42 epoch, SNS : Val AP : 0.9773596525192261 / AUROC : 0.9770607891935693 
42 epoch, MNS : Val AP : 0.828734278678894 / AUROC : 0.82083760296806 
42 epoch, CNS : Val AP : 0.5327056646347046 / AUROC : 0.5398856329234387 
42 epoch, ALL : Val AP : 0.7314748167991638 / AUROC : 0.7812404536204048 
43 epoch: Training d_loss : -0.0005821303978254382 / Training g_loss : -0.4524821921922444 /Training roc : 0.9615772030981053 / Training ap : 0.9660695195198059 
43 epoch, SNS : Val AP : 0.9773596525192261 / AUROC : 0.9770607891935693 
43 epoch, MNS : Val AP : 0.828734278678894 / AUROC : 0.82083760296806 
43 epoch, CNS : Val AP : 0.5327056646347046 / AUROC : 0.5398856329234387 
43 epoch, ALL : Val AP : 0.7314748167991638 / AUROC : 0.7812404536204048 
44 epoch: Training d_loss : -0.000612840151180334 / Training g_loss : -0.45215146947172374 /Training roc : 0.9601869181909862 / Training ap : 0.9649945497512817 
44 epoch, SNS : Val AP : 0.9773116111755371 / AUROC : 0.9768669240974158 
44 epoch, MNS : Val AP : 0.8324816226959229 / AUROC : 0.8222292948644789 
44 epoch, CNS : Val AP : 0.5364034175872803 / AUROC : 0.5430406285121525 
44 epoch, ALL : Val AP : 0.7341699600219727 / AUROC : 0.7825794687633348 
45 epoch: Training d_loss : -0.0006330901659160426 / Training g_loss : -0.45216508112575365 /Training roc : 0.9622172394173316 / Training ap : 0.9667573571205139 
45 epoch, SNS : Val AP : 0.9773116111755371 / AUROC : 0.9768669240974158 
45 epoch, MNS : Val AP : 0.8324816226959229 / AUROC : 0.8222292948644789 
45 epoch, CNS : Val AP : 0.5364034175872803 / AUROC : 0.5430406285121525 
45 epoch, ALL : Val AP : 0.7341699600219727 / AUROC : 0.7825794687633348 
46 epoch: Training d_loss : -0.0006440990443070477 / Training g_loss : -0.45218348578921563 /Training roc : 0.9618990441006651 / Training ap : 0.9662513732910156 
46 epoch, SNS : Val AP : 0.9778898358345032 / AUROC : 0.9775727343472096 
46 epoch, MNS : Val AP : 0.830901563167572 / AUROC : 0.8224138288420919 
46 epoch, CNS : Val AP : 0.5339813828468323 / AUROC : 0.540425215961518 
46 epoch, ALL : Val AP : 0.7326630353927612 / AUROC : 0.7819997865966142 
47 epoch: Training d_loss : -0.0006614254227882349 / Training g_loss : -0.45213550840917566 /Training roc : 0.9624422821525702 / Training ap : 0.9665614366531372 
47 epoch, SNS : Val AP : 0.9778898358345032 / AUROC : 0.9775727343472096 
47 epoch, MNS : Val AP : 0.830901563167572 / AUROC : 0.8224138288420919 
47 epoch, CNS : Val AP : 0.5339813828468323 / AUROC : 0.540425215961518 
47 epoch, ALL : Val AP : 0.7326630353927612 / AUROC : 0.7819997865966142 
48 epoch: Training d_loss : -0.0006685966243804544 / Training g_loss : -0.45199267104244384 /Training roc : 0.9618472368554289 / Training ap : 0.96593177318573 
48 epoch, SNS : Val AP : 0.9781843423843384 / AUROC : 0.9777995360701163 
48 epoch, MNS : Val AP : 0.8347798585891724 / AUROC : 0.8244989228223407 
48 epoch, CNS : Val AP : 0.5366053581237793 / AUROC : 0.5423047476220144 
48 epoch, ALL : Val AP : 0.7347798943519592 / AUROC : 0.7832210565769617 
49 epoch: Training d_loss : -0.0006786471614776999 / Training g_loss : -0.4519377071262354 /Training roc : 0.9622322146213361 / Training ap : 0.966475248336792 
49 epoch, SNS : Val AP : 0.9781843423843384 / AUROC : 0.9777995360701163 
49 epoch, MNS : Val AP : 0.8347798585891724 / AUROC : 0.8244989228223407 
49 epoch, CNS : Val AP : 0.5366053581237793 / AUROC : 0.5423047476220144 
49 epoch, ALL : Val AP : 0.7347798943519592 / AUROC : 0.7832210565769617 
0 epoch: Training d_loss : -3.036998567127046e-06 / Training g_loss : -0.46423956903200303 /Training roc : 0.8672469118579145 / Training ap : 0.8215372562408447 
0 epoch, SNS : Val AP : 0.8874232172966003 / AUROC : 0.9118927460795361 
0 epoch, MNS : Val AP : 0.662510871887207 / AUROC : 0.6990864901599689 
0 epoch, CNS : Val AP : 0.5159144997596741 / AUROC : 0.5131743174470078 
0 epoch, ALL : Val AP : 0.6536790728569031 / AUROC : 0.7066233064939245 
1 epoch: Training d_loss : 2.8358283785833654e-05 / Training g_loss : -0.46426158375884086 /Training roc : 0.8926681749225466 / Training ap : 0.8711208701133728 
1 epoch, SNS : Val AP : 0.8874232172966003 / AUROC : 0.9118927460795361 
1 epoch, MNS : Val AP : 0.662510871887207 / AUROC : 0.6990864901599689 
1 epoch, CNS : Val AP : 0.5159144997596741 / AUROC : 0.5131743174470078 
1 epoch, ALL : Val AP : 0.6536790728569031 / AUROC : 0.7066233064939245 
2 epoch: Training d_loss : -1.9173932947301336e-06 / Training g_loss : -0.46405741226502556 /Training roc : 0.910868246037364 / Training ap : 0.9012967348098755 
2 epoch, SNS : Val AP : 0.9432916641235352 / AUROC : 0.9484617662194448 
2 epoch, MNS : Val AP : 0.7333566546440125 / AUROC : 0.7495176644850142 
2 epoch, CNS : Val AP : 0.536016047000885 / AUROC : 0.5372049025430208 
2 epoch, ALL : Val AP : 0.6931757926940918 / AUROC : 0.7435983095003259 
3 epoch: Training d_loss : -2.2394715886805886e-05 / Training g_loss : -0.4639326804014003 /Training roc : 0.9293999153628226 / Training ap : 0.9294637441635132 
3 epoch, SNS : Val AP : 0.9432916641235352 / AUROC : 0.9484617662194448 
3 epoch, MNS : Val AP : 0.7333566546440125 / AUROC : 0.7495176644850142 
3 epoch, CNS : Val AP : 0.536016047000885 / AUROC : 0.5372049025430208 
3 epoch, ALL : Val AP : 0.6931757926940918 / AUROC : 0.7435983095003259 
4 epoch: Training d_loss : -4.362261636458065e-05 / Training g_loss : -0.4637719690325908 /Training roc : 0.931759001186129 / Training ap : 0.9327763915061951 
4 epoch, SNS : Val AP : 0.9570302963256836 / AUROC : 0.9585979381205096 
4 epoch, MNS : Val AP : 0.7676234245300293 / AUROC : 0.7732341019234968 
4 epoch, CNS : Val AP : 0.546222984790802 / AUROC : 0.5490023579070042 
4 epoch, ALL : Val AP : 0.7106079459190369 / AUROC : 0.7584027583165327 
5 epoch: Training d_loss : -5.594120969453942e-05 / Training g_loss : -0.46369302680268765 /Training roc : 0.9381729178389469 / Training ap : 0.9422594308853149 
5 epoch, SNS : Val AP : 0.9570302963256836 / AUROC : 0.9585979381205096 
5 epoch, MNS : Val AP : 0.7676234245300293 / AUROC : 0.7732341019234968 
5 epoch, CNS : Val AP : 0.546222984790802 / AUROC : 0.5490023579070042 
5 epoch, ALL : Val AP : 0.7106079459190369 / AUROC : 0.7584027583165327 
6 epoch: Training d_loss : -7.114406609952166e-05 / Training g_loss : -0.46361144012601274 /Training roc : 0.9384252192960285 / Training ap : 0.9428017735481262 
6 epoch, SNS : Val AP : 0.9621063470840454 / AUROC : 0.9634409552701501 
6 epoch, MNS : Val AP : 0.7773454785346985 / AUROC : 0.7819726611112593 
6 epoch, CNS : Val AP : 0.5469645261764526 / AUROC : 0.5511655222457088 
6 epoch, ALL : Val AP : 0.7152154445648193 / AUROC : 0.7632969707651581 
7 epoch: Training d_loss : -8.489523195500214e-05 / Training g_loss : -0.4636054274482454 /Training roc : 0.9439090232389495 / Training ap : 0.947974681854248 
7 epoch, SNS : Val AP : 0.9621063470840454 / AUROC : 0.9634409552701501 
7 epoch, MNS : Val AP : 0.7773454785346985 / AUROC : 0.7819726611112593 
7 epoch, CNS : Val AP : 0.5469645261764526 / AUROC : 0.5511655222457088 
7 epoch, ALL : Val AP : 0.7152154445648193 / AUROC : 0.7632969707651581 
8 epoch: Training d_loss : -9.71073139642494e-05 / Training g_loss : -0.4634953547263183 /Training roc : 0.9429012502614428 / Training ap : 0.9472850561141968 
8 epoch, SNS : Val AP : 0.9652204513549805 / AUROC : 0.9652983588495361 
8 epoch, MNS : Val AP : 0.7934247255325317 / AUROC : 0.7911826750632811 
8 epoch, CNS : Val AP : 0.547370195388794 / AUROC : 0.5515697818480018 
8 epoch, ALL : Val AP : 0.7193052768707275 / AUROC : 0.7664673909227391 
9 epoch: Training d_loss : -0.00010281535893062719 / Training g_loss : -0.46348197765304855 /Training roc : 0.9439558926408348 / Training ap : 0.9489166736602783 
9 epoch, SNS : Val AP : 0.9652204513549805 / AUROC : 0.9652983588495361 
9 epoch, MNS : Val AP : 0.7934247255325317 / AUROC : 0.7911826750632811 
9 epoch, CNS : Val AP : 0.547370195388794 / AUROC : 0.5515697818480018 
9 epoch, ALL : Val AP : 0.7193052768707275 / AUROC : 0.7664673909227391 
10 epoch: Training d_loss : -0.00011630657177850817 / Training g_loss : -0.4634599102889032 /Training roc : 0.9454643871235223 / Training ap : 0.9501266479492188 
10 epoch, SNS : Val AP : 0.9675207734107971 / AUROC : 0.967612398488261 
10 epoch, MNS : Val AP : 0.7988162040710449 / AUROC : 0.7953877103081377 
10 epoch, CNS : Val AP : 0.5483231544494629 / AUROC : 0.5509452745227295 
10 epoch, ALL : Val AP : 0.7220377922058105 / AUROC : 0.7684342173175293 
11 epoch: Training d_loss : -0.00012315449635061436 / Training g_loss : -0.46348318092773755 /Training roc : 0.9470571519935371 / Training ap : 0.9518769979476929 
11 epoch, SNS : Val AP : 0.9675207734107971 / AUROC : 0.967612398488261 
11 epoch, MNS : Val AP : 0.7988162040710449 / AUROC : 0.7953877103081377 
11 epoch, CNS : Val AP : 0.5483231544494629 / AUROC : 0.5509452745227295 
11 epoch, ALL : Val AP : 0.7220377922058105 / AUROC : 0.7684342173175293 
12 epoch: Training d_loss : -0.0001318969057550112 / Training g_loss : -0.4633998883642339 /Training roc : 0.9464591842237502 / Training ap : 0.952079176902771 
12 epoch, SNS : Val AP : 0.9685593247413635 / AUROC : 0.9684651183126954 
12 epoch, MNS : Val AP : 0.8042665719985962 / AUROC : 0.7989565743295464 
12 epoch, CNS : Val AP : 0.5480991005897522 / AUROC : 0.5500493094072494 
12 epoch, ALL : Val AP : 0.7237024903297424 / AUROC : 0.7693115287690606 
13 epoch: Training d_loss : -0.00013519032297149562 / Training g_loss : -0.46342453985979903 /Training roc : 0.9477824423194734 / Training ap : 0.9528318643569946 
13 epoch, SNS : Val AP : 0.9685593247413635 / AUROC : 0.9684651183126954 
13 epoch, MNS : Val AP : 0.8042665719985962 / AUROC : 0.7989565743295464 
13 epoch, CNS : Val AP : 0.5480991005897522 / AUROC : 0.5500493094072494 
13 epoch, ALL : Val AP : 0.7237024903297424 / AUROC : 0.7693115287690606 
14 epoch: Training d_loss : -0.0001438429463648834 / Training g_loss : -0.46344884685188864 /Training roc : 0.949186784221286 / Training ap : 0.954688549041748 
14 epoch, SNS : Val AP : 0.969650387763977 / AUROC : 0.9698244623315074 
14 epoch, MNS : Val AP : 0.8064485192298889 / AUROC : 0.800765855997602 
14 epoch, CNS : Val AP : 0.5470901727676392 / AUROC : 0.5486849332495103 
14 epoch, ALL : Val AP : 0.7236295938491821 / AUROC : 0.7700135556923732 
15 epoch: Training d_loss : -0.00015037917844441811 / Training g_loss : -0.46347360021548734 /Training roc : 0.9503622353009894 / Training ap : 0.9556599259376526 
15 epoch, SNS : Val AP : 0.969650387763977 / AUROC : 0.9698244623315074 
15 epoch, MNS : Val AP : 0.8064485192298889 / AUROC : 0.800765855997602 
15 epoch, CNS : Val AP : 0.5470901727676392 / AUROC : 0.5486849332495103 
15 epoch, ALL : Val AP : 0.7236295938491821 / AUROC : 0.7700135556923732 
16 epoch: Training d_loss : -0.00016496848131401171 / Training g_loss : -0.4634327392415136 /Training roc : 0.9509828793851307 / Training ap : 0.956346869468689 
16 epoch, SNS : Val AP : 0.9715908765792847 / AUROC : 0.9716524728874908 
16 epoch, MNS : Val AP : 0.8061004877090454 / AUROC : 0.8035427413328848 
16 epoch, CNS : Val AP : 0.5417757630348206 / AUROC : 0.5432894361229506 
16 epoch, ALL : Val AP : 0.7212931513786316 / AUROC : 0.7698332493851876 
17 epoch: Training d_loss : -0.00016698996952493544 / Training g_loss : -0.46349959110986255 /Training roc : 0.9522617154029791 / Training ap : 0.9573104977607727 
17 epoch, SNS : Val AP : 0.9715908765792847 / AUROC : 0.9716524728874908 
17 epoch, MNS : Val AP : 0.8061004877090454 / AUROC : 0.8035427413328848 
17 epoch, CNS : Val AP : 0.5417757630348206 / AUROC : 0.5432894361229506 
17 epoch, ALL : Val AP : 0.7212931513786316 / AUROC : 0.7698332493851876 
18 epoch: Training d_loss : -0.00017621009262642915 / Training g_loss : -0.46344715157828764 /Training roc : 0.9520206558391952 / Training ap : 0.9578393697738647 
18 epoch, SNS : Val AP : 0.972489058971405 / AUROC : 0.9721804920036646 
18 epoch, MNS : Val AP : 0.8110148310661316 / AUROC : 0.8063200710071461 
18 epoch, CNS : Val AP : 0.5420940518379211 / AUROC : 0.5428963849713805 
18 epoch, ALL : Val AP : 0.7230485081672668 / AUROC : 0.7707414469993892 
19 epoch: Training d_loss : -0.00018124666141970926 / Training g_loss : -0.46348896191495403 /Training roc : 0.9522705544017493 / Training ap : 0.9578306674957275 
19 epoch, SNS : Val AP : 0.972489058971405 / AUROC : 0.9721804920036646 
19 epoch, MNS : Val AP : 0.8110148310661316 / AUROC : 0.8063200710071461 
19 epoch, CNS : Val AP : 0.5420940518379211 / AUROC : 0.5428963849713805 
19 epoch, ALL : Val AP : 0.7230485081672668 / AUROC : 0.7707414469993892 
20 epoch: Training d_loss : -0.00019494227366151796 / Training g_loss : -0.46350979042166934 /Training roc : 0.953373901367496 / Training ap : 0.9584723711013794 
20 epoch, SNS : Val AP : 0.9731236696243286 / AUROC : 0.972951620083242 
20 epoch, MNS : Val AP : 0.8076263070106506 / AUROC : 0.8065121920728104 
20 epoch, CNS : Val AP : 0.5378898978233337 / AUROC : 0.5376860216800541 
20 epoch, ALL : Val AP : 0.7198982834815979 / AUROC : 0.7695112666944153 
21 epoch: Training d_loss : -0.00019757207986470816 / Training g_loss : -0.4635530090009844 /Training roc : 0.9529811385688824 / Training ap : 0.9581134915351868 
21 epoch, SNS : Val AP : 0.9731236696243286 / AUROC : 0.972951620083242 
21 epoch, MNS : Val AP : 0.8076263070106506 / AUROC : 0.8065121920728104 
21 epoch, CNS : Val AP : 0.5378898978233337 / AUROC : 0.5376860216800541 
21 epoch, ALL : Val AP : 0.7198982834815979 / AUROC : 0.7695112666944153 
22 epoch: Training d_loss : -0.00021121817950413982 / Training g_loss : -0.4634975574922486 /Training roc : 0.9531878331618816 / Training ap : 0.9586899280548096 
22 epoch, SNS : Val AP : 0.9741551876068115 / AUROC : 0.9743684282403993 
22 epoch, MNS : Val AP : 0.8006653785705566 / AUROC : 0.8061696289376292 
22 epoch, CNS : Val AP : 0.531566858291626 / AUROC : 0.5312871293815795 
22 epoch, ALL : Val AP : 0.7148692607879639 / AUROC : 0.7679539708183979 
23 epoch: Training d_loss : -0.00021217950576818615 / Training g_loss : -0.4636151585461415 /Training roc : 0.9546970274089231 / Training ap : 0.9594401121139526 
23 epoch, SNS : Val AP : 0.9741551876068115 / AUROC : 0.9743684282403993 
23 epoch, MNS : Val AP : 0.8006653785705566 / AUROC : 0.8061696289376292 
23 epoch, CNS : Val AP : 0.531566858291626 / AUROC : 0.5312871293815795 
23 epoch, ALL : Val AP : 0.7148692607879639 / AUROC : 0.7679539708183979 
24 epoch: Training d_loss : -0.0002332168656426507 / Training g_loss : -0.4634557733096076 /Training roc : 0.9545738651801761 / Training ap : 0.9602794647216797 
24 epoch, SNS : Val AP : 0.9751126766204834 / AUROC : 0.9747696330122176 
24 epoch, MNS : Val AP : 0.8118807077407837 / AUROC : 0.8113898565542699 
24 epoch, CNS : Val AP : 0.533915638923645 / AUROC : 0.5338314476957147 
24 epoch, ALL : Val AP : 0.7182647585868835 / AUROC : 0.7702301032451091 
25 epoch: Training d_loss : -0.00023054688079178997 / Training g_loss : -0.46356787960176815 /Training roc : 0.9557285491791326 / Training ap : 0.9608029127120972 
25 epoch, SNS : Val AP : 0.9751126766204834 / AUROC : 0.9747696330122176 
25 epoch, MNS : Val AP : 0.8118807077407837 / AUROC : 0.8113898565542699 
25 epoch, CNS : Val AP : 0.533915638923645 / AUROC : 0.5338314476957147 
25 epoch, ALL : Val AP : 0.7182647585868835 / AUROC : 0.7702301032451091 
26 epoch: Training d_loss : -0.00023850727536151443 / Training g_loss : -0.46361357480619214 /Training roc : 0.9557771315844099 / Training ap : 0.9608194828033447 
26 epoch, SNS : Val AP : 0.9756126999855042 / AUROC : 0.9754546037639378 
26 epoch, MNS : Val AP : 0.8060317635536194 / AUROC : 0.8103229764508562 
26 epoch, CNS : Val AP : 0.5282431840896606 / AUROC : 0.529049416070821 
26 epoch, ALL : Val AP : 0.7140011191368103 / AUROC : 0.7690095332029803 
27 epoch: Training d_loss : -0.0002399977468345048 / Training g_loss : -0.46371603661197547 /Training roc : 0.9564208703605352 / Training ap : 0.9611325263977051 
27 epoch, SNS : Val AP : 0.9756126999855042 / AUROC : 0.9754546037639378 
27 epoch, MNS : Val AP : 0.8060317635536194 / AUROC : 0.8103229764508562 
27 epoch, CNS : Val AP : 0.5282431840896606 / AUROC : 0.529049416070821 
27 epoch, ALL : Val AP : 0.7140011191368103 / AUROC : 0.7690095332029803 
28 epoch: Training d_loss : -0.0002526693484362434 / Training g_loss : -0.46361174942579103 /Training roc : 0.9554975874494649 / Training ap : 0.960936963558197 
28 epoch, SNS : Val AP : 0.976286768913269 / AUROC : 0.975746090133584 
28 epoch, MNS : Val AP : 0.8115675449371338 / AUROC : 0.8133116337431109 
28 epoch, CNS : Val AP : 0.5269066095352173 / AUROC : 0.5269851504801716 
28 epoch, ALL : Val AP : 0.7141685485839844 / AUROC : 0.7691923837300406 
29 epoch: Training d_loss : -0.00025574509972419194 / Training g_loss : -0.4637099837555605 /Training roc : 0.9562948078738838 / Training ap : 0.9614553451538086 
29 epoch, SNS : Val AP : 0.976286768913269 / AUROC : 0.975746090133584 
29 epoch, MNS : Val AP : 0.8115675449371338 / AUROC : 0.8133116337431109 
29 epoch, CNS : Val AP : 0.5269066095352173 / AUROC : 0.5269851504801716 
29 epoch, ALL : Val AP : 0.7141685485839844 / AUROC : 0.7691923837300406 
30 epoch: Training d_loss : -0.0002633279666233518 / Training g_loss : -0.46367489955194047 /Training roc : 0.9559667726609318 / Training ap : 0.9613418579101562 
30 epoch, SNS : Val AP : 0.976504921913147 / AUROC : 0.9756674532429316 
30 epoch, MNS : Val AP : 0.8212923407554626 / AUROC : 0.8171341931040768 
30 epoch, CNS : Val AP : 0.5296393632888794 / AUROC : 0.5295962085088204 
30 epoch, ALL : Val AP : 0.7178208231925964 / AUROC : 0.7708702356316459 
31 epoch: Training d_loss : -0.0002670074873774154 / Training g_loss : -0.4637105574384213 /Training roc : 0.9566774370479646 / Training ap : 0.9623349905014038 
31 epoch, SNS : Val AP : 0.976504921913147 / AUROC : 0.9756674532429316 
31 epoch, MNS : Val AP : 0.8212923407554626 / AUROC : 0.8171341931040768 
31 epoch, CNS : Val AP : 0.5296393632888794 / AUROC : 0.5295962085088204 
31 epoch, ALL : Val AP : 0.7178208231925964 / AUROC : 0.7708702356316459 
32 epoch: Training d_loss : -0.0002878297415990678 / Training g_loss : -0.4637824511717236 /Training roc : 0.9571137866315508 / Training ap : 0.961889922618866 
32 epoch, SNS : Val AP : 0.9771077036857605 / AUROC : 0.976696297929818 
32 epoch, MNS : Val AP : 0.8080047965049744 / AUROC : 0.8134688186566207 
32 epoch, CNS : Val AP : 0.5184982419013977 / AUROC : 0.5180645900469714 
32 epoch, ALL : Val AP : 0.7092115879058838 / AUROC : 0.767141809171866 
33 epoch: Training d_loss : -0.00028277808039290725 / Training g_loss : -0.46389056465015505 /Training roc : 0.9581813577622296 / Training ap : 0.96317058801651 
33 epoch, SNS : Val AP : 0.9771077036857605 / AUROC : 0.976696297929818 
33 epoch, MNS : Val AP : 0.8080047965049744 / AUROC : 0.8134688186566207 
33 epoch, CNS : Val AP : 0.5184982419013977 / AUROC : 0.5180645900469714 
33 epoch, ALL : Val AP : 0.7092115879058838 / AUROC : 0.767141809171866 
34 epoch: Training d_loss : -0.0003065007763939935 / Training g_loss : -0.46372400870952396 /Training roc : 0.9570970031662227 / Training ap : 0.962720513343811 
34 epoch, SNS : Val AP : 0.9771983623504639 / AUROC : 0.9763483582930017 
34 epoch, MNS : Val AP : 0.8162621855735779 / AUROC : 0.8164095095561874 
34 epoch, CNS : Val AP : 0.5208747386932373 / AUROC : 0.5197143984557798 
34 epoch, ALL : Val AP : 0.7120538949966431 / AUROC : 0.7677539995803038 
35 epoch: Training d_loss : -0.00030496062648694355 / Training g_loss : -0.46378857603323287 /Training roc : 0.9574122636687203 / Training ap : 0.9628921151161194 
35 epoch, SNS : Val AP : 0.9771983623504639 / AUROC : 0.9763483582930017 
35 epoch, MNS : Val AP : 0.8162621855735779 / AUROC : 0.8164095095561874 
35 epoch, CNS : Val AP : 0.5208747386932373 / AUROC : 0.5197143984557798 
35 epoch, ALL : Val AP : 0.7120538949966431 / AUROC : 0.7677539995803038 
36 epoch: Training d_loss : -0.00031252248014289357 / Training g_loss : -0.46389238808795646 /Training roc : 0.9591519037697684 / Training ap : 0.9640138149261475 
36 epoch, SNS : Val AP : 0.9779993295669556 / AUROC : 0.9774479528536794 
36 epoch, MNS : Val AP : 0.8103286027908325 / AUROC : 0.8155234754168684 
36 epoch, CNS : Val AP : 0.5141829252243042 / AUROC : 0.5125668394130718 
36 epoch, ALL : Val AP : 0.7067583799362183 / AUROC : 0.7658326025089518 
37 epoch: Training d_loss : -0.0003176456130744922 / Training g_loss : -0.4639358560307416 /Training roc : 0.9593245530374285 / Training ap : 0.9645067453384399 
37 epoch, SNS : Val AP : 0.9779993295669556 / AUROC : 0.9774479528536794 
37 epoch, MNS : Val AP : 0.8103286027908325 / AUROC : 0.8155234754168684 
37 epoch, CNS : Val AP : 0.5141829252243042 / AUROC : 0.5125668394130718 
37 epoch, ALL : Val AP : 0.7067583799362183 / AUROC : 0.7658326025089518 
38 epoch: Training d_loss : -0.00032552752187786497 / Training g_loss : -0.4638947978118266 /Training roc : 0.9588561478102149 / Training ap : 0.9643661975860596 
38 epoch, SNS : Val AP : 0.9780972599983215 / AUROC : 0.9773017431129291 
38 epoch, MNS : Val AP : 0.8157280087471008 / AUROC : 0.817764998934364 
38 epoch, CNS : Val AP : 0.5153990983963013 / AUROC : 0.5147469108498937 
38 epoch, ALL : Val AP : 0.7083840370178223 / AUROC : 0.7668923311924556 
39 epoch: Training d_loss : -0.0003346060010321758 / Training g_loss : -0.46392992470525973 /Training roc : 0.9593090027184524 / Training ap : 0.9644640684127808 
39 epoch, SNS : Val AP : 0.9780972599983215 / AUROC : 0.9773017431129291 
39 epoch, MNS : Val AP : 0.8157280087471008 / AUROC : 0.817764998934364 
39 epoch, CNS : Val AP : 0.5153990983963013 / AUROC : 0.5147469108498937 
39 epoch, ALL : Val AP : 0.7083840370178223 / AUROC : 0.7668923311924556 
40 epoch: Training d_loss : -0.0003359040366826262 / Training g_loss : -0.4640155314735843 /Training roc : 0.9599666146005785 / Training ap : 0.9652131199836731 
40 epoch, SNS : Val AP : 0.9789407253265381 / AUROC : 0.9783205346304359 
40 epoch, MNS : Val AP : 0.8156481981277466 / AUROC : 0.8185048233329328 
40 epoch, CNS : Val AP : 0.5160911679267883 / AUROC : 0.5153306278569747 
40 epoch, ALL : Val AP : 0.7087699174880981 / AUROC : 0.7677763864931744 
41 epoch: Training d_loss : -0.0003506318326974332 / Training g_loss : -0.46406233500221383 /Training roc : 0.9617253198863521 / Training ap : 0.9666305780410767 
41 epoch, SNS : Val AP : 0.9789407253265381 / AUROC : 0.9783205346304359 
41 epoch, MNS : Val AP : 0.8156481981277466 / AUROC : 0.8185048233329328 
41 epoch, CNS : Val AP : 0.5160911679267883 / AUROC : 0.5153306278569747 
41 epoch, ALL : Val AP : 0.7087699174880981 / AUROC : 0.7677763864931744 
42 epoch: Training d_loss : -0.00035820681074654923 / Training g_loss : -0.464049387527763 /Training roc : 0.9605491122712888 / Training ap : 0.9655957221984863 
42 epoch, SNS : Val AP : 0.9795264005661011 / AUROC : 0.9789682031249428 
42 epoch, MNS : Val AP : 0.8148720264434814 / AUROC : 0.8193585207031193 
42 epoch, CNS : Val AP : 0.5163785219192505 / AUROC : 0.51465407732889 
42 epoch, ALL : Val AP : 0.7091262340545654 / AUROC : 0.7679766021541388 
43 epoch: Training d_loss : -0.00036263198181631453 / Training g_loss : -0.46411588660105235 /Training roc : 0.962339837638478 / Training ap : 0.9669283628463745 
43 epoch, SNS : Val AP : 0.9795264005661011 / AUROC : 0.9789682031249428 
43 epoch, MNS : Val AP : 0.8148720264434814 / AUROC : 0.8193585207031193 
43 epoch, CNS : Val AP : 0.5163785219192505 / AUROC : 0.51465407732889 
43 epoch, ALL : Val AP : 0.7091262340545654 / AUROC : 0.7679766021541388 
44 epoch: Training d_loss : -0.000366971583737857 / Training g_loss : -0.46410228826093747 /Training roc : 0.9609394092336077 / Training ap : 0.9658471345901489 
44 epoch, SNS : Val AP : 0.9798981547355652 / AUROC : 0.9792544129692239 
44 epoch, MNS : Val AP : 0.8206983208656311 / AUROC : 0.8221160106420073 
44 epoch, CNS : Val AP : 0.5171952247619629 / AUROC : 0.5144166336874575 
44 epoch, ALL : Val AP : 0.7115607857704163 / AUROC : 0.7688187833731653 
45 epoch: Training d_loss : -0.00036780161868976295 / Training g_loss : -0.4641817171357584 /Training roc : 0.9615402636856234 / Training ap : 0.9664641618728638 
45 epoch, SNS : Val AP : 0.9798981547355652 / AUROC : 0.9792544129692239 
45 epoch, MNS : Val AP : 0.8206983208656311 / AUROC : 0.8221160106420073 
45 epoch, CNS : Val AP : 0.5171952247619629 / AUROC : 0.5144166336874575 
45 epoch, ALL : Val AP : 0.7115607857704163 / AUROC : 0.7688187833731653 
46 epoch: Training d_loss : -0.000382780673393953 / Training g_loss : -0.4642130995024179 /Training roc : 0.962427258816626 / Training ap : 0.9670224189758301 
46 epoch, SNS : Val AP : 0.9802687764167786 / AUROC : 0.9796613274969113 
46 epoch, MNS : Val AP : 0.817333459854126 / AUROC : 0.8212360639466885 
46 epoch, CNS : Val AP : 0.5156033039093018 / AUROC : 0.512185318857984 
46 epoch, ALL : Val AP : 0.7098755836486816 / AUROC : 0.7681087682660545 
47 epoch: Training d_loss : -0.0003799593079071166 / Training g_loss : -0.4642838921474918 /Training roc : 0.9620379812641069 / Training ap : 0.9668036699295044 
47 epoch, SNS : Val AP : 0.9802687764167786 / AUROC : 0.9796613274969113 
47 epoch, MNS : Val AP : 0.817333459854126 / AUROC : 0.8212360639466885 
47 epoch, CNS : Val AP : 0.5156033039093018 / AUROC : 0.512185318857984 
47 epoch, ALL : Val AP : 0.7098755836486816 / AUROC : 0.7681087682660545 
48 epoch: Training d_loss : -0.000395070862125706 / Training g_loss : -0.46425078787940105 /Training roc : 0.9626429738287836 / Training ap : 0.9675328731536865 
48 epoch, SNS : Val AP : 0.9803019762039185 / AUROC : 0.9795136070036354 
48 epoch, MNS : Val AP : 0.8239981532096863 / AUROC : 0.8242306864897246 
48 epoch, CNS : Val AP : 0.517341136932373 / AUROC : 0.5145445255538347 
48 epoch, ALL : Val AP : 0.7122498154640198 / AUROC : 0.7693138507863261 
49 epoch: Training d_loss : -0.00040693386844307516 / Training g_loss : -0.4642524624951125 /Training roc : 0.9626084607597228 / Training ap : 0.9675464630126953 
49 epoch, SNS : Val AP : 0.9803019762039185 / AUROC : 0.9795136070036354 
49 epoch, MNS : Val AP : 0.8239981532096863 / AUROC : 0.8242306864897246 
49 epoch, CNS : Val AP : 0.517341136932373 / AUROC : 0.5145445255538347 
49 epoch, ALL : Val AP : 0.7122498154640198 / AUROC : 0.7693138507863261 
0 epoch: Training d_loss : 0.00014077297278812954 / Training g_loss : -0.510967530239196 /Training roc : 0.8306062917788644 / Training ap : 0.7646548748016357 
0 epoch, SNS : Val AP : 0.8927370309829712 / AUROC : 0.9114650253791984 
0 epoch, MNS : Val AP : 0.6998598575592041 / AUROC : 0.7065518182228792 
0 epoch, CNS : Val AP : 0.5525625944137573 / AUROC : 0.5537747473760728 
0 epoch, ALL : Val AP : 0.688135027885437 / AUROC : 0.7246254952785056 
1 epoch: Training d_loss : 0.00011135412702878822 / Training g_loss : -0.5108581198607416 /Training roc : 0.8949960428634323 / Training ap : 0.8848122358322144 
1 epoch, SNS : Val AP : 0.8927370309829712 / AUROC : 0.9114650253791984 
1 epoch, MNS : Val AP : 0.6998598575592041 / AUROC : 0.7065518182228792 
1 epoch, CNS : Val AP : 0.5525625944137573 / AUROC : 0.5537747473760728 
1 epoch, ALL : Val AP : 0.688135027885437 / AUROC : 0.7246254952785056 
2 epoch: Training d_loss : 5.656793500357478e-05 / Training g_loss : -0.5105482543595076 /Training roc : 0.9159184108233537 / Training ap : 0.9129858613014221 
2 epoch, SNS : Val AP : 0.9405505061149597 / AUROC : 0.9467315435640707 
2 epoch, MNS : Val AP : 0.7464116811752319 / AUROC : 0.7449500708509609 
2 epoch, CNS : Val AP : 0.5510593056678772 / AUROC : 0.5552584952002837 
2 epoch, ALL : Val AP : 0.7113946676254272 / AUROC : 0.749213780508085 
3 epoch: Training d_loss : 3.588057474036285e-05 / Training g_loss : -0.5104422062303758 /Training roc : 0.9272613355309012 / Training ap : 0.9270225763320923 
3 epoch, SNS : Val AP : 0.9405505061149597 / AUROC : 0.9467315435640707 
3 epoch, MNS : Val AP : 0.7464116811752319 / AUROC : 0.7449500708509609 
3 epoch, CNS : Val AP : 0.5510593056678772 / AUROC : 0.5552584952002837 
3 epoch, ALL : Val AP : 0.7113946676254272 / AUROC : 0.749213780508085 
4 epoch: Training d_loss : 2.152784261112183e-05 / Training g_loss : -0.5103677371916596 /Training roc : 0.9306770075234714 / Training ap : 0.9309824705123901 
4 epoch, SNS : Val AP : 0.9496490359306335 / AUROC : 0.9537990882652941 
4 epoch, MNS : Val AP : 0.7648385763168335 / AUROC : 0.7605016573732799 
4 epoch, CNS : Val AP : 0.5497985482215881 / AUROC : 0.5542351492082513 
4 epoch, ALL : Val AP : 0.718015193939209 / AUROC : 0.7566924759441234 
5 epoch: Training d_loss : 1.0582193471669014e-05 / Training g_loss : -0.5103413174565532 /Training roc : 0.9367532662778566 / Training ap : 0.9394130706787109 
5 epoch, SNS : Val AP : 0.9496490359306335 / AUROC : 0.9537990882652941 
5 epoch, MNS : Val AP : 0.7648385763168335 / AUROC : 0.7605016573732799 
5 epoch, CNS : Val AP : 0.5497985482215881 / AUROC : 0.5542351492082513 
5 epoch, ALL : Val AP : 0.718015193939209 / AUROC : 0.7566924759441234 
6 epoch: Training d_loss : -4.8060390642223754e-06 / Training g_loss : -0.5103576972677901 /Training roc : 0.9387194745263857 / Training ap : 0.9410247802734375 
6 epoch, SNS : Val AP : 0.9537334442138672 / AUROC : 0.9578285318544725 
6 epoch, MNS : Val AP : 0.7681231498718262 / AUROC : 0.7671954019091601 
6 epoch, CNS : Val AP : 0.5419667959213257 / AUROC : 0.5473515608439694 
6 epoch, ALL : Val AP : 0.7142699360847473 / AUROC : 0.7572689917236639 
7 epoch: Training d_loss : -1.6976757913780515e-05 / Training g_loss : -0.5104025723634729 /Training roc : 0.9398515821773242 / Training ap : 0.9426844120025635 
7 epoch, SNS : Val AP : 0.9537334442138672 / AUROC : 0.9578285318544725 
7 epoch, MNS : Val AP : 0.7681231498718262 / AUROC : 0.7671954019091601 
7 epoch, CNS : Val AP : 0.5419667959213257 / AUROC : 0.5473515608439694 
7 epoch, ALL : Val AP : 0.7142699360847473 / AUROC : 0.7572689917236639 
8 epoch: Training d_loss : -3.1292959692368256e-05 / Training g_loss : -0.5103508981688034 /Training roc : 0.9408900670348087 / Training ap : 0.9446896314620972 
8 epoch, SNS : Val AP : 0.958193302154541 / AUROC : 0.9612811901246284 
8 epoch, MNS : Val AP : 0.7760189175605774 / AUROC : 0.776438108101497 
8 epoch, CNS : Val AP : 0.5411158800125122 / AUROC : 0.5444590696150543 
8 epoch, ALL : Val AP : 0.7161863446235657 / AUROC : 0.7604136474887151 
9 epoch: Training d_loss : -3.8694643633164736e-05 / Training g_loss : -0.5104063311517713 /Training roc : 0.9423161263146388 / Training ap : 0.9461113214492798 
9 epoch, SNS : Val AP : 0.958193302154541 / AUROC : 0.9612811901246284 
9 epoch, MNS : Val AP : 0.7760189175605774 / AUROC : 0.776438108101497 
9 epoch, CNS : Val AP : 0.5411158800125122 / AUROC : 0.5444590696150543 
9 epoch, ALL : Val AP : 0.7161863446235657 / AUROC : 0.7604136474887151 
10 epoch: Training d_loss : -5.246919175589217e-05 / Training g_loss : -0.5103609738175554 /Training roc : 0.9421720192872137 / Training ap : 0.9461910128593445 
10 epoch, SNS : Val AP : 0.9608994126319885 / AUROC : 0.9634056525383387 
10 epoch, MNS : Val AP : 0.7793620824813843 / AUROC : 0.7828133282409124 
10 epoch, CNS : Val AP : 0.5339077711105347 / AUROC : 0.5367119195552719 
10 epoch, ALL : Val AP : 0.714093804359436 / AUROC : 0.7611118858575416 
11 epoch: Training d_loss : -6.204720331868231e-05 / Training g_loss : -0.5104126390099336 /Training roc : 0.9440469175436981 / Training ap : 0.9484961032867432 
11 epoch, SNS : Val AP : 0.9608994126319885 / AUROC : 0.9634056525383387 
11 epoch, MNS : Val AP : 0.7793620824813843 / AUROC : 0.7828133282409124 
11 epoch, CNS : Val AP : 0.5339077711105347 / AUROC : 0.5367119195552719 
11 epoch, ALL : Val AP : 0.714093804359436 / AUROC : 0.7611118858575416 
12 epoch: Training d_loss : -7.90223029156368e-05 / Training g_loss : -0.5103107777043632 /Training roc : 0.9453111572422979 / Training ap : 0.9505048394203186 
12 epoch, SNS : Val AP : 0.9635430574417114 / AUROC : 0.9654379257225634 
12 epoch, MNS : Val AP : 0.7867634892463684 / AUROC : 0.7884761730221322 
12 epoch, CNS : Val AP : 0.5326825380325317 / AUROC : 0.5350606781532588 
12 epoch, ALL : Val AP : 0.715093731880188 / AUROC : 0.7629598560767036 
13 epoch: Training d_loss : -8.398626112217743e-05 / Training g_loss : -0.5103522766565102 /Training roc : 0.9468916941313273 / Training ap : 0.9512326717376709 
13 epoch, SNS : Val AP : 0.9635430574417114 / AUROC : 0.9654379257225634 
13 epoch, MNS : Val AP : 0.7867634892463684 / AUROC : 0.7884761730221322 
13 epoch, CNS : Val AP : 0.5326825380325317 / AUROC : 0.5350606781532588 
13 epoch, ALL : Val AP : 0.715093731880188 / AUROC : 0.7629598560767036 
14 epoch: Training d_loss : -0.00010214506726954813 / Training g_loss : -0.5101676252574344 /Training roc : 0.9439148546085656 / Training ap : 0.9500387907028198 
14 epoch, SNS : Val AP : 0.9659871459007263 / AUROC : 0.9674218437174945 
14 epoch, MNS : Val AP : 0.791830837726593 / AUROC : 0.7948428396362188 
14 epoch, CNS : Val AP : 0.5265107154846191 / AUROC : 0.531438915576505 
14 epoch, ALL : Val AP : 0.7132866978645325 / AUROC : 0.7643917074697318 
15 epoch: Training d_loss : -0.00010681502959307502 / Training g_loss : -0.5102420064527393 /Training roc : 0.9475697867708667 / Training ap : 0.9526242017745972 
15 epoch, SNS : Val AP : 0.9659871459007263 / AUROC : 0.9674218437174945 
15 epoch, MNS : Val AP : 0.791830837726593 / AUROC : 0.7948428396362188 
15 epoch, CNS : Val AP : 0.5265107154846191 / AUROC : 0.531438915576505 
15 epoch, ALL : Val AP : 0.7132866978645325 / AUROC : 0.7643917074697318 
16 epoch: Training d_loss : -0.00012004763977705769 / Training g_loss : -0.5102058310766477 /Training roc : 0.9481334562140931 / Training ap : 0.9539085030555725 
16 epoch, SNS : Val AP : 0.9673029184341431 / AUROC : 0.9682577786370306 
16 epoch, MNS : Val AP : 0.7984859347343445 / AUROC : 0.799453278656237 
16 epoch, CNS : Val AP : 0.526572048664093 / AUROC : 0.5312141689213722 
16 epoch, ALL : Val AP : 0.7150699496269226 / AUROC : 0.7661425307081784 
17 epoch: Training d_loss : -0.00012753958353367063 / Training g_loss : -0.5102080312366516 /Training roc : 0.9483265331706174 / Training ap : 0.9539107084274292 
17 epoch, SNS : Val AP : 0.9673029184341431 / AUROC : 0.9682577786370306 
17 epoch, MNS : Val AP : 0.7984859347343445 / AUROC : 0.799453278656237 
17 epoch, CNS : Val AP : 0.526572048664093 / AUROC : 0.5312141689213722 
17 epoch, ALL : Val AP : 0.7150699496269226 / AUROC : 0.7661425307081784 
18 epoch: Training d_loss : -0.0001403587042622043 / Training g_loss : -0.5101390026142563 /Training roc : 0.9492419199752743 / Training ap : 0.9550015926361084 
18 epoch, SNS : Val AP : 0.9695956707000732 / AUROC : 0.970709796636936 
18 epoch, MNS : Val AP : 0.7985658049583435 / AUROC : 0.8020650031933532 
18 epoch, CNS : Val AP : 0.5227488875389099 / AUROC : 0.5265364791970155 
18 epoch, ALL : Val AP : 0.7131897211074829 / AUROC : 0.7662671419313832 
19 epoch: Training d_loss : -0.00014479479653278101 / Training g_loss : -0.5101829217613596 /Training roc : 0.952036583808775 / Training ap : 0.9570046067237854 
19 epoch, SNS : Val AP : 0.9695956707000732 / AUROC : 0.970709796636936 
19 epoch, MNS : Val AP : 0.7985658049583435 / AUROC : 0.8020650031933532 
19 epoch, CNS : Val AP : 0.5227488875389099 / AUROC : 0.5265364791970155 
19 epoch, ALL : Val AP : 0.7131897211074829 / AUROC : 0.7662671419313832 
20 epoch: Training d_loss : -0.00015444999089870242 / Training g_loss : -0.5100814847006139 /Training roc : 0.9506988182527689 / Training ap : 0.9561086893081665 
20 epoch, SNS : Val AP : 0.9705220460891724 / AUROC : 0.9718272425160598 
20 epoch, MNS : Val AP : 0.7929463386535645 / AUROC : 0.8017585648170931 
20 epoch, CNS : Val AP : 0.5127376317977905 / AUROC : 0.5181727088288222 
20 epoch, ALL : Val AP : 0.706191897392273 / AUROC : 0.7640967112858393 
21 epoch: Training d_loss : -0.00015847140920181152 / Training g_loss : -0.510171292506644 /Training roc : 0.9533506203185147 / Training ap : 0.9574748277664185 
21 epoch, SNS : Val AP : 0.9705220460891724 / AUROC : 0.9718272425160598 
21 epoch, MNS : Val AP : 0.7929463386535645 / AUROC : 0.8017585648170931 
21 epoch, CNS : Val AP : 0.5127376317977905 / AUROC : 0.5181727088288222 
21 epoch, ALL : Val AP : 0.706191897392273 / AUROC : 0.7640967112858393 
22 epoch: Training d_loss : -0.00017311723698493217 / Training g_loss : -0.5099245549574944 /Training roc : 0.9494444061089314 / Training ap : 0.9557271003723145 
22 epoch, SNS : Val AP : 0.9716635346412659 / AUROC : 0.9720578655541783 
22 epoch, MNS : Val AP : 0.8059746026992798 / AUROC : 0.8086958737638295 
22 epoch, CNS : Val AP : 0.5175783038139343 / AUROC : 0.5230644810728369 
22 epoch, ALL : Val AP : 0.711950957775116 / AUROC : 0.7683305486902356 
23 epoch: Training d_loss : -0.00019022874498594736 / Training g_loss : -0.5099324685401492 /Training roc : 0.9535249603748254 / Training ap : 0.9591901302337646 
23 epoch, SNS : Val AP : 0.9716635346412659 / AUROC : 0.9720578655541783 
23 epoch, MNS : Val AP : 0.8059746026992798 / AUROC : 0.8086958737638295 
23 epoch, CNS : Val AP : 0.5175783038139343 / AUROC : 0.5230644810728369 
23 epoch, ALL : Val AP : 0.711950957775116 / AUROC : 0.7683305486902356 
24 epoch: Training d_loss : -0.00019750700277440688 / Training g_loss : -0.5099236834409316 /Training roc : 0.9540001114785089 / Training ap : 0.9594556093215942 
24 epoch, SNS : Val AP : 0.9727224707603455 / AUROC : 0.9730880210410502 
24 epoch, MNS : Val AP : 0.8072746992111206 / AUROC : 0.810881110641272 
24 epoch, CNS : Val AP : 0.5148358345031738 / AUROC : 0.5196450371412955 
24 epoch, ALL : Val AP : 0.7105798721313477 / AUROC : 0.7680822817150451 
25 epoch: Training d_loss : -0.00020361662100532664 / Training g_loss : -0.5098965672127582 /Training roc : 0.955110670830295 / Training ap : 0.9602291584014893 
25 epoch, SNS : Val AP : 0.9727224707603455 / AUROC : 0.9730880210410502 
25 epoch, MNS : Val AP : 0.8072746992111206 / AUROC : 0.810881110641272 
25 epoch, CNS : Val AP : 0.5148358345031738 / AUROC : 0.5196450371412955 
25 epoch, ALL : Val AP : 0.7105798721313477 / AUROC : 0.7680822817150451 
26 epoch: Training d_loss : -0.00020759307523221014 / Training g_loss : -0.5098476765265715 /Training roc : 0.9551954669665017 / Training ap : 0.9607105851173401 
26 epoch, SNS : Val AP : 0.9738069772720337 / AUROC : 0.9738315334531376 
26 epoch, MNS : Val AP : 0.8144010901451111 / AUROC : 0.814504817201055 
26 epoch, CNS : Val AP : 0.5189692378044128 / AUROC : 0.5224433396153239 
26 epoch, ALL : Val AP : 0.7158641815185547 / AUROC : 0.7708167181332349 
27 epoch: Training d_loss : -0.00021933220528267525 / Training g_loss : -0.5097736555176813 /Training roc : 0.9563374873287114 / Training ap : 0.9617824554443359 
27 epoch, SNS : Val AP : 0.9738069772720337 / AUROC : 0.9738315334531376 
27 epoch, MNS : Val AP : 0.8144010901451111 / AUROC : 0.814504817201055 
27 epoch, CNS : Val AP : 0.5189692378044128 / AUROC : 0.5224433396153239 
27 epoch, ALL : Val AP : 0.7158641815185547 / AUROC : 0.7708167181332349 
28 epoch: Training d_loss : -0.00023108175903890395 / Training g_loss : -0.5097866581430117 /Training roc : 0.957036714826383 / Training ap : 0.9621534943580627 
28 epoch, SNS : Val AP : 0.9745656251907349 / AUROC : 0.9744405333480736 
28 epoch, MNS : Val AP : 0.8154851794242859 / AUROC : 0.8153602919271539 
28 epoch, CNS : Val AP : 0.5169895887374878 / AUROC : 0.5202105806841714 
28 epoch, ALL : Val AP : 0.7155793309211731 / AUROC : 0.7707743996463245 
29 epoch: Training d_loss : -0.00023697214778542328 / Training g_loss : -0.5097156295905242 /Training roc : 0.9561753801899955 / Training ap : 0.9616758823394775 
29 epoch, SNS : Val AP : 0.9745656251907349 / AUROC : 0.9744405333480736 
29 epoch, MNS : Val AP : 0.8154851794242859 / AUROC : 0.8153602919271539 
29 epoch, CNS : Val AP : 0.5169895887374878 / AUROC : 0.5202105806841714 
29 epoch, ALL : Val AP : 0.7155793309211731 / AUROC : 0.7707743996463245 
30 epoch: Training d_loss : -0.00025010165804330796 / Training g_loss : -0.5097557303446844 /Training roc : 0.9574162857710651 / Training ap : 0.9623169898986816 
30 epoch, SNS : Val AP : 0.9755316972732544 / AUROC : 0.9757000343985021 
30 epoch, MNS : Val AP : 0.8092808723449707 / AUROC : 0.813170067344682 
30 epoch, CNS : Val AP : 0.511138379573822 / AUROC : 0.513503517087422 
30 epoch, ALL : Val AP : 0.7111300826072693 / AUROC : 0.7683178275908623 
31 epoch: Training d_loss : -0.00025824991621918066 / Training g_loss : -0.5097254092060326 /Training roc : 0.9572509389825624 / Training ap : 0.9621340036392212 
31 epoch, SNS : Val AP : 0.9755316972732544 / AUROC : 0.9757000343985021 
31 epoch, MNS : Val AP : 0.8092808723449707 / AUROC : 0.813170067344682 
31 epoch, CNS : Val AP : 0.511138379573822 / AUROC : 0.513503517087422 
31 epoch, ALL : Val AP : 0.7111300826072693 / AUROC : 0.7683178275908623 
32 epoch: Training d_loss : -0.0002722063707926917 / Training g_loss : -0.5095850282245212 /Training roc : 0.9570395307283793 / Training ap : 0.9622853994369507 
32 epoch, SNS : Val AP : 0.9756981134414673 / AUROC : 0.9755412498646711 
32 epoch, MNS : Val AP : 0.8170831203460693 / AUROC : 0.8174162817043359 
32 epoch, CNS : Val AP : 0.5151757001876831 / AUROC : 0.5181389835003829 
32 epoch, ALL : Val AP : 0.7150251269340515 / AUROC : 0.7709639384719198 
33 epoch: Training d_loss : -0.0002753528009727005 / Training g_loss : -0.5095363912218516 /Training roc : 0.9576341408033103 / Training ap : 0.9630546569824219 
33 epoch, SNS : Val AP : 0.9756981134414673 / AUROC : 0.9755412498646711 
33 epoch, MNS : Val AP : 0.8170831203460693 / AUROC : 0.8174162817043359 
33 epoch, CNS : Val AP : 0.5151757001876831 / AUROC : 0.5181389835003829 
33 epoch, ALL : Val AP : 0.7150251269340515 / AUROC : 0.7709639384719198 
34 epoch: Training d_loss : -0.00029033285066698615 / Training g_loss : -0.5095621384384144 /Training roc : 0.9587181411976071 / Training ap : 0.9635987877845764 
34 epoch, SNS : Val AP : 0.9763903617858887 / AUROC : 0.9762201553893396 
34 epoch, MNS : Val AP : 0.816644549369812 / AUROC : 0.8181014524085961 
34 epoch, CNS : Val AP : 0.5120692849159241 / AUROC : 0.5138964571542475 
34 epoch, ALL : Val AP : 0.7128695249557495 / AUROC : 0.7698013855310372 
35 epoch: Training d_loss : -0.0002939825690986621 / Training g_loss : -0.5094571539063143 /Training roc : 0.9588360656839945 / Training ap : 0.9639696478843689 
35 epoch, SNS : Val AP : 0.9763903617858887 / AUROC : 0.9762201553893396 
35 epoch, MNS : Val AP : 0.816644549369812 / AUROC : 0.8181014524085961 
35 epoch, CNS : Val AP : 0.5120692849159241 / AUROC : 0.5138964571542475 
35 epoch, ALL : Val AP : 0.7128695249557495 / AUROC : 0.7698013855310372 
36 epoch: Training d_loss : -0.0003052724848111976 / Training g_loss : -0.5095323049396703 /Training roc : 0.960723488118016 / Training ap : 0.9652296304702759 
36 epoch, SNS : Val AP : 0.9771856665611267 / AUROC : 0.9773751812375379 
36 epoch, MNS : Val AP : 0.8133324384689331 / AUROC : 0.8171804043578013 
36 epoch, CNS : Val AP : 0.5092828273773193 / AUROC : 0.5118397897601238 
36 epoch, ALL : Val AP : 0.7108134031295776 / AUROC : 0.7690769383644627 
37 epoch: Training d_loss : -0.00030228604572945063 / Training g_loss : -0.509511506898604 /Training roc : 0.9612096836506295 / Training ap : 0.9656635522842407 
37 epoch, SNS : Val AP : 0.9771856665611267 / AUROC : 0.9773751812375379 
37 epoch, MNS : Val AP : 0.8133324384689331 / AUROC : 0.8171804043578013 
37 epoch, CNS : Val AP : 0.5092828273773193 / AUROC : 0.5118397897601238 
37 epoch, ALL : Val AP : 0.7108134031295776 / AUROC : 0.7690769383644627 
38 epoch: Training d_loss : -0.0003142615096178646 / Training g_loss : -0.5093968926628367 /Training roc : 0.9602487874799217 / Training ap : 0.9650299549102783 
38 epoch, SNS : Val AP : 0.9777174592018127 / AUROC : 0.9777628114535747 
38 epoch, MNS : Val AP : 0.8105840086936951 / AUROC : 0.8169402502486021 
38 epoch, CNS : Val AP : 0.504112720489502 / AUROC : 0.5076086162748793 
38 epoch, ALL : Val AP : 0.7070711255073547 / AUROC : 0.767734967926831 
39 epoch: Training d_loss : -0.0003120741423438577 / Training g_loss : -0.5094785165331891 /Training roc : 0.9613726238421478 / Training ap : 0.9656891822814941 
39 epoch, SNS : Val AP : 0.9777174592018127 / AUROC : 0.9777628114535747 
39 epoch, MNS : Val AP : 0.8105840086936951 / AUROC : 0.8169402502486021 
39 epoch, CNS : Val AP : 0.504112720489502 / AUROC : 0.5076086162748793 
39 epoch, ALL : Val AP : 0.7070711255073547 / AUROC : 0.767734967926831 
40 epoch: Training d_loss : -0.0003300543240788252 / Training g_loss : -0.5093005298620567 /Training roc : 0.9603822190899545 / Training ap : 0.965251088142395 
40 epoch, SNS : Val AP : 0.9783735275268555 / AUROC : 0.978086390205916 
40 epoch, MNS : Val AP : 0.8202468752861023 / AUROC : 0.8222966566535618 
40 epoch, CNS : Val AP : 0.5085331201553345 / AUROC : 0.5110998876022338 
40 epoch, ALL : Val AP : 0.7123787999153137 / AUROC : 0.7710520306963128 
41 epoch: Training d_loss : -0.00033471741623264427 / Training g_loss : -0.5093536833700959 /Training roc : 0.9619100502708737 / Training ap : 0.9662911891937256 
41 epoch, SNS : Val AP : 0.9783735275268555 / AUROC : 0.978086390205916 
41 epoch, MNS : Val AP : 0.8202468752861023 / AUROC : 0.8222966566535618 
41 epoch, CNS : Val AP : 0.5085331201553345 / AUROC : 0.5110998876022338 
41 epoch, ALL : Val AP : 0.7123787999153137 / AUROC : 0.7710520306963128 
42 epoch: Training d_loss : -0.0003396361734605556 / Training g_loss : -0.5093435167508209 /Training roc : 0.9616333755400255 / Training ap : 0.9662609100341797 
42 epoch, SNS : Val AP : 0.9787959456443787 / AUROC : 0.9786620535690185 
42 epoch, MNS : Val AP : 0.8187544941902161 / AUROC : 0.8214779954118001 
42 epoch, CNS : Val AP : 0.5089993476867676 / AUROC : 0.5097573284883203 
42 epoch, ALL : Val AP : 0.7122372388839722 / AUROC : 0.77032689470165 
43 epoch: Training d_loss : -0.00034413537653148267 / Training g_loss : -0.5093567055814406 /Training roc : 0.9624762201066591 / Training ap : 0.9668077826499939 
43 epoch, SNS : Val AP : 0.9787959456443787 / AUROC : 0.9786620535690185 
43 epoch, MNS : Val AP : 0.8187544941902161 / AUROC : 0.8214779954118001 
43 epoch, CNS : Val AP : 0.5089993476867676 / AUROC : 0.5097573284883203 
43 epoch, ALL : Val AP : 0.7122372388839722 / AUROC : 0.77032689470165 
44 epoch: Training d_loss : -0.00035568133636195635 / Training g_loss : -0.509247554315103 /Training roc : 0.9619965149809898 / Training ap : 0.9667088389396667 
44 epoch, SNS : Val AP : 0.9791725277900696 / AUROC : 0.9788765137768078 
44 epoch, MNS : Val AP : 0.8216537237167358 / AUROC : 0.8241280330773044 
44 epoch, CNS : Val AP : 0.5052505135536194 / AUROC : 0.5066569310515431 
44 epoch, ALL : Val AP : 0.7103206515312195 / AUROC : 0.770186407102022 
45 epoch: Training d_loss : -0.0003683309771108703 / Training g_loss : -0.5092831540183536 /Training roc : 0.963325847574332 / Training ap : 0.967981219291687 
45 epoch, SNS : Val AP : 0.9791725277900696 / AUROC : 0.9788765137768078 
45 epoch, MNS : Val AP : 0.8216537237167358 / AUROC : 0.8241280330773044 
45 epoch, CNS : Val AP : 0.5052505135536194 / AUROC : 0.5066569310515431 
45 epoch, ALL : Val AP : 0.7103206515312195 / AUROC : 0.770186407102022 
46 epoch: Training d_loss : -0.0003863611452530223 / Training g_loss : -0.5092864935841583 /Training roc : 0.9638954940171456 / Training ap : 0.9684267044067383 
46 epoch, SNS : Val AP : 0.9792726635932922 / AUROC : 0.9789274239152259 
46 epoch, MNS : Val AP : 0.8118946552276611 / AUROC : 0.8205061816327552 
46 epoch, CNS : Val AP : 0.49243292212486267 / AUROC : 0.49532833106879676 
46 epoch, ALL : Val AP : 0.6991883516311646 / AUROC : 0.7655049758719076 
47 epoch: Training d_loss : -0.00039551462770835016 / Training g_loss : -0.5092695444490648 /Training roc : 0.9633434453519732 / Training ap : 0.9680891633033752 
47 epoch, SNS : Val AP : 0.9792726635932922 / AUROC : 0.9789274239152259 
47 epoch, MNS : Val AP : 0.8118946552276611 / AUROC : 0.8205061816327552 
47 epoch, CNS : Val AP : 0.49243292212486267 / AUROC : 0.49532833106879676 
47 epoch, ALL : Val AP : 0.6991883516311646 / AUROC : 0.7655049758719076 
48 epoch: Training d_loss : -0.00041347926864563375 / Training g_loss : -0.509262809503249 /Training roc : 0.9639781945627475 / Training ap : 0.968288004398346 
48 epoch, SNS : Val AP : 0.9795994758605957 / AUROC : 0.9794345257740047 
48 epoch, MNS : Val AP : 0.8089479207992554 / AUROC : 0.8194579637664224 
48 epoch, CNS : Val AP : 0.4929996728897095 / AUROC : 0.4948084766813459 
48 epoch, ALL : Val AP : 0.6986500024795532 / AUROC : 0.7648437897881546 
49 epoch: Training d_loss : -0.00040888748411533374 / Training g_loss : -0.5092753098954836 /Training roc : 0.9642833843824798 / Training ap : 0.9685592651367188 
49 epoch, SNS : Val AP : 0.9795994758605957 / AUROC : 0.9794345257740047 
49 epoch, MNS : Val AP : 0.8089479207992554 / AUROC : 0.8194579637664224 
49 epoch, CNS : Val AP : 0.4929996728897095 / AUROC : 0.4948084766813459 
49 epoch, ALL : Val AP : 0.6986500024795532 / AUROC : 0.7648437897881546 
0 epoch: Training d_loss : 0.00019049762733398923 / Training g_loss : -0.5432123574945662 /Training roc : 0.809292312049241 / Training ap : 0.7463159561157227 
0 epoch, SNS : Val AP : 0.8478784561157227 / AUROC : 0.8795542662418282 
0 epoch, MNS : Val AP : 0.6253642439842224 / AUROC : 0.644856695236404 
0 epoch, CNS : Val AP : 0.5147632360458374 / AUROC : 0.50961822817122 
0 epoch, ALL : Val AP : 0.632805347442627 / AUROC : 0.6750510932679453 
1 epoch: Training d_loss : 0.00017629822032061215 / Training g_loss : -0.5432892835007563 /Training roc : 0.8600639062819893 / Training ap : 0.8340680599212646 
1 epoch, SNS : Val AP : 0.8478784561157227 / AUROC : 0.8795542662418282 
1 epoch, MNS : Val AP : 0.6253642439842224 / AUROC : 0.644856695236404 
1 epoch, CNS : Val AP : 0.5147632360458374 / AUROC : 0.50961822817122 
1 epoch, ALL : Val AP : 0.632805347442627 / AUROC : 0.6750510932679453 
2 epoch: Training d_loss : 9.663523854436101e-05 / Training g_loss : -0.5432220425438995 /Training roc : 0.8925068724511298 / Training ap : 0.8778894543647766 
2 epoch, SNS : Val AP : 0.9340209364891052 / AUROC : 0.9443056193706557 
2 epoch, MNS : Val AP : 0.708418607711792 / AUROC : 0.7181355798638105 
2 epoch, CNS : Val AP : 0.5416775941848755 / AUROC : 0.5341968609628457 
2 epoch, ALL : Val AP : 0.6921825408935547 / AUROC : 0.7316329212008219 
3 epoch: Training d_loss : 3.8440257832052595e-05 / Training g_loss : -0.5430585662397558 /Training roc : 0.9211340149592687 / Training ap : 0.9155657887458801 
3 epoch, SNS : Val AP : 0.9340209364891052 / AUROC : 0.9443056193706557 
3 epoch, MNS : Val AP : 0.708418607711792 / AUROC : 0.7181355798638105 
3 epoch, CNS : Val AP : 0.5416775941848755 / AUROC : 0.5341968609628457 
3 epoch, ALL : Val AP : 0.6921825408935547 / AUROC : 0.7316329212008219 
4 epoch: Training d_loss : -4.4365186949034e-06 / Training g_loss : -0.5428667219151374 /Training roc : 0.930723289468862 / Training ap : 0.9283919334411621 
4 epoch, SNS : Val AP : 0.9562373757362366 / AUROC : 0.9602213416855435 
4 epoch, MNS : Val AP : 0.7527447938919067 / AUROC : 0.7603006495280531 
4 epoch, CNS : Val AP : 0.5508434772491455 / AUROC : 0.5510869964398006 
4 epoch, ALL : Val AP : 0.7172468304634094 / AUROC : 0.7595642002443697 
5 epoch: Training d_loss : -3.159482073518544e-05 / Training g_loss : -0.5427026272957199 /Training roc : 0.9374290424135295 / Training ap : 0.937103807926178 
5 epoch, SNS : Val AP : 0.9562373757362366 / AUROC : 0.9602213416855435 
5 epoch, MNS : Val AP : 0.7527447938919067 / AUROC : 0.7603006495280531 
5 epoch, CNS : Val AP : 0.5508434772491455 / AUROC : 0.5510869964398006 
5 epoch, ALL : Val AP : 0.7172468304634094 / AUROC : 0.7595642002443697 
6 epoch: Training d_loss : -4.9198848833529865e-05 / Training g_loss : -0.5425428884586583 /Training roc : 0.940767154104826 / Training ap : 0.9420814514160156 
6 epoch, SNS : Val AP : 0.9641746282577515 / AUROC : 0.965963167720124 
6 epoch, MNS : Val AP : 0.7767460942268372 / AUROC : 0.7793628916656472 
6 epoch, CNS : Val AP : 0.5532310009002686 / AUROC : 0.5562611016705123 
6 epoch, ALL : Val AP : 0.7280226945877075 / AUROC : 0.7700482637399205 
7 epoch: Training d_loss : -6.35510597774827e-05 / Training g_loss : -0.5423492060556699 /Training roc : 0.943589719653518 / Training ap : 0.9458653330802917 
7 epoch, SNS : Val AP : 0.9641746282577515 / AUROC : 0.965963167720124 
7 epoch, MNS : Val AP : 0.7767460942268372 / AUROC : 0.7793628916656472 
7 epoch, CNS : Val AP : 0.5532310009002686 / AUROC : 0.5562611016705123 
7 epoch, ALL : Val AP : 0.7280226945877075 / AUROC : 0.7700482637399205 
8 epoch: Training d_loss : -7.608452358761349e-05 / Training g_loss : -0.5422436402598322 /Training roc : 0.9446991213704469 / Training ap : 0.9469128251075745 
8 epoch, SNS : Val AP : 0.9683612585067749 / AUROC : 0.9695595029988548 
8 epoch, MNS : Val AP : 0.7855821847915649 / AUROC : 0.7877830153247403 
8 epoch, CNS : Val AP : 0.5477691292762756 / AUROC : 0.5505579442355026 
8 epoch, ALL : Val AP : 0.7279365062713623 / AUROC : 0.7718921898715962 
9 epoch: Training d_loss : -9.348197278991603e-05 / Training g_loss : -0.5420852530931252 /Training roc : 0.9471676493513848 / Training ap : 0.9502919316291809 
9 epoch, SNS : Val AP : 0.9683612585067749 / AUROC : 0.9695595029988548 
9 epoch, MNS : Val AP : 0.7855821847915649 / AUROC : 0.7877830153247403 
9 epoch, CNS : Val AP : 0.5477691292762756 / AUROC : 0.5505579442355026 
9 epoch, ALL : Val AP : 0.7279365062713623 / AUROC : 0.7718921898715962 
10 epoch: Training d_loss : -0.00011272181198593164 / Training g_loss : -0.5418704986951309 /Training roc : 0.9472674317989668 / Training ap : 0.950393557548523 
10 epoch, SNS : Val AP : 0.9710405468940735 / AUROC : 0.9717293546391801 
10 epoch, MNS : Val AP : 0.7986682653427124 / AUROC : 0.7969985390800907 
10 epoch, CNS : Val AP : 0.5493297576904297 / AUROC : 0.5528980998976665 
10 epoch, ALL : Val AP : 0.7332820296287537 / AUROC : 0.7766813449266211 
11 epoch: Training d_loss : -0.00012352764132671023 / Training g_loss : -0.5417978174167142 /Training roc : 0.9513826891933755 / Training ap : 0.9551210403442383 
11 epoch, SNS : Val AP : 0.9710405468940735 / AUROC : 0.9717293546391801 
11 epoch, MNS : Val AP : 0.7986682653427124 / AUROC : 0.7969985390800907 
11 epoch, CNS : Val AP : 0.5493297576904297 / AUROC : 0.5528980998976665 
11 epoch, ALL : Val AP : 0.7332820296287537 / AUROC : 0.7766813449266211 
12 epoch: Training d_loss : -0.0001437580168531506 / Training g_loss : -0.5415242537974553 /Training roc : 0.9503449139734633 / Training ap : 0.954581081867218 
12 epoch, SNS : Val AP : 0.9729170203208923 / AUROC : 0.9734338611761949 
12 epoch, MNS : Val AP : 0.8042477965354919 / AUROC : 0.8016201976593067 
12 epoch, CNS : Val AP : 0.5490749478340149 / AUROC : 0.5518809413259044 
12 epoch, ALL : Val AP : 0.7354097366333008 / AUROC : 0.7785440582888994 
13 epoch: Training d_loss : -0.0001541844233041348 / Training g_loss : -0.5414857416160535 /Training roc : 0.9529505204844796 / Training ap : 0.9566001892089844 
13 epoch, SNS : Val AP : 0.9729170203208923 / AUROC : 0.9734338611761949 
13 epoch, MNS : Val AP : 0.8042477965354919 / AUROC : 0.8016201976593067 
13 epoch, CNS : Val AP : 0.5490749478340149 / AUROC : 0.5518809413259044 
13 epoch, ALL : Val AP : 0.7354097366333008 / AUROC : 0.7785440582888994 
14 epoch: Training d_loss : -0.00017105817605277883 / Training g_loss : -0.5412466580045242 /Training roc : 0.9519166205027886 / Training ap : 0.9561495780944824 
14 epoch, SNS : Val AP : 0.973864734172821 / AUROC : 0.9737942089789755 
14 epoch, MNS : Val AP : 0.8147017359733582 / AUROC : 0.8078808005593161 
14 epoch, CNS : Val AP : 0.5493592619895935 / AUROC : 0.5532086595179486 
14 epoch, ALL : Val AP : 0.7402030229568481 / AUROC : 0.781678292751582 
15 epoch: Training d_loss : -0.00018155622179064727 / Training g_loss : -0.5410650717435088 /Training roc : 0.9531744117556225 / Training ap : 0.9574817419052124 
15 epoch, SNS : Val AP : 0.973864734172821 / AUROC : 0.9737942089789755 
15 epoch, MNS : Val AP : 0.8147017359733582 / AUROC : 0.8078808005593161 
15 epoch, CNS : Val AP : 0.5493592619895935 / AUROC : 0.5532086595179486 
15 epoch, ALL : Val AP : 0.7402030229568481 / AUROC : 0.781678292751582 
16 epoch: Training d_loss : -0.0001935240100411808 / Training g_loss : -0.541014173356831 /Training roc : 0.9546536099310201 / Training ap : 0.9590297937393188 
16 epoch, SNS : Val AP : 0.9757166504859924 / AUROC : 0.9758099305362653 
16 epoch, MNS : Val AP : 0.8133304715156555 / AUROC : 0.8084992204405883 
16 epoch, CNS : Val AP : 0.5450275540351868 / AUROC : 0.54830163533851 
16 epoch, ALL : Val AP : 0.7361242175102234 / AUROC : 0.7804786986357559 
17 epoch: Training d_loss : -0.00020692088835190135 / Training g_loss : -0.5408747333600904 /Training roc : 0.9554453272703347 / Training ap : 0.9591190814971924 
17 epoch, SNS : Val AP : 0.9757166504859924 / AUROC : 0.9758099305362653 
17 epoch, MNS : Val AP : 0.8133304715156555 / AUROC : 0.8084992204405883 
17 epoch, CNS : Val AP : 0.5450275540351868 / AUROC : 0.54830163533851 
17 epoch, ALL : Val AP : 0.7361242175102234 / AUROC : 0.7804786986357559 
18 epoch: Training d_loss : -0.0002243379530732317 / Training g_loss : -0.5404977103864066 /Training roc : 0.9539216786315593 / Training ap : 0.9588403701782227 
18 epoch, SNS : Val AP : 0.9762099385261536 / AUROC : 0.9765892455615146 
18 epoch, MNS : Val AP : 0.8126693367958069 / AUROC : 0.8092047418700463 
18 epoch, CNS : Val AP : 0.5440620183944702 / AUROC : 0.5455387688979867 
18 epoch, ALL : Val AP : 0.7345536947250366 / AUROC : 0.7798328000915119 
19 epoch: Training d_loss : -0.0002236036503826681 / Training g_loss : -0.5405602631394548 /Training roc : 0.956487995904115 / Training ap : 0.9598981142044067 
19 epoch, SNS : Val AP : 0.9762099385261536 / AUROC : 0.9765892455615146 
19 epoch, MNS : Val AP : 0.8126693367958069 / AUROC : 0.8092047418700463 
19 epoch, CNS : Val AP : 0.5440620183944702 / AUROC : 0.5455387688979867 
19 epoch, ALL : Val AP : 0.7345536947250366 / AUROC : 0.7798328000915119 
20 epoch: Training d_loss : -0.000244006490859015 / Training g_loss : -0.5401817161252275 /Training roc : 0.9554081077052808 / Training ap : 0.9600723385810852 
20 epoch, SNS : Val AP : 0.977012038230896 / AUROC : 0.9772971664214545 
20 epoch, MNS : Val AP : 0.8174809813499451 / AUROC : 0.8121259818308459 
20 epoch, CNS : Val AP : 0.5456929802894592 / AUROC : 0.5474196002499939 
20 epoch, ALL : Val AP : 0.7364271879196167 / AUROC : 0.7814464798795981 
21 epoch: Training d_loss : -0.000245456286189287 / Training g_loss : -0.5402346068611206 /Training roc : 0.9588674452403662 / Training ap : 0.9623771905899048 
21 epoch, SNS : Val AP : 0.977012038230896 / AUROC : 0.9772971664214545 
21 epoch, MNS : Val AP : 0.8174809813499451 / AUROC : 0.8121259818308459 
21 epoch, CNS : Val AP : 0.5456929802894592 / AUROC : 0.5474196002499939 
21 epoch, ALL : Val AP : 0.7364271879196167 / AUROC : 0.7814464798795981 
22 epoch: Training d_loss : -0.00026728144131707465 / Training g_loss : -0.5397290160053295 /Training roc : 0.9537822539779592 / Training ap : 0.958810031414032 
22 epoch, SNS : Val AP : 0.9771960377693176 / AUROC : 0.9770427934649555 
22 epoch, MNS : Val AP : 0.8240466117858887 / AUROC : 0.8158852562128531 
22 epoch, CNS : Val AP : 0.5443423986434937 / AUROC : 0.5469519334755233 
22 epoch, ALL : Val AP : 0.7395573258399963 / AUROC : 0.7832730853178915 
23 epoch: Training d_loss : -0.00027658147159934234 / Training g_loss : -0.5397276134483386 /Training roc : 0.9574519169821094 / Training ap : 0.9618794322013855 
23 epoch, SNS : Val AP : 0.9771960377693176 / AUROC : 0.9770427934649555 
23 epoch, MNS : Val AP : 0.8240466117858887 / AUROC : 0.8158852562128531 
23 epoch, CNS : Val AP : 0.5443423986434937 / AUROC : 0.5469519334755233 
23 epoch, ALL : Val AP : 0.7395573258399963 / AUROC : 0.7832730853178915 
24 epoch: Training d_loss : -0.00029326015890876516 / Training g_loss : -0.53954479984335 /Training roc : 0.9570756017311938 / Training ap : 0.9613914489746094 
24 epoch, SNS : Val AP : 0.9774729013442993 / AUROC : 0.9771034790608922 
24 epoch, MNS : Val AP : 0.8287796974182129 / AUROC : 0.8193081326630005 
24 epoch, CNS : Val AP : 0.5441915988922119 / AUROC : 0.5473755884742113 
24 epoch, ALL : Val AP : 0.741453230381012 / AUROC : 0.7846827164500059 
25 epoch: Training d_loss : -0.0002979538588531446 / Training g_loss : -0.5393165041987202 /Training roc : 0.9570121514931623 / Training ap : 0.9612571597099304 
25 epoch, SNS : Val AP : 0.9774729013442993 / AUROC : 0.9771034790608922 
25 epoch, MNS : Val AP : 0.8287796974182129 / AUROC : 0.8193081326630005 
25 epoch, CNS : Val AP : 0.5441915988922119 / AUROC : 0.5473755884742113 
25 epoch, ALL : Val AP : 0.741453230381012 / AUROC : 0.7846827164500059 
26 epoch: Training d_loss : -0.0003132996384782897 / Training g_loss : -0.5392633558077728 /Training roc : 0.9581678018333697 / Training ap : 0.9625169038772583 
26 epoch, SNS : Val AP : 0.9784406423568726 / AUROC : 0.9781991412216137 
26 epoch, MNS : Val AP : 0.8274533748626709 / AUROC : 0.8192193426266978 
26 epoch, CNS : Val AP : 0.5425506830215454 / AUROC : 0.5438046138426565 
26 epoch, ALL : Val AP : 0.7394084930419922 / AUROC : 0.7833677325192542 
27 epoch: Training d_loss : -0.000328664796720059 / Training g_loss : -0.5391020631752257 /Training roc : 0.9586883783807479 / Training ap : 0.9628981947898865 
27 epoch, SNS : Val AP : 0.9784406423568726 / AUROC : 0.9781991412216137 
27 epoch, MNS : Val AP : 0.8274533748626709 / AUROC : 0.8192193426266978 
27 epoch, CNS : Val AP : 0.5425506830215454 / AUROC : 0.5438046138426565 
27 epoch, ALL : Val AP : 0.7394084930419922 / AUROC : 0.7833677325192542 
28 epoch: Training d_loss : -0.00033920733272934566 / Training g_loss : -0.5388694390393971 /Training roc : 0.9586180082507723 / Training ap : 0.9628435969352722 
28 epoch, SNS : Val AP : 0.978801965713501 / AUROC : 0.9784328190902067 
28 epoch, MNS : Val AP : 0.8307135701179504 / AUROC : 0.8213604788605621 
28 epoch, CNS : Val AP : 0.5427442789077759 / AUROC : 0.5437160126504195 
28 epoch, ALL : Val AP : 0.740802526473999 / AUROC : 0.7842063362762736 
29 epoch: Training d_loss : -0.00033872537847922225 / Training g_loss : -0.5387257678709652 /Training roc : 0.9583589695562865 / Training ap : 0.9626740217208862 
29 epoch, SNS : Val AP : 0.978801965713501 / AUROC : 0.9784328190902067 
29 epoch, MNS : Val AP : 0.8307135701179504 / AUROC : 0.8213604788605621 
29 epoch, CNS : Val AP : 0.5427442789077759 / AUROC : 0.5437160126504195 
29 epoch, ALL : Val AP : 0.740802526473999 / AUROC : 0.7842063362762736 
30 epoch: Training d_loss : -0.00036914265212648816 / Training g_loss : -0.5384884976051949 /Training roc : 0.9591154925744709 / Training ap : 0.963292121887207 
30 epoch, SNS : Val AP : 0.979319155216217 / AUROC : 0.978921736376306 
30 epoch, MNS : Val AP : 0.8315975069999695 / AUROC : 0.8219303324915258 
30 epoch, CNS : Val AP : 0.5413110256195068 / AUROC : 0.5421256679053579 
30 epoch, ALL : Val AP : 0.7393267750740051 / AUROC : 0.7836851156160172 
31 epoch: Training d_loss : -0.00037898651556673036 / Training g_loss : -0.5383339226719684 /Training roc : 0.9607292762923018 / Training ap : 0.9650392532348633 
31 epoch, SNS : Val AP : 0.979319155216217 / AUROC : 0.978921736376306 
31 epoch, MNS : Val AP : 0.8315975069999695 / AUROC : 0.8219303324915258 
31 epoch, CNS : Val AP : 0.5413110256195068 / AUROC : 0.5421256679053579 
31 epoch, ALL : Val AP : 0.7393267750740051 / AUROC : 0.7836851156160172 
32 epoch: Training d_loss : -0.0003744266808979095 / Training g_loss : -0.5382201540091681 /Training roc : 0.9598760597265527 / Training ap : 0.9636517763137817 
32 epoch, SNS : Val AP : 0.9801642298698425 / AUROC : 0.9800110111642167 
32 epoch, MNS : Val AP : 0.8295627236366272 / AUROC : 0.821537803438255 
32 epoch, CNS : Val AP : 0.5393239259719849 / AUROC : 0.5383286913610571 
32 epoch, ALL : Val AP : 0.7360935807228088 / AUROC : 0.7820032751775776 
33 epoch: Training d_loss : -0.0003767215390652655 / Training g_loss : -0.5381437085201706 /Training roc : 0.9609458724892012 / Training ap : 0.9647036194801331 
33 epoch, SNS : Val AP : 0.9801642298698425 / AUROC : 0.9800110111642167 
33 epoch, MNS : Val AP : 0.8295627236366272 / AUROC : 0.821537803438255 
33 epoch, CNS : Val AP : 0.5393239259719849 / AUROC : 0.5383286913610571 
33 epoch, ALL : Val AP : 0.7360935807228088 / AUROC : 0.7820032751775776 
34 epoch: Training d_loss : -0.0004082168607908895 / Training g_loss : -0.5376955657391935 /Training roc : 0.9606694347155944 / Training ap : 0.9649960994720459 
34 epoch, SNS : Val AP : 0.9798998832702637 / AUROC : 0.9795631063657978 
34 epoch, MNS : Val AP : 0.8342846632003784 / AUROC : 0.8240101832718327 
34 epoch, CNS : Val AP : 0.5380176305770874 / AUROC : 0.5381690959085911 
34 epoch, ALL : Val AP : 0.7372269034385681 / AUROC : 0.7832749962603299 
35 epoch: Training d_loss : -0.0004119465100935798 / Training g_loss : -0.5375883220110106 /Training roc : 0.9605766190577443 / Training ap : 0.9646009206771851 
35 epoch, SNS : Val AP : 0.9798998832702637 / AUROC : 0.9795631063657978 
35 epoch, MNS : Val AP : 0.8342846632003784 / AUROC : 0.8240101832718327 
35 epoch, CNS : Val AP : 0.5380176305770874 / AUROC : 0.5381690959085911 
35 epoch, ALL : Val AP : 0.7372269034385681 / AUROC : 0.7832749962603299 
36 epoch: Training d_loss : -0.00042613644289098596 / Training g_loss : -0.5374891711532217 /Training roc : 0.9612172292577899 / Training ap : 0.9649249315261841 
36 epoch, SNS : Val AP : 0.9805657267570496 / AUROC : 0.9803485421604708 
36 epoch, MNS : Val AP : 0.8336827158927917 / AUROC : 0.824568917319869 
36 epoch, CNS : Val AP : 0.5373070240020752 / AUROC : 0.5364967484051174 
36 epoch, ALL : Val AP : 0.7355986833572388 / AUROC : 0.7827147901523004 
37 epoch: Training d_loss : -0.00044167804604304425 / Training g_loss : -0.5373830442777309 /Training roc : 0.9624508224864838 / Training ap : 0.9660403728485107 
37 epoch, SNS : Val AP : 0.9805657267570496 / AUROC : 0.9803485421604708 
37 epoch, MNS : Val AP : 0.8336827158927917 / AUROC : 0.824568917319869 
37 epoch, CNS : Val AP : 0.5373070240020752 / AUROC : 0.5364967484051174 
37 epoch, ALL : Val AP : 0.7355986833572388 / AUROC : 0.7827147901523004 
38 epoch: Training d_loss : -0.00047177995521048105 / Training g_loss : -0.5370157024629165 /Training roc : 0.9622305694963205 / Training ap : 0.9662771224975586 
38 epoch, SNS : Val AP : 0.980680525302887 / AUROC : 0.9804485739729198 
38 epoch, MNS : Val AP : 0.8336576223373413 / AUROC : 0.8247954413309144 
38 epoch, CNS : Val AP : 0.5367103815078735 / AUROC : 0.5343165214496532 
38 epoch, ALL : Val AP : 0.7352054119110107 / AUROC : 0.7820389386963443 
39 epoch: Training d_loss : -0.0004907594386648109 / Training g_loss : -0.5369826161994085 /Training roc : 0.9635508754997428 / Training ap : 0.9674044847488403 
39 epoch, SNS : Val AP : 0.980680525302887 / AUROC : 0.9804485739729198 
39 epoch, MNS : Val AP : 0.8336576223373413 / AUROC : 0.8247954413309144 
39 epoch, CNS : Val AP : 0.5367103815078735 / AUROC : 0.5343165214496532 
39 epoch, ALL : Val AP : 0.7352054119110107 / AUROC : 0.7820389386963443 
40 epoch: Training d_loss : -0.0005078703781000571 / Training g_loss : -0.5366668102282598 /Training roc : 0.9628098176440258 / Training ap : 0.9670301079750061 
40 epoch, SNS : Val AP : 0.9807033538818359 / AUROC : 0.98028123591376 
40 epoch, MNS : Val AP : 0.8375602960586548 / AUROC : 0.8268276811897158 
40 epoch, CNS : Val AP : 0.5372306108474731 / AUROC : 0.535641040401055 
40 epoch, ALL : Val AP : 0.7371036410331726 / AUROC : 0.7834294270736814 
41 epoch: Training d_loss : -0.000514291286089462 / Training g_loss : -0.5365459901918856 /Training roc : 0.9626726292743927 / Training ap : 0.9665846824645996 
41 epoch, SNS : Val AP : 0.9807033538818359 / AUROC : 0.98028123591376 
41 epoch, MNS : Val AP : 0.8375602960586548 / AUROC : 0.8268276811897158 
41 epoch, CNS : Val AP : 0.5372306108474731 / AUROC : 0.535641040401055 
41 epoch, ALL : Val AP : 0.7371036410331726 / AUROC : 0.7834294270736814 
42 epoch: Training d_loss : -0.0005188792328008218 / Training g_loss : -0.5365219225186043 /Training roc : 0.9628219036974968 / Training ap : 0.9663441777229309 
42 epoch, SNS : Val AP : 0.9811685681343079 / AUROC : 0.980865708297104 
42 epoch, MNS : Val AP : 0.8312245011329651 / AUROC : 0.824297159600851 
42 epoch, CNS : Val AP : 0.5318648815155029 / AUROC : 0.5281380990436471 
42 epoch, ALL : Val AP : 0.7309107184410095 / AUROC : 0.7795692122464214 
43 epoch: Training d_loss : -0.0005248059149955907 / Training g_loss : -0.5363341042081957 /Training roc : 0.9629064937302693 / Training ap : 0.9667094945907593 
43 epoch, SNS : Val AP : 0.9811685681343079 / AUROC : 0.980865708297104 
43 epoch, MNS : Val AP : 0.8312245011329651 / AUROC : 0.824297159600851 
43 epoch, CNS : Val AP : 0.5318648815155029 / AUROC : 0.5281380990436471 
43 epoch, ALL : Val AP : 0.7309107184410095 / AUROC : 0.7795692122464214 
44 epoch: Training d_loss : -0.000553140153187447 / Training g_loss : -0.5361555127726071 /Training roc : 0.9636390334668139 / Training ap : 0.9673486948013306 
44 epoch, SNS : Val AP : 0.9817397594451904 / AUROC : 0.9813362966003558 
44 epoch, MNS : Val AP : 0.8353706002235413 / AUROC : 0.8273211973842386 
44 epoch, CNS : Val AP : 0.5326582193374634 / AUROC : 0.5299296293695268 
44 epoch, ALL : Val AP : 0.7327247262001038 / AUROC : 0.7813527881494549 
45 epoch: Training d_loss : -0.0005666889806999122 / Training g_loss : -0.5359671328139798 /Training roc : 0.9640870986299764 / Training ap : 0.9678140878677368 
45 epoch, SNS : Val AP : 0.9817397594451904 / AUROC : 0.9813362966003558 
45 epoch, MNS : Val AP : 0.8353706002235413 / AUROC : 0.8273211973842386 
45 epoch, CNS : Val AP : 0.5326582193374634 / AUROC : 0.5299296293695268 
45 epoch, ALL : Val AP : 0.7327247262001038 / AUROC : 0.7813527881494549 
46 epoch: Training d_loss : -0.0006041395076697126 / Training g_loss : -0.5356800500273894 /Training roc : 0.9635633700576248 / Training ap : 0.9673703908920288 
46 epoch, SNS : Val AP : 0.9817135334014893 / AUROC : 0.9811671145344367 
46 epoch, MNS : Val AP : 0.837314248085022 / AUROC : 0.8288014682559458 
46 epoch, CNS : Val AP : 0.531734824180603 / AUROC : 0.5282775659404042 
46 epoch, ALL : Val AP : 0.7333792448043823 / AUROC : 0.7816297637017461 
47 epoch: Training d_loss : -0.0006132110218933542 / Training g_loss : -0.5354337087685808 /Training roc : 0.9638862650262485 / Training ap : 0.9679709672927856 
47 epoch, SNS : Val AP : 0.9817135334014893 / AUROC : 0.9811671145344367 
47 epoch, MNS : Val AP : 0.837314248085022 / AUROC : 0.8288014682559458 
47 epoch, CNS : Val AP : 0.531734824180603 / AUROC : 0.5282775659404042 
47 epoch, ALL : Val AP : 0.7333792448043823 / AUROC : 0.7816297637017461 
48 epoch: Training d_loss : -0.0006486847404455722 / Training g_loss : -0.535308933788718 /Training roc : 0.9652326005358234 / Training ap : 0.9688667058944702 
48 epoch, SNS : Val AP : 0.9823349118232727 / AUROC : 0.981817515713659 
48 epoch, MNS : Val AP : 0.8397817611694336 / AUROC : 0.8308040262710089 
48 epoch, CNS : Val AP : 0.5340180993080139 / AUROC : 0.5308303155866493 
48 epoch, ALL : Val AP : 0.735113263130188 / AUROC : 0.7830124972080241 
49 epoch: Training d_loss : -0.0006568068445960744 / Training g_loss : -0.5351709385175962 /Training roc : 0.9650611940595293 / Training ap : 0.9687196016311646 
49 epoch, SNS : Val AP : 0.9823349118232727 / AUROC : 0.981817515713659 
49 epoch, MNS : Val AP : 0.8397817611694336 / AUROC : 0.8308040262710089 
49 epoch, CNS : Val AP : 0.5340180993080139 / AUROC : 0.5308303155866493 
49 epoch, ALL : Val AP : 0.735113263130188 / AUROC : 0.7830124972080241 
