args: Namespace(D_lr=5e-07, G_lr=1e-08, alpha_e=0, alpha_v=0, bs=32, clip=0.01, dataset_name='hypergraph_pretrain_noDD', dim_edge=400, dim_hidden=400, dim_vertex=400, epochs=50, exp_num=5, fix_seed=True, folder_name='pretrain_noDD', gen='MLP', gpu=1, memory_size=128, memory_type='sample', model='hnhn', n_layers=1, testns='SMCA', train_DG='epoch1:1', training='wgan')
0 epoch: Training d_loss : -0.00022675685939334687 / Training g_loss : -0.4312106476889716 /Training roc : 0.9295234330711452 / Training ap : 0.903763473033905 
0 epoch, SNS : Val AP : 0.9663635492324829 / AUROC : 0.9667067801084813 
0 epoch, MNS : Val AP : 0.7552303075790405 / AUROC : 0.7761565971419094 
0 epoch, CNS : Val AP : 0.5446338057518005 / AUROC : 0.5526738309069352 
0 epoch, ALL : Val AP : 0.7131643295288086 / AUROC : 0.7666629292187809 
1 epoch: Training d_loss : -0.00023553673243105697 / Training g_loss : -0.4307573589782078 /Training roc : 0.9594833403064583 / Training ap : 0.9602338671684265 
1 epoch, SNS : Val AP : 0.9663635492324829 / AUROC : 0.9667067801084813 
1 epoch, MNS : Val AP : 0.7552303075790405 / AUROC : 0.7761565971419094 
1 epoch, CNS : Val AP : 0.5446338057518005 / AUROC : 0.5526738309069352 
1 epoch, ALL : Val AP : 0.7131643295288086 / AUROC : 0.7666629292187809 
2 epoch: Training d_loss : -0.0003435464371558403 / Training g_loss : -0.430008003508912 /Training roc : 0.9615665424905405 / Training ap : 0.9639451503753662 
2 epoch, SNS : Val AP : 0.9789397120475769 / AUROC : 0.9777085132304486 
2 epoch, MNS : Val AP : 0.8032351136207581 / AUROC : 0.8045975687415171 
2 epoch, CNS : Val AP : 0.5741820335388184 / AUROC : 0.5724239542165559 
2 epoch, ALL : Val AP : 0.7455343008041382 / AUROC : 0.7858255600194579 
3 epoch: Training d_loss : -0.00045564031563047764 / Training g_loss : -0.42936346148080023 /Training roc : 0.9712241643544905 / Training ap : 0.9740168452262878 
3 epoch, SNS : Val AP : 0.9789397120475769 / AUROC : 0.9777085132304486 
3 epoch, MNS : Val AP : 0.8032351136207581 / AUROC : 0.8045975687415171 
3 epoch, CNS : Val AP : 0.5741820335388184 / AUROC : 0.5724239542165559 
3 epoch, ALL : Val AP : 0.7455343008041382 / AUROC : 0.7858255600194579 
4 epoch: Training d_loss : -0.0005248785255823303 / Training g_loss : -0.4289981403487286 /Training roc : 0.9730704993901511 / Training ap : 0.9753394722938538 
4 epoch, SNS : Val AP : 0.9832932949066162 / AUROC : 0.9822241080955874 
4 epoch, MNS : Val AP : 0.8054223656654358 / AUROC : 0.811253000149009 
4 epoch, CNS : Val AP : 0.565357506275177 / AUROC : 0.5633002864364571 
4 epoch, ALL : Val AP : 0.7423288226127625 / AUROC : 0.7866269892799684 
5 epoch: Training d_loss : -0.0006156329225470417 / Training g_loss : -0.42852895414317543 /Training roc : 0.9762132213235136 / Training ap : 0.9784911274909973 
5 epoch, SNS : Val AP : 0.9832932949066162 / AUROC : 0.9822241080955874 
5 epoch, MNS : Val AP : 0.8054223656654358 / AUROC : 0.811253000149009 
5 epoch, CNS : Val AP : 0.565357506275177 / AUROC : 0.5633002864364571 
5 epoch, ALL : Val AP : 0.7423288226127625 / AUROC : 0.7866269892799684 
6 epoch: Training d_loss : -0.0007034463183110394 / Training g_loss : -0.4278750945066231 /Training roc : 0.9758061053336547 / Training ap : 0.9783463478088379 
6 epoch, SNS : Val AP : 0.9843395948410034 / AUROC : 0.9831475444683896 
6 epoch, MNS : Val AP : 0.8180012106895447 / AUROC : 0.8164580980234447 
6 epoch, CNS : Val AP : 0.5829577445983887 / AUROC : 0.5723500495360201 
6 epoch, ALL : Val AP : 0.7559078335762024 / AUROC : 0.7915691419415156 
7 epoch: Training d_loss : -0.0007734339453268127 / Training g_loss : -0.4273857810728501 /Training roc : 0.9771294942495217 / Training ap : 0.9793847799301147 
7 epoch, SNS : Val AP : 0.9843395948410034 / AUROC : 0.9831475444683896 
7 epoch, MNS : Val AP : 0.8180012106895447 / AUROC : 0.8164580980234447 
7 epoch, CNS : Val AP : 0.5829577445983887 / AUROC : 0.5723500495360201 
7 epoch, ALL : Val AP : 0.7559078335762024 / AUROC : 0.7915691419415156 
8 epoch: Training d_loss : -0.0008401004612351071 / Training g_loss : -0.4269286984480053 /Training roc : 0.9775390513926293 / Training ap : 0.97979736328125 
8 epoch, SNS : Val AP : 0.9851731657981873 / AUROC : 0.9840912760240176 
8 epoch, MNS : Val AP : 0.8226596117019653 / AUROC : 0.8187774475129581 
8 epoch, CNS : Val AP : 0.5904771685600281 / AUROC : 0.5748742392944466 
8 epoch, ALL : Val AP : 0.7619044780731201 / AUROC : 0.7935798200212194 
9 epoch: Training d_loss : -0.0009380049517878667 / Training g_loss : -0.42641472465851726 /Training roc : 0.9782126875082146 / Training ap : 0.9804484844207764 
9 epoch, SNS : Val AP : 0.9851731657981873 / AUROC : 0.9840912760240176 
9 epoch, MNS : Val AP : 0.8226596117019653 / AUROC : 0.8187774475129581 
9 epoch, CNS : Val AP : 0.5904771685600281 / AUROC : 0.5748742392944466 
9 epoch, ALL : Val AP : 0.7619044780731201 / AUROC : 0.7935798200212194 
10 epoch: Training d_loss : -0.0010510088434659052 / Training g_loss : -0.4259020870459667 /Training roc : 0.9784286394776136 / Training ap : 0.980638861656189 
10 epoch, SNS : Val AP : 0.9856482744216919 / AUROC : 0.9845689404254959 
10 epoch, MNS : Val AP : 0.8233014941215515 / AUROC : 0.8197533936444996 
10 epoch, CNS : Val AP : 0.5898624658584595 / AUROC : 0.572171447483765 
10 epoch, ALL : Val AP : 0.7622393369674683 / AUROC : 0.7934724517204838 
11 epoch: Training d_loss : -0.001136659486115642 / Training g_loss : -0.42546668336008614 /Training roc : 0.9788294835054854 / Training ap : 0.9810166358947754 
11 epoch, SNS : Val AP : 0.9856482744216919 / AUROC : 0.9845689404254959 
11 epoch, MNS : Val AP : 0.8233014941215515 / AUROC : 0.8197533936444996 
11 epoch, CNS : Val AP : 0.5898624658584595 / AUROC : 0.572171447483765 
11 epoch, ALL : Val AP : 0.7622393369674683 / AUROC : 0.7934724517204838 
12 epoch: Training d_loss : -0.0012435273686349866 / Training g_loss : -0.42498729229921 /Training roc : 0.979734219575796 / Training ap : 0.9817169904708862 
12 epoch, SNS : Val AP : 0.9862636923789978 / AUROC : 0.9852524892924859 
12 epoch, MNS : Val AP : 0.8223752379417419 / AUROC : 0.819677011774161 
12 epoch, CNS : Val AP : 0.5878674387931824 / AUROC : 0.5679210896631401 
12 epoch, ALL : Val AP : 0.7611023187637329 / AUROC : 0.7924574857525909 
13 epoch: Training d_loss : -0.001324341127527537 / Training g_loss : -0.42456932031861927 /Training roc : 0.9798661837787445 / Training ap : 0.9817980527877808 
13 epoch, SNS : Val AP : 0.9862636923789978 / AUROC : 0.9852524892924859 
13 epoch, MNS : Val AP : 0.8223752379417419 / AUROC : 0.819677011774161 
13 epoch, CNS : Val AP : 0.5878674387931824 / AUROC : 0.5679210896631401 
13 epoch, ALL : Val AP : 0.7611023187637329 / AUROC : 0.7924574857525909 
14 epoch: Training d_loss : -0.0014230975665045467 / Training g_loss : -0.4239808920362227 /Training roc : 0.9803240727942124 / Training ap : 0.9822069406509399 
14 epoch, SNS : Val AP : 0.9866084456443787 / AUROC : 0.9856453293830413 
14 epoch, MNS : Val AP : 0.824475109577179 / AUROC : 0.8203656149970271 
14 epoch, CNS : Val AP : 0.5918993949890137 / AUROC : 0.5694967934388728 
14 epoch, ALL : Val AP : 0.7638394832611084 / AUROC : 0.7932737692575225 
15 epoch: Training d_loss : -0.001523290723799143 / Training g_loss : -0.4234177508111599 /Training roc : 0.9807562087536429 / Training ap : 0.9825506210327148 
15 epoch, SNS : Val AP : 0.9866084456443787 / AUROC : 0.9856453293830413 
15 epoch, MNS : Val AP : 0.824475109577179 / AUROC : 0.8203656149970271 
15 epoch, CNS : Val AP : 0.5918993949890137 / AUROC : 0.5694967934388728 
15 epoch, ALL : Val AP : 0.7638394832611084 / AUROC : 0.7932737692575225 
16 epoch: Training d_loss : -0.0015965600650526572 / Training g_loss : -0.4228780582333976 /Training roc : 0.9802975533295968 / Training ap : 0.9819529056549072 
16 epoch, SNS : Val AP : 0.9868870973587036 / AUROC : 0.9859446805526003 
16 epoch, MNS : Val AP : 0.8272369503974915 / AUROC : 0.8212310651331847 
16 epoch, CNS : Val AP : 0.5985666513442993 / AUROC : 0.5720909665863532 
16 epoch, ALL : Val AP : 0.7683207392692566 / AUROC : 0.794550401017937 
17 epoch: Training d_loss : -0.0016748024141845339 / Training g_loss : -0.4223270734656596 /Training roc : 0.9808399607970041 / Training ap : 0.9825114011764526 
17 epoch, SNS : Val AP : 0.9868870973587036 / AUROC : 0.9859446805526003 
17 epoch, MNS : Val AP : 0.8272369503974915 / AUROC : 0.8212310651331847 
17 epoch, CNS : Val AP : 0.5985666513442993 / AUROC : 0.5720909665863532 
17 epoch, ALL : Val AP : 0.7683207392692566 / AUROC : 0.794550401017937 
18 epoch: Training d_loss : -0.0017622977921617807 / Training g_loss : -0.42175261910844875 /Training roc : 0.9802889327757834 / Training ap : 0.9819508790969849 
18 epoch, SNS : Val AP : 0.9872143864631653 / AUROC : 0.9862995407690012 
18 epoch, MNS : Val AP : 0.8291865587234497 / AUROC : 0.8218373989942521 
18 epoch, CNS : Val AP : 0.6063427329063416 / AUROC : 0.57582811288725 
18 epoch, ALL : Val AP : 0.7734932899475098 / AUROC : 0.7962980134286813 
19 epoch: Training d_loss : -0.0018648328718585696 / Training g_loss : -0.42113790773625215 /Training roc : 0.9813751793272659 / Training ap : 0.9830955862998962 
19 epoch, SNS : Val AP : 0.9872143864631653 / AUROC : 0.9862995407690012 
19 epoch, MNS : Val AP : 0.8291865587234497 / AUROC : 0.8218373989942521 
19 epoch, CNS : Val AP : 0.6063427329063416 / AUROC : 0.57582811288725 
19 epoch, ALL : Val AP : 0.7734932899475098 / AUROC : 0.7962980134286813 
20 epoch: Training d_loss : -0.001962476675006278 / Training g_loss : -0.4206019763158122 /Training roc : 0.9810552426217044 / Training ap : 0.9827200174331665 
20 epoch, SNS : Val AP : 0.9874964952468872 / AUROC : 0.9866256078196196 
20 epoch, MNS : Val AP : 0.8282219767570496 / AUROC : 0.8211256901445239 
20 epoch, CNS : Val AP : 0.6076982617378235 / AUROC : 0.5754852164978352 
20 epoch, ALL : Val AP : 0.7741647958755493 / AUROC : 0.7961736688486074 
21 epoch: Training d_loss : -0.0020751364659429166 / Training g_loss : -0.4200282368352948 /Training roc : 0.9820245211548316 / Training ap : 0.9835556745529175 
21 epoch, SNS : Val AP : 0.9874964952468872 / AUROC : 0.9866256078196196 
21 epoch, MNS : Val AP : 0.8282219767570496 / AUROC : 0.8211256901445239 
21 epoch, CNS : Val AP : 0.6076982617378235 / AUROC : 0.5754852164978352 
21 epoch, ALL : Val AP : 0.7741647958755493 / AUROC : 0.7961736688486074 
22 epoch: Training d_loss : -0.0021768859298884964 / Training g_loss : -0.4192688082757929 /Training roc : 0.9820219269666977 / Training ap : 0.9836640357971191 
22 epoch, SNS : Val AP : 0.9874715805053711 / AUROC : 0.9866175430671666 
22 epoch, MNS : Val AP : 0.8291558027267456 / AUROC : 0.8211858980760588 
22 epoch, CNS : Val AP : 0.608895480632782 / AUROC : 0.5767683452734252 
22 epoch, ALL : Val AP : 0.7745869755744934 / AUROC : 0.7965166941264652 
23 epoch: Training d_loss : -0.0022879123735124623 / Training g_loss : -0.41864413274111545 /Training roc : 0.9821977763912707 / Training ap : 0.983744204044342 
23 epoch, SNS : Val AP : 0.9874715805053711 / AUROC : 0.9866175430671666 
23 epoch, MNS : Val AP : 0.8291558027267456 / AUROC : 0.8211858980760588 
23 epoch, CNS : Val AP : 0.608895480632782 / AUROC : 0.5767683452734252 
23 epoch, ALL : Val AP : 0.7745869755744934 / AUROC : 0.7965166941264652 
24 epoch: Training d_loss : -0.0023870472403891706 / Training g_loss : -0.41809251762346167 /Training roc : 0.9819084195113912 / Training ap : 0.9834494590759277 
24 epoch, SNS : Val AP : 0.98756343126297 / AUROC : 0.986749022970792 
24 epoch, MNS : Val AP : 0.8268555402755737 / AUROC : 0.820286111645367 
24 epoch, CNS : Val AP : 0.6041878461837769 / AUROC : 0.5716328975338099 
24 epoch, ALL : Val AP : 0.7711920142173767 / AUROC : 0.7945644220025735 
25 epoch: Training d_loss : -0.002504722373663716 / Training g_loss : -0.4174297297038789 /Training roc : 0.9823519454623952 / Training ap : 0.9838017821311951 
25 epoch, SNS : Val AP : 0.98756343126297 / AUROC : 0.986749022970792 
25 epoch, MNS : Val AP : 0.8268555402755737 / AUROC : 0.820286111645367 
25 epoch, CNS : Val AP : 0.6041878461837769 / AUROC : 0.5716328975338099 
25 epoch, ALL : Val AP : 0.7711920142173767 / AUROC : 0.7945644220025735 
26 epoch: Training d_loss : -0.0026163620865401857 / Training g_loss : -0.4166295263081173 /Training roc : 0.9828846401512039 / Training ap : 0.9844253063201904 
26 epoch, SNS : Val AP : 0.9876067042350769 / AUROC : 0.9868027657701957 
26 epoch, MNS : Val AP : 0.8277153372764587 / AUROC : 0.8204058276745468 
26 epoch, CNS : Val AP : 0.6068904995918274 / AUROC : 0.573121166507123 
26 epoch, ALL : Val AP : 0.7727540731430054 / AUROC : 0.795087009208876 
27 epoch: Training d_loss : -0.0026993172773306625 / Training g_loss : -0.4159737080098715 /Training roc : 0.9826495193282863 / Training ap : 0.9840664863586426 
27 epoch, SNS : Val AP : 0.9876067042350769 / AUROC : 0.9868027657701957 
27 epoch, MNS : Val AP : 0.8277153372764587 / AUROC : 0.8204058276745468 
27 epoch, CNS : Val AP : 0.6068904995918274 / AUROC : 0.573121166507123 
27 epoch, ALL : Val AP : 0.7727540731430054 / AUROC : 0.795087009208876 
28 epoch: Training d_loss : -0.0027980341299160107 / Training g_loss : -0.41520806687435396 /Training roc : 0.9824004982480172 / Training ap : 0.9838826656341553 
28 epoch, SNS : Val AP : 0.9875451922416687 / AUROC : 0.9867356483675508 
28 epoch, MNS : Val AP : 0.828087329864502 / AUROC : 0.820316571082317 
28 epoch, CNS : Val AP : 0.6071609258651733 / AUROC : 0.5727839798735771 
28 epoch, ALL : Val AP : 0.7728461623191833 / AUROC : 0.7947961904340355 
29 epoch: Training d_loss : -0.0029606580592111487 / Training g_loss : -0.41429842513392195 /Training roc : 0.9829117791602742 / Training ap : 0.9842775464057922 
29 epoch, SNS : Val AP : 0.9875451922416687 / AUROC : 0.9867356483675508 
29 epoch, MNS : Val AP : 0.828087329864502 / AUROC : 0.820316571082317 
29 epoch, CNS : Val AP : 0.6071609258651733 / AUROC : 0.5727839798735771 
29 epoch, ALL : Val AP : 0.7728461623191833 / AUROC : 0.7947961904340355 
30 epoch: Training d_loss : -0.003028088964415279 / Training g_loss : -0.41352182162395534 /Training roc : 0.9824353075136298 / Training ap : 0.9839478135108948 
30 epoch, SNS : Val AP : 0.9874871373176575 / AUROC : 0.9866697528970958 
30 epoch, MNS : Val AP : 0.8276078104972839 / AUROC : 0.8198583909450292 
30 epoch, CNS : Val AP : 0.6055886745452881 / AUROC : 0.5711107548006217 
30 epoch, ALL : Val AP : 0.7715780138969421 / AUROC : 0.7939303890776576 
31 epoch: Training d_loss : -0.0031449597666487216 / Training g_loss : -0.41283158405975623 /Training roc : 0.982782415316221 / Training ap : 0.9842142462730408 
31 epoch, SNS : Val AP : 0.9874871373176575 / AUROC : 0.9866697528970958 
31 epoch, MNS : Val AP : 0.8276078104972839 / AUROC : 0.8198583909450292 
31 epoch, CNS : Val AP : 0.6055886745452881 / AUROC : 0.5711107548006217 
31 epoch, ALL : Val AP : 0.7715780138969421 / AUROC : 0.7939303890776576 
32 epoch: Training d_loss : -0.003315772187142145 / Training g_loss : -0.41178274731787423 /Training roc : 0.9828638316582421 / Training ap : 0.9843466877937317 
32 epoch, SNS : Val AP : 0.9873784780502319 / AUROC : 0.9865455157188135 
32 epoch, MNS : Val AP : 0.8286599516868591 / AUROC : 0.820047945953095 
32 epoch, CNS : Val AP : 0.607062578201294 / AUROC : 0.5724746755109082 
32 epoch, ALL : Val AP : 0.7725803256034851 / AUROC : 0.7942887241152848 
33 epoch: Training d_loss : -0.003360696669981855 / Training g_loss : -0.4109788041899428 /Training roc : 0.9821118497715573 / Training ap : 0.9835728406906128 
33 epoch, SNS : Val AP : 0.9873784780502319 / AUROC : 0.9865455157188135 
33 epoch, MNS : Val AP : 0.8286599516868591 / AUROC : 0.820047945953095 
33 epoch, CNS : Val AP : 0.607062578201294 / AUROC : 0.5724746755109082 
33 epoch, ALL : Val AP : 0.7725803256034851 / AUROC : 0.7942887241152848 
34 epoch: Training d_loss : -0.003491685078708849 / Training g_loss : -0.4103316616841454 /Training roc : 0.9828139911028084 / Training ap : 0.9842674732208252 
34 epoch, SNS : Val AP : 0.9873902797698975 / AUROC : 0.9865586681525658 
34 epoch, MNS : Val AP : 0.8256601095199585 / AUROC : 0.8183442836601383 
34 epoch, CNS : Val AP : 0.6023349165916443 / AUROC : 0.568453107830117 
34 epoch, ALL : Val AP : 0.7692530751228333 / AUROC : 0.792443142574171 
35 epoch: Training d_loss : -0.0036240226466250154 / Training g_loss : -0.4095574290934352 /Training roc : 0.9832680394363199 / Training ap : 0.9846909046173096 
35 epoch, SNS : Val AP : 0.9873902797698975 / AUROC : 0.9865586681525658 
35 epoch, MNS : Val AP : 0.8256601095199585 / AUROC : 0.8183442836601383 
35 epoch, CNS : Val AP : 0.6023349165916443 / AUROC : 0.568453107830117 
35 epoch, ALL : Val AP : 0.7692530751228333 / AUROC : 0.792443142574171 
36 epoch: Training d_loss : -0.003769107743363312 / Training g_loss : -0.4084291135942614 /Training roc : 0.9830816775024582 / Training ap : 0.9844245910644531 
36 epoch, SNS : Val AP : 0.9872721433639526 / AUROC : 0.9864218339642539 
36 epoch, MNS : Val AP : 0.8250659108161926 / AUROC : 0.8177719750563205 
36 epoch, CNS : Val AP : 0.5995856523513794 / AUROC : 0.5666905706225596 
36 epoch, ALL : Val AP : 0.7673614621162415 / AUROC : 0.7914602848832988 
37 epoch: Training d_loss : -0.003870275351315121 / Training g_loss : -0.407727542382166 /Training roc : 0.9826848395329509 / Training ap : 0.9839677810668945 
37 epoch, SNS : Val AP : 0.9872721433639526 / AUROC : 0.9864218339642539 
37 epoch, MNS : Val AP : 0.8250659108161926 / AUROC : 0.8177719750563205 
37 epoch, CNS : Val AP : 0.5995856523513794 / AUROC : 0.5666905706225596 
37 epoch, ALL : Val AP : 0.7673614621162415 / AUROC : 0.7914602848832988 
38 epoch: Training d_loss : -0.003937880592998147 / Training g_loss : -0.406773089888744 /Training roc : 0.9818744383619715 / Training ap : 0.9833391904830933 
38 epoch, SNS : Val AP : 0.9872028231620789 / AUROC : 0.9863565050259958 
38 epoch, MNS : Val AP : 0.826006293296814 / AUROC : 0.8178607762010978 
38 epoch, CNS : Val AP : 0.6000836491584778 / AUROC : 0.5673407718492418 
38 epoch, ALL : Val AP : 0.7678366303443909 / AUROC : 0.7915341228103154 
39 epoch: Training d_loss : -0.004105106612078147 / Training g_loss : -0.4057007334380157 /Training roc : 0.9826050046889888 / Training ap : 0.9840390682220459 
39 epoch, SNS : Val AP : 0.9872028231620789 / AUROC : 0.9863565050259958 
39 epoch, MNS : Val AP : 0.826006293296814 / AUROC : 0.8178607762010978 
39 epoch, CNS : Val AP : 0.6000836491584778 / AUROC : 0.5673407718492418 
39 epoch, ALL : Val AP : 0.7678366303443909 / AUROC : 0.7915341228103154 
40 epoch: Training d_loss : -0.0042605605479833246 / Training g_loss : -0.4045632713265563 /Training roc : 0.9825106401700026 / Training ap : 0.9838888645172119 
40 epoch, SNS : Val AP : 0.9873288869857788 / AUROC : 0.9864982158345926 
40 epoch, MNS : Val AP : 0.8272327184677124 / AUROC : 0.8184566236622813 
40 epoch, CNS : Val AP : 0.6032974720001221 / AUROC : 0.568981671261539 
40 epoch, ALL : Val AP : 0.770160436630249 / AUROC : 0.7923898028378472 
41 epoch: Training d_loss : -0.004401093067539137 / Training g_loss : -0.4035435183912468 /Training roc : 0.98322803685783 / Training ap : 0.9847515821456909 
41 epoch, SNS : Val AP : 0.9873288869857788 / AUROC : 0.9864982158345926 
41 epoch, MNS : Val AP : 0.8272327184677124 / AUROC : 0.8184566236622813 
41 epoch, CNS : Val AP : 0.6032974720001221 / AUROC : 0.568981671261539 
41 epoch, ALL : Val AP : 0.770160436630249 / AUROC : 0.7923898028378472 
42 epoch: Training d_loss : -0.0046349750129899845 / Training g_loss : -0.4023208350464346 /Training roc : 0.9829697300156581 / Training ap : 0.984383225440979 
42 epoch, SNS : Val AP : 0.987405002117157 / AUROC : 0.9865985475758521 
42 epoch, MNS : Val AP : 0.827363133430481 / AUROC : 0.818696644469787 
42 epoch, CNS : Val AP : 0.6036086082458496 / AUROC : 0.5685823771473264 
42 epoch, ALL : Val AP : 0.7705428600311279 / AUROC : 0.7924379097027258 
43 epoch: Training d_loss : -0.004727094654817081 / Training g_loss : -0.4013380621025407 /Training roc : 0.9833132575424279 / Training ap : 0.9847837686538696 
43 epoch, SNS : Val AP : 0.987405002117157 / AUROC : 0.9865985475758521 
43 epoch, MNS : Val AP : 0.827363133430481 / AUROC : 0.818696644469787 
43 epoch, CNS : Val AP : 0.6036086082458496 / AUROC : 0.5685823771473264 
43 epoch, ALL : Val AP : 0.7705428600311279 / AUROC : 0.7924379097027258 
44 epoch: Training d_loss : -0.004887143999859335 / Training g_loss : -0.4002766002247936 /Training roc : 0.9829131478351745 / Training ap : 0.9843283891677856 
44 epoch, SNS : Val AP : 0.9874741435050964 / AUROC : 0.9866590887616208 
44 epoch, MNS : Val AP : 0.826751708984375 / AUROC : 0.8184111122424476 
44 epoch, CNS : Val AP : 0.6033044457435608 / AUROC : 0.5681840716873402 
44 epoch, ALL : Val AP : 0.7705103754997253 / AUROC : 0.7923519728436413 
45 epoch: Training d_loss : -0.004987620042314211 / Training g_loss : -0.39936910903700207 /Training roc : 0.9829296719003149 / Training ap : 0.984361469745636 
45 epoch, SNS : Val AP : 0.9874741435050964 / AUROC : 0.9866590887616208 
45 epoch, MNS : Val AP : 0.826751708984375 / AUROC : 0.8184111122424476 
45 epoch, CNS : Val AP : 0.6033044457435608 / AUROC : 0.5681840716873402 
45 epoch, ALL : Val AP : 0.7705103754997253 / AUROC : 0.7923519728436413 
46 epoch: Training d_loss : -0.005131313408501387 / Training g_loss : -0.3982431026255573 /Training roc : 0.9828473860298855 / Training ap : 0.9842813014984131 
46 epoch, SNS : Val AP : 0.9875019192695618 / AUROC : 0.9866740296597601 
46 epoch, MNS : Val AP : 0.8260600566864014 / AUROC : 0.8178672857671272 
46 epoch, CNS : Val AP : 0.6024600267410278 / AUROC : 0.5677303016144102 
46 epoch, ALL : Val AP : 0.769943118095398 / AUROC : 0.792008025424956 
47 epoch: Training d_loss : -0.005303400878117839 / Training g_loss : -0.3971107736680011 /Training roc : 0.9831476429428762 / Training ap : 0.984566330909729 
47 epoch, SNS : Val AP : 0.9875019192695618 / AUROC : 0.9866740296597601 
47 epoch, MNS : Val AP : 0.8260600566864014 / AUROC : 0.8178672857671272 
47 epoch, CNS : Val AP : 0.6024600267410278 / AUROC : 0.5677303016144102 
47 epoch, ALL : Val AP : 0.769943118095398 / AUROC : 0.792008025424956 
48 epoch: Training d_loss : -0.005384978552501417 / Training g_loss : -0.39581876092950186 /Training roc : 0.9824053867252761 / Training ap : 0.9837585091590881 
48 epoch, SNS : Val AP : 0.9875341057777405 / AUROC : 0.9867055777272066 
48 epoch, MNS : Val AP : 0.8275919556617737 / AUROC : 0.8184441710624195 
48 epoch, CNS : Val AP : 0.6041725277900696 / AUROC : 0.569698223406129 
48 epoch, ALL : Val AP : 0.7714856863021851 / AUROC : 0.792828919634027 
49 epoch: Training d_loss : -0.005594870931393391 / Training g_loss : -0.39438156999161966 /Training roc : 0.9824275483981217 / Training ap : 0.9837549924850464 
49 epoch, SNS : Val AP : 0.9875341057777405 / AUROC : 0.9867055777272066 
49 epoch, MNS : Val AP : 0.8275919556617737 / AUROC : 0.8184441710624195 
49 epoch, CNS : Val AP : 0.6041725277900696 / AUROC : 0.569698223406129 
49 epoch, ALL : Val AP : 0.7714856863021851 / AUROC : 0.792828919634027 
0 epoch: Training d_loss : 4.7320316708277145e-05 / Training g_loss : -0.455245866993117 /Training roc : 0.9061019077046328 / Training ap : 0.8868037462234497 
0 epoch, SNS : Val AP : 0.9175596237182617 / AUROC : 0.9299672448857195 
0 epoch, MNS : Val AP : 0.6679598093032837 / AUROC : 0.7062755615717079 
0 epoch, CNS : Val AP : 0.49730244278907776 / AUROC : 0.5013128439447516 
0 epoch, ALL : Val AP : 0.6484016180038452 / AUROC : 0.7109267933061553 
1 epoch: Training d_loss : 5.617666699359451e-05 / Training g_loss : -0.45544561677403594 /Training roc : 0.9221706757396542 / Training ap : 0.9111008644104004 
1 epoch, SNS : Val AP : 0.9175596237182617 / AUROC : 0.9299672448857195 
1 epoch, MNS : Val AP : 0.6679598093032837 / AUROC : 0.7062755615717079 
1 epoch, CNS : Val AP : 0.49730244278907776 / AUROC : 0.5013128439447516 
1 epoch, ALL : Val AP : 0.6484016180038452 / AUROC : 0.7109267933061553 
2 epoch: Training d_loss : -0.0001365613008720507 / Training g_loss : -0.45450405494586843 /Training roc : 0.9441925524516702 / Training ap : 0.94191575050354 
2 epoch, SNS : Val AP : 0.9730003476142883 / AUROC : 0.9722428105453459 
2 epoch, MNS : Val AP : 0.783941388130188 / AUROC : 0.7882055928014063 
2 epoch, CNS : Val AP : 0.5627200603485107 / AUROC : 0.5571094780814358 
2 epoch, ALL : Val AP : 0.7325586080551147 / AUROC : 0.7716365124393909 
3 epoch: Training d_loss : -0.00020238648158378176 / Training g_loss : -0.4540596562652406 /Training roc : 0.9660410912390431 / Training ap : 0.968732476234436 
3 epoch, SNS : Val AP : 0.9730003476142883 / AUROC : 0.9722428105453459 
3 epoch, MNS : Val AP : 0.783941388130188 / AUROC : 0.7882055928014063 
3 epoch, CNS : Val AP : 0.5627200603485107 / AUROC : 0.5571094780814358 
3 epoch, ALL : Val AP : 0.7325586080551147 / AUROC : 0.7716365124393909 
4 epoch: Training d_loss : -0.0002549064889052714 / Training g_loss : -0.4537095014829135 /Training roc : 0.9666282058735065 / Training ap : 0.969527006149292 
4 epoch, SNS : Val AP : 0.9787493348121643 / AUROC : 0.9776078149095322 
4 epoch, MNS : Val AP : 0.8051174879074097 / AUROC : 0.8022047478019717 
4 epoch, CNS : Val AP : 0.5758234858512878 / AUROC : 0.5646372246622974 
4 epoch, ALL : Val AP : 0.7483417391777039 / AUROC : 0.7810387825323507 
5 epoch: Training d_loss : -0.00030495136360295815 / Training g_loss : -0.45336717679883415 /Training roc : 0.971205819914708 / Training ap : 0.9740869998931885 
5 epoch, SNS : Val AP : 0.9787493348121643 / AUROC : 0.9776078149095322 
5 epoch, MNS : Val AP : 0.8051174879074097 / AUROC : 0.8022047478019717 
5 epoch, CNS : Val AP : 0.5758234858512878 / AUROC : 0.5646372246622974 
5 epoch, ALL : Val AP : 0.7483417391777039 / AUROC : 0.7810387825323507 
6 epoch: Training d_loss : -0.00037525741113956856 / Training g_loss : -0.4530296622285403 /Training roc : 0.970468508945373 / Training ap : 0.9739086627960205 
6 epoch, SNS : Val AP : 0.9800328612327576 / AUROC : 0.9786320829049444 
6 epoch, MNS : Val AP : 0.8115394115447998 / AUROC : 0.8072323211461742 
6 epoch, CNS : Val AP : 0.5790550112724304 / AUROC : 0.5663987065647818 
6 epoch, ALL : Val AP : 0.7525175213813782 / AUROC : 0.784036606813283 
7 epoch: Training d_loss : -0.000447623135554582 / Training g_loss : -0.4526818724429096 /Training roc : 0.9724587362659582 / Training ap : 0.9754147529602051 
7 epoch, SNS : Val AP : 0.9800328612327576 / AUROC : 0.9786320829049444 
7 epoch, MNS : Val AP : 0.8115394115447998 / AUROC : 0.8072323211461742 
7 epoch, CNS : Val AP : 0.5790550112724304 / AUROC : 0.5663987065647818 
7 epoch, ALL : Val AP : 0.7525175213813782 / AUROC : 0.784036606813283 
8 epoch: Training d_loss : -0.0005187110320941822 / Training g_loss : -0.4522853394665286 /Training roc : 0.9732348354079203 / Training ap : 0.9761408567428589 
8 epoch, SNS : Val AP : 0.9813501238822937 / AUROC : 0.9800357275198747 
8 epoch, MNS : Val AP : 0.8181473016738892 / AUROC : 0.810910659183317 
8 epoch, CNS : Val AP : 0.5902419686317444 / AUROC : 0.5715782549479755 
8 epoch, ALL : Val AP : 0.761330246925354 / AUROC : 0.7877308362915167 
9 epoch: Training d_loss : -0.0005833816689413947 / Training g_loss : -0.45193270090464 /Training roc : 0.9741143417027684 / Training ap : 0.9769101142883301 
9 epoch, SNS : Val AP : 0.9813501238822937 / AUROC : 0.9800357275198747 
9 epoch, MNS : Val AP : 0.8181473016738892 / AUROC : 0.810910659183317 
9 epoch, CNS : Val AP : 0.5902419686317444 / AUROC : 0.5715782549479755 
9 epoch, ALL : Val AP : 0.761330246925354 / AUROC : 0.7877308362915167 
10 epoch: Training d_loss : -0.000663906051547804 / Training g_loss : -0.45152725210629513 /Training roc : 0.9755898485286376 / Training ap : 0.9783240556716919 
10 epoch, SNS : Val AP : 0.9824941754341125 / AUROC : 0.9813960935183361 
10 epoch, MNS : Val AP : 0.8195280432701111 / AUROC : 0.8120883796448226 
10 epoch, CNS : Val AP : 0.5939757227897644 / AUROC : 0.5733558552468913 
10 epoch, ALL : Val AP : 0.7636283040046692 / AUROC : 0.788990058477505 
11 epoch: Training d_loss : -0.0007120304769097527 / Training g_loss : -0.4512209516071932 /Training roc : 0.9761793179256889 / Training ap : 0.9785453081130981 
11 epoch, SNS : Val AP : 0.9824941754341125 / AUROC : 0.9813960935183361 
11 epoch, MNS : Val AP : 0.8195280432701111 / AUROC : 0.8120883796448226 
11 epoch, CNS : Val AP : 0.5939757227897644 / AUROC : 0.5733558552468913 
11 epoch, ALL : Val AP : 0.7636283040046692 / AUROC : 0.788990058477505 
12 epoch: Training d_loss : -0.0007706981726784396 / Training g_loss : -0.4507894418861225 /Training roc : 0.9765530106029677 / Training ap : 0.9788534045219421 
12 epoch, SNS : Val AP : 0.9831410646438599 / AUROC : 0.9821622005674608 
12 epoch, MNS : Val AP : 0.8237842321395874 / AUROC : 0.8140246645012991 
12 epoch, CNS : Val AP : 0.6003648042678833 / AUROC : 0.5762373713030469 
12 epoch, ALL : Val AP : 0.7682685256004333 / AUROC : 0.7910648975605975 
13 epoch: Training d_loss : -0.0008463312313552881 / Training g_loss : -0.4503822331872009 /Training roc : 0.9772622335001144 / Training ap : 0.9794666767120361 
13 epoch, SNS : Val AP : 0.9831410646438599 / AUROC : 0.9821622005674608 
13 epoch, MNS : Val AP : 0.8237842321395874 / AUROC : 0.8140246645012991 
13 epoch, CNS : Val AP : 0.6003648042678833 / AUROC : 0.5762373713030469 
13 epoch, ALL : Val AP : 0.7682685256004333 / AUROC : 0.7910648975605975 
14 epoch: Training d_loss : -0.0009147606801910886 / Training g_loss : -0.4500158890631695 /Training roc : 0.9780212495059442 / Training ap : 0.9801404476165771 
14 epoch, SNS : Val AP : 0.9839093089103699 / AUROC : 0.9829898596735295 
14 epoch, MNS : Val AP : 0.8251771330833435 / AUROC : 0.814840215370214 
14 epoch, CNS : Val AP : 0.6011527180671692 / AUROC : 0.5755481237886625 
14 epoch, ALL : Val AP : 0.7691076397895813 / AUROC : 0.791352938802824 
15 epoch: Training d_loss : -0.0009829698808621527 / Training g_loss : -0.4496172485556246 /Training roc : 0.9788512502495947 / Training ap : 0.980825662612915 
15 epoch, SNS : Val AP : 0.9839093089103699 / AUROC : 0.9829898596735295 
15 epoch, MNS : Val AP : 0.8251771330833435 / AUROC : 0.814840215370214 
15 epoch, CNS : Val AP : 0.6011527180671692 / AUROC : 0.5755481237886625 
15 epoch, ALL : Val AP : 0.7691076397895813 / AUROC : 0.791352938802824 
16 epoch: Training d_loss : -0.0010506520210654255 / Training g_loss : -0.4492239107293431 /Training roc : 0.9787957886793994 / Training ap : 0.9807236194610596 
16 epoch, SNS : Val AP : 0.9843871593475342 / AUROC : 0.9835417286843539 
16 epoch, MNS : Val AP : 0.8264572024345398 / AUROC : 0.8154686884208662 
16 epoch, CNS : Val AP : 0.6040486097335815 / AUROC : 0.5772376672105894 
16 epoch, ALL : Val AP : 0.7708204984664917 / AUROC : 0.7923420292768825 
17 epoch: Training d_loss : -0.0011168731604547304 / Training g_loss : -0.44880504515288555 /Training roc : 0.9795763924772551 / Training ap : 0.9814552068710327 
17 epoch, SNS : Val AP : 0.9843871593475342 / AUROC : 0.9835417286843539 
17 epoch, MNS : Val AP : 0.8264572024345398 / AUROC : 0.8154686884208662 
17 epoch, CNS : Val AP : 0.6040486097335815 / AUROC : 0.5772376672105894 
17 epoch, ALL : Val AP : 0.7708204984664917 / AUROC : 0.7923420292768825 
18 epoch: Training d_loss : -0.0011681276825160404 / Training g_loss : -0.4485062899479616 /Training roc : 0.9790504461332212 / Training ap : 0.9808700084686279 
18 epoch, SNS : Val AP : 0.9849141240119934 / AUROC : 0.9840966747426017 
18 epoch, MNS : Val AP : 0.8251573443412781 / AUROC : 0.8148100891874975 
18 epoch, CNS : Val AP : 0.6001323461532593 / AUROC : 0.5745784761621359 
18 epoch, ALL : Val AP : 0.76848965883255 / AUROC : 0.7913155532138363 
19 epoch: Training d_loss : -0.0012354510814093634 / Training g_loss : -0.44816912030756756 /Training roc : 0.9802039984145191 / Training ap : 0.9817830324172974 
19 epoch, SNS : Val AP : 0.9849141240119934 / AUROC : 0.9840966747426017 
19 epoch, MNS : Val AP : 0.8251573443412781 / AUROC : 0.8148100891874975 
19 epoch, CNS : Val AP : 0.6001323461532593 / AUROC : 0.5745784761621359 
19 epoch, ALL : Val AP : 0.76848965883255 / AUROC : 0.7913155532138363 
20 epoch: Training d_loss : -0.0012749271239309507 / Training g_loss : -0.44773339073874047 /Training roc : 0.979955648713101 / Training ap : 0.9815245866775513 
20 epoch, SNS : Val AP : 0.9852147102355957 / AUROC : 0.9844451364777176 
20 epoch, MNS : Val AP : 0.8272082209587097 / AUROC : 0.8156685520932243 
20 epoch, CNS : Val AP : 0.6061094999313354 / AUROC : 0.578103850506061 
20 epoch, ALL : Val AP : 0.7718404531478882 / AUROC : 0.7929104568814503 
21 epoch: Training d_loss : -0.0013286665153048566 / Training g_loss : -0.447330140489463 /Training roc : 0.9802777513559482 / Training ap : 0.9818941354751587 
21 epoch, SNS : Val AP : 0.9852147102355957 / AUROC : 0.9844451364777176 
21 epoch, MNS : Val AP : 0.8272082209587097 / AUROC : 0.8156685520932243 
21 epoch, CNS : Val AP : 0.6061094999313354 / AUROC : 0.578103850506061 
21 epoch, ALL : Val AP : 0.7718404531478882 / AUROC : 0.7929104568814503 
22 epoch: Training d_loss : -0.001395731098322118 / Training g_loss : -0.44694864612505053 /Training roc : 0.9811838277156564 / Training ap : 0.9827332496643066 
22 epoch, SNS : Val AP : 0.9854835271835327 / AUROC : 0.9847320794813126 
22 epoch, MNS : Val AP : 0.8269373178482056 / AUROC : 0.815258305023201 
22 epoch, CNS : Val AP : 0.6071392893791199 / AUROC : 0.5779914771784946 
22 epoch, ALL : Val AP : 0.7719305157661438 / AUROC : 0.7928748933538579 
23 epoch: Training d_loss : -0.0014539131678534237 / Training g_loss : -0.4465693347215273 /Training roc : 0.9813992243165205 / Training ap : 0.983020007610321 
23 epoch, SNS : Val AP : 0.9854835271835327 / AUROC : 0.9847320794813126 
23 epoch, MNS : Val AP : 0.8269373178482056 / AUROC : 0.815258305023201 
23 epoch, CNS : Val AP : 0.6071392893791199 / AUROC : 0.5779914771784946 
23 epoch, ALL : Val AP : 0.7719305157661438 / AUROC : 0.7928748933538579 
24 epoch: Training d_loss : -0.0015457704165781625 / Training g_loss : -0.4461084231852727 /Training roc : 0.9813794754114211 / Training ap : 0.9828399419784546 
24 epoch, SNS : Val AP : 0.9856051802635193 / AUROC : 0.9848666475408359 
24 epoch, MNS : Val AP : 0.8264856338500977 / AUROC : 0.8146108920236065 
24 epoch, CNS : Val AP : 0.6085682511329651 / AUROC : 0.5783075021682076 
24 epoch, ALL : Val AP : 0.772426187992096 / AUROC : 0.7927831014560226 
25 epoch: Training d_loss : -0.001616776652859201 / Training g_loss : -0.445684662873491 /Training roc : 0.9810629610101866 / Training ap : 0.9826576709747314 
25 epoch, SNS : Val AP : 0.9856051802635193 / AUROC : 0.9848666475408359 
25 epoch, MNS : Val AP : 0.8264856338500977 / AUROC : 0.8146108920236065 
25 epoch, CNS : Val AP : 0.6085682511329651 / AUROC : 0.5783075021682076 
25 epoch, ALL : Val AP : 0.772426187992096 / AUROC : 0.7927831014560226 
26 epoch: Training d_loss : -0.0016975208335157797 / Training g_loss : -0.44519755329539934 /Training roc : 0.9816049994660566 / Training ap : 0.9830290079116821 
26 epoch, SNS : Val AP : 0.9857445955276489 / AUROC : 0.9849890851462566 
26 epoch, MNS : Val AP : 0.8261223435401917 / AUROC : 0.8144127723817376 
26 epoch, CNS : Val AP : 0.6077935695648193 / AUROC : 0.5771981654754346 
26 epoch, ALL : Val AP : 0.7714869976043701 / AUROC : 0.7923296970320752 
27 epoch: Training d_loss : -0.0017502380620883645 / Training g_loss : -0.44485537814411713 /Training roc : 0.9815845952260857 / Training ap : 0.9831806421279907 
27 epoch, SNS : Val AP : 0.9857445955276489 / AUROC : 0.9849890851462566 
27 epoch, MNS : Val AP : 0.8261223435401917 / AUROC : 0.8144127723817376 
27 epoch, CNS : Val AP : 0.6077935695648193 / AUROC : 0.5771981654754346 
27 epoch, ALL : Val AP : 0.7714869976043701 / AUROC : 0.7923296970320752 
28 epoch: Training d_loss : -0.0018355700236246204 / Training g_loss : -0.4443616036959407 /Training roc : 0.9816032654820754 / Training ap : 0.9830438494682312 
28 epoch, SNS : Val AP : 0.9857892394065857 / AUROC : 0.9850060255697974 
28 epoch, MNS : Val AP : 0.8259907960891724 / AUROC : 0.8143142291048652 
28 epoch, CNS : Val AP : 0.6063955426216125 / AUROC : 0.5758090618535632 
28 epoch, ALL : Val AP : 0.7705443501472473 / AUROC : 0.7918388514684881 
29 epoch: Training d_loss : -0.0018805668397624466 / Training g_loss : -0.44399840061349977 /Training roc : 0.981462970751104 / Training ap : 0.9829715490341187 
29 epoch, SNS : Val AP : 0.9857892394065857 / AUROC : 0.9850060255697974 
29 epoch, MNS : Val AP : 0.8259907960891724 / AUROC : 0.8143142291048652 
29 epoch, CNS : Val AP : 0.6063955426216125 / AUROC : 0.5758090618535632 
29 epoch, ALL : Val AP : 0.7705443501472473 / AUROC : 0.7918388514684881 
30 epoch: Training d_loss : -0.0019784766132388094 / Training g_loss : -0.44354853000853134 /Training roc : 0.9819564539530472 / Training ap : 0.9835039377212524 
30 epoch, SNS : Val AP : 0.985875129699707 / AUROC : 0.9850782750876398 
30 epoch, MNS : Val AP : 0.824802577495575 / AUROC : 0.8136017426619251 
30 epoch, CNS : Val AP : 0.6038199663162231 / AUROC : 0.5738341972653114 
30 epoch, ALL : Val AP : 0.768869161605835 / AUROC : 0.7909536851547236 
31 epoch: Training d_loss : -0.002050107845441336 / Training g_loss : -0.4431729739345314 /Training roc : 0.9816576089102873 / Training ap : 0.983217716217041 
31 epoch, SNS : Val AP : 0.985875129699707 / AUROC : 0.9850782750876398 
31 epoch, MNS : Val AP : 0.824802577495575 / AUROC : 0.8136017426619251 
31 epoch, CNS : Val AP : 0.6038199663162231 / AUROC : 0.5738341972653114 
31 epoch, ALL : Val AP : 0.768869161605835 / AUROC : 0.7909536851547236 
32 epoch: Training d_loss : -0.0021728071901533337 / Training g_loss : -0.44250316463765643 /Training roc : 0.9821781538859757 / Training ap : 0.983607292175293 
32 epoch, SNS : Val AP : 0.9858286380767822 / AUROC : 0.9850103689833087 
32 epoch, MNS : Val AP : 0.825295627117157 / AUROC : 0.813529593120353 
32 epoch, CNS : Val AP : 0.6059495210647583 / AUROC : 0.5750541077127893 
32 epoch, ALL : Val AP : 0.7701669931411743 / AUROC : 0.7914080783802816 
33 epoch: Training d_loss : -0.0022191834089676414 / Training g_loss : -0.44201023608967305 /Training roc : 0.9812236562786719 / Training ap : 0.9826812744140625 
33 epoch, SNS : Val AP : 0.9858286380767822 / AUROC : 0.9850103689833087 
33 epoch, MNS : Val AP : 0.825295627117157 / AUROC : 0.813529593120353 
33 epoch, CNS : Val AP : 0.6059495210647583 / AUROC : 0.5750541077127893 
33 epoch, ALL : Val AP : 0.7701669931411743 / AUROC : 0.7914080783802816 
34 epoch: Training d_loss : -0.0022686424477111745 / Training g_loss : -0.4415500842046662 /Training roc : 0.9813710856440876 / Training ap : 0.9829953908920288 
34 epoch, SNS : Val AP : 0.9858494400978088 / AUROC : 0.9850537809014708 
34 epoch, MNS : Val AP : 0.8251112699508667 / AUROC : 0.8132534475539261 
34 epoch, CNS : Val AP : 0.6061041355133057 / AUROC : 0.575139831810143 
34 epoch, ALL : Val AP : 0.7703301310539246 / AUROC : 0.7913872579958053 
35 epoch: Training d_loss : -0.0023669892587419154 / Training g_loss : -0.4409992897643194 /Training roc : 0.9815160578122749 / Training ap : 0.9829598665237427 
35 epoch, SNS : Val AP : 0.9858494400978088 / AUROC : 0.9850537809014708 
35 epoch, MNS : Val AP : 0.8251112699508667 / AUROC : 0.8132534475539261 
35 epoch, CNS : Val AP : 0.6061041355133057 / AUROC : 0.575139831810143 
35 epoch, ALL : Val AP : 0.7703301310539246 / AUROC : 0.7913872579958053 
36 epoch: Training d_loss : -0.0024468492011766175 / Training g_loss : -0.44050963983437214 /Training roc : 0.9815316451558198 / Training ap : 0.983076810836792 
36 epoch, SNS : Val AP : 0.9857971668243408 / AUROC : 0.9849893295326948 
36 epoch, MNS : Val AP : 0.8230730295181274 / AUROC : 0.8117219888319397 
36 epoch, CNS : Val AP : 0.6033904552459717 / AUROC : 0.57334694625038 
36 epoch, ALL : Val AP : 0.7683977484703064 / AUROC : 0.7902382594140802 
37 epoch: Training d_loss : -0.002565646162093728 / Training g_loss : -0.4399876424921336 /Training roc : 0.9819196071019878 / Training ap : 0.9834163188934326 
37 epoch, SNS : Val AP : 0.9857971668243408 / AUROC : 0.9849893295326948 
37 epoch, MNS : Val AP : 0.8230730295181274 / AUROC : 0.8117219888319397 
37 epoch, CNS : Val AP : 0.6033904552459717 / AUROC : 0.57334694625038 
37 epoch, ALL : Val AP : 0.7683977484703064 / AUROC : 0.7902382594140802 
38 epoch: Training d_loss : -0.0026522686494742363 / Training g_loss : -0.4394954667561384 /Training roc : 0.9822636998705107 / Training ap : 0.9837977290153503 
38 epoch, SNS : Val AP : 0.985761284828186 / AUROC : 0.9849241783300279 
38 epoch, MNS : Val AP : 0.8217520713806152 / AUROC : 0.8107480311173252 
38 epoch, CNS : Val AP : 0.6016141176223755 / AUROC : 0.5722824766859226 
38 epoch, ALL : Val AP : 0.767128586769104 / AUROC : 0.7894987135802148 
39 epoch: Training d_loss : -0.0027822203732825613 / Training g_loss : -0.43889387328598195 /Training roc : 0.9820941224079247 / Training ap : 0.9835637807846069 
39 epoch, SNS : Val AP : 0.985761284828186 / AUROC : 0.9849241783300279 
39 epoch, MNS : Val AP : 0.8217520713806152 / AUROC : 0.8107480311173252 
39 epoch, CNS : Val AP : 0.6016141176223755 / AUROC : 0.5722824766859226 
39 epoch, ALL : Val AP : 0.767128586769104 / AUROC : 0.7894987135802148 
40 epoch: Training d_loss : -0.002881910847366709 / Training g_loss : -0.4382752393311651 /Training roc : 0.9817727195294313 / Training ap : 0.9832231998443604 
40 epoch, SNS : Val AP : 0.9856677055358887 / AUROC : 0.9847893214501687 
40 epoch, MNS : Val AP : 0.8211401700973511 / AUROC : 0.8099811686919378 
40 epoch, CNS : Val AP : 0.6027796268463135 / AUROC : 0.5729352661871523 
40 epoch, ALL : Val AP : 0.7675605416297913 / AUROC : 0.7894328416167354 
41 epoch: Training d_loss : -0.002973780225494518 / Training g_loss : -0.43766008343529816 /Training roc : 0.9819153813645136 / Training ap : 0.9832449555397034 
41 epoch, SNS : Val AP : 0.9856677055358887 / AUROC : 0.9847893214501687 
41 epoch, MNS : Val AP : 0.8211401700973511 / AUROC : 0.8099811686919378 
41 epoch, CNS : Val AP : 0.6027796268463135 / AUROC : 0.5729352661871523 
41 epoch, ALL : Val AP : 0.7675605416297913 / AUROC : 0.7894328416167354 
42 epoch: Training d_loss : -0.003011444177839828 / Training g_loss : -0.43711007911184824 /Training roc : 0.9816117379376126 / Training ap : 0.9831058382987976 
42 epoch, SNS : Val AP : 0.9856281876564026 / AUROC : 0.9847233593288668 
42 epoch, MNS : Val AP : 0.8207191228866577 / AUROC : 0.8095695997134547 
42 epoch, CNS : Val AP : 0.6024829745292664 / AUROC : 0.5723382856615744 
42 epoch, ALL : Val AP : 0.7673569321632385 / AUROC : 0.7890745732398909 
43 epoch: Training d_loss : -0.0031052863607345968 / Training g_loss : -0.4365581490087585 /Training roc : 0.9818569565946466 / Training ap : 0.9832807779312134 
43 epoch, SNS : Val AP : 0.9856281876564026 / AUROC : 0.9847233593288668 
43 epoch, MNS : Val AP : 0.8207191228866577 / AUROC : 0.8095695997134547 
43 epoch, CNS : Val AP : 0.6024829745292664 / AUROC : 0.5723382856615744 
43 epoch, ALL : Val AP : 0.7673569321632385 / AUROC : 0.7890745732398909 
44 epoch: Training d_loss : -0.0032287054296896833 / Training g_loss : -0.4357905502065377 /Training roc : 0.9820284864861706 / Training ap : 0.9833869338035583 
44 epoch, SNS : Val AP : 0.9854884743690491 / AUROC : 0.9845320158564141 
44 epoch, MNS : Val AP : 0.8202890157699585 / AUROC : 0.8088622120602886 
44 epoch, CNS : Val AP : 0.6040712594985962 / AUROC : 0.5727377241859548 
44 epoch, ALL : Val AP : 0.7679517269134521 / AUROC : 0.7889439069955869 
45 epoch: Training d_loss : -0.0033246342489563984 / Training g_loss : -0.4350645484814394 /Training roc : 0.9822552372881918 / Training ap : 0.9836474657058716 
45 epoch, SNS : Val AP : 0.9854884743690491 / AUROC : 0.9845320158564141 
45 epoch, MNS : Val AP : 0.8202890157699585 / AUROC : 0.8088622120602886 
45 epoch, CNS : Val AP : 0.6040712594985962 / AUROC : 0.5727377241859548 
45 epoch, ALL : Val AP : 0.7679517269134521 / AUROC : 0.7889439069955869 
46 epoch: Training d_loss : -0.0034063194296507842 / Training g_loss : -0.4345247709504751 /Training roc : 0.9815711133463638 / Training ap : 0.9830752015113831 
46 epoch, SNS : Val AP : 0.9853886961936951 / AUROC : 0.9843923823325401 
46 epoch, MNS : Val AP : 0.8195046782493591 / AUROC : 0.8081479704783849 
46 epoch, CNS : Val AP : 0.6038686633110046 / AUROC : 0.5721064629082151 
46 epoch, ALL : Val AP : 0.7676705121994019 / AUROC : 0.7884931245624275 
47 epoch: Training d_loss : -0.0035210803080059955 / Training g_loss : -0.43376615345004255 /Training roc : 0.9817623748648554 / Training ap : 0.9833630323410034 
47 epoch, SNS : Val AP : 0.9853886961936951 / AUROC : 0.9843923823325401 
47 epoch, MNS : Val AP : 0.8195046782493591 / AUROC : 0.8081479704783849 
47 epoch, CNS : Val AP : 0.6038686633110046 / AUROC : 0.5721064629082151 
47 epoch, ALL : Val AP : 0.7676705121994019 / AUROC : 0.7884931245624275 
48 epoch: Training d_loss : -0.0036355746948472647 / Training g_loss : -0.43310004302162813 /Training roc : 0.9811075028008346 / Training ap : 0.9824917316436768 
48 epoch, SNS : Val AP : 0.9852683544158936 / AUROC : 0.9842350974427603 
48 epoch, MNS : Val AP : 0.8187204003334045 / AUROC : 0.8074749302282274 
48 epoch, CNS : Val AP : 0.6029986143112183 / AUROC : 0.5711371374274475 
48 epoch, ALL : Val AP : 0.7670403718948364 / AUROC : 0.7878942329801466 
49 epoch: Training d_loss : -0.003719203801905597 / Training g_loss : -0.4323481249316508 /Training roc : 0.9813870691505209 / Training ap : 0.9829192161560059 
49 epoch, SNS : Val AP : 0.9852683544158936 / AUROC : 0.9842350974427603 
49 epoch, MNS : Val AP : 0.8187204003334045 / AUROC : 0.8074749302282274 
49 epoch, CNS : Val AP : 0.6029986143112183 / AUROC : 0.5711371374274475 
49 epoch, ALL : Val AP : 0.7670403718948364 / AUROC : 0.7878942329801466 
0 epoch: Training d_loss : -9.799514498029436e-05 / Training g_loss : -0.46397740708457097 /Training roc : 0.9227794078424193 / Training ap : 0.892662763595581 
0 epoch, SNS : Val AP : 0.9668259024620056 / AUROC : 0.9669907571493975 
0 epoch, MNS : Val AP : 0.7599291205406189 / AUROC : 0.7828923317112222 
0 epoch, CNS : Val AP : 0.5338616967201233 / AUROC : 0.5435251912762662 
0 epoch, ALL : Val AP : 0.7055819630622864 / AUROC : 0.761530693335246 
1 epoch: Training d_loss : -0.00012950047210972336 / Training g_loss : -0.46372376019890243 /Training roc : 0.957221784602787 / Training ap : 0.9596040844917297 
1 epoch, SNS : Val AP : 0.9668259024620056 / AUROC : 0.9669907571493975 
1 epoch, MNS : Val AP : 0.7599291205406189 / AUROC : 0.7828923317112222 
1 epoch, CNS : Val AP : 0.5338616967201233 / AUROC : 0.5435251912762662 
1 epoch, ALL : Val AP : 0.7055819630622864 / AUROC : 0.761530693335246 
2 epoch: Training d_loss : -0.0001834447603726046 / Training g_loss : -0.4634118246918452 /Training roc : 0.9620132365104981 / Training ap : 0.9646222591400146 
2 epoch, SNS : Val AP : 0.9785141944885254 / AUROC : 0.9772695063200665 
2 epoch, MNS : Val AP : 0.8047235012054443 / AUROC : 0.8073086919080384 
2 epoch, CNS : Val AP : 0.5718296766281128 / AUROC : 0.5649968726311874 
2 epoch, ALL : Val AP : 0.7406691908836365 / AUROC : 0.7803302450725904 
3 epoch: Training d_loss : -0.00022731257072503312 / Training g_loss : -0.4631789527561024 /Training roc : 0.9694137579605785 / Training ap : 0.9723561406135559 
3 epoch, SNS : Val AP : 0.9785141944885254 / AUROC : 0.9772695063200665 
3 epoch, MNS : Val AP : 0.8047235012054443 / AUROC : 0.8073086919080384 
3 epoch, CNS : Val AP : 0.5718296766281128 / AUROC : 0.5649968726311874 
3 epoch, ALL : Val AP : 0.7406691908836365 / AUROC : 0.7803302450725904 
4 epoch: Training d_loss : -0.0002599644026051265 / Training g_loss : -0.46305663549653675 /Training roc : 0.9715251876760591 / Training ap : 0.9742047190666199 
4 epoch, SNS : Val AP : 0.9822465181350708 / AUROC : 0.9812260783168333 
4 epoch, MNS : Val AP : 0.8150210976600647 / AUROC : 0.8131347868298193 
4 epoch, CNS : Val AP : 0.585605263710022 / AUROC : 0.5699495970745255 
4 epoch, ALL : Val AP : 0.7514115571975708 / AUROC : 0.785265376131689 
5 epoch: Training d_loss : -0.00029050090923218354 / Training g_loss : -0.46294273016752235 /Training roc : 0.9740902905427522 / Training ap : 0.9766845703125 
5 epoch, SNS : Val AP : 0.9822465181350708 / AUROC : 0.9812260783168333 
5 epoch, MNS : Val AP : 0.8150210976600647 / AUROC : 0.8131347868298193 
5 epoch, CNS : Val AP : 0.585605263710022 / AUROC : 0.5699495970745255 
5 epoch, ALL : Val AP : 0.7514115571975708 / AUROC : 0.785265376131689 
6 epoch: Training d_loss : -0.0003230867637928415 / Training g_loss : -0.462831255646692 /Training roc : 0.9731800304067482 / Training ap : 0.9756341576576233 
6 epoch, SNS : Val AP : 0.9841280579566956 / AUROC : 0.9831821918002084 
6 epoch, MNS : Val AP : 0.8179723024368286 / AUROC : 0.8163206528690379 
6 epoch, CNS : Val AP : 0.5833086967468262 / AUROC : 0.5657285211925588 
6 epoch, ALL : Val AP : 0.7512770891189575 / AUROC : 0.7855815148938409 
7 epoch: Training d_loss : -0.00035602377878653034 / Training g_loss : -0.4627483431694049 /Training roc : 0.9757612253852768 / Training ap : 0.9779817461967468 
7 epoch, SNS : Val AP : 0.9841280579566956 / AUROC : 0.9831821918002084 
7 epoch, MNS : Val AP : 0.8179723024368286 / AUROC : 0.8163206528690379 
7 epoch, CNS : Val AP : 0.5833086967468262 / AUROC : 0.5657285211925588 
7 epoch, ALL : Val AP : 0.7512770891189575 / AUROC : 0.7855815148938409 
8 epoch: Training d_loss : -0.00038376220743303646 / Training g_loss : -0.46265725116282463 /Training roc : 0.9766765097552927 / Training ap : 0.9790587425231934 
8 epoch, SNS : Val AP : 0.9856054186820984 / AUROC : 0.9848060619211693 
8 epoch, MNS : Val AP : 0.818452000617981 / AUROC : 0.8176959264402153 
8 epoch, CNS : Val AP : 0.5846289396286011 / AUROC : 0.5658583014995929 
8 epoch, ALL : Val AP : 0.7526302933692932 / AUROC : 0.7867577555154465 
9 epoch: Training d_loss : -0.00041181806161028403 / Training g_loss : -0.4626267121213419 /Training roc : 0.9775597246778013 / Training ap : 0.9797120690345764 
9 epoch, SNS : Val AP : 0.9856054186820984 / AUROC : 0.9848060619211693 
9 epoch, MNS : Val AP : 0.818452000617981 / AUROC : 0.8176959264402153 
9 epoch, CNS : Val AP : 0.5846289396286011 / AUROC : 0.5658583014995929 
9 epoch, ALL : Val AP : 0.7526302933692932 / AUROC : 0.7867577555154465 
10 epoch: Training d_loss : -0.0004378885788834152 / Training g_loss : -0.46260489075665256 /Training roc : 0.9790467461446266 / Training ap : 0.98088538646698 
10 epoch, SNS : Val AP : 0.9867321252822876 / AUROC : 0.986012475572187 
10 epoch, MNS : Val AP : 0.8176286816596985 / AUROC : 0.8178240293676071 
10 epoch, CNS : Val AP : 0.5814839005470276 / AUROC : 0.5642626135783193 
10 epoch, ALL : Val AP : 0.7517786026000977 / AUROC : 0.7869521716883123 
11 epoch: Training d_loss : -0.00045162053195395416 / Training g_loss : -0.46261318286196795 /Training roc : 0.9788482142349377 / Training ap : 0.9805816411972046 
11 epoch, SNS : Val AP : 0.9867321252822876 / AUROC : 0.986012475572187 
11 epoch, MNS : Val AP : 0.8176286816596985 / AUROC : 0.8178240293676071 
11 epoch, CNS : Val AP : 0.5814839005470276 / AUROC : 0.5642626135783193 
11 epoch, ALL : Val AP : 0.7517786026000977 / AUROC : 0.7869521716883123 
12 epoch: Training d_loss : -0.0004715724997755454 / Training g_loss : -0.46259973803461074 /Training roc : 0.9800898738830626 / Training ap : 0.9819778800010681 
12 epoch, SNS : Val AP : 0.9874985218048096 / AUROC : 0.9867862141432607 
12 epoch, MNS : Val AP : 0.8169661164283752 / AUROC : 0.8185564444137159 
12 epoch, CNS : Val AP : 0.5768241286277771 / AUROC : 0.561477163609233 
12 epoch, ALL : Val AP : 0.7496873140335083 / AUROC : 0.7866754738892825 
13 epoch: Training d_loss : -0.00048475249393566236 / Training g_loss : -0.4626466807670927 /Training roc : 0.980276502393821 / Training ap : 0.9819620847702026 
13 epoch, SNS : Val AP : 0.9874985218048096 / AUROC : 0.9867862141432607 
13 epoch, MNS : Val AP : 0.8169661164283752 / AUROC : 0.8185564444137159 
13 epoch, CNS : Val AP : 0.5768241286277771 / AUROC : 0.561477163609233 
13 epoch, ALL : Val AP : 0.7496873140335083 / AUROC : 0.7866754738892825 
14 epoch: Training d_loss : -0.0005114709392829616 / Training g_loss : -0.46258081668700624 /Training roc : 0.9805500522510464 / Training ap : 0.9824860095977783 
14 epoch, SNS : Val AP : 0.9880815148353577 / AUROC : 0.9873612221063706 
14 epoch, MNS : Val AP : 0.8220864534378052 / AUROC : 0.8208182075716651 
14 epoch, CNS : Val AP : 0.5763376355171204 / AUROC : 0.5619863094273112 
14 epoch, ALL : Val AP : 0.7504655122756958 / AUROC : 0.7878368602664674 
15 epoch: Training d_loss : -0.0005392758664341913 / Training g_loss : -0.4626034733221906 /Training roc : 0.9807872205326293 / Training ap : 0.9826528429985046 
15 epoch, SNS : Val AP : 0.9880815148353577 / AUROC : 0.9873612221063706 
15 epoch, MNS : Val AP : 0.8220864534378052 / AUROC : 0.8208182075716651 
15 epoch, CNS : Val AP : 0.5763376355171204 / AUROC : 0.5619863094273112 
15 epoch, ALL : Val AP : 0.7504655122756958 / AUROC : 0.7878368602664674 
16 epoch: Training d_loss : -0.0005648169542154939 / Training g_loss : -0.46261476740738544 /Training roc : 0.9816780440040656 / Training ap : 0.9833689332008362 
16 epoch, SNS : Val AP : 0.9884563684463501 / AUROC : 0.9877529735664297 
16 epoch, MNS : Val AP : 0.8239902257919312 / AUROC : 0.8219937618806523 
16 epoch, CNS : Val AP : 0.5763258934020996 / AUROC : 0.5620073822033486 
16 epoch, ALL : Val AP : 0.75068598985672 / AUROC : 0.7882642447648843 
17 epoch: Training d_loss : -0.000580696522336696 / Training g_loss : -0.4626220454282715 /Training roc : 0.9813326171169066 / Training ap : 0.9830731153488159 
17 epoch, SNS : Val AP : 0.9884563684463501 / AUROC : 0.9877529735664297 
17 epoch, MNS : Val AP : 0.8239902257919312 / AUROC : 0.8219937618806523 
17 epoch, CNS : Val AP : 0.5763258934020996 / AUROC : 0.5620073822033486 
17 epoch, ALL : Val AP : 0.75068598985672 / AUROC : 0.7882642447648843 
18 epoch: Training d_loss : -0.0006025429513003375 / Training g_loss : -0.462635489592302 /Training roc : 0.9818563037280799 / Training ap : 0.9836002588272095 
18 epoch, SNS : Val AP : 0.9888446927070618 / AUROC : 0.9881464579485034 
18 epoch, MNS : Val AP : 0.8226751685142517 / AUROC : 0.8220327415175077 
18 epoch, CNS : Val AP : 0.5747658610343933 / AUROC : 0.5608024237624843 
18 epoch, ALL : Val AP : 0.7495126724243164 / AUROC : 0.7878804675285105 
19 epoch: Training d_loss : -0.0006274575980554893 / Training g_loss : -0.4626524454554238 /Training roc : 0.9824772020475949 / Training ap : 0.984199047088623 
19 epoch, SNS : Val AP : 0.9888446927070618 / AUROC : 0.9881464579485034 
19 epoch, MNS : Val AP : 0.8226751685142517 / AUROC : 0.8220327415175077 
19 epoch, CNS : Val AP : 0.5747658610343933 / AUROC : 0.5608024237624843 
19 epoch, ALL : Val AP : 0.7495126724243164 / AUROC : 0.7878804675285105 
20 epoch: Training d_loss : -0.0006557834735924944 / Training g_loss : -0.46260991119239214 /Training roc : 0.9823927922010579 / Training ap : 0.9841634631156921 
20 epoch, SNS : Val AP : 0.9891464114189148 / AUROC : 0.9884376999317118 
20 epoch, MNS : Val AP : 0.8223044872283936 / AUROC : 0.8219812981723161 
20 epoch, CNS : Val AP : 0.5745144486427307 / AUROC : 0.5603622726792337 
20 epoch, ALL : Val AP : 0.7502588033676147 / AUROC : 0.7878615247560815 
21 epoch: Training d_loss : -0.0006831481886971357 / Training g_loss : -0.4625935228052882 /Training roc : 0.982594693346525 / Training ap : 0.9842694401741028 
21 epoch, SNS : Val AP : 0.9891464114189148 / AUROC : 0.9884376999317118 
21 epoch, MNS : Val AP : 0.8223044872283936 / AUROC : 0.8219812981723161 
21 epoch, CNS : Val AP : 0.5745144486427307 / AUROC : 0.5603622726792337 
21 epoch, ALL : Val AP : 0.7502588033676147 / AUROC : 0.7878615247560815 
22 epoch: Training d_loss : -0.0007246874853234223 / Training g_loss : -0.46249622798307144 /Training roc : 0.9826655768838575 / Training ap : 0.9843871593475342 
22 epoch, SNS : Val AP : 0.9893847703933716 / AUROC : 0.9886519157530631 
22 epoch, MNS : Val AP : 0.8192750215530396 / AUROC : 0.8206057579977517 
22 epoch, CNS : Val AP : 0.5737877488136292 / AUROC : 0.5581681712391777 
22 epoch, ALL : Val AP : 0.7496544122695923 / AUROC : 0.7867453899402479 
23 epoch: Training d_loss : -0.0007357169031528297 / Training g_loss : -0.46253012739038996 /Training roc : 0.9825199641906267 / Training ap : 0.9841017723083496 
23 epoch, SNS : Val AP : 0.9893847703933716 / AUROC : 0.9886519157530631 
23 epoch, MNS : Val AP : 0.8192750215530396 / AUROC : 0.8206057579977517 
23 epoch, CNS : Val AP : 0.5737877488136292 / AUROC : 0.5581681712391777 
23 epoch, ALL : Val AP : 0.7496544122695923 / AUROC : 0.7867453899402479 
24 epoch: Training d_loss : -0.0007741576584799301 / Training g_loss : -0.46238072351545145 /Training roc : 0.982508961722875 / Training ap : 0.9843176007270813 
24 epoch, SNS : Val AP : 0.9895065426826477 / AUROC : 0.988764744528082 
24 epoch, MNS : Val AP : 0.8231337070465088 / AUROC : 0.8217910766557831 
24 epoch, CNS : Val AP : 0.571044921875 / AUROC : 0.5546172362955362 
24 epoch, ALL : Val AP : 0.7483205199241638 / AUROC : 0.7855737933531733 
25 epoch: Training d_loss : -0.0008051789858761956 / Training g_loss : -0.4623434134242266 /Training roc : 0.9828504393226751 / Training ap : 0.9845041036605835 
25 epoch, SNS : Val AP : 0.9895065426826477 / AUROC : 0.988764744528082 
25 epoch, MNS : Val AP : 0.8231337070465088 / AUROC : 0.8217910766557831 
25 epoch, CNS : Val AP : 0.571044921875 / AUROC : 0.5546172362955362 
25 epoch, ALL : Val AP : 0.7483205199241638 / AUROC : 0.7855737933531733 
26 epoch: Training d_loss : -0.0008307064991497652 / Training g_loss : -0.4622686358438198 /Training roc : 0.9831665304096706 / Training ap : 0.9847379922866821 
26 epoch, SNS : Val AP : 0.9896805882453918 / AUROC : 0.9889625531326663 
26 epoch, MNS : Val AP : 0.8235639333724976 / AUROC : 0.821665784172428 
26 epoch, CNS : Val AP : 0.5718809962272644 / AUROC : 0.555055821083889 
26 epoch, ALL : Val AP : 0.7492659091949463 / AUROC : 0.7857728535605703 
27 epoch: Training d_loss : -0.0008632424620642002 / Training g_loss : -0.4621594065418304 /Training roc : 0.9834783019636173 / Training ap : 0.9851176142692566 
27 epoch, SNS : Val AP : 0.9896805882453918 / AUROC : 0.9889625531326663 
27 epoch, MNS : Val AP : 0.8235639333724976 / AUROC : 0.821665784172428 
27 epoch, CNS : Val AP : 0.5718809962272644 / AUROC : 0.555055821083889 
27 epoch, ALL : Val AP : 0.7492659091949463 / AUROC : 0.7857728535605703 
28 epoch: Training d_loss : -0.0008995522091991382 / Training g_loss : -0.46202871753036123 /Training roc : 0.9837090970827245 / Training ap : 0.985336422920227 
28 epoch, SNS : Val AP : 0.9897906184196472 / AUROC : 0.9890754596670066 
28 epoch, MNS : Val AP : 0.8224522471427917 / AUROC : 0.8208309267749136 
28 epoch, CNS : Val AP : 0.5733795762062073 / AUROC : 0.5550179856199021 
28 epoch, ALL : Val AP : 0.7501422166824341 / AUROC : 0.7857477002252156 
29 epoch: Training d_loss : -0.000934804992569649 / Training g_loss : -0.4620097289498546 /Training roc : 0.9836242380047505 / Training ap : 0.9851267337799072 
29 epoch, SNS : Val AP : 0.9897906184196472 / AUROC : 0.9890754596670066 
29 epoch, MNS : Val AP : 0.8224522471427917 / AUROC : 0.8208309267749136 
29 epoch, CNS : Val AP : 0.5733795762062073 / AUROC : 0.5550179856199021 
29 epoch, ALL : Val AP : 0.7501422166824341 / AUROC : 0.7857477002252156 
30 epoch: Training d_loss : -0.0009677269879509421 / Training g_loss : -0.46190065140754505 /Training roc : 0.9838274535224167 / Training ap : 0.9855079650878906 
30 epoch, SNS : Val AP : 0.9899109601974487 / AUROC : 0.989193642726712 
30 epoch, MNS : Val AP : 0.8253291845321655 / AUROC : 0.8223375247310745 
30 epoch, CNS : Val AP : 0.5711345672607422 / AUROC : 0.5525922613790268 
30 epoch, ALL : Val AP : 0.7494288682937622 / AUROC : 0.7852410449459883 
31 epoch: Training d_loss : -0.0009860574298898063 / Training g_loss : -0.46185317090660666 /Training roc : 0.9837124107816492 / Training ap : 0.9852403402328491 
31 epoch, SNS : Val AP : 0.9899109601974487 / AUROC : 0.989193642726712 
31 epoch, MNS : Val AP : 0.8253291845321655 / AUROC : 0.8223375247310745 
31 epoch, CNS : Val AP : 0.5711345672607422 / AUROC : 0.5525922613790268 
31 epoch, ALL : Val AP : 0.7494288682937622 / AUROC : 0.7852410449459883 
32 epoch: Training d_loss : -0.0010224116700036185 / Training g_loss : -0.46167742188960786 /Training roc : 0.9836530978855661 / Training ap : 0.9852485656738281 
32 epoch, SNS : Val AP : 0.9899014234542847 / AUROC : 0.9891728587710105 
32 epoch, MNS : Val AP : 0.8263151049613953 / AUROC : 0.8225385881186734 
32 epoch, CNS : Val AP : 0.5721495151519775 / AUROC : 0.5536938665735807 
32 epoch, ALL : Val AP : 0.7507638931274414 / AUROC : 0.785828604195203 
33 epoch: Training d_loss : -0.0010523889657992438 / Training g_loss : -0.4616312317325125 /Training roc : 0.9837492638034703 / Training ap : 0.9853503704071045 
33 epoch, SNS : Val AP : 0.9899014234542847 / AUROC : 0.9891728587710105 
33 epoch, MNS : Val AP : 0.8263151049613953 / AUROC : 0.8225385881186734 
33 epoch, CNS : Val AP : 0.5721495151519775 / AUROC : 0.5536938665735807 
33 epoch, ALL : Val AP : 0.7507638931274414 / AUROC : 0.785828604195203 
34 epoch: Training d_loss : -0.001100486407977409 / Training g_loss : -0.4614302404639452 /Training roc : 0.9837486430248634 / Training ap : 0.9854534864425659 
34 epoch, SNS : Val AP : 0.9898118376731873 / AUROC : 0.9890683946772546 
34 epoch, MNS : Val AP : 0.8277783989906311 / AUROC : 0.8229444473412877 
34 epoch, CNS : Val AP : 0.5768294930458069 / AUROC : 0.5560915752418853 
34 epoch, ALL : Val AP : 0.7533354163169861 / AUROC : 0.786876400598596 
35 epoch: Training d_loss : -0.0011292148280788112 / Training g_loss : -0.46133928377601796 /Training roc : 0.9833947745359745 / Training ap : 0.9849903583526611 
35 epoch, SNS : Val AP : 0.9898118376731873 / AUROC : 0.9890683946772546 
35 epoch, MNS : Val AP : 0.8277783989906311 / AUROC : 0.8229444473412877 
35 epoch, CNS : Val AP : 0.5768294930458069 / AUROC : 0.5560915752418853 
35 epoch, ALL : Val AP : 0.7533354163169861 / AUROC : 0.786876400598596 
36 epoch: Training d_loss : -0.001149171036453429 / Training g_loss : -0.46125073155272744 /Training roc : 0.9836965235390954 / Training ap : 0.9851517677307129 
36 epoch, SNS : Val AP : 0.9899237751960754 / AUROC : 0.9891797571336458 
36 epoch, MNS : Val AP : 0.8270107507705688 / AUROC : 0.8225593720743749 
36 epoch, CNS : Val AP : 0.5732600688934326 / AUROC : 0.5535030785248506 
36 epoch, ALL : Val AP : 0.7510032653808594 / AUROC : 0.7857830304400686 
37 epoch: Training d_loss : -0.0011896998495668977 / Training g_loss : -0.46119115301459696 /Training roc : 0.9841111814336576 / Training ap : 0.9857603311538696 
37 epoch, SNS : Val AP : 0.9899237751960754 / AUROC : 0.9891797571336458 
37 epoch, MNS : Val AP : 0.8270107507705688 / AUROC : 0.8225593720743749 
37 epoch, CNS : Val AP : 0.5732600688934326 / AUROC : 0.5535030785248506 
37 epoch, ALL : Val AP : 0.7510032653808594 / AUROC : 0.7857830304400686 
38 epoch: Training d_loss : -0.0012356143308557652 / Training g_loss : -0.4610595154932838 /Training roc : 0.9841226960746136 / Training ap : 0.9857818484306335 
38 epoch, SNS : Val AP : 0.9899142980575562 / AUROC : 0.989172114503222 
38 epoch, MNS : Val AP : 0.8277056217193604 / AUROC : 0.8229038014332642 
38 epoch, CNS : Val AP : 0.5678239464759827 / AUROC : 0.5505843824047008 
38 epoch, ALL : Val AP : 0.7476562261581421 / AUROC : 0.7846570742689112 
39 epoch: Training d_loss : -0.0012966055180196354 / Training g_loss : -0.46087481249686457 /Training roc : 0.9840429093625914 / Training ap : 0.9856431484222412 
39 epoch, SNS : Val AP : 0.9899142980575562 / AUROC : 0.989172114503222 
39 epoch, MNS : Val AP : 0.8277056217193604 / AUROC : 0.8229038014332642 
39 epoch, CNS : Val AP : 0.5678239464759827 / AUROC : 0.5505843824047008 
39 epoch, ALL : Val AP : 0.7476562261581421 / AUROC : 0.7846570742689112 
40 epoch: Training d_loss : -0.0013166046294195662 / Training g_loss : -0.4608337436173413 /Training roc : 0.983835097861761 / Training ap : 0.9852840900421143 
40 epoch, SNS : Val AP : 0.990016520023346 / AUROC : 0.9892823327867445 
40 epoch, MNS : Val AP : 0.8233692049980164 / AUROC : 0.8204230013760512 
40 epoch, CNS : Val AP : 0.5627368688583374 / AUROC : 0.546281792537198 
40 epoch, ALL : Val AP : 0.743642270565033 / AUROC : 0.7824873768919774 
41 epoch: Training d_loss : -0.001345121708886612 / Training g_loss : -0.46083390111005934 /Training roc : 0.9845225071170108 / Training ap : 0.9859269261360168 
41 epoch, SNS : Val AP : 0.990016520023346 / AUROC : 0.9892823327867445 
41 epoch, MNS : Val AP : 0.8233692049980164 / AUROC : 0.8204230013760512 
41 epoch, CNS : Val AP : 0.5627368688583374 / AUROC : 0.546281792537198 
41 epoch, ALL : Val AP : 0.743642270565033 / AUROC : 0.7824873768919774 
42 epoch: Training d_loss : -0.0013693886170895186 / Training g_loss : -0.46055049689661337 /Training roc : 0.9839419816216751 / Training ap : 0.9855095148086548 
42 epoch, SNS : Val AP : 0.9899635910987854 / AUROC : 0.9892355438923486 
42 epoch, MNS : Val AP : 0.8285316228866577 / AUROC : 0.8224788356345907 
42 epoch, CNS : Val AP : 0.5694073438644409 / AUROC : 0.5524121596827206 
42 epoch, ALL : Val AP : 0.748174786567688 / AUROC : 0.7852555214459737 
43 epoch: Training d_loss : -0.0014157145504731631 / Training g_loss : -0.4603510607028045 /Training roc : 0.9844653239043571 / Training ap : 0.9860296845436096 
43 epoch, SNS : Val AP : 0.9899635910987854 / AUROC : 0.9892355438923486 
43 epoch, MNS : Val AP : 0.8285316228866577 / AUROC : 0.8224788356345907 
43 epoch, CNS : Val AP : 0.5694073438644409 / AUROC : 0.5524121596827206 
43 epoch, ALL : Val AP : 0.748174786567688 / AUROC : 0.7852555214459737 
44 epoch: Training d_loss : -0.0014690447640153675 / Training g_loss : -0.4603525285027175 /Training roc : 0.9843315874587063 / Training ap : 0.9858719110488892 
44 epoch, SNS : Val AP : 0.9900248050689697 / AUROC : 0.9892990066068985 
44 epoch, MNS : Val AP : 0.82368403673172 / AUROC : 0.8203864656035752 
44 epoch, CNS : Val AP : 0.5598911046981812 / AUROC : 0.5457241804450814 
44 epoch, ALL : Val AP : 0.7421303391456604 / AUROC : 0.7824046953011169 
45 epoch: Training d_loss : -0.0015004759799505454 / Training g_loss : -0.46028028364590884 /Training roc : 0.9843762538987365 / Training ap : 0.9859586954116821 
45 epoch, SNS : Val AP : 0.9900248050689697 / AUROC : 0.9892990066068985 
45 epoch, MNS : Val AP : 0.82368403673172 / AUROC : 0.8203864656035752 
45 epoch, CNS : Val AP : 0.5598911046981812 / AUROC : 0.5457241804450814 
45 epoch, ALL : Val AP : 0.7421303391456604 / AUROC : 0.7824046953011169 
46 epoch: Training d_loss : -0.0015474750241338733 / Training g_loss : -0.4600886893007069 /Training roc : 0.9845330418410407 / Training ap : 0.9860255718231201 
46 epoch, SNS : Val AP : 0.9900090098381042 / AUROC : 0.9892763453190144 
46 epoch, MNS : Val AP : 0.8232578635215759 / AUROC : 0.8200123210755244 
46 epoch, CNS : Val AP : 0.5638248324394226 / AUROC : 0.5472120495133144 
46 epoch, ALL : Val AP : 0.744605541229248 / AUROC : 0.7828112927454491 
47 epoch: Training d_loss : -0.0015811725906044577 / Training g_loss : -0.45995858321129235 /Training roc : 0.984289511504353 / Training ap : 0.9858174324035645 
47 epoch, SNS : Val AP : 0.9900090098381042 / AUROC : 0.9892763453190144 
47 epoch, MNS : Val AP : 0.8232578635215759 / AUROC : 0.8200123210755244 
47 epoch, CNS : Val AP : 0.5638248324394226 / AUROC : 0.5472120495133144 
47 epoch, ALL : Val AP : 0.744605541229248 / AUROC : 0.7828112927454491 
48 epoch: Training d_loss : -0.0016229267340206759 / Training g_loss : -0.4598110448954026 /Training roc : 0.9842150563302654 / Training ap : 0.9857635498046875 
48 epoch, SNS : Val AP : 0.9899704456329346 / AUROC : 0.989235232855064 
48 epoch, MNS : Val AP : 0.8213083148002625 / AUROC : 0.8191147452312486 
48 epoch, CNS : Val AP : 0.5703083872795105 / AUROC : 0.5498592878432566 
48 epoch, ALL : Val AP : 0.7477684020996094 / AUROC : 0.7834909327558909 
49 epoch: Training d_loss : -0.0016630226079913505 / Training g_loss : -0.45967677126628226 /Training roc : 0.9843088654807167 / Training ap : 0.9857266545295715 
49 epoch, SNS : Val AP : 0.9899704456329346 / AUROC : 0.989235232855064 
49 epoch, MNS : Val AP : 0.8213083148002625 / AUROC : 0.8191147452312486 
49 epoch, CNS : Val AP : 0.5703083872795105 / AUROC : 0.5498592878432566 
49 epoch, ALL : Val AP : 0.7477684020996094 / AUROC : 0.7834909327558909 
0 epoch: Training d_loss : 8.487218902224586e-05 / Training g_loss : -0.5105272667748587 /Training roc : 0.8688372902691168 / Training ap : 0.8048651814460754 
0 epoch, SNS : Val AP : 0.9518523812294006 / AUROC : 0.9506315845343465 
0 epoch, MNS : Val AP : 0.7568358778953552 / AUROC : 0.7778546607637419 
0 epoch, CNS : Val AP : 0.5516864061355591 / AUROC : 0.5511247985783642 
0 epoch, ALL : Val AP : 0.7100428938865662 / AUROC : 0.7576546687923457 
1 epoch: Training d_loss : 3.547807755644636e-05 / Training g_loss : -0.5102630374162489 /Training roc : 0.9449018247149089 / Training ap : 0.948486328125 
1 epoch, SNS : Val AP : 0.9518523812294006 / AUROC : 0.9506315845343465 
1 epoch, MNS : Val AP : 0.7568358778953552 / AUROC : 0.7778546607637419 
1 epoch, CNS : Val AP : 0.5516864061355591 / AUROC : 0.5511247985783642 
1 epoch, ALL : Val AP : 0.7100428938865662 / AUROC : 0.7576546687923457 
2 epoch: Training d_loss : -2.5725516302596974e-05 / Training g_loss : -0.510073581257382 /Training roc : 0.9593521499170017 / Training ap : 0.9626319408416748 
2 epoch, SNS : Val AP : 0.973852813243866 / AUROC : 0.9732018829041933 
2 epoch, MNS : Val AP : 0.776412844657898 / AUROC : 0.7931666486005844 
2 epoch, CNS : Val AP : 0.5443320870399475 / AUROC : 0.543933538797158 
2 epoch, ALL : Val AP : 0.715386152267456 / AUROC : 0.7677744200000836 
3 epoch: Training d_loss : -5.540090638238031e-05 / Training g_loss : -0.5101495107520366 /Training roc : 0.9664063521878106 / Training ap : 0.9687913656234741 
3 epoch, SNS : Val AP : 0.973852813243866 / AUROC : 0.9732018829041933 
3 epoch, MNS : Val AP : 0.776412844657898 / AUROC : 0.7931666486005844 
3 epoch, CNS : Val AP : 0.5443320870399475 / AUROC : 0.543933538797158 
3 epoch, ALL : Val AP : 0.715386152267456 / AUROC : 0.7677744200000836 
4 epoch: Training d_loss : -0.00012022162090234802 / Training g_loss : -0.5101271457437112 /Training roc : 0.9687841008621926 / Training ap : 0.9716641902923584 
4 epoch, SNS : Val AP : 0.9782856702804565 / AUROC : 0.9775963176384734 
4 epoch, MNS : Val AP : 0.768816351890564 / AUROC : 0.7924522626085129 
4 epoch, CNS : Val AP : 0.5296595692634583 / AUROC : 0.5308839361928339 
4 epoch, ALL : Val AP : 0.7055588960647583 / AUROC : 0.7642064682646235 
5 epoch: Training d_loss : -0.00016533499302280347 / Training g_loss : -0.5102121908638171 /Training roc : 0.9718349450934528 / Training ap : 0.9737207889556885 
5 epoch, SNS : Val AP : 0.9782856702804565 / AUROC : 0.9775963176384734 
5 epoch, MNS : Val AP : 0.768816351890564 / AUROC : 0.7924522626085129 
5 epoch, CNS : Val AP : 0.5296595692634583 / AUROC : 0.5308839361928339 
5 epoch, ALL : Val AP : 0.7055588960647583 / AUROC : 0.7642064682646235 
6 epoch: Training d_loss : -0.00019964992715747632 / Training g_loss : -0.5101481868466436 /Training roc : 0.9738829418490342 / Training ap : 0.9761614799499512 
6 epoch, SNS : Val AP : 0.9810886383056641 / AUROC : 0.9802595299546789 
6 epoch, MNS : Val AP : 0.7778882384300232 / AUROC : 0.7977670566681717 
6 epoch, CNS : Val AP : 0.5305711030960083 / AUROC : 0.5315172525383475 
6 epoch, ALL : Val AP : 0.7088901996612549 / AUROC : 0.766819615388615 
7 epoch: Training d_loss : -0.00023337776975525582 / Training g_loss : -0.5101864528390675 /Training roc : 0.9747357805809908 / Training ap : 0.9767519235610962 
7 epoch, SNS : Val AP : 0.9810886383056641 / AUROC : 0.9802595299546789 
7 epoch, MNS : Val AP : 0.7778882384300232 / AUROC : 0.7977670566681717 
7 epoch, CNS : Val AP : 0.5305711030960083 / AUROC : 0.5315172525383475 
7 epoch, ALL : Val AP : 0.7088901996612549 / AUROC : 0.766819615388615 
8 epoch: Training d_loss : -0.00028387531756596647 / Training g_loss : -0.510050014490543 /Training roc : 0.9761170586446267 / Training ap : 0.9782507419586182 
8 epoch, SNS : Val AP : 0.9831031560897827 / AUROC : 0.982136917679606 
8 epoch, MNS : Val AP : 0.7878842353820801 / AUROC : 0.8015201991722809 
8 epoch, CNS : Val AP : 0.5462206602096558 / AUROC : 0.541997587194915 
8 epoch, ALL : Val AP : 0.7207452654838562 / AUROC : 0.771411265654507 
9 epoch: Training d_loss : -0.0003155450468412075 / Training g_loss : -0.5100603826663831 /Training roc : 0.9769027533207187 / Training ap : 0.9787371754646301 
9 epoch, SNS : Val AP : 0.9831031560897827 / AUROC : 0.982136917679606 
9 epoch, MNS : Val AP : 0.7878842353820801 / AUROC : 0.8015201991722809 
9 epoch, CNS : Val AP : 0.5462206602096558 / AUROC : 0.541997587194915 
9 epoch, ALL : Val AP : 0.7207452654838562 / AUROC : 0.771411265654507 
10 epoch: Training d_loss : -0.00035245235659928315 / Training g_loss : -0.510088885436945 /Training roc : 0.9779704308167001 / Training ap : 0.9798169136047363 
10 epoch, SNS : Val AP : 0.9836357831954956 / AUROC : 0.9828268872448298 
10 epoch, MNS : Val AP : 0.7763090133666992 / AUROC : 0.7973897906587994 
10 epoch, CNS : Val AP : 0.5289030075073242 / AUROC : 0.5264659070588157 
10 epoch, ALL : Val AP : 0.7074988484382629 / AUROC : 0.7651035335281072 
11 epoch: Training d_loss : -0.0003855645846107616 / Training g_loss : -0.5101344603423283 /Training roc : 0.9787858932462604 / Training ap : 0.980483889579773 
11 epoch, SNS : Val AP : 0.9836357831954956 / AUROC : 0.9828268872448298 
11 epoch, MNS : Val AP : 0.7763090133666992 / AUROC : 0.7973897906587994 
11 epoch, CNS : Val AP : 0.5289030075073242 / AUROC : 0.5264659070588157 
11 epoch, ALL : Val AP : 0.7074988484382629 / AUROC : 0.7651035335281072 
12 epoch: Training d_loss : -0.0004215239057101203 / Training g_loss : -0.5099143606680187 /Training roc : 0.9793857702496551 / Training ap : 0.9808553457260132 
12 epoch, SNS : Val AP : 0.9850245714187622 / AUROC : 0.9839512537035376 
12 epoch, MNS : Val AP : 0.7924081087112427 / AUROC : 0.8060684085184138 
12 epoch, CNS : Val AP : 0.5401612520217896 / AUROC : 0.5370820872494687 
12 epoch, ALL : Val AP : 0.7180202007293701 / AUROC : 0.7717633123582959 
13 epoch: Training d_loss : -0.000430199082212342 / Training g_loss : -0.509924536194824 /Training roc : 0.9797709627580622 / Training ap : 0.9813222885131836 
13 epoch, SNS : Val AP : 0.9850245714187622 / AUROC : 0.9839512537035376 
13 epoch, MNS : Val AP : 0.7924081087112427 / AUROC : 0.8060684085184138 
13 epoch, CNS : Val AP : 0.5401612520217896 / AUROC : 0.5370820872494687 
13 epoch, ALL : Val AP : 0.7180202007293701 / AUROC : 0.7717633123582959 
14 epoch: Training d_loss : -0.0004503798977559246 / Training g_loss : -0.5099171044716585 /Training roc : 0.9800407484507735 / Training ap : 0.9817171096801758 
14 epoch, SNS : Val AP : 0.9852063059806824 / AUROC : 0.9841421306200632 
14 epoch, MNS : Val AP : 0.7858492732048035 / AUROC : 0.801810896840241 
14 epoch, CNS : Val AP : 0.5430832505226135 / AUROC : 0.5375948544302185 
14 epoch, ALL : Val AP : 0.717816174030304 / AUROC : 0.7699544053578204 
15 epoch: Training d_loss : -0.00047276764871206114 / Training g_loss : -0.5099342594275603 /Training roc : 0.9803583982721236 / Training ap : 0.981937825679779 
15 epoch, SNS : Val AP : 0.9852063059806824 / AUROC : 0.9841421306200632 
15 epoch, MNS : Val AP : 0.7858492732048035 / AUROC : 0.801810896840241 
15 epoch, CNS : Val AP : 0.5430832505226135 / AUROC : 0.5375948544302185 
15 epoch, ALL : Val AP : 0.717816174030304 / AUROC : 0.7699544053578204 
16 epoch: Training d_loss : -0.0005033028049954171 / Training g_loss : -0.5097703586890702 /Training roc : 0.9807712012357794 / Training ap : 0.9823944568634033 
16 epoch, SNS : Val AP : 0.9856504201889038 / AUROC : 0.9845557768832692 
16 epoch, MNS : Val AP : 0.7963309288024902 / AUROC : 0.8075823047422899 
16 epoch, CNS : Val AP : 0.5504289269447327 / AUROC : 0.5426201283202092 
16 epoch, ALL : Val AP : 0.7249302268028259 / AUROC : 0.7736760213076302 
17 epoch: Training d_loss : -0.0005149560816147748 / Training g_loss : -0.5097996327190976 /Training roc : 0.9805885874224518 / Training ap : 0.9821840524673462 
17 epoch, SNS : Val AP : 0.9856504201889038 / AUROC : 0.9845557768832692 
17 epoch, MNS : Val AP : 0.7963309288024902 / AUROC : 0.8075823047422899 
17 epoch, CNS : Val AP : 0.5504289269447327 / AUROC : 0.5426201283202092 
17 epoch, ALL : Val AP : 0.7249302268028259 / AUROC : 0.7736760213076302 
18 epoch: Training d_loss : -0.0005457281403018485 / Training g_loss : -0.509675885516623 /Training roc : 0.9807983353082402 / Training ap : 0.9824714660644531 
18 epoch, SNS : Val AP : 0.9857470393180847 / AUROC : 0.9845317825784508 
18 epoch, MNS : Val AP : 0.7967740297317505 / AUROC : 0.8077101077408715 
18 epoch, CNS : Val AP : 0.551638662815094 / AUROC : 0.5439779393695465 
18 epoch, ALL : Val AP : 0.7255013585090637 / AUROC : 0.7745209689491409 
19 epoch: Training d_loss : -0.0005623547090824534 / Training g_loss : -0.5097571515695848 /Training roc : 0.9811773582893014 / Training ap : 0.9827733039855957 
19 epoch, SNS : Val AP : 0.9857470393180847 / AUROC : 0.9845317825784508 
19 epoch, MNS : Val AP : 0.7967740297317505 / AUROC : 0.8077101077408715 
19 epoch, CNS : Val AP : 0.551638662815094 / AUROC : 0.5439779393695465 
19 epoch, ALL : Val AP : 0.7255013585090637 / AUROC : 0.7745209689491409 
20 epoch: Training d_loss : -0.0006035562065712787 / Training g_loss : -0.509590828551397 /Training roc : 0.9815137919086527 / Training ap : 0.9831687808036804 
20 epoch, SNS : Val AP : 0.9859730005264282 / AUROC : 0.9847068521358298 
20 epoch, MNS : Val AP : 0.7971959114074707 / AUROC : 0.8074596560758546 
20 epoch, CNS : Val AP : 0.554741621017456 / AUROC : 0.548860413820444 
20 epoch, ALL : Val AP : 0.7281200289726257 / AUROC : 0.776177833814313 
21 epoch: Training d_loss : -0.0006418527594052362 / Training g_loss : -0.5096047902524187 /Training roc : 0.9825207540480987 / Training ap : 0.9840259552001953 
21 epoch, SNS : Val AP : 0.9859730005264282 / AUROC : 0.9847068521358298 
21 epoch, MNS : Val AP : 0.7971959114074707 / AUROC : 0.8074596560758546 
21 epoch, CNS : Val AP : 0.554741621017456 / AUROC : 0.548860413820444 
21 epoch, ALL : Val AP : 0.7281200289726257 / AUROC : 0.776177833814313 
22 epoch: Training d_loss : -0.0006562563781707958 / Training g_loss : -0.5095906393137569 /Training roc : 0.981746407402402 / Training ap : 0.9833328127861023 
22 epoch, SNS : Val AP : 0.9859873056411743 / AUROC : 0.9846685390074414 
22 epoch, MNS : Val AP : 0.7995234727859497 / AUROC : 0.808975518499709 
22 epoch, CNS : Val AP : 0.55381840467453 / AUROC : 0.5470668284267904 
22 epoch, ALL : Val AP : 0.7289177775382996 / AUROC : 0.776476707433735 
23 epoch: Training d_loss : -0.0006952470076671655 / Training g_loss : -0.5094860226437095 /Training roc : 0.9828142292942023 / Training ap : 0.9843337535858154 
23 epoch, SNS : Val AP : 0.9859873056411743 / AUROC : 0.9846685390074414 
23 epoch, MNS : Val AP : 0.7995234727859497 / AUROC : 0.808975518499709 
23 epoch, CNS : Val AP : 0.55381840467453 / AUROC : 0.5470668284267904 
23 epoch, ALL : Val AP : 0.7289177775382996 / AUROC : 0.776476707433735 
24 epoch: Training d_loss : -0.00071476141674909 / Training g_loss : -0.5095076475689255 /Training roc : 0.9822114273498574 / Training ap : 0.9836539626121521 
24 epoch, SNS : Val AP : 0.9856846332550049 / AUROC : 0.9843800297089484 
24 epoch, MNS : Val AP : 0.7942095398902893 / AUROC : 0.806424068544975 
24 epoch, CNS : Val AP : 0.5469301342964172 / AUROC : 0.5384086723771186 
24 epoch, ALL : Val AP : 0.7233035564422607 / AUROC : 0.7727108065039237 
25 epoch: Training d_loss : -0.0007336661338048064 / Training g_loss : -0.5095155239105225 /Training roc : 0.9823509914626675 / Training ap : 0.9837137460708618 
25 epoch, SNS : Val AP : 0.9856846332550049 / AUROC : 0.9843800297089484 
25 epoch, MNS : Val AP : 0.7942095398902893 / AUROC : 0.806424068544975 
25 epoch, CNS : Val AP : 0.5469301342964172 / AUROC : 0.5384086723771186 
25 epoch, ALL : Val AP : 0.7233035564422607 / AUROC : 0.7727108065039237 
26 epoch: Training d_loss : -0.0007590542537040286 / Training g_loss : -0.5093364585753655 /Training roc : 0.9826221520010407 / Training ap : 0.9841639399528503 
26 epoch, SNS : Val AP : 0.9855007529258728 / AUROC : 0.9843177000587928 
26 epoch, MNS : Val AP : 0.789623498916626 / AUROC : 0.8044081581436193 
26 epoch, CNS : Val AP : 0.5395603179931641 / AUROC : 0.5345021996001349 
26 epoch, ALL : Val AP : 0.7194111347198486 / AUROC : 0.7712046727786604 
27 epoch: Training d_loss : -0.0007743261671596946 / Training g_loss : -0.5094460046158686 /Training roc : 0.9827507506706679 / Training ap : 0.9840231537818909 
27 epoch, SNS : Val AP : 0.9855007529258728 / AUROC : 0.9843177000587928 
27 epoch, MNS : Val AP : 0.789623498916626 / AUROC : 0.8044081581436193 
27 epoch, CNS : Val AP : 0.5395603179931641 / AUROC : 0.5345021996001349 
27 epoch, ALL : Val AP : 0.7194111347198486 / AUROC : 0.7712046727786604 
28 epoch: Training d_loss : -0.0008118140773288017 / Training g_loss : -0.5090381894467935 /Training roc : 0.9830955740573525 / Training ap : 0.984571635723114 
28 epoch, SNS : Val AP : 0.9862338304519653 / AUROC : 0.9849471173297734 
28 epoch, MNS : Val AP : 0.8043643236160278 / AUROC : 0.8106731155656144 
28 epoch, CNS : Val AP : 0.5548718571662903 / AUROC : 0.549903588439375 
28 epoch, ALL : Val AP : 0.7321890592575073 / AUROC : 0.7785565349654027 
29 epoch: Training d_loss : -0.0008207766164467331 / Training g_loss : -0.5090849085907868 /Training roc : 0.9833179843457357 / Training ap : 0.9848341941833496 
29 epoch, SNS : Val AP : 0.9862338304519653 / AUROC : 0.9849471173297734 
29 epoch, MNS : Val AP : 0.8043643236160278 / AUROC : 0.8106731155656144 
29 epoch, CNS : Val AP : 0.5548718571662903 / AUROC : 0.549903588439375 
29 epoch, ALL : Val AP : 0.7321890592575073 / AUROC : 0.7785565349654027 
30 epoch: Training d_loss : -0.0008429219214829049 / Training g_loss : -0.5090655204980665 /Training roc : 0.9829380579651912 / Training ap : 0.9844310283660889 
30 epoch, SNS : Val AP : 0.9859964847564697 / AUROC : 0.9847803569112852 
30 epoch, MNS : Val AP : 0.7991009950637817 / AUROC : 0.8083544214760936 
30 epoch, CNS : Val AP : 0.5399203300476074 / AUROC : 0.5367333922363894 
30 epoch, ALL : Val AP : 0.7214472889900208 / AUROC : 0.7735728748564683 
31 epoch: Training d_loss : -0.0008633310635631907 / Training g_loss : -0.5091596823807552 /Training roc : 0.9828615602690476 / Training ap : 0.9842655062675476 
31 epoch, SNS : Val AP : 0.9859964847564697 / AUROC : 0.9847803569112852 
31 epoch, MNS : Val AP : 0.7991009950637817 / AUROC : 0.8083544214760936 
31 epoch, CNS : Val AP : 0.5399203300476074 / AUROC : 0.5367333922363894 
31 epoch, ALL : Val AP : 0.7214472889900208 / AUROC : 0.7735728748564683 
32 epoch: Training d_loss : -0.0008788092741890559 / Training g_loss : -0.5088489665871575 /Training roc : 0.9823561913914871 / Training ap : 0.9838340282440186 
32 epoch, SNS : Val AP : 0.9861414432525635 / AUROC : 0.9848284454971922 
32 epoch, MNS : Val AP : 0.8053960800170898 / AUROC : 0.8112762501860392 
32 epoch, CNS : Val AP : 0.5467807054519653 / AUROC : 0.54370351561666 
32 epoch, ALL : Val AP : 0.7277683615684509 / AUROC : 0.7769608424785261 
33 epoch: Training d_loss : -0.0008808380090564916 / Training g_loss : -0.508876090398464 /Training roc : 0.9831290627800044 / Training ap : 0.9846869111061096 
33 epoch, SNS : Val AP : 0.9861414432525635 / AUROC : 0.9848284454971922 
33 epoch, MNS : Val AP : 0.8053960800170898 / AUROC : 0.8112762501860392 
33 epoch, CNS : Val AP : 0.5467807054519653 / AUROC : 0.54370351561666 
33 epoch, ALL : Val AP : 0.7277683615684509 / AUROC : 0.7769608424785261 
34 epoch: Training d_loss : -0.0009346701477214528 / Training g_loss : -0.5087619218234986 /Training roc : 0.9833104547825554 / Training ap : 0.9848359227180481 
34 epoch, SNS : Val AP : 0.986046552658081 / AUROC : 0.9847432101727143 
34 epoch, MNS : Val AP : 0.8007480502128601 / AUROC : 0.8088550582027408 
34 epoch, CNS : Val AP : 0.5464915037155151 / AUROC : 0.5425233401823002 
34 epoch, ALL : Val AP : 0.7260561585426331 / AUROC : 0.7753948918108828 
35 epoch: Training d_loss : -0.000973793916368712 / Training g_loss : -0.5087530401628613 /Training roc : 0.9835633856573099 / Training ap : 0.9850338697433472 
35 epoch, SNS : Val AP : 0.986046552658081 / AUROC : 0.9847432101727143 
35 epoch, MNS : Val AP : 0.8007480502128601 / AUROC : 0.8088550582027408 
35 epoch, CNS : Val AP : 0.5464915037155151 / AUROC : 0.5425233401823002 
35 epoch, ALL : Val AP : 0.7260561585426331 / AUROC : 0.7753948918108828 
36 epoch: Training d_loss : -0.0010012026716302044 / Training g_loss : -0.5086327016069324 /Training roc : 0.9831961229135124 / Training ap : 0.984769880771637 
36 epoch, SNS : Val AP : 0.9857704639434814 / AUROC : 0.9844939693314126 
36 epoch, MNS : Val AP : 0.7976486086845398 / AUROC : 0.807136110648937 
36 epoch, CNS : Val AP : 0.5396488904953003 / AUROC : 0.5370559934429786 
36 epoch, ALL : Val AP : 0.7210073471069336 / AUROC : 0.772757713474713 
37 epoch: Training d_loss : -0.0010103326059866028 / Training g_loss : -0.5087647285484168 /Training roc : 0.9832404586007265 / Training ap : 0.9846470355987549 
37 epoch, SNS : Val AP : 0.9857704639434814 / AUROC : 0.9844939693314126 
37 epoch, MNS : Val AP : 0.7976486086845398 / AUROC : 0.807136110648937 
37 epoch, CNS : Val AP : 0.5396488904953003 / AUROC : 0.5370559934429786 
37 epoch, ALL : Val AP : 0.7210073471069336 / AUROC : 0.772757713474713 
38 epoch: Training d_loss : -0.0010396277203279384 / Training g_loss : -0.5084529097394838 /Training roc : 0.9832016519158152 / Training ap : 0.9846090078353882 
38 epoch, SNS : Val AP : 0.9860919713973999 / AUROC : 0.9849007505574066 
38 epoch, MNS : Val AP : 0.7989192008972168 / AUROC : 0.8084825244034854 
38 epoch, CNS : Val AP : 0.5376364588737488 / AUROC : 0.5358199757075437 
38 epoch, ALL : Val AP : 0.7208068370819092 / AUROC : 0.7732864001426364 
39 epoch: Training d_loss : -0.0010599258973223228 / Training g_loss : -0.5085633103343375 /Training roc : 0.9835822866997797 / Training ap : 0.9850014448165894 
39 epoch, SNS : Val AP : 0.9860919713973999 / AUROC : 0.9849007505574066 
39 epoch, MNS : Val AP : 0.7989192008972168 / AUROC : 0.8084825244034854 
39 epoch, CNS : Val AP : 0.5376364588737488 / AUROC : 0.5358199757075437 
39 epoch, ALL : Val AP : 0.7208068370819092 / AUROC : 0.7732864001426364 
40 epoch: Training d_loss : -0.0010905085288473837 / Training g_loss : -0.5082852250062794 /Training roc : 0.983956166968208 / Training ap : 0.9853307008743286 
40 epoch, SNS : Val AP : 0.9867385625839233 / AUROC : 0.9854316912023616 
40 epoch, MNS : Val AP : 0.8102774024009705 / AUROC : 0.8134226185113708 
40 epoch, CNS : Val AP : 0.5513865947723389 / AUROC : 0.5524109932929031 
40 epoch, ALL : Val AP : 0.7324374318122864 / AUROC : 0.780797414948174 
41 epoch: Training d_loss : -0.0011205915805834845 / Training g_loss : -0.5081384755280135 /Training roc : 0.9838939410092578 / Training ap : 0.9851570725440979 
41 epoch, SNS : Val AP : 0.9867385625839233 / AUROC : 0.9854316912023616 
41 epoch, MNS : Val AP : 0.8102774024009705 / AUROC : 0.8134226185113708 
41 epoch, CNS : Val AP : 0.5513865947723389 / AUROC : 0.5524109932929031 
41 epoch, ALL : Val AP : 0.7324374318122864 / AUROC : 0.780797414948174 
42 epoch: Training d_loss : -0.00113259390920448 / Training g_loss : -0.5082634833355587 /Training roc : 0.9834796496579284 / Training ap : 0.9848928451538086 
42 epoch, SNS : Val AP : 0.986577033996582 / AUROC : 0.9852657750279318 
42 epoch, MNS : Val AP : 0.8050756454467773 / AUROC : 0.8112845148910321 
42 epoch, CNS : Val AP : 0.552234411239624 / AUROC : 0.5503541481631882 
42 epoch, ALL : Val AP : 0.7309012413024902 / AUROC : 0.7789841861069506 
43 epoch: Training d_loss : -0.001152890854306365 / Training g_loss : -0.5081095544825677 /Training roc : 0.9838361728084141 / Training ap : 0.9852022528648376 
43 epoch, SNS : Val AP : 0.986577033996582 / AUROC : 0.9852657750279318 
43 epoch, MNS : Val AP : 0.8050756454467773 / AUROC : 0.8112845148910321 
43 epoch, CNS : Val AP : 0.552234411239624 / AUROC : 0.5503541481631882 
43 epoch, ALL : Val AP : 0.7309012413024902 / AUROC : 0.7789841861069506 
44 epoch: Training d_loss : -0.0011777294553899234 / Training g_loss : -0.5079882268117228 /Training roc : 0.9837423229309368 / Training ap : 0.9851051568984985 
44 epoch, SNS : Val AP : 0.9866870641708374 / AUROC : 0.9854163392906675 
44 epoch, MNS : Val AP : 0.8040511012077332 / AUROC : 0.8109749439249764 
44 epoch, CNS : Val AP : 0.5496227741241455 / AUROC : 0.5487594711130898 
44 epoch, ALL : Val AP : 0.7294564247131348 / AUROC : 0.7784838524919534 
45 epoch: Training d_loss : -0.0012187047584636792 / Training g_loss : -0.5079798791291035 /Training roc : 0.9843518139807458 / Training ap : 0.985672116279602 
45 epoch, SNS : Val AP : 0.9866870641708374 / AUROC : 0.9854163392906675 
45 epoch, MNS : Val AP : 0.8040511012077332 / AUROC : 0.8109749439249764 
45 epoch, CNS : Val AP : 0.5496227741241455 / AUROC : 0.5487594711130898 
45 epoch, ALL : Val AP : 0.7294564247131348 / AUROC : 0.7784838524919534 
46 epoch: Training d_loss : -0.001267026926262011 / Training g_loss : -0.5076549597120058 /Training roc : 0.9842062938489375 / Training ap : 0.9856021404266357 
46 epoch, SNS : Val AP : 0.9870755076408386 / AUROC : 0.9857766759849734 
46 epoch, MNS : Val AP : 0.8112538456916809 / AUROC : 0.8139938495931666 
46 epoch, CNS : Val AP : 0.5602909326553345 / AUROC : 0.5582346221333554 
46 epoch, ALL : Val AP : 0.7385173439979553 / AUROC : 0.7832966721248514 
47 epoch: Training d_loss : -0.0012884275522823364 / Training g_loss : -0.5075046728070476 /Training roc : 0.9839175737916445 / Training ap : 0.9853022694587708 
47 epoch, SNS : Val AP : 0.9870755076408386 / AUROC : 0.9857766759849734 
47 epoch, MNS : Val AP : 0.8112538456916809 / AUROC : 0.8139938495931666 
47 epoch, CNS : Val AP : 0.5602909326553345 / AUROC : 0.5582346221333554 
47 epoch, ALL : Val AP : 0.7385173439979553 / AUROC : 0.7832966721248514 
48 epoch: Training d_loss : -0.0013294684773219219 / Training g_loss : -0.507597762564218 /Training roc : 0.9839917142568957 / Training ap : 0.9853248000144958 
48 epoch, SNS : Val AP : 0.9867362976074219 / AUROC : 0.9854474985615082 
48 epoch, MNS : Val AP : 0.8040885329246521 / AUROC : 0.8098824810048975 
48 epoch, CNS : Val AP : 0.5539625287055969 / AUROC : 0.5517667128831043 
48 epoch, ALL : Val AP : 0.7332364320755005 / AUROC : 0.7796142638254242 
49 epoch: Training d_loss : -0.0013490334887572807 / Training g_loss : -0.5076287211598577 /Training roc : 0.9839030848436461 / Training ap : 0.9851860404014587 
49 epoch, SNS : Val AP : 0.9867362976074219 / AUROC : 0.9854474985615082 
49 epoch, MNS : Val AP : 0.8040885329246521 / AUROC : 0.8098824810048975 
49 epoch, CNS : Val AP : 0.5539625287055969 / AUROC : 0.5517667128831043 
49 epoch, ALL : Val AP : 0.7332364320755005 / AUROC : 0.7796142638254242 
0 epoch: Training d_loss : -1.9599520970904636e-06 / Training g_loss : -0.5427077738065568 /Training roc : 0.8710150984583649 / Training ap : 0.8132014870643616 
0 epoch, SNS : Val AP : 0.951239824295044 / AUROC : 0.9557451485792894 
0 epoch, MNS : Val AP : 0.7171880006790161 / AUROC : 0.740291087797583 
0 epoch, CNS : Val AP : 0.535055935382843 / AUROC : 0.5382348247519293 
0 epoch, ALL : Val AP : 0.6989338994026184 / AUROC : 0.7474673791015601 
1 epoch: Training d_loss : -6.71482806364948e-05 / Training g_loss : -0.5423092024314953 /Training roc : 0.9477542703249284 / Training ap : 0.9448163509368896 
1 epoch, SNS : Val AP : 0.951239824295044 / AUROC : 0.9557451485792894 
1 epoch, MNS : Val AP : 0.7171880006790161 / AUROC : 0.740291087797583 
1 epoch, CNS : Val AP : 0.535055935382843 / AUROC : 0.5382348247519293 
1 epoch, ALL : Val AP : 0.6989338994026184 / AUROC : 0.7474673791015601 
2 epoch: Training d_loss : -0.0001859390110203875 / Training g_loss : -0.5417279098864011 /Training roc : 0.9564475329868175 / Training ap : 0.9567896127700806 
2 epoch, SNS : Val AP : 0.9793735146522522 / AUROC : 0.9784759310795585 
2 epoch, MNS : Val AP : 0.7936201095581055 / AUROC : 0.7998966067631814 
2 epoch, CNS : Val AP : 0.5717644691467285 / AUROC : 0.567483549071386 
2 epoch, ALL : Val AP : 0.7471470832824707 / AUROC : 0.7843640001375878 
3 epoch: Training d_loss : -0.00028426364798614064 / Training g_loss : -0.5411793188753113 /Training roc : 0.9687121423782071 / Training ap : 0.9709998369216919 
3 epoch, SNS : Val AP : 0.9793735146522522 / AUROC : 0.9784759310795585 
3 epoch, MNS : Val AP : 0.7936201095581055 / AUROC : 0.7998966067631814 
3 epoch, CNS : Val AP : 0.5717644691467285 / AUROC : 0.567483549071386 
3 epoch, ALL : Val AP : 0.7471470832824707 / AUROC : 0.7843640001375878 
4 epoch: Training d_loss : -0.0003631874942627924 / Training g_loss : -0.5405506861228822 /Training roc : 0.9686761865851081 / Training ap : 0.9711403846740723 
4 epoch, SNS : Val AP : 0.9826449751853943 / AUROC : 0.9816182852243448 
4 epoch, MNS : Val AP : 0.8196364045143127 / AUROC : 0.8162169552600193 
4 epoch, CNS : Val AP : 0.5906667709350586 / AUROC : 0.5825130039689912 
4 epoch, ALL : Val AP : 0.7671650648117065 / AUROC : 0.7965522576540577 
5 epoch: Training d_loss : -0.00042649942475396236 / Training g_loss : -0.5399992653599605 /Training roc : 0.9728237232329152 / Training ap : 0.9751765727996826 
5 epoch, SNS : Val AP : 0.9826449751853943 / AUROC : 0.9816182852243448 
5 epoch, MNS : Val AP : 0.8196364045143127 / AUROC : 0.8162169552600193 
5 epoch, CNS : Val AP : 0.5906667709350586 / AUROC : 0.5825130039689912 
5 epoch, ALL : Val AP : 0.7671650648117065 / AUROC : 0.7965522576540577 
6 epoch: Training d_loss : -0.0005009659049241835 / Training g_loss : -0.5396655466295008 /Training roc : 0.9745563471781394 / Training ap : 0.976886510848999 
6 epoch, SNS : Val AP : 0.9850527048110962 / AUROC : 0.9840339229704167 
6 epoch, MNS : Val AP : 0.8187813758850098 / AUROC : 0.8182123594175347 
6 epoch, CNS : Val AP : 0.5833439826965332 / AUROC : 0.5716309091168827 
6 epoch, ALL : Val AP : 0.7606707811355591 / AUROC : 0.792923989020347 
7 epoch: Training d_loss : -0.0005439614643163636 / Training g_loss : -0.5392064187788244 /Training roc : 0.9754637342075898 / Training ap : 0.9775556325912476 
7 epoch, SNS : Val AP : 0.9850527048110962 / AUROC : 0.9840339229704167 
7 epoch, MNS : Val AP : 0.8187813758850098 / AUROC : 0.8182123594175347 
7 epoch, CNS : Val AP : 0.5833439826965332 / AUROC : 0.5716309091168827 
7 epoch, ALL : Val AP : 0.7606707811355591 / AUROC : 0.792923989020347 
8 epoch: Training d_loss : -0.0005901362539664361 / Training g_loss : -0.5386348856651536 /Training roc : 0.9755119870942028 / Training ap : 0.9778913259506226 
8 epoch, SNS : Val AP : 0.9859878420829773 / AUROC : 0.984992184410629 
8 epoch, MNS : Val AP : 0.8285303711891174 / AUROC : 0.8235297417517411 
8 epoch, CNS : Val AP : 0.592623770236969 / AUROC : 0.576403465213068 
8 epoch, ALL : Val AP : 0.7695716023445129 / AUROC : 0.7969933742737196 
9 epoch: Training d_loss : -0.0006724144013773277 / Training g_loss : -0.5381386950967422 /Training roc : 0.9779489615032946 / Training ap : 0.9802851676940918 
9 epoch, SNS : Val AP : 0.9859878420829773 / AUROC : 0.984992184410629 
9 epoch, MNS : Val AP : 0.8285303711891174 / AUROC : 0.8235297417517411 
9 epoch, CNS : Val AP : 0.592623770236969 / AUROC : 0.576403465213068 
9 epoch, ALL : Val AP : 0.7695716023445129 / AUROC : 0.7969933742737196 
10 epoch: Training d_loss : -0.0007482937201028409 / Training g_loss : -0.5375321031753891 /Training roc : 0.977290659730033 / Training ap : 0.9794448614120483 
10 epoch, SNS : Val AP : 0.9864919185638428 / AUROC : 0.9855144049031385 
10 epoch, MNS : Val AP : 0.8339727520942688 / AUROC : 0.8264445165804091 
10 epoch, CNS : Val AP : 0.5990785956382751 / AUROC : 0.5799985674511345 
10 epoch, ALL : Val AP : 0.7753554582595825 / AUROC : 0.7996616387549081 
11 epoch: Training d_loss : -0.0007980744486203823 / Training g_loss : -0.5370501750792911 /Training roc : 0.9788257933901092 / Training ap : 0.9809272289276123 
11 epoch, SNS : Val AP : 0.9864919185638428 / AUROC : 0.9855144049031385 
11 epoch, MNS : Val AP : 0.8339727520942688 / AUROC : 0.8264445165804091 
11 epoch, CNS : Val AP : 0.5990785956382751 / AUROC : 0.5799985674511345 
11 epoch, ALL : Val AP : 0.7753554582595825 / AUROC : 0.7996616387549081 
12 epoch: Training d_loss : -0.0008551492126264708 / Training g_loss : -0.5365133501577453 /Training roc : 0.97803764768755 / Training ap : 0.9801285862922668 
12 epoch, SNS : Val AP : 0.9866915345191956 / AUROC : 0.9857068258976132 
12 epoch, MNS : Val AP : 0.836372971534729 / AUROC : 0.8276739580989676 
12 epoch, CNS : Val AP : 0.6045754551887512 / AUROC : 0.5827190661700942 
12 epoch, ALL : Val AP : 0.7788033485412598 / AUROC : 0.801123076425343 
13 epoch: Training d_loss : -0.0009303591873005199 / Training g_loss : -0.5359190744133178 /Training roc : 0.9789544809187022 / Training ap : 0.9811632633209229 
13 epoch, SNS : Val AP : 0.9866915345191956 / AUROC : 0.9857068258976132 
13 epoch, MNS : Val AP : 0.836372971534729 / AUROC : 0.8276739580989676 
13 epoch, CNS : Val AP : 0.6045754551887512 / AUROC : 0.5827190661700942 
13 epoch, ALL : Val AP : 0.7788033485412598 / AUROC : 0.801123076425343 
14 epoch: Training d_loss : -0.0010016713119652388 / Training g_loss : -0.535371071299233 /Training roc : 0.9783817577342053 / Training ap : 0.9804974794387817 
14 epoch, SNS : Val AP : 0.9869122505187988 / AUROC : 0.9858934593768978 
14 epoch, MNS : Val AP : 0.8370199203491211 / AUROC : 0.8279358292757224 
14 epoch, CNS : Val AP : 0.6046335697174072 / AUROC : 0.5817117274897485 
14 epoch, ALL : Val AP : 0.7787898182868958 / AUROC : 0.8008274247437537 
15 epoch: Training d_loss : -0.0010620217728880138 / Training g_loss : -0.5348238403922234 /Training roc : 0.9792342940988483 / Training ap : 0.981309175491333 
15 epoch, SNS : Val AP : 0.9869122505187988 / AUROC : 0.9858934593768978 
15 epoch, MNS : Val AP : 0.8370199203491211 / AUROC : 0.8279358292757224 
15 epoch, CNS : Val AP : 0.6046335697174072 / AUROC : 0.5817117274897485 
15 epoch, ALL : Val AP : 0.7787898182868958 / AUROC : 0.8008274247437537 
16 epoch: Training d_loss : -0.0011181191723373244 / Training g_loss : -0.5343285742169912 /Training roc : 0.979261892212574 / Training ap : 0.9813954830169678 
16 epoch, SNS : Val AP : 0.9872076511383057 / AUROC : 0.9861660057976016 
16 epoch, MNS : Val AP : 0.8376949429512024 / AUROC : 0.8284352440701797 
16 epoch, CNS : Val AP : 0.6030327081680298 / AUROC : 0.5799586435939506 
16 epoch, ALL : Val AP : 0.7784050703048706 / AUROC : 0.8004382924244997 
17 epoch: Training d_loss : -0.0011786424772538518 / Training g_loss : -0.533790480540932 /Training roc : 0.9790401520688895 / Training ap : 0.9809836149215698 
17 epoch, SNS : Val AP : 0.9872076511383057 / AUROC : 0.9861660057976016 
17 epoch, MNS : Val AP : 0.8376949429512024 / AUROC : 0.8284352440701797 
17 epoch, CNS : Val AP : 0.6030327081680298 / AUROC : 0.5799586435939506 
17 epoch, ALL : Val AP : 0.7784050703048706 / AUROC : 0.8004382924244997 
18 epoch: Training d_loss : -0.001253754658615646 / Training g_loss : -0.5332519281270583 /Training roc : 0.9792509921794632 / Training ap : 0.9813768267631531 
18 epoch, SNS : Val AP : 0.9873933792114258 / AUROC : 0.9863252791043087 
18 epoch, MNS : Val AP : 0.837774932384491 / AUROC : 0.8284887535916198 
18 epoch, CNS : Val AP : 0.6031479239463806 / AUROC : 0.57875431833613 
18 epoch, ALL : Val AP : 0.7782052159309387 / AUROC : 0.7999438249583837 
19 epoch: Training d_loss : -0.001335072545823308 / Training g_loss : -0.5326217324820914 /Training roc : 0.9798092325867233 / Training ap : 0.9818718433380127 
19 epoch, SNS : Val AP : 0.9873933792114258 / AUROC : 0.9863252791043087 
19 epoch, MNS : Val AP : 0.837774932384491 / AUROC : 0.8284887535916198 
19 epoch, CNS : Val AP : 0.6031479239463806 / AUROC : 0.57875431833613 
19 epoch, ALL : Val AP : 0.7782052159309387 / AUROC : 0.7999438249583837 
20 epoch: Training d_loss : -0.0014321334979871497 / Training g_loss : -0.5319903848281157 /Training roc : 0.9800911820845003 / Training ap : 0.9821954369544983 
20 epoch, SNS : Val AP : 0.9875239133834839 / AUROC : 0.986456681248613 
20 epoch, MNS : Val AP : 0.8378759622573853 / AUROC : 0.8284401540158879 
20 epoch, CNS : Val AP : 0.6028454303741455 / AUROC : 0.5784863708238496 
20 epoch, ALL : Val AP : 0.7778183817863464 / AUROC : 0.7997581302379266 
21 epoch: Training d_loss : -0.0014914761760845094 / Training g_loss : -0.5313981094875851 /Training roc : 0.9802849057368297 / Training ap : 0.9822733402252197 
21 epoch, SNS : Val AP : 0.9875239133834839 / AUROC : 0.986456681248613 
21 epoch, MNS : Val AP : 0.8378759622573853 / AUROC : 0.8284401540158879 
21 epoch, CNS : Val AP : 0.6028454303741455 / AUROC : 0.5784863708238496 
21 epoch, ALL : Val AP : 0.7778183817863464 / AUROC : 0.7997581302379266 
22 epoch: Training d_loss : -0.0015788994172798241 / Training g_loss : -0.530721162290376 /Training roc : 0.9796419987793543 / Training ap : 0.9816657304763794 
22 epoch, SNS : Val AP : 0.9877045154571533 / AUROC : 0.9866253634331816 
22 epoch, MNS : Val AP : 0.8371713161468506 / AUROC : 0.8278534821546023 
22 epoch, CNS : Val AP : 0.6044851541519165 / AUROC : 0.5784640872240969 
22 epoch, ALL : Val AP : 0.7778463959693909 / AUROC : 0.7993625096024857 
23 epoch: Training d_loss : -0.0016469170349770017 / Training g_loss : -0.5301917277762166 /Training roc : 0.9803286218795889 / Training ap : 0.9822093844413757 
23 epoch, SNS : Val AP : 0.9877045154571533 / AUROC : 0.9866253634331816 
23 epoch, MNS : Val AP : 0.8371713161468506 / AUROC : 0.8278534821546023 
23 epoch, CNS : Val AP : 0.6044851541519165 / AUROC : 0.5784640872240969 
23 epoch, ALL : Val AP : 0.7778463959693909 / AUROC : 0.7993625096024857 
24 epoch: Training d_loss : -0.0017460928622793127 / Training g_loss : -0.5293893984656645 /Training roc : 0.980213906189181 / Training ap : 0.9821605682373047 
24 epoch, SNS : Val AP : 0.9877126812934875 / AUROC : 0.9866169654264951 
24 epoch, MNS : Val AP : 0.8379337191581726 / AUROC : 0.828123151480423 
24 epoch, CNS : Val AP : 0.6039420366287231 / AUROC : 0.5781202688313025 
24 epoch, ALL : Val AP : 0.7778918147087097 / AUROC : 0.799524039789199 
25 epoch: Training d_loss : -0.001800885545430388 / Training g_loss : -0.5287831584865225 /Training roc : 0.9803981108248229 / Training ap : 0.9821205139160156 
25 epoch, SNS : Val AP : 0.9877126812934875 / AUROC : 0.9866169654264951 
25 epoch, MNS : Val AP : 0.8379337191581726 / AUROC : 0.828123151480423 
25 epoch, CNS : Val AP : 0.6039420366287231 / AUROC : 0.5781202688313025 
25 epoch, ALL : Val AP : 0.7778918147087097 / AUROC : 0.799524039789199 
26 epoch: Training d_loss : -0.0018503946416518267 / Training g_loss : -0.5282337730942924 /Training roc : 0.9803524508921914 / Training ap : 0.9823123216629028 
26 epoch, SNS : Val AP : 0.9878919124603271 / AUROC : 0.986767140892625 
26 epoch, MNS : Val AP : 0.8373828530311584 / AUROC : 0.8280232529696674 
26 epoch, CNS : Val AP : 0.6029890775680542 / AUROC : 0.5762697413976029 
26 epoch, ALL : Val AP : 0.7768599987030029 / AUROC : 0.7987201885202487 
27 epoch: Training d_loss : -0.0019360554711049236 / Training g_loss : -0.5276038855172114 /Training roc : 0.9810753642407984 / Training ap : 0.982925534248352 
27 epoch, SNS : Val AP : 0.9878919124603271 / AUROC : 0.986767140892625 
27 epoch, MNS : Val AP : 0.8373828530311584 / AUROC : 0.8280232529696674 
27 epoch, CNS : Val AP : 0.6029890775680542 / AUROC : 0.5762697413976029 
27 epoch, ALL : Val AP : 0.7768599987030029 / AUROC : 0.7987201885202487 
28 epoch: Training d_loss : -0.002041997704862222 / Training g_loss : -0.5267187225231116 /Training roc : 0.9805728458098694 / Training ap : 0.9824570417404175 
28 epoch, SNS : Val AP : 0.9878650903701782 / AUROC : 0.9867359927302588 
28 epoch, MNS : Val AP : 0.8374165892601013 / AUROC : 0.827697385871589 
28 epoch, CNS : Val AP : 0.6048578023910522 / AUROC : 0.5773830215988067 
28 epoch, ALL : Val AP : 0.7777893543243408 / AUROC : 0.7990137070567905 
29 epoch: Training d_loss : -0.0021205505145941704 / Training g_loss : -0.5261262248733654 /Training roc : 0.9798967574336647 / Training ap : 0.9818404316902161 
29 epoch, SNS : Val AP : 0.9878650903701782 / AUROC : 0.9867359927302588 
29 epoch, MNS : Val AP : 0.8374165892601013 / AUROC : 0.827697385871589 
29 epoch, CNS : Val AP : 0.6048578023910522 / AUROC : 0.5773830215988067 
29 epoch, ALL : Val AP : 0.7777893543243408 / AUROC : 0.7990137070567905 
30 epoch: Training d_loss : -0.002250782399185132 / Training g_loss : -0.525317671189058 /Training roc : 0.9812463585102246 / Training ap : 0.9830798506736755 
30 epoch, SNS : Val AP : 0.9878026247024536 / AUROC : 0.9866143105011009 
30 epoch, MNS : Val AP : 0.8354547619819641 / AUROC : 0.8261992081390637 
30 epoch, CNS : Val AP : 0.6005505919456482 / AUROC : 0.5726921572237487 
30 epoch, ALL : Val AP : 0.7744883298873901 / AUROC : 0.7965342036920651 
31 epoch: Training d_loss : -0.002338000530279308 / Training g_loss : -0.5247410870318572 /Training roc : 0.9810655218762085 / Training ap : 0.9828433990478516 
31 epoch, SNS : Val AP : 0.9878026247024536 / AUROC : 0.9866143105011009 
31 epoch, MNS : Val AP : 0.8354547619819641 / AUROC : 0.8261992081390637 
31 epoch, CNS : Val AP : 0.6005505919456482 / AUROC : 0.5726921572237487 
31 epoch, ALL : Val AP : 0.7744883298873901 / AUROC : 0.7965342036920651 
32 epoch: Training d_loss : -0.0024149446733414182 / Training g_loss : -0.5235989034175873 /Training roc : 0.9802230162174823 / Training ap : 0.9822100400924683 
32 epoch, SNS : Val AP : 0.9874525666236877 / AUROC : 0.9862346339527722 
32 epoch, MNS : Val AP : 0.8378520607948303 / AUROC : 0.8271113583018218 
32 epoch, CNS : Val AP : 0.6043007373809814 / AUROC : 0.5767953166493971 
32 epoch, ALL : Val AP : 0.7777157425880432 / AUROC : 0.7986462950425799 
33 epoch: Training d_loss : -0.002539226379606796 / Training g_loss : -0.5226287177522535 /Training roc : 0.98056209140673 / Training ap : 0.9825870990753174 
33 epoch, SNS : Val AP : 0.9874525666236877 / AUROC : 0.9862346339527722 
33 epoch, MNS : Val AP : 0.8378520607948303 / AUROC : 0.8271113583018218 
33 epoch, CNS : Val AP : 0.6043007373809814 / AUROC : 0.5767953166493971 
33 epoch, ALL : Val AP : 0.7777157425880432 / AUROC : 0.7986462950425799 
34 epoch: Training d_loss : -0.002671887177162595 / Training g_loss : -0.5216058239648755 /Training roc : 0.9806144725327854 / Training ap : 0.9826716184616089 
34 epoch, SNS : Val AP : 0.9872134923934937 / AUROC : 0.9859564999694184 
34 epoch, MNS : Val AP : 0.8386911153793335 / AUROC : 0.8275894781507527 
34 epoch, CNS : Val AP : 0.605996310710907 / AUROC : 0.578471985349433 
34 epoch, ALL : Val AP : 0.7787057757377625 / AUROC : 0.7994594788211139 
35 epoch: Training d_loss : -0.002823374608741845 / Training g_loss : -0.5204880053743081 /Training roc : 0.9805584370817704 / Training ap : 0.9825952649116516 
35 epoch, SNS : Val AP : 0.9872134923934937 / AUROC : 0.9859564999694184 
35 epoch, MNS : Val AP : 0.8386911153793335 / AUROC : 0.8275894781507527 
35 epoch, CNS : Val AP : 0.605996310710907 / AUROC : 0.578471985349433 
35 epoch, ALL : Val AP : 0.7787057757377625 / AUROC : 0.7994594788211139 
36 epoch: Training d_loss : -0.0029174406880983677 / Training g_loss : -0.52013903022381 /Training roc : 0.9803242517462959 / Training ap : 0.9822055697441101 
36 epoch, SNS : Val AP : 0.9875240921974182 / AUROC : 0.9862146609157059 
36 epoch, MNS : Val AP : 0.8352652192115784 / AUROC : 0.8257514588592872 
36 epoch, CNS : Val AP : 0.5980634689331055 / AUROC : 0.5690791925587618 
36 epoch, ALL : Val AP : 0.7721803188323975 / AUROC : 0.7947884688933678 
37 epoch: Training d_loss : -0.0030129413536508437 / Training g_loss : -0.5196308762735328 /Training roc : 0.9810114832836145 / Training ap : 0.9830400943756104 
37 epoch, SNS : Val AP : 0.9875240921974182 / AUROC : 0.9862146609157059 
37 epoch, MNS : Val AP : 0.8352652192115784 / AUROC : 0.8257514588592872 
37 epoch, CNS : Val AP : 0.5980634689331055 / AUROC : 0.5690791925587618 
37 epoch, ALL : Val AP : 0.7721803188323975 / AUROC : 0.7947884688933678 
38 epoch: Training d_loss : -0.0031551480861839697 / Training g_loss : -0.5185341163166756 /Training roc : 0.9809310029779996 / Training ap : 0.982915997505188 
38 epoch, SNS : Val AP : 0.9875646829605103 / AUROC : 0.9862493082475247 
38 epoch, MNS : Val AP : 0.8363013863563538 / AUROC : 0.8263613029982816 
38 epoch, CNS : Val AP : 0.599980354309082 / AUROC : 0.5708100483971793 
38 epoch, ALL : Val AP : 0.7734509706497192 / AUROC : 0.7957020993613629 
39 epoch: Training d_loss : -0.00327296183105493 / Training g_loss : -0.5176150309831046 /Training roc : 0.9810558917858141 / Training ap : 0.9830224514007568 
39 epoch, SNS : Val AP : 0.9875646829605103 / AUROC : 0.9862493082475247 
39 epoch, MNS : Val AP : 0.8363013863563538 / AUROC : 0.8263613029982816 
39 epoch, CNS : Val AP : 0.599980354309082 / AUROC : 0.5708100483971793 
39 epoch, ALL : Val AP : 0.7734509706497192 / AUROC : 0.7957020993613629 
40 epoch: Training d_loss : -0.0033642815008451525 / Training g_loss : -0.5166372777168625 /Training roc : 0.9811097810459799 / Training ap : 0.9830228090286255 
40 epoch, SNS : Val AP : 0.9875313639640808 / AUROC : 0.9862265580918449 
40 epoch, MNS : Val AP : 0.8377224206924438 / AUROC : 0.8270608258515351 
40 epoch, CNS : Val AP : 0.6039311289787292 / AUROC : 0.5746976478760675 
40 epoch, ALL : Val AP : 0.7761753797531128 / AUROC : 0.7975112618948389 
41 epoch: Training d_loss : -0.0035010733077560207 / Training g_loss : -0.5154630095477324 /Training roc : 0.9805761619770985 / Training ap : 0.9825407862663269 
41 epoch, SNS : Val AP : 0.9875313639640808 / AUROC : 0.9862265580918449 
41 epoch, MNS : Val AP : 0.8377224206924438 / AUROC : 0.8270608258515351 
41 epoch, CNS : Val AP : 0.6039311289787292 / AUROC : 0.5746976478760675 
41 epoch, ALL : Val AP : 0.7761753797531128 / AUROC : 0.7975112618948389 
42 epoch: Training d_loss : -0.003608728345892198 / Training g_loss : -0.5144162143925605 /Training roc : 0.9806157412413495 / Training ap : 0.982620120048523 
42 epoch, SNS : Val AP : 0.9875057935714722 / AUROC : 0.9861916219396902 
42 epoch, MNS : Val AP : 0.8379525542259216 / AUROC : 0.8271020382917558 
42 epoch, CNS : Val AP : 0.6056856513023376 / AUROC : 0.5758401989074549 
42 epoch, ALL : Val AP : 0.7769806385040283 / AUROC : 0.7978511985564297 
43 epoch: Training d_loss : -0.003739681124497673 / Training g_loss : -0.5134706965311533 /Training roc : 0.9807828466968793 / Training ap : 0.9828590154647827 
43 epoch, SNS : Val AP : 0.9875057935714722 / AUROC : 0.9861916219396902 
43 epoch, MNS : Val AP : 0.8379525542259216 / AUROC : 0.8271020382917558 
43 epoch, CNS : Val AP : 0.6056856513023376 / AUROC : 0.5758401989074549 
43 epoch, ALL : Val AP : 0.7769806385040283 / AUROC : 0.7978511985564297 
44 epoch: Training d_loss : -0.003917502579893709 / Training g_loss : -0.5122361015439602 /Training roc : 0.9804163404884415 / Training ap : 0.982460081577301 
44 epoch, SNS : Val AP : 0.9872351288795471 / AUROC : 0.9858747971398166 
44 epoch, MNS : Val AP : 0.8388001322746277 / AUROC : 0.8274164414441986 
44 epoch, CNS : Val AP : 0.6067119836807251 / AUROC : 0.5774304770016698 
44 epoch, ALL : Val AP : 0.7780386209487915 / AUROC : 0.7985528810656979 
45 epoch: Training d_loss : -0.004058975625682522 / Training g_loss : -0.5109216697833875 /Training roc : 0.980502300430267 / Training ap : 0.9824620485305786 
45 epoch, SNS : Val AP : 0.9872351288795471 / AUROC : 0.9858747971398166 
45 epoch, MNS : Val AP : 0.8388001322746277 / AUROC : 0.8274164414441986 
45 epoch, CNS : Val AP : 0.6067119836807251 / AUROC : 0.5774304770016698 
45 epoch, ALL : Val AP : 0.7780386209487915 / AUROC : 0.7985528810656979 
46 epoch: Training d_loss : -0.004192442602118172 / Training g_loss : -0.5099513635915869 /Training roc : 0.9807499121086098 / Training ap : 0.9828059673309326 
46 epoch, SNS : Val AP : 0.9871544241905212 / AUROC : 0.9857594356326224 
46 epoch, MNS : Val AP : 0.8384487628936768 / AUROC : 0.8271377631455965 
46 epoch, CNS : Val AP : 0.6063265800476074 / AUROC : 0.5765449871775989 
46 epoch, ALL : Val AP : 0.7774178981781006 / AUROC : 0.7980061182155211 
47 epoch: Training d_loss : -0.004363676749276433 / Training g_loss : -0.5087838500785524 /Training roc : 0.9807998742961581 / Training ap : 0.9828885793685913 
47 epoch, SNS : Val AP : 0.9871544241905212 / AUROC : 0.9857594356326224 
47 epoch, MNS : Val AP : 0.8384487628936768 / AUROC : 0.8271377631455965 
47 epoch, CNS : Val AP : 0.6063265800476074 / AUROC : 0.5765449871775989 
47 epoch, ALL : Val AP : 0.7774178981781006 / AUROC : 0.7980061182155211 
48 epoch: Training d_loss : -0.004571049363131743 / Training g_loss : -0.507629913537036 /Training roc : 0.9811690598492382 / Training ap : 0.983161449432373 
48 epoch, SNS : Val AP : 0.9872170686721802 / AUROC : 0.9858282859572821 
48 epoch, MNS : Val AP : 0.8373289704322815 / AUROC : 0.8262874316431694 
48 epoch, CNS : Val AP : 0.6050043702125549 / AUROC : 0.5753017600422442 
48 epoch, ALL : Val AP : 0.7763472199440002 / AUROC : 0.7972597174311638 
49 epoch: Training d_loss : -0.004685596792421204 / Training g_loss : -0.5067231006008264 /Training roc : 0.9808860428097221 / Training ap : 0.9830532670021057 
49 epoch, SNS : Val AP : 0.9872170686721802 / AUROC : 0.9858282859572821 
49 epoch, MNS : Val AP : 0.8373289704322815 / AUROC : 0.8262874316431694 
49 epoch, CNS : Val AP : 0.6050043702125549 / AUROC : 0.5753017600422442 
49 epoch, ALL : Val AP : 0.7763472199440002 / AUROC : 0.7972597174311638 
