args: Namespace(D_lr=5e-07, G_lr=1e-08, alpha_e=0, alpha_v=0, bs=32, clip=0.01, dataset_name='hypergraph_pretrain_allKG', dim_edge=400, dim_hidden=400, dim_vertex=400, epochs=50, exp_num=5, fix_seed=True, folder_name='pretrain_allKG', gen='MLP', gpu=0, memory_size=128, memory_type='sample', model='hnhn', n_layers=1, testns='SMCA', train_DG='epoch1:1', training='wgan')
0 epoch: Training d_loss : -0.00014440809923505028 / Training g_loss : -0.4313863769883201 /Training roc : 0.8992221146994679 / Training ap : 0.8403509855270386 
0 epoch, SNS : Val AP : 0.9643686413764954 / AUROC : 0.9670897003313502 
0 epoch, MNS : Val AP : 0.7272402048110962 / AUROC : 0.7538720864943146 
0 epoch, CNS : Val AP : 0.5283374190330505 / AUROC : 0.5310694921500965 
0 epoch, ALL : Val AP : 0.6951728463172913 / AUROC : 0.7484844226638484 
1 epoch: Training d_loss : -0.00022062284957812965 / Training g_loss : -0.4306797255867047 /Training roc : 0.9570270254966782 / Training ap : 0.9556097984313965 
1 epoch, SNS : Val AP : 0.9643686413764954 / AUROC : 0.9670897003313502 
1 epoch, MNS : Val AP : 0.7272402048110962 / AUROC : 0.7538720864943146 
1 epoch, CNS : Val AP : 0.5283374190330505 / AUROC : 0.5310694921500965 
1 epoch, ALL : Val AP : 0.6951728463172913 / AUROC : 0.7484844226638484 
2 epoch: Training d_loss : -0.0003450796695127017 / Training g_loss : -0.429999405136169 /Training roc : 0.9612183066727475 / Training ap : 0.9614221453666687 
2 epoch, SNS : Val AP : 0.9801765084266663 / AUROC : 0.9796288796430339 
2 epoch, MNS : Val AP : 0.7817687392234802 / AUROC : 0.7904660784847934 
2 epoch, CNS : Val AP : 0.5506806373596191 / AUROC : 0.5431693757310626 
2 epoch, ALL : Val AP : 0.7292225360870361 / AUROC : 0.7705588408951992 
3 epoch: Training d_loss : -0.0004432193093913917 / Training g_loss : -0.42935271582467 /Training roc : 0.9709738338386316 / Training ap : 0.9726449251174927 
3 epoch, SNS : Val AP : 0.9801765084266663 / AUROC : 0.9796288796430339 
3 epoch, MNS : Val AP : 0.7817687392234802 / AUROC : 0.7904660784847934 
3 epoch, CNS : Val AP : 0.5506806373596191 / AUROC : 0.5431693757310626 
3 epoch, ALL : Val AP : 0.7292225360870361 / AUROC : 0.7705588408951992 
4 epoch: Training d_loss : -0.0005377177830151799 / Training g_loss : -0.42881554583108294 /Training roc : 0.9720420889178889 / Training ap : 0.9740944504737854 
4 epoch, SNS : Val AP : 0.9834415912628174 / AUROC : 0.9825300688074459 
4 epoch, MNS : Val AP : 0.7952145338058472 / AUROC : 0.8007216553777535 
4 epoch, CNS : Val AP : 0.5554714202880859 / AUROC : 0.5423834511635139 
4 epoch, ALL : Val AP : 0.7362967729568481 / AUROC : 0.7748723379349716 
5 epoch: Training d_loss : -0.0006267564143209655 / Training g_loss : -0.42829905533259927 /Training roc : 0.9750798721153615 / Training ap : 0.9771655201911926 
5 epoch, SNS : Val AP : 0.9834415912628174 / AUROC : 0.9825300688074459 
5 epoch, MNS : Val AP : 0.7952145338058472 / AUROC : 0.8007216553777535 
5 epoch, CNS : Val AP : 0.5554714202880859 / AUROC : 0.5423834511635139 
5 epoch, ALL : Val AP : 0.7362967729568481 / AUROC : 0.7748723379349716 
6 epoch: Training d_loss : -0.0007262122365742305 / Training g_loss : -0.4277406881647762 /Training roc : 0.9745159521392183 / Training ap : 0.9770169258117676 
6 epoch, SNS : Val AP : 0.9842625856399536 / AUROC : 0.9832363678301159 
6 epoch, MNS : Val AP : 0.8044746518135071 / AUROC : 0.8060572889354862 
6 epoch, CNS : Val AP : 0.5631597638130188 / AUROC : 0.5460324517196262 
6 epoch, ALL : Val AP : 0.7429071068763733 / AUROC : 0.77788976048603 
7 epoch: Training d_loss : -0.0008377040038995788 / Training g_loss : -0.42715266545929476 /Training roc : 0.9755593921181861 / Training ap : 0.9776965379714966 
7 epoch, SNS : Val AP : 0.9842625856399536 / AUROC : 0.9832363678301159 
7 epoch, MNS : Val AP : 0.8044746518135071 / AUROC : 0.8060572889354862 
7 epoch, CNS : Val AP : 0.5631597638130188 / AUROC : 0.5460324517196262 
7 epoch, ALL : Val AP : 0.7429071068763733 / AUROC : 0.77788976048603 
8 epoch: Training d_loss : -0.0009385217780718174 / Training g_loss : -0.42663916509557037 /Training roc : 0.9767027749845346 / Training ap : 0.9789412617683411 
8 epoch, SNS : Val AP : 0.9848626852035522 / AUROC : 0.9838381027827595 
8 epoch, MNS : Val AP : 0.8090887665748596 / AUROC : 0.8087498831666199 
8 epoch, CNS : Val AP : 0.5684295296669006 / AUROC : 0.5477327148194003 
8 epoch, ALL : Val AP : 0.7467755079269409 / AUROC : 0.7796021537832261 
9 epoch: Training d_loss : -0.0010262371910016374 / Training g_loss : -0.42612599217834835 /Training roc : 0.9774296610693944 / Training ap : 0.9798136949539185 
9 epoch, SNS : Val AP : 0.9848626852035522 / AUROC : 0.9838381027827595 
9 epoch, MNS : Val AP : 0.8090887665748596 / AUROC : 0.8087498831666199 
9 epoch, CNS : Val AP : 0.5684295296669006 / AUROC : 0.5477327148194003 
9 epoch, ALL : Val AP : 0.7467755079269409 / AUROC : 0.7796021537832261 
10 epoch: Training d_loss : -0.0011480762630653684 / Training g_loss : -0.4255314381683574 /Training roc : 0.9780447601072532 / Training ap : 0.9801037311553955 
10 epoch, SNS : Val AP : 0.985262930393219 / AUROC : 0.9842293099275703 
10 epoch, MNS : Val AP : 0.8122138381004333 / AUROC : 0.8102056265267348 
10 epoch, CNS : Val AP : 0.5730640888214111 / AUROC : 0.5489410946703961 
10 epoch, ALL : Val AP : 0.7498741745948792 / AUROC : 0.7807362870104 
11 epoch: Training d_loss : -0.0012193568323299122 / Training g_loss : -0.42503426758208224 /Training roc : 0.9778420123333084 / Training ap : 0.979847252368927 
11 epoch, SNS : Val AP : 0.985262930393219 / AUROC : 0.9842293099275703 
11 epoch, MNS : Val AP : 0.8122138381004333 / AUROC : 0.8102056265267348 
11 epoch, CNS : Val AP : 0.5730640888214111 / AUROC : 0.5489410946703961 
11 epoch, ALL : Val AP : 0.7498741745948792 / AUROC : 0.7807362870104 
12 epoch: Training d_loss : -0.0013291545579467556 / Training g_loss : -0.4244866959146551 /Training roc : 0.9791343215918124 / Training ap : 0.9810870885848999 
12 epoch, SNS : Val AP : 0.9856189489364624 / AUROC : 0.9845660633306126 
12 epoch, MNS : Val AP : 0.8134755492210388 / AUROC : 0.810544979312799 
12 epoch, CNS : Val AP : 0.574978768825531 / AUROC : 0.5487738232620831 
12 epoch, ALL : Val AP : 0.7509214878082275 / AUROC : 0.7808999947826827 
13 epoch: Training d_loss : -0.0014120675090386493 / Training g_loss : -0.4239971827247753 /Training roc : 0.9788592623663244 / Training ap : 0.9807339906692505 
13 epoch, SNS : Val AP : 0.9856189489364624 / AUROC : 0.9845660633306126 
13 epoch, MNS : Val AP : 0.8134755492210388 / AUROC : 0.810544979312799 
13 epoch, CNS : Val AP : 0.574978768825531 / AUROC : 0.5487738232620831 
13 epoch, ALL : Val AP : 0.7509214878082275 / AUROC : 0.7808999947826827 
14 epoch: Training d_loss : -0.0015122974809667832 / Training g_loss : -0.4235226652201484 /Training roc : 0.979541815232275 / Training ap : 0.9814767837524414 
14 epoch, SNS : Val AP : 0.985802412033081 / AUROC : 0.9847277805016991 
14 epoch, MNS : Val AP : 0.8137508034706116 / AUROC : 0.810234275282349 
14 epoch, CNS : Val AP : 0.5756490230560303 / AUROC : 0.5476997670841728 
14 epoch, ALL : Val AP : 0.7511801719665527 / AUROC : 0.7805668686310621 
15 epoch: Training d_loss : -0.001639179328666772 / Training g_loss : -0.4229645723379284 /Training roc : 0.9803501899251783 / Training ap : 0.9821711778640747 
15 epoch, SNS : Val AP : 0.985802412033081 / AUROC : 0.9847277805016991 
15 epoch, MNS : Val AP : 0.8137508034706116 / AUROC : 0.810234275282349 
15 epoch, CNS : Val AP : 0.5756490230560303 / AUROC : 0.5476997670841728 
15 epoch, ALL : Val AP : 0.7511801719665527 / AUROC : 0.7805668686310621 
16 epoch: Training d_loss : -0.0017263358651359814 / Training g_loss : -0.42244280299056314 /Training roc : 0.9796508612270183 / Training ap : 0.9814667701721191 
16 epoch, SNS : Val AP : 0.9858023524284363 / AUROC : 0.9846764149158285 
16 epoch, MNS : Val AP : 0.8139452934265137 / AUROC : 0.8097604544130315 
16 epoch, CNS : Val AP : 0.5772042870521545 / AUROC : 0.5481475719063215 
16 epoch, ALL : Val AP : 0.7520572543144226 / AUROC : 0.7806352625941549 
17 epoch: Training d_loss : -0.0018145709708688369 / Training g_loss : -0.42192797706312896 /Training roc : 0.9796431650532774 / Training ap : 0.9813111424446106 
17 epoch, SNS : Val AP : 0.9858023524284363 / AUROC : 0.9846764149158285 
17 epoch, MNS : Val AP : 0.8139452934265137 / AUROC : 0.8097604544130315 
17 epoch, CNS : Val AP : 0.5772042870521545 / AUROC : 0.5481475719063215 
17 epoch, ALL : Val AP : 0.7520572543144226 / AUROC : 0.7806352625941549 
18 epoch: Training d_loss : -0.001899797108101352 / Training g_loss : -0.4213728275037532 /Training roc : 0.9794310081022001 / Training ap : 0.9810997247695923 
18 epoch, SNS : Val AP : 0.9857222437858582 / AUROC : 0.9845366925241588 
18 epoch, MNS : Val AP : 0.8140115141868591 / AUROC : 0.8090597318445371 
18 epoch, CNS : Val AP : 0.5798881649971008 / AUROC : 0.5493323462491048 
18 epoch, ALL : Val AP : 0.7533851861953735 / AUROC : 0.7807555297563513 
19 epoch: Training d_loss : -0.0020054543245767373 / Training g_loss : -0.42077048982838566 /Training roc : 0.9800348578418471 / Training ap : 0.9818201065063477 
19 epoch, SNS : Val AP : 0.9857222437858582 / AUROC : 0.9845366925241588 
19 epoch, MNS : Val AP : 0.8140115141868591 / AUROC : 0.8090597318445371 
19 epoch, CNS : Val AP : 0.5798881649971008 / AUROC : 0.5493323462491048 
19 epoch, ALL : Val AP : 0.7533851861953735 / AUROC : 0.7807555297563513 
20 epoch: Training d_loss : -0.002114878739385802 / Training g_loss : -0.4200459585091268 /Training roc : 0.9794499992377874 / Training ap : 0.9813190698623657 
20 epoch, SNS : Val AP : 0.9856368899345398 / AUROC : 0.9844013024375258 
20 epoch, MNS : Val AP : 0.8145521879196167 / AUROC : 0.8085608613653279 
20 epoch, CNS : Val AP : 0.5831136703491211 / AUROC : 0.5510332980742949 
20 epoch, ALL : Val AP : 0.755414605140686 / AUROC : 0.7811209086166884 
21 epoch: Training d_loss : -0.002258542611223715 / Training g_loss : -0.41930122249456203 /Training roc : 0.9804853394752124 / Training ap : 0.9821706414222717 
21 epoch, SNS : Val AP : 0.9856368899345398 / AUROC : 0.9844013024375258 
21 epoch, MNS : Val AP : 0.8145521879196167 / AUROC : 0.8085608613653279 
21 epoch, CNS : Val AP : 0.5831136703491211 / AUROC : 0.5510332980742949 
21 epoch, ALL : Val AP : 0.755414605140686 / AUROC : 0.7811209086166884 
22 epoch: Training d_loss : -0.0023490913295215188 / Training g_loss : -0.41855583135009 /Training roc : 0.9804964332702343 / Training ap : 0.9822867512702942 
22 epoch, SNS : Val AP : 0.9854752421379089 / AUROC : 0.9842035715922629 
22 epoch, MNS : Val AP : 0.8148190975189209 / AUROC : 0.8079904189852182 
22 epoch, CNS : Val AP : 0.5852981209754944 / AUROC : 0.5523968633133989 
22 epoch, ALL : Val AP : 0.7568851113319397 / AUROC : 0.7813382227684258 
23 epoch: Training d_loss : -0.0024859020412442037 / Training g_loss : -0.4177600959336625 /Training roc : 0.9804277378849292 / Training ap : 0.9821810722351074 
23 epoch, SNS : Val AP : 0.9854752421379089 / AUROC : 0.9842035715922629 
23 epoch, MNS : Val AP : 0.8148190975189209 / AUROC : 0.8079904189852182 
23 epoch, CNS : Val AP : 0.5852981209754944 / AUROC : 0.5523968633133989 
23 epoch, ALL : Val AP : 0.7568851113319397 / AUROC : 0.7813382227684258 
24 epoch: Training d_loss : -0.0025684071885383377 / Training g_loss : -0.4170777011656799 /Training roc : 0.9796699696070743 / Training ap : 0.981452465057373 
24 epoch, SNS : Val AP : 0.9853231906890869 / AUROC : 0.9840113283333795 
24 epoch, MNS : Val AP : 0.8147565722465515 / AUROC : 0.8073690775751649 
24 epoch, CNS : Val AP : 0.5859107971191406 / AUROC : 0.5520776168660946 
24 epoch, ALL : Val AP : 0.7569945454597473 / AUROC : 0.7810561587763853 
25 epoch: Training d_loss : -0.002704173800297117 / Training g_loss : -0.41628339611858556 /Training roc : 0.9800830613623683 / Training ap : 0.9818483591079712 
25 epoch, SNS : Val AP : 0.9853231906890869 / AUROC : 0.9840113283333795 
25 epoch, MNS : Val AP : 0.8147565722465515 / AUROC : 0.8073690775751649 
25 epoch, CNS : Val AP : 0.5859107971191406 / AUROC : 0.5520776168660946 
25 epoch, ALL : Val AP : 0.7569945454597473 / AUROC : 0.7810561587763853 
26 epoch: Training d_loss : -0.002824640307214188 / Training g_loss : -0.41545877121211233 /Training roc : 0.9804912424256618 / Training ap : 0.9822801351547241 
26 epoch, SNS : Val AP : 0.9850411415100098 / AUROC : 0.9836646550626504 
26 epoch, MNS : Val AP : 0.8143276572227478 / AUROC : 0.8063857109826887 
26 epoch, CNS : Val AP : 0.5872387886047363 / AUROC : 0.5524471958111454 
26 epoch, ALL : Val AP : 0.757327139377594 / AUROC : 0.7807604404340133 
27 epoch: Training d_loss : -0.0029336064106330203 / Training g_loss : -0.41471707617156267 /Training roc : 0.9799413127999878 / Training ap : 0.9817031621932983 
27 epoch, SNS : Val AP : 0.9850411415100098 / AUROC : 0.9836646550626504 
27 epoch, MNS : Val AP : 0.8143276572227478 / AUROC : 0.8063857109826887 
27 epoch, CNS : Val AP : 0.5872387886047363 / AUROC : 0.5524471958111454 
27 epoch, ALL : Val AP : 0.757327139377594 / AUROC : 0.7807604404340133 
28 epoch: Training d_loss : -0.0030288470994876563 / Training g_loss : -0.41395414908474315 /Training roc : 0.9798872840806122 / Training ap : 0.9818202257156372 
28 epoch, SNS : Val AP : 0.9847718477249146 / AUROC : 0.9833349111069881 
28 epoch, MNS : Val AP : 0.8135243058204651 / AUROC : 0.8053434805840862 
28 epoch, CNS : Val AP : 0.5870923399925232 / AUROC : 0.5520288728801948 
28 epoch, ALL : Val AP : 0.7568507194519043 / AUROC : 0.7801869577200874 
29 epoch: Training d_loss : -0.0031745188850287602 / Training g_loss : -0.413033649443822 /Training roc : 0.9802040453123065 / Training ap : 0.9819592833518982 
29 epoch, SNS : Val AP : 0.9847718477249146 / AUROC : 0.9833349111069881 
29 epoch, MNS : Val AP : 0.8135243058204651 / AUROC : 0.8053434805840862 
29 epoch, CNS : Val AP : 0.5870923399925232 / AUROC : 0.5520288728801948 
29 epoch, ALL : Val AP : 0.7568507194519043 / AUROC : 0.7801869577200874 
30 epoch: Training d_loss : -0.0032623016256217168 / Training g_loss : -0.41223868514471856 /Training roc : 0.9798669995534145 / Training ap : 0.9818024635314941 
30 epoch, SNS : Val AP : 0.9844567179679871 / AUROC : 0.9829560565857691 
30 epoch, MNS : Val AP : 0.8131852746009827 / AUROC : 0.8045194983830617 
30 epoch, CNS : Val AP : 0.587220311164856 / AUROC : 0.5517852307100175 
30 epoch, ALL : Val AP : 0.756550669670105 / AUROC : 0.7796503384190177 
31 epoch: Training d_loss : -0.0033833328841790106 / Training g_loss : -0.4114195133525351 /Training roc : 0.9795919094741193 / Training ap : 0.981518030166626 
31 epoch, SNS : Val AP : 0.9844567179679871 / AUROC : 0.9829560565857691 
31 epoch, MNS : Val AP : 0.8131852746009827 / AUROC : 0.8045194983830617 
31 epoch, CNS : Val AP : 0.587220311164856 / AUROC : 0.5517852307100175 
31 epoch, ALL : Val AP : 0.756550669670105 / AUROC : 0.7796503384190177 
32 epoch: Training d_loss : -0.003537489284598638 / Training g_loss : -0.4104787492562854 /Training roc : 0.9794771367748489 / Training ap : 0.9813265800476074 
32 epoch, SNS : Val AP : 0.984201967716217 / AUROC : 0.982636010328304 
32 epoch, MNS : Val AP : 0.81318199634552 / AUROC : 0.8040586633203795 
32 epoch, CNS : Val AP : 0.5877475142478943 / AUROC : 0.5519998242195002 
32 epoch, ALL : Val AP : 0.7567770481109619 / AUROC : 0.77951398378792 
33 epoch: Training d_loss : -0.0035824973035503077 / Training g_loss : -0.40971717859110507 /Training roc : 0.9789077571467883 / Training ap : 0.9808140993118286 
33 epoch, SNS : Val AP : 0.984201967716217 / AUROC : 0.982636010328304 
33 epoch, MNS : Val AP : 0.81318199634552 / AUROC : 0.8040586633203795 
33 epoch, CNS : Val AP : 0.5877475142478943 / AUROC : 0.5519998242195002 
33 epoch, ALL : Val AP : 0.7567770481109619 / AUROC : 0.77951398378792 
34 epoch: Training d_loss : -0.0037272177364185617 / Training g_loss : -0.40871608840073614 /Training roc : 0.9792555511380581 / Training ap : 0.981216549873352 
34 epoch, SNS : Val AP : 0.9839785695075989 / AUROC : 0.982354221656855 
34 epoch, MNS : Val AP : 0.8133410215377808 / AUROC : 0.8038192756959176 
34 epoch, CNS : Val AP : 0.5875444412231445 / AUROC : 0.5516792225383126 
34 epoch, ALL : Val AP : 0.7568620443344116 / AUROC : 0.7793227895528865 
35 epoch: Training d_loss : -0.0038712222502227805 / Training g_loss : -0.4077239978484016 /Training roc : 0.9796421518142393 / Training ap : 0.9816203713417053 
35 epoch, SNS : Val AP : 0.9839785695075989 / AUROC : 0.982354221656855 
35 epoch, MNS : Val AP : 0.8133410215377808 / AUROC : 0.8038192756959176 
35 epoch, CNS : Val AP : 0.5875444412231445 / AUROC : 0.5516792225383126 
35 epoch, ALL : Val AP : 0.7568620443344116 / AUROC : 0.7793227895528865 
36 epoch: Training d_loss : -0.004047254737117143 / Training g_loss : -0.4065848559093779 /Training roc : 0.9795951429531444 / Training ap : 0.9815096855163574 
36 epoch, SNS : Val AP : 0.9837373495101929 / AUROC : 0.9820369191925801 
36 epoch, MNS : Val AP : 0.8130336403846741 / AUROC : 0.8031939463435356 
36 epoch, CNS : Val AP : 0.5878050327301025 / AUROC : 0.5518949268952407 
36 epoch, ALL : Val AP : 0.7569238543510437 / AUROC : 0.7791316286482446 
37 epoch: Training d_loss : -0.004153301586975923 / Training g_loss : -0.4056600564898292 /Training roc : 0.9790496427000741 / Training ap : 0.9809630513191223 
37 epoch, SNS : Val AP : 0.9837373495101929 / AUROC : 0.9820369191925801 
37 epoch, MNS : Val AP : 0.8130336403846741 / AUROC : 0.8031939463435356 
37 epoch, CNS : Val AP : 0.5878050327301025 / AUROC : 0.5518949268952407 
37 epoch, ALL : Val AP : 0.7569238543510437 / AUROC : 0.7791316286482446 
38 epoch: Training d_loss : -0.004223774271663308 / Training g_loss : -0.40478931147078073 /Training roc : 0.9781457088287584 / Training ap : 0.9803360104560852 
38 epoch, SNS : Val AP : 0.9835285544395447 / AUROC : 0.9817429667416052 
38 epoch, MNS : Val AP : 0.8127145767211914 / AUROC : 0.8027771563820596 
38 epoch, CNS : Val AP : 0.5875648856163025 / AUROC : 0.5516100278509449 
38 epoch, ALL : Val AP : 0.75675368309021 / AUROC : 0.7788700295165059 
39 epoch: Training d_loss : -0.0043851582300871465 / Training g_loss : -0.4037938118454762 /Training roc : 0.978261473548621 / Training ap : 0.9803358912467957 
39 epoch, SNS : Val AP : 0.9835285544395447 / AUROC : 0.9817429667416052 
39 epoch, MNS : Val AP : 0.8127145767211914 / AUROC : 0.8027771563820596 
39 epoch, CNS : Val AP : 0.5875648856163025 / AUROC : 0.5516100278509449 
39 epoch, ALL : Val AP : 0.75675368309021 / AUROC : 0.7788700295165059 
40 epoch: Training d_loss : -0.004552039556169737 / Training g_loss : -0.4027049049663999 /Training roc : 0.9784711881122974 / Training ap : 0.9805766940116882 
40 epoch, SNS : Val AP : 0.983255922794342 / AUROC : 0.9813700108203206 
40 epoch, MNS : Val AP : 0.8121981024742126 / AUROC : 0.8021727553955471 
40 epoch, CNS : Val AP : 0.5868739485740662 / AUROC : 0.5509114936519178 
40 epoch, ALL : Val AP : 0.7561179995536804 / AUROC : 0.7783324436340864 
41 epoch: Training d_loss : -0.004704650497398619 / Training g_loss : -0.40168047567240195 /Training roc : 0.9788245999648355 / Training ap : 0.9811070561408997 
41 epoch, SNS : Val AP : 0.983255922794342 / AUROC : 0.9813700108203206 
41 epoch, MNS : Val AP : 0.8121981024742126 / AUROC : 0.8021727553955471 
41 epoch, CNS : Val AP : 0.5868739485740662 / AUROC : 0.5509114936519178 
41 epoch, ALL : Val AP : 0.7561179995536804 / AUROC : 0.7783324436340864 
42 epoch: Training d_loss : -0.0049251447800422515 / Training g_loss : -0.4005067590594481 /Training roc : 0.9784799839157372 / Training ap : 0.9806798696517944 
42 epoch, SNS : Val AP : 0.9830119013786316 / AUROC : 0.9810424108002276 
42 epoch, MNS : Val AP : 0.8117454648017883 / AUROC : 0.8016061565475983 
42 epoch, CNS : Val AP : 0.5863043665885925 / AUROC : 0.5504405498774836 
42 epoch, ALL : Val AP : 0.7556344270706177 / AUROC : 0.7778929935339929 
43 epoch: Training d_loss : -0.005011092782589135 / Training g_loss : -0.39954521456090747 /Training roc : 0.9784465420908729 / Training ap : 0.9808470606803894 
43 epoch, SNS : Val AP : 0.9830119013786316 / AUROC : 0.9810424108002276 
43 epoch, MNS : Val AP : 0.8117454648017883 / AUROC : 0.8016061565475983 
43 epoch, CNS : Val AP : 0.5863043665885925 / AUROC : 0.5504405498774836 
43 epoch, ALL : Val AP : 0.7556344270706177 / AUROC : 0.7778929935339929 
44 epoch: Training d_loss : -0.005151987075805664 / Training g_loss : -0.39849147849697 /Training roc : 0.9778659425463994 / Training ap : 0.9801310300827026 
44 epoch, SNS : Val AP : 0.9829664826393127 / AUROC : 0.9809465668826474 
44 epoch, MNS : Val AP : 0.8117250204086304 / AUROC : 0.8014672006406658 
44 epoch, CNS : Val AP : 0.586910605430603 / AUROC : 0.5506821147629382 
44 epoch, ALL : Val AP : 0.7560198307037354 / AUROC : 0.7779254906655795 
45 epoch: Training d_loss : -0.005295156958751345 / Training g_loss : -0.397496470917958 /Training roc : 0.9778373916670985 / Training ap : 0.9802189469337463 
45 epoch, SNS : Val AP : 0.9829664826393127 / AUROC : 0.9809465668826474 
45 epoch, MNS : Val AP : 0.8117250204086304 / AUROC : 0.8014672006406658 
45 epoch, CNS : Val AP : 0.586910605430603 / AUROC : 0.5506821147629382 
45 epoch, ALL : Val AP : 0.7560198307037354 / AUROC : 0.7779254906655795 
46 epoch: Training d_loss : -0.005395243533654509 / Training g_loss : -0.3966457589347336 /Training roc : 0.9779426315361497 / Training ap : 0.9802282452583313 
46 epoch, SNS : Val AP : 0.9829875826835632 / AUROC : 0.9809266271710042 
46 epoch, MNS : Val AP : 0.8114259243011475 / AUROC : 0.8012802227986731 
46 epoch, CNS : Val AP : 0.5873120427131653 / AUROC : 0.5504814734973683 
46 epoch, ALL : Val AP : 0.756137490272522 / AUROC : 0.7778156559158824 
47 epoch: Training d_loss : -0.005500391741625266 / Training g_loss : -0.395730157914336 /Training roc : 0.9782837574025444 / Training ap : 0.9806334972381592 
47 epoch, SNS : Val AP : 0.9829875826835632 / AUROC : 0.9809266271710042 
47 epoch, MNS : Val AP : 0.8114259243011475 / AUROC : 0.8012802227986731 
47 epoch, CNS : Val AP : 0.5873120427131653 / AUROC : 0.5504814734973683 
47 epoch, ALL : Val AP : 0.756137490272522 / AUROC : 0.7778156559158824 
48 epoch: Training d_loss : -0.0055781979534318986 / Training g_loss : -0.3949304417320579 /Training roc : 0.9779405495212199 / Training ap : 0.9803275465965271 
48 epoch, SNS : Val AP : 0.9830023646354675 / AUROC : 0.9809485552995743 
48 epoch, MNS : Val AP : 0.810688853263855 / AUROC : 0.8008163995563631 
48 epoch, CNS : Val AP : 0.5871105194091797 / AUROC : 0.5500060530077294 
48 epoch, ALL : Val AP : 0.7558905482292175 / AUROC : 0.7775201486659887 
49 epoch: Training d_loss : -0.005812422862492608 / Training g_loss : -0.3936977628588866 /Training roc : 0.9774371832276609 / Training ap : 0.9795475006103516 
49 epoch, SNS : Val AP : 0.9830023646354675 / AUROC : 0.9809485552995743 
49 epoch, MNS : Val AP : 0.810688853263855 / AUROC : 0.8008163995563631 
49 epoch, CNS : Val AP : 0.5871105194091797 / AUROC : 0.5500060530077294 
49 epoch, ALL : Val AP : 0.7558905482292175 / AUROC : 0.7775201486659887 
0 epoch: Training d_loss : 8.478547845567975e-06 / Training g_loss : -0.45522772102128894 /Training roc : 0.9165754002700617 / Training ap : 0.8954281210899353 
0 epoch, SNS : Val AP : 0.9218317270278931 / AUROC : 0.9374459253349222 
0 epoch, MNS : Val AP : 0.6544806957244873 / AUROC : 0.6988868819825231 
0 epoch, CNS : Val AP : 0.4860343039035797 / AUROC : 0.4815000577307417 
0 epoch, ALL : Val AP : 0.6418267488479614 / AUROC : 0.7048299647862193 
1 epoch: Training d_loss : 3.0247675216444345e-05 / Training g_loss : -0.4554175450237074 /Training roc : 0.931919497756094 / Training ap : 0.9176287651062012 
1 epoch, SNS : Val AP : 0.9218317270278931 / AUROC : 0.9374459253349222 
1 epoch, MNS : Val AP : 0.6544806957244873 / AUROC : 0.6988868819825231 
1 epoch, CNS : Val AP : 0.4860343039035797 / AUROC : 0.4815000577307417 
1 epoch, ALL : Val AP : 0.6418267488479614 / AUROC : 0.7048299647862193 
2 epoch: Training d_loss : -0.00018949861177768918 / Training g_loss : -0.4543872167177155 /Training roc : 0.9486315884677491 / Training ap : 0.9464607238769531 
2 epoch, SNS : Val AP : 0.9764257073402405 / AUROC : 0.9763342394219718 
2 epoch, MNS : Val AP : 0.7791751027107239 / AUROC : 0.785908804623507 
2 epoch, CNS : Val AP : 0.5398164391517639 / AUROC : 0.5321553455278759 
2 epoch, ALL : Val AP : 0.7183332443237305 / AUROC : 0.7646691163171109 
3 epoch: Training d_loss : -0.00026592320876583957 / Training g_loss : -0.4538520203106733 /Training roc : 0.9707953161767865 / Training ap : 0.9729520678520203 
3 epoch, SNS : Val AP : 0.9764257073402405 / AUROC : 0.9763342394219718 
3 epoch, MNS : Val AP : 0.7791751027107239 / AUROC : 0.785908804623507 
3 epoch, CNS : Val AP : 0.5398164391517639 / AUROC : 0.5321553455278759 
3 epoch, ALL : Val AP : 0.7183332443237305 / AUROC : 0.7646691163171109 
4 epoch: Training d_loss : -0.00033226007497936063 / Training g_loss : -0.4533893062314093 /Training roc : 0.9697234191140928 / Training ap : 0.972236692905426 
4 epoch, SNS : Val AP : 0.9803447723388672 / AUROC : 0.979735798709644 
4 epoch, MNS : Val AP : 0.7994190454483032 / AUROC : 0.7979328617578569 
4 epoch, CNS : Val AP : 0.5590770840644836 / AUROC : 0.5441928550247885 
4 epoch, ALL : Val AP : 0.7342690229415894 / AUROC : 0.7736231704170466 
5 epoch: Training d_loss : -0.0003968740447716038 / Training g_loss : -0.4529484301473833 /Training roc : 0.9751208138837513 / Training ap : 0.9777134656906128 
5 epoch, SNS : Val AP : 0.9803447723388672 / AUROC : 0.979735798709644 
5 epoch, MNS : Val AP : 0.7994190454483032 / AUROC : 0.7979328617578569 
5 epoch, CNS : Val AP : 0.5590770840644836 / AUROC : 0.5441928550247885 
5 epoch, ALL : Val AP : 0.7342690229415894 / AUROC : 0.7736231704170466 
6 epoch: Training d_loss : -0.0004573985815806305 / Training g_loss : -0.45259928679617867 /Training roc : 0.97360257700281 / Training ap : 0.9761175513267517 
6 epoch, SNS : Val AP : 0.9817770719528198 / AUROC : 0.9808326828025551 
6 epoch, MNS : Val AP : 0.8063399791717529 / AUROC : 0.8020900972371424 
6 epoch, CNS : Val AP : 0.5640308856964111 / AUROC : 0.5467527140946834 
6 epoch, ALL : Val AP : 0.7392523288726807 / AUROC : 0.7762467388434071 
7 epoch: Training d_loss : -0.0005162519614533514 / Training g_loss : -0.45224253451881047 /Training roc : 0.9744673043238694 / Training ap : 0.9769991636276245 
7 epoch, SNS : Val AP : 0.9817770719528198 / AUROC : 0.9808326828025551 
7 epoch, MNS : Val AP : 0.8063399791717529 / AUROC : 0.8020900972371424 
7 epoch, CNS : Val AP : 0.5640308856964111 / AUROC : 0.5467527140946834 
7 epoch, ALL : Val AP : 0.7392523288726807 / AUROC : 0.7762467388434071 
8 epoch: Training d_loss : -0.0006056455199403869 / Training g_loss : -0.45181267017969456 /Training roc : 0.9744014178691983 / Training ap : 0.9772595167160034 
8 epoch, SNS : Val AP : 0.9816955924034119 / AUROC : 0.98050827091463 
8 epoch, MNS : Val AP : 0.8093432188034058 / AUROC : 0.803456695089772 
8 epoch, CNS : Val AP : 0.5658071637153625 / AUROC : 0.5470041988478246 
8 epoch, ALL : Val AP : 0.7418917417526245 / AUROC : 0.7769395110280488 
9 epoch: Training d_loss : -0.0006743124871261548 / Training g_loss : -0.45139025116194226 /Training roc : 0.9747956813970082 / Training ap : 0.977677047252655 
9 epoch, SNS : Val AP : 0.9816955924034119 / AUROC : 0.98050827091463 
9 epoch, MNS : Val AP : 0.8093432188034058 / AUROC : 0.803456695089772 
9 epoch, CNS : Val AP : 0.5658071637153625 / AUROC : 0.5470041988478246 
9 epoch, ALL : Val AP : 0.7418917417526245 / AUROC : 0.7769395110280488 
10 epoch: Training d_loss : -0.0007571615930202466 / Training g_loss : -0.4509204416187844 /Training roc : 0.9747174003507915 / Training ap : 0.9772851467132568 
10 epoch, SNS : Val AP : 0.9822801947593689 / AUROC : 0.9811020410910912 
10 epoch, MNS : Val AP : 0.8126024007797241 / AUROC : 0.8048128843018394 
10 epoch, CNS : Val AP : 0.5708208084106445 / AUROC : 0.5489027593250588 
10 epoch, ALL : Val AP : 0.7462053298950195 / AUROC : 0.7785325926342679 
11 epoch: Training d_loss : -0.0008120319327792606 / Training g_loss : -0.45053712234777565 /Training roc : 0.9757530824484033 / Training ap : 0.9784599542617798 
11 epoch, SNS : Val AP : 0.9822801947593689 / AUROC : 0.9811020410910912 
11 epoch, MNS : Val AP : 0.8126024007797241 / AUROC : 0.8048128843018394 
11 epoch, CNS : Val AP : 0.5708208084106445 / AUROC : 0.5489027593250588 
11 epoch, ALL : Val AP : 0.7462053298950195 / AUROC : 0.7785325926342679 
12 epoch: Training d_loss : -0.0008893459561519289 / Training g_loss : -0.4500989590331746 /Training roc : 0.9759811031931409 / Training ap : 0.9783912897109985 
12 epoch, SNS : Val AP : 0.9826891422271729 / AUROC : 0.9815336719744366 
12 epoch, MNS : Val AP : 0.8145595192909241 / AUROC : 0.8052947365981866 
12 epoch, CNS : Val AP : 0.5748120546340942 / AUROC : 0.5509527838514596 
12 epoch, ALL : Val AP : 0.7493336200714111 / AUROC : 0.779708411070916 
13 epoch: Training d_loss : -0.0009763783320713498 / Training g_loss : -0.44963213403387936 /Training roc : 0.9765246732320145 / Training ap : 0.978863000869751 
13 epoch, SNS : Val AP : 0.9826891422271729 / AUROC : 0.9815336719744366 
13 epoch, MNS : Val AP : 0.8145595192909241 / AUROC : 0.8052947365981866 
13 epoch, CNS : Val AP : 0.5748120546340942 / AUROC : 0.5509527838514596 
13 epoch, ALL : Val AP : 0.7493336200714111 / AUROC : 0.779708411070916 
14 epoch: Training d_loss : -0.0010670615398637442 / Training g_loss : -0.4491390350418364 /Training roc : 0.9766959772736679 / Training ap : 0.979020357131958 
14 epoch, SNS : Val AP : 0.9828886985778809 / AUROC : 0.9817005101522458 
14 epoch, MNS : Val AP : 0.8159351348876953 / AUROC : 0.805485091416413 
14 epoch, CNS : Val AP : 0.5778468251228333 / AUROC : 0.5523994738048953 
14 epoch, ALL : Val AP : 0.7516910433769226 / AUROC : 0.780413293297756 
15 epoch: Training d_loss : -0.0011425345946571217 / Training g_loss : -0.44867165043168306 /Training roc : 0.9773594698915021 / Training ap : 0.9795129895210266 
15 epoch, SNS : Val AP : 0.9828886985778809 / AUROC : 0.9817005101522458 
15 epoch, MNS : Val AP : 0.8159351348876953 / AUROC : 0.805485091416413 
15 epoch, CNS : Val AP : 0.5778468251228333 / AUROC : 0.5523994738048953 
15 epoch, ALL : Val AP : 0.7516910433769226 / AUROC : 0.780413293297756 
16 epoch: Training d_loss : -0.0012147941631050292 / Training g_loss : -0.44822065946786693 /Training roc : 0.9771542710910901 / Training ap : 0.9794125556945801 
16 epoch, SNS : Val AP : 0.9830744862556458 / AUROC : 0.9818606277030113 
16 epoch, MNS : Val AP : 0.8170523047447205 / AUROC : 0.8056610718686972 
16 epoch, CNS : Val AP : 0.5814250707626343 / AUROC : 0.5543066211328818 
16 epoch, ALL : Val AP : 0.7541931867599487 / AUROC : 0.7812681067351123 
17 epoch: Training d_loss : -0.0013040838398880345 / Training g_loss : -0.4476801136624074 /Training roc : 0.9777388347327501 / Training ap : 0.9800163507461548 
17 epoch, SNS : Val AP : 0.9830744862556458 / AUROC : 0.9818606277030113 
17 epoch, MNS : Val AP : 0.8170523047447205 / AUROC : 0.8056610718686972 
17 epoch, CNS : Val AP : 0.5814250707626343 / AUROC : 0.5543066211328818 
17 epoch, ALL : Val AP : 0.7541931867599487 / AUROC : 0.7812681067351123 
18 epoch: Training d_loss : -0.0013894042879674696 / Training g_loss : -0.4472155631630902 /Training roc : 0.9772565995948662 / Training ap : 0.9796017408370972 
18 epoch, SNS : Val AP : 0.983214795589447 / AUROC : 0.9819435968987006 
18 epoch, MNS : Val AP : 0.8167425990104675 / AUROC : 0.8052630774459957 
18 epoch, CNS : Val AP : 0.5811276435852051 / AUROC : 0.5531927188571086 
18 epoch, ALL : Val AP : 0.754207968711853 / AUROC : 0.7808747970068065 
19 epoch: Training d_loss : -0.0014827096973958947 / Training g_loss : -0.44673222203891494 /Training roc : 0.9778676111203085 / Training ap : 0.9800039529800415 
19 epoch, SNS : Val AP : 0.983214795589447 / AUROC : 0.9819435968987006 
19 epoch, MNS : Val AP : 0.8167425990104675 / AUROC : 0.8052630774459957 
19 epoch, CNS : Val AP : 0.5811276435852051 / AUROC : 0.5531927188571086 
19 epoch, ALL : Val AP : 0.754207968711853 / AUROC : 0.7808747970068065 
20 epoch: Training d_loss : -0.0015610016775813504 / Training g_loss : -0.4461961208542125 /Training roc : 0.9772704369104503 / Training ap : 0.979332685470581 
20 epoch, SNS : Val AP : 0.983100950717926 / AUROC : 0.9817694937785989 
20 epoch, MNS : Val AP : 0.8162124156951904 / AUROC : 0.8045767625688667 
20 epoch, CNS : Val AP : 0.5816113352775574 / AUROC : 0.5529814245645384 
20 epoch, ALL : Val AP : 0.7542704343795776 / AUROC : 0.7805478369775894 
21 epoch: Training d_loss : -0.0016398735474706264 / Training g_loss : -0.4457153221192534 /Training roc : 0.9776686595988378 / Training ap : 0.9799116849899292 
21 epoch, SNS : Val AP : 0.983100950717926 / AUROC : 0.9817694937785989 
21 epoch, MNS : Val AP : 0.8162124156951904 / AUROC : 0.8045767625688667 
21 epoch, CNS : Val AP : 0.5816113352775574 / AUROC : 0.5529814245645384 
21 epoch, ALL : Val AP : 0.7542704343795776 / AUROC : 0.7805478369775894 
22 epoch: Training d_loss : -0.0017435260010447904 / Training g_loss : -0.4451968525380891 /Training roc : 0.9781071711890483 / Training ap : 0.9802118539810181 
22 epoch, SNS : Val AP : 0.9829047322273254 / AUROC : 0.9814825174495805 
22 epoch, MNS : Val AP : 0.8148451447486877 / AUROC : 0.8033847121753166 
22 epoch, CNS : Val AP : 0.5811258554458618 / AUROC : 0.5518801304072694 
22 epoch, ALL : Val AP : 0.7536259889602661 / AUROC : 0.779699945151508 
23 epoch: Training d_loss : -0.0018066061699144034 / Training g_loss : -0.4447175940477981 /Training roc : 0.9781026924503529 / Training ap : 0.9804058074951172 
23 epoch, SNS : Val AP : 0.9829047322273254 / AUROC : 0.9814825174495805 
23 epoch, MNS : Val AP : 0.8148451447486877 / AUROC : 0.8033847121753166 
23 epoch, CNS : Val AP : 0.5811258554458618 / AUROC : 0.5518801304072694 
23 epoch, ALL : Val AP : 0.7536259889602661 / AUROC : 0.779699945151508 
24 epoch: Training d_loss : -0.001926870338488459 / Training g_loss : -0.444131258371714 /Training roc : 0.9780481651334478 / Training ap : 0.9802021384239197 
24 epoch, SNS : Val AP : 0.9825109243392944 / AUROC : 0.9809752933975826 
24 epoch, MNS : Val AP : 0.8135476112365723 / AUROC : 0.8021171352639611 
24 epoch, CNS : Val AP : 0.5811032056808472 / AUROC : 0.5513876695178196 
24 epoch, ALL : Val AP : 0.7534573078155518 / AUROC : 0.7790670232396376 
25 epoch: Training d_loss : -0.0019920784595092262 / Training g_loss : -0.44360889004031123 /Training roc : 0.9771307037187753 / Training ap : 0.9794726371765137 
25 epoch, SNS : Val AP : 0.9825109243392944 / AUROC : 0.9809752933975826 
25 epoch, MNS : Val AP : 0.8135476112365723 / AUROC : 0.8021171352639611 
25 epoch, CNS : Val AP : 0.5811032056808472 / AUROC : 0.5513876695178196 
25 epoch, ALL : Val AP : 0.7534573078155518 / AUROC : 0.7790670232396376 
26 epoch: Training d_loss : -0.002103625046050795 / Training g_loss : -0.44298821536080824 /Training roc : 0.9775008988084367 / Training ap : 0.9798572063446045 
26 epoch, SNS : Val AP : 0.9821811318397522 / AUROC : 0.9805273997076385 
26 epoch, MNS : Val AP : 0.8125880360603333 / AUROC : 0.8010419460216565 
26 epoch, CNS : Val AP : 0.5820951461791992 / AUROC : 0.5516120051593976 
26 epoch, ALL : Val AP : 0.7536317110061646 / AUROC : 0.7786605035662186 
27 epoch: Training d_loss : -0.002162026842561549 / Training g_loss : -0.442508673203579 /Training roc : 0.9768742295927686 / Training ap : 0.9793057441711426 
27 epoch, SNS : Val AP : 0.9821811318397522 / AUROC : 0.9805273997076385 
27 epoch, MNS : Val AP : 0.8125880360603333 / AUROC : 0.8010419460216565 
27 epoch, CNS : Val AP : 0.5820951461791992 / AUROC : 0.5516120051593976 
27 epoch, ALL : Val AP : 0.7536317110061646 / AUROC : 0.7786605035662186 
28 epoch: Training d_loss : -0.002269294095153081 / Training g_loss : -0.4418465461943222 /Training roc : 0.9771282921851818 / Training ap : 0.9794682264328003 
28 epoch, SNS : Val AP : 0.9818857908248901 / AUROC : 0.9801367035526523 
28 epoch, MNS : Val AP : 0.8127070665359497 / AUROC : 0.8004774355669046 
28 epoch, CNS : Val AP : 0.5841683149337769 / AUROC : 0.552891001582491 
28 epoch, ALL : Val AP : 0.7545078992843628 / AUROC : 0.7787413075450318 
29 epoch: Training d_loss : -0.0023289639828504554 / Training g_loss : -0.4412563511411791 /Training roc : 0.9764677602987146 / Training ap : 0.9788291454315186 
29 epoch, SNS : Val AP : 0.9818857908248901 / AUROC : 0.9801367035526523 
29 epoch, MNS : Val AP : 0.8127070665359497 / AUROC : 0.8004774355669046 
29 epoch, CNS : Val AP : 0.5841683149337769 / AUROC : 0.552891001582491 
29 epoch, ALL : Val AP : 0.7545078992843628 / AUROC : 0.7787413075450318 
30 epoch: Training d_loss : -0.0024455409076520863 / Training g_loss : -0.4405776488762023 /Training roc : 0.9766144689191875 / Training ap : 0.9790834188461304 
30 epoch, SNS : Val AP : 0.9816158413887024 / AUROC : 0.9797744006583682 
30 epoch, MNS : Val AP : 0.8134170174598694 / AUROC : 0.8004280917233845 
30 epoch, CNS : Val AP : 0.5853347778320312 / AUROC : 0.5540398622273678 
30 epoch, ALL : Val AP : 0.7552042603492737 / AUROC : 0.7790241936867263 
31 epoch: Training d_loss : -0.0025094469893717805 / Training g_loss : -0.4400082304481482 /Training roc : 0.9759266030275869 / Training ap : 0.978539228439331 
31 epoch, SNS : Val AP : 0.9816158413887024 / AUROC : 0.9797744006583682 
31 epoch, MNS : Val AP : 0.8134170174598694 / AUROC : 0.8004280917233845 
31 epoch, CNS : Val AP : 0.5853347778320312 / AUROC : 0.5540398622273678 
31 epoch, ALL : Val AP : 0.7552042603492737 / AUROC : 0.7790241936867263 
32 epoch: Training d_loss : -0.0026776807175742257 / Training g_loss : -0.4392018717905832 /Training roc : 0.976704334077381 / Training ap : 0.9792760610580444 
32 epoch, SNS : Val AP : 0.9812726974487305 / AUROC : 0.9793378598293146 
32 epoch, MNS : Val AP : 0.8130602240562439 / AUROC : 0.7997892322491189 
32 epoch, CNS : Val AP : 0.5847921371459961 / AUROC : 0.5537136840920047 
32 epoch, ALL : Val AP : 0.7548096179962158 / AUROC : 0.7786405719921788 
33 epoch: Training d_loss : -0.002725857382548443 / Training g_loss : -0.4386300480138327 /Training roc : 0.9755234758179606 / Training ap : 0.978202223777771 
33 epoch, SNS : Val AP : 0.9812726974487305 / AUROC : 0.9793378598293146 
33 epoch, MNS : Val AP : 0.8130602240562439 / AUROC : 0.7997892322491189 
33 epoch, CNS : Val AP : 0.5847921371459961 / AUROC : 0.5537136840920047 
33 epoch, ALL : Val AP : 0.7548096179962158 / AUROC : 0.7786405719921788 
34 epoch: Training d_loss : -0.0028007089001954267 / Training g_loss : -0.4380458858225418 /Training roc : 0.9752557635011128 / Training ap : 0.978110671043396 
34 epoch, SNS : Val AP : 0.9809286594390869 / AUROC : 0.9789158377763713 
34 epoch, MNS : Val AP : 0.8118410110473633 / AUROC : 0.7985429725002383 
34 epoch, CNS : Val AP : 0.5839199423789978 / AUROC : 0.5529060868907982 
34 epoch, ALL : Val AP : 0.7540009617805481 / AUROC : 0.7778848942488898 
35 epoch: Training d_loss : -0.0029146894931035127 / Training g_loss : -0.43734787975471995 /Training roc : 0.9752722937370149 / Training ap : 0.9778761863708496 
35 epoch, SNS : Val AP : 0.9809286594390869 / AUROC : 0.9789158377763713 
35 epoch, MNS : Val AP : 0.8118410110473633 / AUROC : 0.7985429725002383 
35 epoch, CNS : Val AP : 0.5839199423789978 / AUROC : 0.5529060868907982 
35 epoch, ALL : Val AP : 0.7540009617805481 / AUROC : 0.7778848942488898 
36 epoch: Training d_loss : -0.0030203202949608834 / Training g_loss : -0.4365605588273896 /Training roc : 0.9748469110589683 / Training ap : 0.9776849746704102 
36 epoch, SNS : Val AP : 0.9805617332458496 / AUROC : 0.9784730873100986 
36 epoch, MNS : Val AP : 0.8113711476325989 / AUROC : 0.7974784807188321 
36 epoch, CNS : Val AP : 0.584967851638794 / AUROC : 0.5536921669769893 
36 epoch, ALL : Val AP : 0.7543810606002808 / AUROC : 0.7776949665687287 
37 epoch: Training d_loss : -0.003176439831859546 / Training g_loss : -0.43573329070603717 /Training roc : 0.9751319052104687 / Training ap : 0.9779342412948608 
37 epoch, SNS : Val AP : 0.9805617332458496 / AUROC : 0.9784730873100986 
37 epoch, MNS : Val AP : 0.8113711476325989 / AUROC : 0.7974784807188321 
37 epoch, CNS : Val AP : 0.584967851638794 / AUROC : 0.5536921669769893 
37 epoch, ALL : Val AP : 0.7543810606002808 / AUROC : 0.7776949665687287 
38 epoch: Training d_loss : -0.00323638748762528 / Training g_loss : -0.43512049241551154 /Training roc : 0.9750503203385456 / Training ap : 0.977892279624939 
38 epoch, SNS : Val AP : 0.9803273677825928 / AUROC : 0.9781807344794451 
38 epoch, MNS : Val AP : 0.8103368282318115 / AUROC : 0.7964997241432539 
38 epoch, CNS : Val AP : 0.5836867690086365 / AUROC : 0.552728584577514 
38 epoch, ALL : Val AP : 0.7534177303314209 / AUROC : 0.7770040164454818 
39 epoch: Training d_loss : -0.0033884465883949415 / Training g_loss : -0.43426051617426786 /Training roc : 0.9752670313116087 / Training ap : 0.9781234860420227 
39 epoch, SNS : Val AP : 0.9803273677825928 / AUROC : 0.9781807344794451 
39 epoch, MNS : Val AP : 0.8103368282318115 / AUROC : 0.7964997241432539 
39 epoch, CNS : Val AP : 0.5836867690086365 / AUROC : 0.552728584577514 
39 epoch, ALL : Val AP : 0.7534177303314209 / AUROC : 0.7770040164454818 
40 epoch: Training d_loss : -0.003518074063883298 / Training g_loss : -0.43346203340066447 /Training roc : 0.9746510227035053 / Training ap : 0.9775741100311279 
40 epoch, SNS : Val AP : 0.9801329374313354 / AUROC : 0.9779123870620843 
40 epoch, MNS : Val AP : 0.809363842010498 / AUROC : 0.7956130790378401 
40 epoch, CNS : Val AP : 0.5825828313827515 / AUROC : 0.5517500612798993 
40 epoch, ALL : Val AP : 0.7524474859237671 / AUROC : 0.7762776250060772 
41 epoch: Training d_loss : -0.0036193101129395402 / Training g_loss : -0.43270573560118863 /Training roc : 0.9750175770438825 / Training ap : 0.9777549505233765 
41 epoch, SNS : Val AP : 0.9801329374313354 / AUROC : 0.9779123870620843 
41 epoch, MNS : Val AP : 0.809363842010498 / AUROC : 0.7956130790378401 
41 epoch, CNS : Val AP : 0.5825828313827515 / AUROC : 0.5517500612798993 
41 epoch, ALL : Val AP : 0.7524474859237671 / AUROC : 0.7762776250060772 
42 epoch: Training d_loss : -0.0037099414391055206 / Training g_loss : -0.4319495035658201 /Training roc : 0.9744670735373893 / Training ap : 0.9774446487426758 
42 epoch, SNS : Val AP : 0.9799323678016663 / AUROC : 0.9776330533634894 
42 epoch, MNS : Val AP : 0.808318555355072 / AUROC : 0.794647152750255 
42 epoch, CNS : Val AP : 0.5815065503120422 / AUROC : 0.5505977236825188 
42 epoch, ALL : Val AP : 0.7514528632164001 / AUROC : 0.775462196981191 
43 epoch: Training d_loss : -0.0038077838375382657 / Training g_loss : -0.4312576024729421 /Training roc : 0.974865227113248 / Training ap : 0.9777111411094666 
43 epoch, SNS : Val AP : 0.9799323678016663 / AUROC : 0.9776330533634894 
43 epoch, MNS : Val AP : 0.808318555355072 / AUROC : 0.794647152750255 
43 epoch, CNS : Val AP : 0.5815065503120422 / AUROC : 0.5505977236825188 
43 epoch, ALL : Val AP : 0.7514528632164001 / AUROC : 0.775462196981191 
44 epoch: Training d_loss : -0.003919980934390203 / Training g_loss : -0.43050154806699586 /Training roc : 0.9746551534112523 / Training ap : 0.9775989055633545 
44 epoch, SNS : Val AP : 0.9797948598861694 / AUROC : 0.9774582504094972 
44 epoch, MNS : Val AP : 0.8078545928001404 / AUROC : 0.7940624026550498 
44 epoch, CNS : Val AP : 0.5820863842964172 / AUROC : 0.5505194200460997 
44 epoch, ALL : Val AP : 0.7515656352043152 / AUROC : 0.775187443454991 
45 epoch: Training d_loss : -0.004066895841604575 / Training g_loss : -0.4295309993345142 /Training roc : 0.9752676446853019 / Training ap : 0.9780523180961609 
45 epoch, SNS : Val AP : 0.9797948598861694 / AUROC : 0.9774582504094972 
45 epoch, MNS : Val AP : 0.8078545928001404 / AUROC : 0.7940624026550498 
45 epoch, CNS : Val AP : 0.5820863842964172 / AUROC : 0.5505194200460997 
45 epoch, ALL : Val AP : 0.7515656352043152 / AUROC : 0.775187443454991 
46 epoch: Training d_loss : -0.00410001801951701 / Training g_loss : -0.42886698184407573 /Training roc : 0.9740516504684013 / Training ap : 0.9771062135696411 
46 epoch, SNS : Val AP : 0.9796413779258728 / AUROC : 0.9772574536252852 
46 epoch, MNS : Val AP : 0.8073616027832031 / AUROC : 0.7934311524857843 
46 epoch, CNS : Val AP : 0.5823876857757568 / AUROC : 0.5501630157517501 
46 epoch, ALL : Val AP : 0.7516249418258667 / AUROC : 0.7748265641974891 
47 epoch: Training d_loss : -0.00423497160591647 / Training g_loss : -0.42795890778161005 /Training roc : 0.9747589184683052 / Training ap : 0.9778859615325928 
47 epoch, SNS : Val AP : 0.9796413779258728 / AUROC : 0.9772574536252852 
47 epoch, MNS : Val AP : 0.8073616027832031 / AUROC : 0.7934311524857843 
47 epoch, CNS : Val AP : 0.5823876857757568 / AUROC : 0.5501630157517501 
47 epoch, ALL : Val AP : 0.7516249418258667 / AUROC : 0.7748265641974891 
48 epoch: Training d_loss : -0.00433308890589849 / Training g_loss : -0.42727010324005105 /Training roc : 0.9736249892085723 / Training ap : 0.9765917658805847 
48 epoch, SNS : Val AP : 0.9794923663139343 / AUROC : 0.97705874523427 
48 epoch, MNS : Val AP : 0.8060797452926636 / AUROC : 0.7925805765969193 
48 epoch, CNS : Val AP : 0.5812808275222778 / AUROC : 0.5489283088163007 
48 epoch, ALL : Val AP : 0.7506725192070007 / AUROC : 0.774083307580051 
49 epoch: Training d_loss : -0.00440717999051978 / Training g_loss : -0.42648156250224395 /Training roc : 0.973848694122718 / Training ap : 0.976923942565918 
49 epoch, SNS : Val AP : 0.9794923663139343 / AUROC : 0.97705874523427 
49 epoch, MNS : Val AP : 0.8060797452926636 / AUROC : 0.7925805765969193 
49 epoch, CNS : Val AP : 0.5812808275222778 / AUROC : 0.5489283088163007 
49 epoch, ALL : Val AP : 0.7506725192070007 / AUROC : 0.774083307580051 
0 epoch: Training d_loss : -9.175844135738555e-05 / Training g_loss : -0.46389800418937016 /Training roc : 0.9166146915942304 / Training ap : 0.875709056854248 
0 epoch, SNS : Val AP : 0.9694057106971741 / AUROC : 0.9709638363392014 
0 epoch, MNS : Val AP : 0.7337402105331421 / AUROC : 0.7624223681485734 
0 epoch, CNS : Val AP : 0.521552562713623 / AUROC : 0.5228999645661883 
0 epoch, ALL : Val AP : 0.6897427439689636 / AUROC : 0.7482518765232544 
1 epoch: Training d_loss : -0.00012660315571225505 / Training g_loss : -0.4636551295251649 /Training roc : 0.9611772019962542 / Training ap : 0.9607791900634766 
1 epoch, SNS : Val AP : 0.9694057106971741 / AUROC : 0.9709638363392014 
1 epoch, MNS : Val AP : 0.7337402105331421 / AUROC : 0.7624223681485734 
1 epoch, CNS : Val AP : 0.521552562713623 / AUROC : 0.5228999645661883 
1 epoch, ALL : Val AP : 0.6897427439689636 / AUROC : 0.7482518765232544 
2 epoch: Training d_loss : -0.00019938736822343593 / Training g_loss : -0.46331684511682 /Training roc : 0.9661375698609187 / Training ap : 0.9678477048873901 
2 epoch, SNS : Val AP : 0.9804909825325012 / AUROC : 0.9799372175684256 
2 epoch, MNS : Val AP : 0.7793072462081909 / AUROC : 0.7913991014710486 
2 epoch, CNS : Val AP : 0.5387591123580933 / AUROC : 0.534086076147126 
2 epoch, ALL : Val AP : 0.713395893573761 / AUROC : 0.7640286950671821 
3 epoch: Training d_loss : -0.00024759755225553043 / Training g_loss : -0.463080869522686 /Training roc : 0.9720875501520002 / Training ap : 0.9738881587982178 
3 epoch, SNS : Val AP : 0.9804909825325012 / AUROC : 0.9799372175684256 
3 epoch, MNS : Val AP : 0.7793072462081909 / AUROC : 0.7913991014710486 
3 epoch, CNS : Val AP : 0.5387591123580933 / AUROC : 0.534086076147126 
3 epoch, ALL : Val AP : 0.713395893573761 / AUROC : 0.7640286950671821 
4 epoch: Training d_loss : -0.0002809104366029579 / Training g_loss : -0.4629529439303757 /Training roc : 0.9739502697935913 / Training ap : 0.9759954214096069 
4 epoch, SNS : Val AP : 0.983612596988678 / AUROC : 0.9827789875029885 
4 epoch, MNS : Val AP : 0.7944348454475403 / AUROC : 0.8004353899911001 
4 epoch, CNS : Val AP : 0.549125611782074 / AUROC : 0.5377766890485394 
4 epoch, ALL : Val AP : 0.7238908410072327 / AUROC : 0.7693508364106174 
5 epoch: Training d_loss : -0.0003135074966473117 / Training g_loss : -0.4628448468323542 /Training roc : 0.975632468744155 / Training ap : 0.9777570962905884 
5 epoch, SNS : Val AP : 0.983612596988678 / AUROC : 0.9827789875029885 
5 epoch, MNS : Val AP : 0.7944348454475403 / AUROC : 0.8004353899911001 
5 epoch, CNS : Val AP : 0.549125611782074 / AUROC : 0.5377766890485394 
5 epoch, ALL : Val AP : 0.7238908410072327 / AUROC : 0.7693508364106174 
6 epoch: Training d_loss : -0.00033491563247383494 / Training g_loss : -0.4627723256999624 /Training roc : 0.975322063396804 / Training ap : 0.9773838520050049 
6 epoch, SNS : Val AP : 0.985156774520874 / AUROC : 0.984300148669157 
6 epoch, MNS : Val AP : 0.8023476600646973 / AUROC : 0.8046639418763737 
6 epoch, CNS : Val AP : 0.5604689717292786 / AUROC : 0.5422669454834509 
6 epoch, ALL : Val AP : 0.7326814532279968 / AUROC : 0.7729065781127054 
7 epoch: Training d_loss : -0.0003648423286234821 / Training g_loss : -0.46272095511941347 /Training roc : 0.9769583605208858 / Training ap : 0.9788302779197693 
7 epoch, SNS : Val AP : 0.985156774520874 / AUROC : 0.984300148669157 
7 epoch, MNS : Val AP : 0.8023476600646973 / AUROC : 0.8046639418763737 
7 epoch, CNS : Val AP : 0.5604689717292786 / AUROC : 0.5422669454834509 
7 epoch, ALL : Val AP : 0.7326814532279968 / AUROC : 0.7729065781127054 
8 epoch: Training d_loss : -0.0003873700652099755 / Training g_loss : -0.4626837679805361 /Training roc : 0.9782176191808041 / Training ap : 0.9801310300827026 
8 epoch, SNS : Val AP : 0.9862465858459473 / AUROC : 0.9854131289415505 
8 epoch, MNS : Val AP : 0.8078444600105286 / AUROC : 0.8077284256152446 
8 epoch, CNS : Val AP : 0.5698032975196838 / AUROC : 0.5466528711263 
8 epoch, ALL : Val AP : 0.7393674254417419 / AUROC : 0.7757089085381176 
9 epoch: Training d_loss : -0.0004094019413752472 / Training g_loss : -0.46265615041949604 /Training roc : 0.9791566844314826 / Training ap : 0.9810847640037537 
9 epoch, SNS : Val AP : 0.9862465858459473 / AUROC : 0.9854131289415505 
9 epoch, MNS : Val AP : 0.8078444600105286 / AUROC : 0.8077284256152446 
9 epoch, CNS : Val AP : 0.5698032975196838 / AUROC : 0.5466528711263 
9 epoch, ALL : Val AP : 0.7393674254417419 / AUROC : 0.7757089085381176 
10 epoch: Training d_loss : -0.0004419168910464725 / Training g_loss : -0.4626228360189732 /Training roc : 0.9798347844759359 / Training ap : 0.9815065860748291 
10 epoch, SNS : Val AP : 0.9869706630706787 / AUROC : 0.9861529089062215 
10 epoch, MNS : Val AP : 0.8098887205123901 / AUROC : 0.8093199256416493 
10 epoch, CNS : Val AP : 0.5774245262145996 / AUROC : 0.5505997454248692 
10 epoch, ALL : Val AP : 0.7444218993186951 / AUROC : 0.7778450533210713 
11 epoch: Training d_loss : -0.00045571122051991036 / Training g_loss : -0.46265222921090965 /Training roc : 0.979825222263918 / Training ap : 0.9813971519470215 
11 epoch, SNS : Val AP : 0.9869706630706787 / AUROC : 0.9861529089062215 
11 epoch, MNS : Val AP : 0.8098887205123901 / AUROC : 0.8093199256416493 
11 epoch, CNS : Val AP : 0.5774245262145996 / AUROC : 0.5505997454248692 
11 epoch, ALL : Val AP : 0.7444218993186951 / AUROC : 0.7778450533210713 
12 epoch: Training d_loss : -0.00047648204149995204 / Training g_loss : -0.46265342215665384 /Training roc : 0.9804845434469791 / Training ap : 0.9821680784225464 
12 epoch, SNS : Val AP : 0.9876083731651306 / AUROC : 0.9867947454516407 
12 epoch, MNS : Val AP : 0.8115451335906982 / AUROC : 0.8111265079504129 
12 epoch, CNS : Val AP : 0.5799583792686462 / AUROC : 0.5513167307999628 
12 epoch, ALL : Val AP : 0.7460731267929077 / AUROC : 0.7787366635105009 
13 epoch: Training d_loss : -0.0004954123913957507 / Training g_loss : -0.4626721047540158 /Training roc : 0.9809041354824355 / Training ap : 0.9825061559677124 
13 epoch, SNS : Val AP : 0.9876083731651306 / AUROC : 0.9867947454516407 
13 epoch, MNS : Val AP : 0.8115451335906982 / AUROC : 0.8111265079504129 
13 epoch, CNS : Val AP : 0.5799583792686462 / AUROC : 0.5513167307999628 
13 epoch, ALL : Val AP : 0.7460731267929077 / AUROC : 0.7787366635105009 
14 epoch: Training d_loss : -0.0005163459643271465 / Training g_loss : -0.4626815731745267 /Training roc : 0.9812766878029894 / Training ap : 0.9830961227416992 
14 epoch, SNS : Val AP : 0.9880759119987488 / AUROC : 0.9872805523648931 
14 epoch, MNS : Val AP : 0.8122527003288269 / AUROC : 0.81230897173051 
14 epoch, CNS : Val AP : 0.5804140567779541 / AUROC : 0.5509930298544028 
14 epoch, ALL : Val AP : 0.7462824583053589 / AUROC : 0.779096820609523 
15 epoch: Training d_loss : -0.0005361799547516864 / Training g_loss : -0.46268996345219815 /Training roc : 0.9814347629661423 / Training ap : 0.9830729365348816 
15 epoch, SNS : Val AP : 0.9880759119987488 / AUROC : 0.9872805523648931 
15 epoch, MNS : Val AP : 0.8122527003288269 / AUROC : 0.81230897173051 
15 epoch, CNS : Val AP : 0.5804140567779541 / AUROC : 0.5509930298544028 
15 epoch, ALL : Val AP : 0.7462824583053589 / AUROC : 0.779096820609523 
16 epoch: Training d_loss : -0.0005607438911883743 / Training g_loss : -0.4626839923744929 /Training roc : 0.9822701594236473 / Training ap : 0.9838305711746216 
16 epoch, SNS : Val AP : 0.9885028004646301 / AUROC : 0.9877419539597724 
16 epoch, MNS : Val AP : 0.8124285936355591 / AUROC : 0.8126402486556468 
16 epoch, CNS : Val AP : 0.5815854072570801 / AUROC : 0.5526515806326059 
16 epoch, ALL : Val AP : 0.7470860481262207 / AUROC : 0.7799994853787573 
17 epoch: Training d_loss : -0.000574009572947916 / Training g_loss : -0.4627292516311136 /Training roc : 0.9822733830294541 / Training ap : 0.9839195013046265 
17 epoch, SNS : Val AP : 0.9885028004646301 / AUROC : 0.9877419539597724 
17 epoch, MNS : Val AP : 0.8124285936355591 / AUROC : 0.8126402486556468 
17 epoch, CNS : Val AP : 0.5815854072570801 / AUROC : 0.5526515806326059 
17 epoch, ALL : Val AP : 0.7470860481262207 / AUROC : 0.7799994853787573 
18 epoch: Training d_loss : -0.0005985016095050757 / Training g_loss : -0.46273764181402416 /Training roc : 0.9825674728834033 / Training ap : 0.9841454029083252 
18 epoch, SNS : Val AP : 0.9888966679573059 / AUROC : 0.98817221850076 
18 epoch, MNS : Val AP : 0.8130890727043152 / AUROC : 0.8133240752344981 
18 epoch, CNS : Val AP : 0.5830184817314148 / AUROC : 0.5531787999386191 
18 epoch, ALL : Val AP : 0.7479556798934937 / AUROC : 0.7806597493216821 
19 epoch: Training d_loss : -0.0006229019174515158 / Training g_loss : -0.4627400117856709 /Training roc : 0.983284347524808 / Training ap : 0.9848532676696777 
19 epoch, SNS : Val AP : 0.9888966679573059 / AUROC : 0.98817221850076 
19 epoch, MNS : Val AP : 0.8130890727043152 / AUROC : 0.8133240752344981 
19 epoch, CNS : Val AP : 0.5830184817314148 / AUROC : 0.5531787999386191 
19 epoch, ALL : Val AP : 0.7479556798934937 / AUROC : 0.7806597493216821 
20 epoch: Training d_loss : -0.0006450085837056413 / Training g_loss : -0.46277208183262797 /Training roc : 0.9832861345773378 / Training ap : 0.984795868396759 
20 epoch, SNS : Val AP : 0.9892839193344116 / AUROC : 0.9885742897335857 
20 epoch, MNS : Val AP : 0.8127440214157104 / AUROC : 0.813329662797148 
20 epoch, CNS : Val AP : 0.5827978253364563 / AUROC : 0.5529976651541886 
20 epoch, ALL : Val AP : 0.7480289936065674 / AUROC : 0.7808970394879813 
21 epoch: Training d_loss : -0.000665102361306098 / Training g_loss : -0.46281029551700115 /Training roc : 0.9834263170004499 / Training ap : 0.9847703576087952 
21 epoch, SNS : Val AP : 0.9892839193344116 / AUROC : 0.9885742897335857 
21 epoch, MNS : Val AP : 0.8127440214157104 / AUROC : 0.813329662797148 
21 epoch, CNS : Val AP : 0.5827978253364563 / AUROC : 0.5529976651541886 
21 epoch, ALL : Val AP : 0.7480289936065674 / AUROC : 0.7808970394879813 
22 epoch: Training d_loss : -0.0006899176748833709 / Training g_loss : -0.4627820597828287 /Training roc : 0.9837350784569376 / Training ap : 0.9851738214492798 
22 epoch, SNS : Val AP : 0.9894476532936096 / AUROC : 0.9887560799180087 
22 epoch, MNS : Val AP : 0.8130261301994324 / AUROC : 0.8135542428251641 
22 epoch, CNS : Val AP : 0.5818362832069397 / AUROC : 0.5534778845047912 
22 epoch, ALL : Val AP : 0.7482001781463623 / AUROC : 0.7812343430486537 
23 epoch: Training d_loss : -0.0006974420031985721 / Training g_loss : -0.46282719111215137 /Training roc : 0.9835733859933943 / Training ap : 0.9848134517669678 
23 epoch, SNS : Val AP : 0.9894476532936096 / AUROC : 0.9887560799180087 
23 epoch, MNS : Val AP : 0.8130261301994324 / AUROC : 0.8135542428251641 
23 epoch, CNS : Val AP : 0.5818362832069397 / AUROC : 0.5534778845047912 
23 epoch, ALL : Val AP : 0.7482001781463623 / AUROC : 0.7812343430486537 
24 epoch: Training d_loss : -0.0007154201001923869 / Training g_loss : -0.462831095595428 /Training roc : 0.9839380829345606 / Training ap : 0.985302209854126 
24 epoch, SNS : Val AP : 0.9896267056465149 / AUROC : 0.9889765831359005 
24 epoch, MNS : Val AP : 0.8146643042564392 / AUROC : 0.8140603115958188 
24 epoch, CNS : Val AP : 0.5807169675827026 / AUROC : 0.5537535968407143 
24 epoch, ALL : Val AP : 0.7485129237174988 / AUROC : 0.7816886585032984 
25 epoch: Training d_loss : -0.0007350836156472114 / Training g_loss : -0.4628573196965295 /Training roc : 0.9843813028157944 / Training ap : 0.9856714010238647 
25 epoch, SNS : Val AP : 0.9896267056465149 / AUROC : 0.9889765831359005 
25 epoch, MNS : Val AP : 0.8146643042564392 / AUROC : 0.8140603115958188 
25 epoch, CNS : Val AP : 0.5807169675827026 / AUROC : 0.5537535968407143 
25 epoch, ALL : Val AP : 0.7485129237174988 / AUROC : 0.7816886585032984 
26 epoch: Training d_loss : -0.0007458413064195545 / Training g_loss : -0.46292692683459463 /Training roc : 0.984371598676262 / Training ap : 0.9855386018753052 
26 epoch, SNS : Val AP : 0.9897120594978333 / AUROC : 0.9890558087756991 
26 epoch, MNS : Val AP : 0.8110138773918152 / AUROC : 0.8128016881148721 
26 epoch, CNS : Val AP : 0.578018307685852 / AUROC : 0.5514299039376898 
26 epoch, ALL : Val AP : 0.7464050650596619 / AUROC : 0.7808199462927405 
27 epoch: Training d_loss : -0.0007603099785851749 / Training g_loss : -0.4629775148791236 /Training roc : 0.9846594770416868 / Training ap : 0.9858909845352173 
27 epoch, SNS : Val AP : 0.9897120594978333 / AUROC : 0.9890558087756991 
27 epoch, MNS : Val AP : 0.8110138773918152 / AUROC : 0.8128016881148721 
27 epoch, CNS : Val AP : 0.578018307685852 / AUROC : 0.5514299039376898 
27 epoch, ALL : Val AP : 0.7464050650596619 / AUROC : 0.7808199462927405 
28 epoch: Training d_loss : -0.0007762480379098549 / Training g_loss : -0.46294480457973025 /Training roc : 0.9846230757196076 / Training ap : 0.9858140349388123 
28 epoch, SNS : Val AP : 0.9896207451820374 / AUROC : 0.9889633973767248 
28 epoch, MNS : Val AP : 0.8143119812011719 / AUROC : 0.813640144658109 
28 epoch, CNS : Val AP : 0.581128716468811 / AUROC : 0.5551527425234912 
28 epoch, ALL : Val AP : 0.7495461702346802 / AUROC : 0.7824009845175443 
29 epoch: Training d_loss : -0.0007986499082492532 / Training g_loss : -0.462947901794376 /Training roc : 0.9842988935301353 / Training ap : 0.9855289459228516 
29 epoch, SNS : Val AP : 0.9896207451820374 / AUROC : 0.9889633973767248 
29 epoch, MNS : Val AP : 0.8143119812011719 / AUROC : 0.813640144658109 
29 epoch, CNS : Val AP : 0.581128716468811 / AUROC : 0.5551527425234912 
29 epoch, ALL : Val AP : 0.7495461702346802 / AUROC : 0.7824009845175443 
30 epoch: Training d_loss : -0.0008303733196091766 / Training g_loss : -0.46290520293155424 /Training roc : 0.9849823374540462 / Training ap : 0.9862184524536133 
30 epoch, SNS : Val AP : 0.9897099733352661 / AUROC : 0.9890520652198086 
30 epoch, MNS : Val AP : 0.8159009218215942 / AUROC : 0.8141271846120258 
30 epoch, CNS : Val AP : 0.583938479423523 / AUROC : 0.5572067327752718 
30 epoch, ALL : Val AP : 0.7518976330757141 / AUROC : 0.7833563890760575 
31 epoch: Training d_loss : -0.0008481445297338246 / Training g_loss : -0.46290999120293813 /Training roc : 0.9847778988914508 / Training ap : 0.9858921766281128 
31 epoch, SNS : Val AP : 0.9897099733352661 / AUROC : 0.9890520652198086 
31 epoch, MNS : Val AP : 0.8159009218215942 / AUROC : 0.8141271846120258 
31 epoch, CNS : Val AP : 0.583938479423523 / AUROC : 0.5572067327752718 
31 epoch, ALL : Val AP : 0.7518976330757141 / AUROC : 0.7833563890760575 
32 epoch: Training d_loss : -0.0008786997151753259 / Training g_loss : -0.46284809940391114 /Training roc : 0.9851480578487183 / Training ap : 0.9863375425338745 
32 epoch, SNS : Val AP : 0.9899418354034424 / AUROC : 0.9892846877833285 
32 epoch, MNS : Val AP : 0.8183004260063171 / AUROC : 0.8151558515633212 
32 epoch, CNS : Val AP : 0.5872082710266113 / AUROC : 0.5572094765684616 
32 epoch, ALL : Val AP : 0.754265308380127 / AUROC : 0.7839114289734248 
33 epoch: Training d_loss : -0.0009096089768296016 / Training g_loss : -0.4627930808616935 /Training roc : 0.9854768696854439 / Training ap : 0.9866859912872314 
33 epoch, SNS : Val AP : 0.9899418354034424 / AUROC : 0.9892846877833285 
33 epoch, MNS : Val AP : 0.8183004260063171 / AUROC : 0.8151558515633212 
33 epoch, CNS : Val AP : 0.5872082710266113 / AUROC : 0.5572094765684616 
33 epoch, ALL : Val AP : 0.754265308380127 / AUROC : 0.7839114289734248 
34 epoch: Training d_loss : -0.0009520464652293438 / Training g_loss : -0.46266794455828464 /Training roc : 0.9850071402128129 / Training ap : 0.9861807227134705 
34 epoch, SNS : Val AP : 0.9899940490722656 / AUROC : 0.9893371197827467 
34 epoch, MNS : Val AP : 0.8200892210006714 / AUROC : 0.8154744648275818 
34 epoch, CNS : Val AP : 0.5905115604400635 / AUROC : 0.5580152075459601 
34 epoch, ALL : Val AP : 0.7563695907592773 / AUROC : 0.7843419798590221 
35 epoch: Training d_loss : -0.000974892740787876 / Training g_loss : -0.4625852369541963 /Training roc : 0.9848203376865801 / Training ap : 0.985953688621521 
35 epoch, SNS : Val AP : 0.9899940490722656 / AUROC : 0.9893371197827467 
35 epoch, MNS : Val AP : 0.8200892210006714 / AUROC : 0.8154744648275818 
35 epoch, CNS : Val AP : 0.5905115604400635 / AUROC : 0.5580152075459601 
35 epoch, ALL : Val AP : 0.7563695907592773 / AUROC : 0.7843419798590221 
36 epoch: Training d_loss : -0.0009971208432141472 / Training g_loss : -0.462486030282201 /Training roc : 0.9851501118201224 / Training ap : 0.9861770868301392 
36 epoch, SNS : Val AP : 0.9900168180465698 / AUROC : 0.9893651797892149 
36 epoch, MNS : Val AP : 0.8207017779350281 / AUROC : 0.8154819408308884 
36 epoch, CNS : Val AP : 0.5910876393318176 / AUROC : 0.5571563780605764 
36 epoch, ALL : Val AP : 0.7569664716720581 / AUROC : 0.7841702839029409 
37 epoch: Training d_loss : -0.0010375207340395129 / Training g_loss : -0.46238623595010303 /Training roc : 0.9854571294194105 / Training ap : 0.986636757850647 
37 epoch, SNS : Val AP : 0.9900168180465698 / AUROC : 0.9893651797892149 
37 epoch, MNS : Val AP : 0.8207017779350281 / AUROC : 0.8154819408308884 
37 epoch, CNS : Val AP : 0.5910876393318176 / AUROC : 0.5571563780605764 
37 epoch, ALL : Val AP : 0.7569664716720581 / AUROC : 0.7841702839029409 
38 epoch: Training d_loss : -0.0010782319146233636 / Training g_loss : -0.46225326438397407 /Training roc : 0.9854580612043968 / Training ap : 0.9866849780082703 
38 epoch, SNS : Val AP : 0.990040123462677 / AUROC : 0.9893992383718877 
38 epoch, MNS : Val AP : 0.8207892775535583 / AUROC : 0.8157258162790294 
38 epoch, CNS : Val AP : 0.5902961492538452 / AUROC : 0.5555857730746177 
38 epoch, ALL : Val AP : 0.7562695741653442 / AUROC : 0.7838047717210382 
39 epoch: Training d_loss : -0.001130509499715129 / Training g_loss : -0.4621210933584477 /Training roc : 0.9853775710255636 / Training ap : 0.9864994287490845 
39 epoch, SNS : Val AP : 0.990040123462677 / AUROC : 0.9893992383718877 
39 epoch, MNS : Val AP : 0.8207892775535583 / AUROC : 0.8157258162790294 
39 epoch, CNS : Val AP : 0.5902961492538452 / AUROC : 0.5555857730746177 
39 epoch, ALL : Val AP : 0.7562695741653442 / AUROC : 0.7838047717210382 
40 epoch: Training d_loss : -0.0011405265388124888 / Training g_loss : -0.4620495364662195 /Training roc : 0.9853031158514759 / Training ap : 0.9863893389701843 
40 epoch, SNS : Val AP : 0.9900038242340088 / AUROC : 0.9893689011281568 
40 epoch, MNS : Val AP : 0.8208720684051514 / AUROC : 0.8154945822748161 
40 epoch, CNS : Val AP : 0.5894796252250671 / AUROC : 0.5547500047821983 
40 epoch, ALL : Val AP : 0.755693793296814 / AUROC : 0.7833780316101876 
41 epoch: Training d_loss : -0.001172428100780008 / Training g_loss : -0.4619969545562999 /Training roc : 0.985738627217446 / Training ap : 0.9867917895317078 
41 epoch, SNS : Val AP : 0.9900038242340088 / AUROC : 0.9893689011281568 
41 epoch, MNS : Val AP : 0.8208720684051514 / AUROC : 0.8154945822748161 
41 epoch, CNS : Val AP : 0.5894796252250671 / AUROC : 0.5547500047821983 
41 epoch, ALL : Val AP : 0.755693793296814 / AUROC : 0.7833780316101876 
42 epoch: Training d_loss : -0.0011948353961844513 / Training g_loss : -0.46193587547834425 /Training roc : 0.9855724584835116 / Training ap : 0.9867351055145264 
42 epoch, SNS : Val AP : 0.9898669123649597 / AUROC : 0.9892061953028438 
42 epoch, MNS : Val AP : 0.8200390338897705 / AUROC : 0.814631920365746 
42 epoch, CNS : Val AP : 0.5886892080307007 / AUROC : 0.5546957398844954 
42 epoch, ALL : Val AP : 0.7552279233932495 / AUROC : 0.7830940788959694 
43 epoch: Training d_loss : -0.0012382467666756367 / Training g_loss : -0.4618221611400477 /Training roc : 0.985914814799749 / Training ap : 0.9870432615280151 
43 epoch, SNS : Val AP : 0.9898669123649597 / AUROC : 0.9892061953028438 
43 epoch, MNS : Val AP : 0.8200390338897705 / AUROC : 0.814631920365746 
43 epoch, CNS : Val AP : 0.5886892080307007 / AUROC : 0.5546957398844954 
43 epoch, ALL : Val AP : 0.7552279233932495 / AUROC : 0.7830940788959694 
44 epoch: Training d_loss : -0.0012666947180212777 / Training g_loss : -0.46178857444390203 /Training roc : 0.9853723752443818 / Training ap : 0.9865695834159851 
44 epoch, SNS : Val AP : 0.9898218512535095 / AUROC : 0.9891296801308115 
44 epoch, MNS : Val AP : 0.8183181881904602 / AUROC : 0.8134094994030416 
44 epoch, CNS : Val AP : 0.5863312482833862 / AUROC : 0.5528975555824184 
44 epoch, ALL : Val AP : 0.7533459663391113 / AUROC : 0.7820704248060594 
45 epoch: Training d_loss : -0.001302918967078714 / Training g_loss : -0.4617130984752091 /Training roc : 0.9855046726684512 / Training ap : 0.9867660999298096 
45 epoch, SNS : Val AP : 0.9898218512535095 / AUROC : 0.9891296801308115 
45 epoch, MNS : Val AP : 0.8183181881904602 / AUROC : 0.8134094994030416 
45 epoch, CNS : Val AP : 0.5863312482833862 / AUROC : 0.5528975555824184 
45 epoch, ALL : Val AP : 0.7533459663391113 / AUROC : 0.7820704248060594 
46 epoch: Training d_loss : -0.0013550898276376041 / Training g_loss : -0.4615602025166983 /Training roc : 0.9855440865562941 / Training ap : 0.9866925477981567 
46 epoch, SNS : Val AP : 0.9897488951683044 / AUROC : 0.9890251271692602 
46 epoch, MNS : Val AP : 0.8168695569038391 / AUROC : 0.8126128218322225 
46 epoch, CNS : Val AP : 0.5842443704605103 / AUROC : 0.5508603058016386 
46 epoch, ALL : Val AP : 0.751530110836029 / AUROC : 0.7809998859656211 
47 epoch: Training d_loss : -0.0014015538277421353 / Training g_loss : -0.4614078872533595 /Training roc : 0.985261976618718 / Training ap : 0.9864568114280701 
47 epoch, SNS : Val AP : 0.9897488951683044 / AUROC : 0.9890251271692602 
47 epoch, MNS : Val AP : 0.8168695569038391 / AUROC : 0.8126128218322225 
47 epoch, CNS : Val AP : 0.5842443704605103 / AUROC : 0.5508603058016386 
47 epoch, ALL : Val AP : 0.751530110836029 / AUROC : 0.7809998859656211 
48 epoch: Training d_loss : -0.0014487749442387082 / Training g_loss : -0.46125167366620656 /Training roc : 0.9851686463193589 / Training ap : 0.9863419532775879 
48 epoch, SNS : Val AP : 0.9897125959396362 / AUROC : 0.9889767830884407 
48 epoch, MNS : Val AP : 0.8157761096954346 / AUROC : 0.8119691968224165 
48 epoch, CNS : Val AP : 0.5842082500457764 / AUROC : 0.5511528919102557 
48 epoch, ALL : Val AP : 0.7509263753890991 / AUROC : 0.7807625291385392 
49 epoch: Training d_loss : -0.0014932902799312186 / Training g_loss : -0.4610981701004107 /Training roc : 0.9853558376035663 / Training ap : 0.9864481687545776 
49 epoch, SNS : Val AP : 0.9897125959396362 / AUROC : 0.9889767830884407 
49 epoch, MNS : Val AP : 0.8157761096954346 / AUROC : 0.8119691968224165 
49 epoch, CNS : Val AP : 0.5842082500457764 / AUROC : 0.5511528919102557 
49 epoch, ALL : Val AP : 0.7509263753890991 / AUROC : 0.7807625291385392 
0 epoch: Training d_loss : 0.000129644927524385 / Training g_loss : -0.5112780450828491 /Training roc : 0.907307595781368 / Training ap : 0.8707022666931152 
0 epoch, SNS : Val AP : 0.8501722812652588 / AUROC : 0.8959850885171011 
0 epoch, MNS : Val AP : 0.6466403603553772 / AUROC : 0.6946681277717172 
0 epoch, CNS : Val AP : 0.49427613615989685 / AUROC : 0.4984429140274505 
0 epoch, ALL : Val AP : 0.6322456002235413 / AUROC : 0.6964191960656272 
1 epoch: Training d_loss : 0.0002872748196788357 / Training g_loss : -0.5118937077317595 /Training roc : 0.8873869941041879 / Training ap : 0.8423003554344177 
1 epoch, SNS : Val AP : 0.8501722812652588 / AUROC : 0.8959850885171011 
1 epoch, MNS : Val AP : 0.6466403603553772 / AUROC : 0.6946681277717172 
1 epoch, CNS : Val AP : 0.49427613615989685 / AUROC : 0.4984429140274505 
1 epoch, ALL : Val AP : 0.6322456002235413 / AUROC : 0.6964191960656272 
2 epoch: Training d_loss : -0.00015136040451037676 / Training g_loss : -0.5101595235742712 /Training roc : 0.934020649451223 / Training ap : 0.9234319925308228 
2 epoch, SNS : Val AP : 0.975746750831604 / AUROC : 0.975124537662516 
2 epoch, MNS : Val AP : 0.7800755500793457 / AUROC : 0.7865750020534015 
2 epoch, CNS : Val AP : 0.551335334777832 / AUROC : 0.5469466125162603 
2 epoch, ALL : Val AP : 0.7273435592651367 / AUROC : 0.7699624157618798 
3 epoch: Training d_loss : -0.00020996873253669194 / Training g_loss : -0.5095785192920218 /Training roc : 0.9670025699296364 / Training ap : 0.968339204788208 
3 epoch, SNS : Val AP : 0.975746750831604 / AUROC : 0.975124537662516 
3 epoch, MNS : Val AP : 0.7800755500793457 / AUROC : 0.7865750020534015 
3 epoch, CNS : Val AP : 0.551335334777832 / AUROC : 0.5469466125162603 
3 epoch, ALL : Val AP : 0.7273435592651367 / AUROC : 0.7699624157618798 
4 epoch: Training d_loss : -0.00023995782877947832 / Training g_loss : -0.5093578602437564 /Training roc : 0.9713808387547834 / Training ap : 0.9729290008544922 
4 epoch, SNS : Val AP : 0.9819931983947754 / AUROC : 0.9813617127899041 
4 epoch, MNS : Val AP : 0.7986325025558472 / AUROC : 0.80062181240937 
4 epoch, CNS : Val AP : 0.5615214705467224 / AUROC : 0.5505648648150868 
4 epoch, ALL : Val AP : 0.7386977672576904 / AUROC : 0.77700834939636 
5 epoch: Training d_loss : -0.000293226566147918 / Training g_loss : -0.5091370848290302 /Training roc : 0.9763921993241664 / Training ap : 0.9779939651489258 
5 epoch, SNS : Val AP : 0.9819931983947754 / AUROC : 0.9813617127899041 
5 epoch, MNS : Val AP : 0.7986325025558472 / AUROC : 0.80062181240937 
5 epoch, CNS : Val AP : 0.5615214705467224 / AUROC : 0.5505648648150868 
5 epoch, ALL : Val AP : 0.7386977672576904 / AUROC : 0.77700834939636 
6 epoch: Training d_loss : -0.0003466609456770371 / Training g_loss : -0.509029054679628 /Training roc : 0.9771408793044862 / Training ap : 0.9787732362747192 
6 epoch, SNS : Val AP : 0.9839704036712646 / AUROC : 0.983281523778767 
6 epoch, MNS : Val AP : 0.8035913705825806 / AUROC : 0.8048269920643947 
6 epoch, CNS : Val AP : 0.5657405257225037 / AUROC : 0.551164744652497 
6 epoch, ALL : Val AP : 0.7411874532699585 / AUROC : 0.777961998554261 
7 epoch: Training d_loss : -0.00039506086484426915 / Training g_loss : -0.5089282292061277 /Training roc : 0.9786358178583141 / Training ap : 0.9802837371826172 
7 epoch, SNS : Val AP : 0.9839704036712646 / AUROC : 0.983281523778767 
7 epoch, MNS : Val AP : 0.8035913705825806 / AUROC : 0.8048269920643947 
7 epoch, CNS : Val AP : 0.5657405257225037 / AUROC : 0.551164744652497 
7 epoch, ALL : Val AP : 0.7411874532699585 / AUROC : 0.777961998554261 
8 epoch: Training d_loss : -0.0004383076829258323 / Training g_loss : -0.5089015376965836 /Training roc : 0.9789898492553065 / Training ap : 0.9806375503540039 
8 epoch, SNS : Val AP : 0.9851696491241455 / AUROC : 0.9844276184135049 
8 epoch, MNS : Val AP : 0.8009961247444153 / AUROC : 0.805814091104287 
8 epoch, CNS : Val AP : 0.5600741505622864 / AUROC : 0.5468114001652186 
8 epoch, ALL : Val AP : 0.7361708879470825 / AUROC : 0.7768292429832637 
9 epoch: Training d_loss : -0.0004729295478147619 / Training g_loss : -0.5088743412058759 /Training roc : 0.9793783381845063 / Training ap : 0.9809197783470154 
9 epoch, SNS : Val AP : 0.9851696491241455 / AUROC : 0.9844276184135049 
9 epoch, MNS : Val AP : 0.8009961247444153 / AUROC : 0.805814091104287 
9 epoch, CNS : Val AP : 0.5600741505622864 / AUROC : 0.5468114001652186 
9 epoch, ALL : Val AP : 0.7361708879470825 / AUROC : 0.7768292429832637 
10 epoch: Training d_loss : -0.0005082279112077479 / Training g_loss : -0.508782975150595 /Training roc : 0.9799417040262669 / Training ap : 0.981563925743103 
10 epoch, SNS : Val AP : 0.9861376285552979 / AUROC : 0.9853042436749625 
10 epoch, MNS : Val AP : 0.8059937357902527 / AUROC : 0.8087793761662926 
10 epoch, CNS : Val AP : 0.5595541000366211 / AUROC : 0.5471966976016204 
10 epoch, ALL : Val AP : 0.7376044392585754 / AUROC : 0.7779746863232428 
11 epoch: Training d_loss : -0.0005447530026276654 / Training g_loss : -0.5087712537882249 /Training roc : 0.9807326204007389 / Training ap : 0.9821698665618896 
11 epoch, SNS : Val AP : 0.9861376285552979 / AUROC : 0.9853042436749625 
11 epoch, MNS : Val AP : 0.8059937357902527 / AUROC : 0.8087793761662926 
11 epoch, CNS : Val AP : 0.5595541000366211 / AUROC : 0.5471966976016204 
11 epoch, ALL : Val AP : 0.7376044392585754 / AUROC : 0.7779746863232428 
12 epoch: Training d_loss : -0.0005816618759416055 / Training g_loss : -0.5085901596208824 /Training roc : 0.9810598287316499 / Training ap : 0.9824126362800598 
12 epoch, SNS : Val AP : 0.9867346286773682 / AUROC : 0.9858760412889555 
12 epoch, MNS : Val AP : 0.810968816280365 / AUROC : 0.8109362531084566 
12 epoch, CNS : Val AP : 0.5691624879837036 / AUROC : 0.5539314879506044 
12 epoch, ALL : Val AP : 0.7448148727416992 / AUROC : 0.7814043835952968 
13 epoch: Training d_loss : -0.0005962164489188141 / Training g_loss : -0.5085519743647977 /Training roc : 0.9811158432020759 / Training ap : 0.9825116991996765 
13 epoch, SNS : Val AP : 0.9867346286773682 / AUROC : 0.9858760412889555 
13 epoch, MNS : Val AP : 0.810968816280365 / AUROC : 0.8109362531084566 
13 epoch, CNS : Val AP : 0.5691624879837036 / AUROC : 0.5539314879506044 
13 epoch, ALL : Val AP : 0.7448148727416992 / AUROC : 0.7814043835952968 
14 epoch: Training d_loss : -0.0006286955315661165 / Training g_loss : -0.5084791852484067 /Training roc : 0.9819643155031961 / Training ap : 0.983468770980835 
14 epoch, SNS : Val AP : 0.9872366189956665 / AUROC : 0.9864406850454007 
14 epoch, MNS : Val AP : 0.8111375570297241 / AUROC : 0.8123021178017724 
14 epoch, CNS : Val AP : 0.5660629868507385 / AUROC : 0.5506070103671615 
14 epoch, ALL : Val AP : 0.7428168058395386 / AUROC : 0.7806676152940456 
15 epoch: Training d_loss : -0.0006674185561072466 / Training g_loss : -0.5084187418743613 /Training roc : 0.9824894547116263 / Training ap : 0.9840121269226074 
15 epoch, SNS : Val AP : 0.9872366189956665 / AUROC : 0.9864406850454007 
15 epoch, MNS : Val AP : 0.8111375570297241 / AUROC : 0.8123021178017724 
15 epoch, CNS : Val AP : 0.5660629868507385 / AUROC : 0.5506070103671615 
15 epoch, ALL : Val AP : 0.7428168058395386 / AUROC : 0.7806676152940456 
16 epoch: Training d_loss : -0.0007079506147836464 / Training g_loss : -0.508296686913137 /Training roc : 0.9827069518397044 / Training ap : 0.9841367602348328 
16 epoch, SNS : Val AP : 0.9875262379646301 / AUROC : 0.9867271837100176 
16 epoch, MNS : Val AP : 0.8123350739479065 / AUROC : 0.8132000046833329 
16 epoch, CNS : Val AP : 0.5700736045837402 / AUROC : 0.5533390730080268 
16 epoch, ALL : Val AP : 0.7457062005996704 / AUROC : 0.7817585412238723 
17 epoch: Training d_loss : -0.0007216819519079357 / Training g_loss : -0.5082650707711855 /Training roc : 0.9822800486860247 / Training ap : 0.9835437536239624 
17 epoch, SNS : Val AP : 0.9875262379646301 / AUROC : 0.9867271837100176 
17 epoch, MNS : Val AP : 0.8123350739479065 / AUROC : 0.8132000046833329 
17 epoch, CNS : Val AP : 0.5700736045837402 / AUROC : 0.5533390730080268 
17 epoch, ALL : Val AP : 0.7457062005996704 / AUROC : 0.7817585412238723 
18 epoch: Training d_loss : -0.0007502908073661816 / Training g_loss : -0.5081330962325128 /Training roc : 0.9821101281290994 / Training ap : 0.9833190441131592 
18 epoch, SNS : Val AP : 0.9877158403396606 / AUROC : 0.9869032752470464 
18 epoch, MNS : Val AP : 0.8127585649490356 / AUROC : 0.8135758043740773 
18 epoch, CNS : Val AP : 0.5733267068862915 / AUROC : 0.555301784925227 
18 epoch, ALL : Val AP : 0.7472736239433289 / AUROC : 0.7825126524387669 
19 epoch: Training d_loss : -0.0007733004745125581 / Training g_loss : -0.5081126347823818 /Training roc : 0.9831244236015099 / Training ap : 0.9845610857009888 
19 epoch, SNS : Val AP : 0.9877158403396606 / AUROC : 0.9869032752470464 
19 epoch, MNS : Val AP : 0.8127585649490356 / AUROC : 0.8135758043740773 
19 epoch, CNS : Val AP : 0.5733267068862915 / AUROC : 0.555301784925227 
19 epoch, ALL : Val AP : 0.7472736239433289 / AUROC : 0.7825126524387669 
20 epoch: Training d_loss : -0.0008052717331672511 / Training g_loss : -0.5079641996013721 /Training roc : 0.9827030408110666 / Training ap : 0.9840517044067383 
20 epoch, SNS : Val AP : 0.9879785180091858 / AUROC : 0.9871348425054933 
20 epoch, MNS : Val AP : 0.8163145780563354 / AUROC : 0.8152781225416251 
20 epoch, CNS : Val AP : 0.5760660171508789 / AUROC : 0.5572961671030927 
20 epoch, ALL : Val AP : 0.7489122152328491 / AUROC : 0.7835921904848754 
21 epoch: Training d_loss : -0.0008554918682632083 / Training g_loss : -0.5077518981856268 /Training roc : 0.9840035781629526 / Training ap : 0.9853379726409912 
21 epoch, SNS : Val AP : 0.9879785180091858 / AUROC : 0.9871348425054933 
21 epoch, MNS : Val AP : 0.8163145780563354 / AUROC : 0.8152781225416251 
21 epoch, CNS : Val AP : 0.5760660171508789 / AUROC : 0.5572961671030927 
21 epoch, ALL : Val AP : 0.7489122152328491 / AUROC : 0.7835921904848754 
22 epoch: Training d_loss : -0.0008966171305585173 / Training g_loss : -0.507532736265792 /Training roc : 0.9834549197141474 / Training ap : 0.9849571585655212 
22 epoch, SNS : Val AP : 0.9881542921066284 / AUROC : 0.9872845514156962 
22 epoch, MNS : Val AP : 0.8171066641807556 / AUROC : 0.8155277855049561 
22 epoch, CNS : Val AP : 0.5797119140625 / AUROC : 0.5597757341196415 
22 epoch, ALL : Val AP : 0.7509222030639648 / AUROC : 0.7845179421051992 
23 epoch: Training d_loss : -0.0009494511993966156 / Training g_loss : -0.5073487177751781 /Training roc : 0.9842852055469795 / Training ap : 0.9855606555938721 
23 epoch, SNS : Val AP : 0.9881542921066284 / AUROC : 0.9872845514156962 
23 epoch, MNS : Val AP : 0.8171066641807556 / AUROC : 0.8155277855049561 
23 epoch, CNS : Val AP : 0.5797119140625 / AUROC : 0.5597757341196415 
23 epoch, ALL : Val AP : 0.7509222030639648 / AUROC : 0.7845179421051992 
24 epoch: Training d_loss : -0.0009849089981073037 / Training g_loss : -0.5071579866075743 /Training roc : 0.9838224083078156 / Training ap : 0.9851716756820679 
24 epoch, SNS : Val AP : 0.9881861805915833 / AUROC : 0.9872751758632579 
24 epoch, MNS : Val AP : 0.8173238635063171 / AUROC : 0.8153160357649332 
24 epoch, CNS : Val AP : 0.5829466581344604 / AUROC : 0.5613478054242281 
24 epoch, ALL : Val AP : 0.7529696822166443 / AUROC : 0.7850578055643622 
25 epoch: Training d_loss : -0.0010201056829886141 / Training g_loss : -0.5069930535431697 /Training roc : 0.983921212072624 / Training ap : 0.9851437211036682 
25 epoch, SNS : Val AP : 0.9881861805915833 / AUROC : 0.9872751758632579 
25 epoch, MNS : Val AP : 0.8173238635063171 / AUROC : 0.8153160357649332 
25 epoch, CNS : Val AP : 0.5829466581344604 / AUROC : 0.5613478054242281 
25 epoch, ALL : Val AP : 0.7529696822166443 / AUROC : 0.7850578055643622 
26 epoch: Training d_loss : -0.0010413128545060635 / Training g_loss : -0.5068603173158885 /Training roc : 0.9839196101429389 / Training ap : 0.9852984547615051 
26 epoch, SNS : Val AP : 0.988201379776001 / AUROC : 0.9872584353922572 
26 epoch, MNS : Val AP : 0.8179296851158142 / AUROC : 0.8155502024064022 
26 epoch, CNS : Val AP : 0.5823314785957336 / AUROC : 0.5610119295906676 
26 epoch, ALL : Val AP : 0.7528700232505798 / AUROC : 0.7851013572757534 
27 epoch: Training d_loss : -0.0010765139931525637 / Training g_loss : -0.5067104365564112 /Training roc : 0.9842578271123632 / Training ap : 0.9854834675788879 
27 epoch, SNS : Val AP : 0.988201379776001 / AUROC : 0.9872584353922572 
27 epoch, MNS : Val AP : 0.8179296851158142 / AUROC : 0.8155502024064022 
27 epoch, CNS : Val AP : 0.5823314785957336 / AUROC : 0.5610119295906676 
27 epoch, ALL : Val AP : 0.7528700232505798 / AUROC : 0.7851013572757534 
28 epoch: Training d_loss : -0.0011249863570748527 / Training g_loss : -0.5064616763345388 /Training roc : 0.9844879249354213 / Training ap : 0.9857591390609741 
28 epoch, SNS : Val AP : 0.9881104230880737 / AUROC : 0.9871274442615076 
28 epoch, MNS : Val AP : 0.8201174139976501 / AUROC : 0.8158957092873134 
28 epoch, CNS : Val AP : 0.5849244594573975 / AUROC : 0.5633936753811835 
28 epoch, ALL : Val AP : 0.7556565999984741 / AUROC : 0.7861595860916456 
29 epoch: Training d_loss : -0.0011721669869506303 / Training g_loss : -0.5062808131944204 /Training roc : 0.9845817377883296 / Training ap : 0.9858874678611755 
29 epoch, SNS : Val AP : 0.9881104230880737 / AUROC : 0.9871274442615076 
29 epoch, MNS : Val AP : 0.8201174139976501 / AUROC : 0.8158957092873134 
29 epoch, CNS : Val AP : 0.5849244594573975 / AUROC : 0.5633936753811835 
29 epoch, ALL : Val AP : 0.7556565999984741 / AUROC : 0.7861595860916456 
30 epoch: Training d_loss : -0.00121319734614301 / Training g_loss : -0.5060880004127757 /Training roc : 0.9841477456638404 / Training ap : 0.9853955507278442 
30 epoch, SNS : Val AP : 0.9882807731628418 / AUROC : 0.9872755979852872 
30 epoch, MNS : Val AP : 0.8232674598693848 / AUROC : 0.8178253068421693 
30 epoch, CNS : Val AP : 0.5855504274368286 / AUROC : 0.5638662076674645 
30 epoch, ALL : Val AP : 0.7572410702705383 / AUROC : 0.7869954567565725 
31 epoch: Training d_loss : -0.0012415315369543854 / Training g_loss : -0.5059927377867585 /Training roc : 0.9842750348978777 / Training ap : 0.9854909181594849 
31 epoch, SNS : Val AP : 0.9882807731628418 / AUROC : 0.9872755979852872 
31 epoch, MNS : Val AP : 0.8232674598693848 / AUROC : 0.8178253068421693 
31 epoch, CNS : Val AP : 0.5855504274368286 / AUROC : 0.5638662076674645 
31 epoch, ALL : Val AP : 0.7572410702705383 / AUROC : 0.7869954567565725 
32 epoch: Training d_loss : -0.00128847322766743 / Training g_loss : -0.5057116906794291 /Training roc : 0.9840226833644338 / Training ap : 0.9853265285491943 
32 epoch, SNS : Val AP : 0.9883679151535034 / AUROC : 0.9873625884487285 
32 epoch, MNS : Val AP : 0.8258957862854004 / AUROC : 0.8193527998387761 
32 epoch, CNS : Val AP : 0.5865508317947388 / AUROC : 0.5654146512468896 
32 epoch, ALL : Val AP : 0.7587120532989502 / AUROC : 0.7881667089296029 
33 epoch: Training d_loss : -0.0013366440142281294 / Training g_loss : -0.5055031515835579 /Training roc : 0.9846982170823739 / Training ap : 0.9861130714416504 
33 epoch, SNS : Val AP : 0.9883679151535034 / AUROC : 0.9873625884487285 
33 epoch, MNS : Val AP : 0.8258957862854004 / AUROC : 0.8193527998387761 
33 epoch, CNS : Val AP : 0.5865508317947388 / AUROC : 0.5654146512468896 
33 epoch, ALL : Val AP : 0.7587120532989502 / AUROC : 0.7881667089296029 
34 epoch: Training d_loss : -0.0014148868134745733 / Training g_loss : -0.5052751695977107 /Training roc : 0.9844533402855272 / Training ap : 0.9858018159866333 
34 epoch, SNS : Val AP : 0.9884058237075806 / AUROC : 0.9873799621027729 
34 epoch, MNS : Val AP : 0.8266792297363281 / AUROC : 0.8199304627272803 
34 epoch, CNS : Val AP : 0.5834779143333435 / AUROC : 0.5637505240145112 
34 epoch, ALL : Val AP : 0.7569838762283325 / AUROC : 0.7877353025639603 
35 epoch: Training d_loss : -0.0014632177940423234 / Training g_loss : -0.5050853588433258 /Training roc : 0.984983040920857 / Training ap : 0.9863000512123108 
35 epoch, SNS : Val AP : 0.9884058237075806 / AUROC : 0.9873799621027729 
35 epoch, MNS : Val AP : 0.8266792297363281 / AUROC : 0.8199304627272803 
35 epoch, CNS : Val AP : 0.5834779143333435 / AUROC : 0.5637505240145112 
35 epoch, ALL : Val AP : 0.7569838762283325 / AUROC : 0.7877353025639603 
36 epoch: Training d_loss : -0.0015155183112867685 / Training g_loss : -0.5048973967805387 /Training roc : 0.984479309318217 / Training ap : 0.9859234094619751 
36 epoch, SNS : Val AP : 0.9883862733840942 / AUROC : 0.9873308071033183 
36 epoch, MNS : Val AP : 0.8262918591499329 / AUROC : 0.8194388238649398 
36 epoch, CNS : Val AP : 0.5828893184661865 / AUROC : 0.5633363667614805 
36 epoch, ALL : Val AP : 0.7564154863357544 / AUROC : 0.7873104400651569 
37 epoch: Training d_loss : -0.001555108540766948 / Training g_loss : -0.504792512316014 /Training roc : 0.9850007374306821 / Training ap : 0.9863467812538147 
37 epoch, SNS : Val AP : 0.9883862733840942 / AUROC : 0.9873308071033183 
37 epoch, MNS : Val AP : 0.8262918591499329 / AUROC : 0.8194388238649398 
37 epoch, CNS : Val AP : 0.5828893184661865 / AUROC : 0.5633363667614805 
37 epoch, ALL : Val AP : 0.7564154863357544 / AUROC : 0.7873104400651569 
38 epoch: Training d_loss : -0.001605873551391456 / Training g_loss : -0.5045222110323762 /Training roc : 0.9844727695451811 / Training ap : 0.9857732057571411 
38 epoch, SNS : Val AP : 0.9882706999778748 / AUROC : 0.9871916290268969 
38 epoch, MNS : Val AP : 0.8258175849914551 / AUROC : 0.8186612973040777 
38 epoch, CNS : Val AP : 0.5844588875770569 / AUROC : 0.5635291654440865 
38 epoch, ALL : Val AP : 0.7571302652359009 / AUROC : 0.7869964788885746 
39 epoch: Training d_loss : -0.001653195612002253 / Training g_loss : -0.5043770914426479 /Training roc : 0.9845368960986728 / Training ap : 0.9859502911567688 
39 epoch, SNS : Val AP : 0.9882706999778748 / AUROC : 0.9871916290268969 
39 epoch, MNS : Val AP : 0.8258175849914551 / AUROC : 0.8186612973040777 
39 epoch, CNS : Val AP : 0.5844588875770569 / AUROC : 0.5635291654440865 
39 epoch, ALL : Val AP : 0.7571302652359009 / AUROC : 0.7869964788885746 
40 epoch: Training d_loss : -0.0017104893212098575 / Training g_loss : -0.5041328929187004 /Training roc : 0.9844510435280973 / Training ap : 0.9858419299125671 
40 epoch, SNS : Val AP : 0.9880937337875366 / AUROC : 0.9869768133479251 
40 epoch, MNS : Val AP : 0.8250489234924316 / AUROC : 0.8177022471621791 
40 epoch, CNS : Val AP : 0.5861068964004517 / AUROC : 0.5638989776671008 
40 epoch, ALL : Val AP : 0.7576513290405273 / AUROC : 0.7865728273939909 
41 epoch: Training d_loss : -0.0017866426412555107 / Training g_loss : -0.5038467657964066 /Training roc : 0.9841670798937673 / Training ap : 0.9855299592018127 
41 epoch, SNS : Val AP : 0.9880937337875366 / AUROC : 0.9869768133479251 
41 epoch, MNS : Val AP : 0.8250489234924316 / AUROC : 0.8177022471621791 
41 epoch, CNS : Val AP : 0.5861068964004517 / AUROC : 0.5638989776671008 
41 epoch, ALL : Val AP : 0.7576513290405273 / AUROC : 0.7865728273939909 
42 epoch: Training d_loss : -0.001805582656769381 / Training g_loss : -0.5037492801729939 /Training roc : 0.9842194227611016 / Training ap : 0.985572338104248 
42 epoch, SNS : Val AP : 0.9879468083381653 / AUROC : 0.9868060649871084 
42 epoch, MNS : Val AP : 0.8234272003173828 / AUROC : 0.816468406687737 
42 epoch, CNS : Val AP : 0.5839398503303528 / AUROC : 0.5617477882638569 
42 epoch, ALL : Val AP : 0.7560079097747803 / AUROC : 0.7853317480510387 
43 epoch: Training d_loss : -0.0018545554533292833 / Training g_loss : -0.5035908388030169 /Training roc : 0.984272512290577 / Training ap : 0.9856614470481873 
43 epoch, SNS : Val AP : 0.9879468083381653 / AUROC : 0.9868060649871084 
43 epoch, MNS : Val AP : 0.8234272003173828 / AUROC : 0.816468406687737 
43 epoch, CNS : Val AP : 0.5839398503303528 / AUROC : 0.5617477882638569 
43 epoch, ALL : Val AP : 0.7560079097747803 / AUROC : 0.7853317480510387 
44 epoch: Training d_loss : -0.0019158196468231977 / Training g_loss : -0.5033458147215729 /Training roc : 0.9840486926002676 / Training ap : 0.985453724861145 
44 epoch, SNS : Val AP : 0.9876863956451416 / AUROC : 0.9864978270379868 
44 epoch, MNS : Val AP : 0.8218408226966858 / AUROC : 0.8149575430773863 
44 epoch, CNS : Val AP : 0.5836028456687927 / AUROC : 0.5622965580103088 
44 epoch, ALL : Val AP : 0.7552858591079712 / AUROC : 0.7849214287130034 
45 epoch: Training d_loss : -0.0019939124394676073 / Training g_loss : -0.5030843154993648 /Training roc : 0.9841969402086582 / Training ap : 0.9855446815490723 
45 epoch, SNS : Val AP : 0.9876863956451416 / AUROC : 0.9864978270379868 
45 epoch, MNS : Val AP : 0.8218408226966858 / AUROC : 0.8149575430773863 
45 epoch, CNS : Val AP : 0.5836028456687927 / AUROC : 0.5622965580103088 
45 epoch, ALL : Val AP : 0.7552858591079712 / AUROC : 0.7849214287130034 
46 epoch: Training d_loss : -0.0020657240491603252 / Training g_loss : -0.5027400718584348 /Training roc : 0.9841186209037203 / Training ap : 0.9855799078941345 
46 epoch, SNS : Val AP : 0.9876915216445923 / AUROC : 0.9865142786886517 
46 epoch, MNS : Val AP : 0.8215069770812988 / AUROC : 0.8146708000263316 
46 epoch, CNS : Val AP : 0.585610568523407 / AUROC : 0.5631627524142547 
46 epoch, ALL : Val AP : 0.7565624713897705 / AUROC : 0.785144120167882 
47 epoch: Training d_loss : -0.0021309935989743765 / Training g_loss : -0.5024933269179304 /Training roc : 0.9837406531228752 / Training ap : 0.9851887822151184 
47 epoch, SNS : Val AP : 0.9876915216445923 / AUROC : 0.9865142786886517 
47 epoch, MNS : Val AP : 0.8215069770812988 / AUROC : 0.8146708000263316 
47 epoch, CNS : Val AP : 0.585610568523407 / AUROC : 0.5631627524142547 
47 epoch, ALL : Val AP : 0.7565624713897705 / AUROC : 0.785144120167882 
48 epoch: Training d_loss : -0.0022064285835514765 / Training g_loss : -0.5019575061782934 /Training roc : 0.9834372515898252 / Training ap : 0.9848992824554443 
48 epoch, SNS : Val AP : 0.9875858426094055 / AUROC : 0.9863681355987483 
48 epoch, MNS : Val AP : 0.8224853277206421 / AUROC : 0.8151021531978154 
48 epoch, CNS : Val AP : 0.5874043703079224 / AUROC : 0.5649839979092962 
48 epoch, ALL : Val AP : 0.7574024796485901 / AUROC : 0.7858639232999256 
49 epoch: Training d_loss : -0.0022330482169061854 / Training g_loss : -0.5017374538844643 /Training roc : 0.9834688286105648 / Training ap : 0.9849264621734619 
49 epoch, SNS : Val AP : 0.9875858426094055 / AUROC : 0.9863681355987483 
49 epoch, MNS : Val AP : 0.8224853277206421 / AUROC : 0.8151021531978154 
49 epoch, CNS : Val AP : 0.5874043703079224 / AUROC : 0.5649839979092962 
49 epoch, ALL : Val AP : 0.7574024796485901 / AUROC : 0.7858639232999256 
0 epoch: Training d_loss : 1.4253551997835674e-05 / Training g_loss : -0.5427416473154038 /Training roc : 0.8649863123779604 / Training ap : 0.7847244739532471 
0 epoch, SNS : Val AP : 0.9545212984085083 / AUROC : 0.9603818258159659 
0 epoch, MNS : Val AP : 0.6871139407157898 / AUROC : 0.7234700692486745 
0 epoch, CNS : Val AP : 0.5226234197616577 / AUROC : 0.5246819082786149 
0 epoch, ALL : Val AP : 0.6842210292816162 / AUROC : 0.7393468069885031 
1 epoch: Training d_loss : -8.36470168800536e-05 / Training g_loss : -0.5421720925120367 /Training roc : 0.9515208735239143 / Training ap : 0.9453091621398926 
1 epoch, SNS : Val AP : 0.9545212984085083 / AUROC : 0.9603818258159659 
1 epoch, MNS : Val AP : 0.6871139407157898 / AUROC : 0.7234700692486745 
1 epoch, CNS : Val AP : 0.5226234197616577 / AUROC : 0.5246819082786149 
1 epoch, ALL : Val AP : 0.6842210292816162 / AUROC : 0.7393468069885031 
2 epoch: Training d_loss : -0.00022619531529885975 / Training g_loss : -0.541462068053611 /Training roc : 0.9589668636130197 / Training ap : 0.9573140144348145 
2 epoch, SNS : Val AP : 0.9817783832550049 / AUROC : 0.9813975709454386 
2 epoch, MNS : Val AP : 0.7791492938995361 / AUROC : 0.7922639184241624 
2 epoch, CNS : Val AP : 0.5516270399093628 / AUROC : 0.5504471816367319 
2 epoch, ALL : Val AP : 0.7329401969909668 / AUROC : 0.7769393110457006 
3 epoch: Training d_loss : -0.00035938250999571975 / Training g_loss : -0.5407668443097599 /Training roc : 0.972792696644101 / Training ap : 0.9742640256881714 
3 epoch, SNS : Val AP : 0.9817783832550049 / AUROC : 0.9813975709454386 
3 epoch, MNS : Val AP : 0.7791492938995361 / AUROC : 0.7922639184241624 
3 epoch, CNS : Val AP : 0.5516270399093628 / AUROC : 0.5504471816367319 
3 epoch, ALL : Val AP : 0.7329401969909668 / AUROC : 0.7769393110457006 
4 epoch: Training d_loss : -0.000458048381183788 / Training g_loss : -0.5401291729725411 /Training roc : 0.9728968973569156 / Training ap : 0.9745835661888123 
4 epoch, SNS : Val AP : 0.9851583242416382 / AUROC : 0.9844824942773028 
4 epoch, MNS : Val AP : 0.803489625453949 / AUROC : 0.8062727711229254 
4 epoch, CNS : Val AP : 0.5644125938415527 / AUROC : 0.5553207248741693 
4 epoch, ALL : Val AP : 0.7470405697822571 / AUROC : 0.7840131088873667 
5 epoch: Training d_loss : -0.0005279129847813107 / Training g_loss : -0.5395379726951187 /Training roc : 0.9767125124461791 / Training ap : 0.9782611131668091 
5 epoch, SNS : Val AP : 0.9851583242416382 / AUROC : 0.9844824942773028 
5 epoch, MNS : Val AP : 0.803489625453949 / AUROC : 0.8062727711229254 
5 epoch, CNS : Val AP : 0.5644125938415527 / AUROC : 0.5553207248741693 
5 epoch, ALL : Val AP : 0.7470405697822571 / AUROC : 0.7840131088873667 
6 epoch: Training d_loss : -0.0006136649268988774 / Training g_loss : -0.5389567825866238 /Training roc : 0.9770904654171964 / Training ap : 0.9789639115333557 
6 epoch, SNS : Val AP : 0.9865561723709106 / AUROC : 0.9857858404763971 
6 epoch, MNS : Val AP : 0.8130828142166138 / AUROC : 0.8115896424673068 
6 epoch, CNS : Val AP : 0.5697681903839111 / AUROC : 0.5550546546940714 
6 epoch, ALL : Val AP : 0.7523356676101685 / AUROC : 0.7858194383375761 
7 epoch: Training d_loss : -0.0007007153310912213 / Training g_loss : -0.538314138857473 /Training roc : 0.9783878606173273 / Training ap : 0.9801487326622009 
7 epoch, SNS : Val AP : 0.9865561723709106 / AUROC : 0.9857858404763971 
7 epoch, MNS : Val AP : 0.8130828142166138 / AUROC : 0.8115896424673068 
7 epoch, CNS : Val AP : 0.5697681903839111 / AUROC : 0.5550546546940714 
7 epoch, ALL : Val AP : 0.7523356676101685 / AUROC : 0.7858194383375761 
8 epoch: Training d_loss : -0.0007634401700454979 / Training g_loss : -0.5377693844334309 /Training roc : 0.9777579184297601 / Training ap : 0.9794973731040955 
8 epoch, SNS : Val AP : 0.9872168302536011 / AUROC : 0.9863792107477778 
8 epoch, MNS : Val AP : 0.817842960357666 / AUROC : 0.8144707141844844 
8 epoch, CNS : Val AP : 0.5725023150444031 / AUROC : 0.5545580170182273 
8 epoch, ALL : Val AP : 0.7554436922073364 / AUROC : 0.7867847642425873 
9 epoch: Training d_loss : -0.0008568603113080436 / Training g_loss : -0.5371379036403043 /Training roc : 0.9798939361615076 / Training ap : 0.9815851449966431 
9 epoch, SNS : Val AP : 0.9872168302536011 / AUROC : 0.9863792107477778 
9 epoch, MNS : Val AP : 0.817842960357666 / AUROC : 0.8144707141844844 
9 epoch, CNS : Val AP : 0.5725023150444031 / AUROC : 0.5545580170182273 
9 epoch, ALL : Val AP : 0.7554436922073364 / AUROC : 0.7867847642425873 
10 epoch: Training d_loss : -0.0009173511605952617 / Training g_loss : -0.5365652868402782 /Training roc : 0.9790882247692668 / Training ap : 0.9807586073875427 
10 epoch, SNS : Val AP : 0.9876675605773926 / AUROC : 0.9868216390682913 
10 epoch, MNS : Val AP : 0.8206721544265747 / AUROC : 0.8162224095209757 
10 epoch, CNS : Val AP : 0.5738497972488403 / AUROC : 0.5539599589706274 
10 epoch, ALL : Val AP : 0.7566495537757874 / AUROC : 0.7871509097019259 
11 epoch: Training d_loss : -0.0009746578994350707 / Training g_loss : -0.5360148529180093 /Training roc : 0.98027158059445 / Training ap : 0.981849193572998 
11 epoch, SNS : Val AP : 0.9876675605773926 / AUROC : 0.9868216390682913 
11 epoch, MNS : Val AP : 0.8206721544265747 / AUROC : 0.8162224095209757 
11 epoch, CNS : Val AP : 0.5738497972488403 / AUROC : 0.5539599589706274 
11 epoch, ALL : Val AP : 0.7566495537757874 / AUROC : 0.7871509097019259 
12 epoch: Training d_loss : -0.0010429769991312193 / Training g_loss : -0.5354150078823532 /Training roc : 0.9798058065799392 / Training ap : 0.9815075397491455 
12 epoch, SNS : Val AP : 0.9878546595573425 / AUROC : 0.9869983526798893 
12 epoch, MNS : Val AP : 0.8244420289993286 / AUROC : 0.8181059291238005 
12 epoch, CNS : Val AP : 0.5790917873382568 / AUROC : 0.5567186041908585 
12 epoch, ALL : Val AP : 0.7608795166015625 / AUROC : 0.7888499486223127 
13 epoch: Training d_loss : -0.0011179058654130168 / Training g_loss : -0.5348090503856374 /Training roc : 0.9806470072557095 / Training ap : 0.9824169874191284 
13 epoch, SNS : Val AP : 0.9878546595573425 / AUROC : 0.9869983526798893 
13 epoch, MNS : Val AP : 0.8244420289993286 / AUROC : 0.8181059291238005 
13 epoch, CNS : Val AP : 0.5790917873382568 / AUROC : 0.5567186041908585 
13 epoch, ALL : Val AP : 0.7608795166015625 / AUROC : 0.7888499486223127 
14 epoch: Training d_loss : -0.0012059371876981945 / Training g_loss : -0.5341710912593787 /Training roc : 0.9801045133976414 / Training ap : 0.9817496538162231 
14 epoch, SNS : Val AP : 0.9878606796264648 / AUROC : 0.9869732364191512 
14 epoch, MNS : Val AP : 0.8264756202697754 / AUROC : 0.8188721361491953 
14 epoch, CNS : Val AP : 0.5848770141601562 / AUROC : 0.5598308210444538 
14 epoch, ALL : Val AP : 0.7643617391586304 / AUROC : 0.7901067710201224 
15 epoch: Training d_loss : -0.0012919493434160048 / Training g_loss : -0.5335293104235432 /Training roc : 0.9805174052202628 / Training ap : 0.9821492433547974 
15 epoch, SNS : Val AP : 0.9878606796264648 / AUROC : 0.9869732364191512 
15 epoch, MNS : Val AP : 0.8264756202697754 / AUROC : 0.8188721361491953 
15 epoch, CNS : Val AP : 0.5848770141601562 / AUROC : 0.5598308210444538 
15 epoch, ALL : Val AP : 0.7643617391586304 / AUROC : 0.7901067710201224 
16 epoch: Training d_loss : -0.0013671651458891851 / Training g_loss : -0.5329278594738728 /Training roc : 0.9805937153252571 / Training ap : 0.982318639755249 
16 epoch, SNS : Val AP : 0.9878219366073608 / AUROC : 0.9868753485422717 
16 epoch, MNS : Val AP : 0.8272221684455872 / AUROC : 0.8192830941615835 
16 epoch, CNS : Val AP : 0.5864087343215942 / AUROC : 0.5598922064742811 
16 epoch, ALL : Val AP : 0.7651423215866089 / AUROC : 0.7901543890392607 
17 epoch: Training d_loss : -0.0014691722885792889 / Training g_loss : -0.5322611287402046 /Training roc : 0.98035409231475 / Training ap : 0.9820206165313721 
17 epoch, SNS : Val AP : 0.9878219366073608 / AUROC : 0.9868753485422717 
17 epoch, MNS : Val AP : 0.8272221684455872 / AUROC : 0.8192830941615835 
17 epoch, CNS : Val AP : 0.5864087343215942 / AUROC : 0.5598922064742811 
17 epoch, ALL : Val AP : 0.7651423215866089 / AUROC : 0.7901543890392607 
18 epoch: Training d_loss : -0.0015644830057844638 / Training g_loss : -0.5315791306889872 /Training roc : 0.980366965757388 / Training ap : 0.9822869300842285 
18 epoch, SNS : Val AP : 0.9877296686172485 / AUROC : 0.9867223737405796 
18 epoch, MNS : Val AP : 0.8270153999328613 / AUROC : 0.8189634811346221 
18 epoch, CNS : Val AP : 0.5872145891189575 / AUROC : 0.559346991439654 
18 epoch, ALL : Val AP : 0.7653688192367554 / AUROC : 0.7896869636306769 
19 epoch: Training d_loss : -0.0016494815034972465 / Training g_loss : -0.5308875836704418 /Training roc : 0.9804436424056152 / Training ap : 0.9821670651435852 
19 epoch, SNS : Val AP : 0.9877296686172485 / AUROC : 0.9867223737405796 
19 epoch, MNS : Val AP : 0.8270153999328613 / AUROC : 0.8189634811346221 
19 epoch, CNS : Val AP : 0.5872145891189575 / AUROC : 0.559346991439654 
19 epoch, ALL : Val AP : 0.7653688192367554 / AUROC : 0.7896869636306769 
20 epoch: Training d_loss : -0.001758211652121976 / Training g_loss : -0.5300204480016554 /Training roc : 0.9807341248323922 / Training ap : 0.9826339483261108 
20 epoch, SNS : Val AP : 0.987609326839447 / AUROC : 0.9865598900847556 
20 epoch, MNS : Val AP : 0.8275463581085205 / AUROC : 0.8190371969710923 
20 epoch, CNS : Val AP : 0.5885890126228333 / AUROC : 0.5601711513762699 
20 epoch, ALL : Val AP : 0.76630038022995 / AUROC : 0.7899480405862843 
21 epoch: Training d_loss : -0.0018576833231460498 / Training g_loss : -0.5292407530100812 /Training roc : 0.9812440580503379 / Training ap : 0.983078122138977 
21 epoch, SNS : Val AP : 0.987609326839447 / AUROC : 0.9865598900847556 
21 epoch, MNS : Val AP : 0.8275463581085205 / AUROC : 0.8190371969710923 
21 epoch, CNS : Val AP : 0.5885890126228333 / AUROC : 0.5601711513762699 
21 epoch, ALL : Val AP : 0.76630038022995 / AUROC : 0.7899480405862843 
22 epoch: Training d_loss : -0.0019549804196259176 / Training g_loss : -0.5285074237988749 /Training roc : 0.9801647832251966 / Training ap : 0.9821265935897827 
22 epoch, SNS : Val AP : 0.987517237663269 / AUROC : 0.9864002057644939 
22 epoch, MNS : Val AP : 0.8267461657524109 / AUROC : 0.8184897713500492 
22 epoch, CNS : Val AP : 0.5882888436317444 / AUROC : 0.5585560680586015 
22 epoch, ALL : Val AP : 0.7654627561569214 / AUROC : 0.7889964134721263 
23 epoch: Training d_loss : -0.002052959131701762 / Training g_loss : -0.5277388763920491 /Training roc : 0.9804430635881867 / Training ap : 0.9823111295700073 
23 epoch, SNS : Val AP : 0.987517237663269 / AUROC : 0.9864002057644939 
23 epoch, MNS : Val AP : 0.8267461657524109 / AUROC : 0.8184897713500492 
23 epoch, CNS : Val AP : 0.5882888436317444 / AUROC : 0.5585560680586015 
23 epoch, ALL : Val AP : 0.7654627561569214 / AUROC : 0.7889964134721263 
24 epoch: Training d_loss : -0.0021704676988962535 / Training g_loss : -0.5268952306389619 /Training roc : 0.9801771333872594 / Training ap : 0.9820550680160522 
24 epoch, SNS : Val AP : 0.9873273968696594 / AUROC : 0.9861651615535433 
24 epoch, MNS : Val AP : 0.8265059590339661 / AUROC : 0.8179484776069039 
24 epoch, CNS : Val AP : 0.5882044434547424 / AUROC : 0.5581010649450072 
24 epoch, ALL : Val AP : 0.7650856971740723 / AUROC : 0.7885082454499794 
25 epoch: Training d_loss : -0.0022509893571250198 / Training g_loss : -0.5261008282723602 /Training roc : 0.979991780989979 / Training ap : 0.9815893173217773 
25 epoch, SNS : Val AP : 0.9873273968696594 / AUROC : 0.9861651615535433 
25 epoch, MNS : Val AP : 0.8265059590339661 / AUROC : 0.8179484776069039 
25 epoch, CNS : Val AP : 0.5882044434547424 / AUROC : 0.5581010649450072 
25 epoch, ALL : Val AP : 0.7650856971740723 / AUROC : 0.7885082454499794 
26 epoch: Training d_loss : -0.0023303904196037206 / Training g_loss : -0.5253575629952981 /Training roc : 0.9802408785876905 / Training ap : 0.9822412729263306 
26 epoch, SNS : Val AP : 0.9871267080307007 / AUROC : 0.9859021573123944 
26 epoch, MNS : Val AP : 0.8258676528930664 / AUROC : 0.8170608216303148 
26 epoch, CNS : Val AP : 0.5885936617851257 / AUROC : 0.5579076330793573 
26 epoch, ALL : Val AP : 0.7648245096206665 / AUROC : 0.7879838917329341 
27 epoch: Training d_loss : -0.002447407745973863 / Training g_loss : -0.5245177685172077 /Training roc : 0.9807399450946375 / Training ap : 0.982682466506958 
27 epoch, SNS : Val AP : 0.9871267080307007 / AUROC : 0.9859021573123944 
27 epoch, MNS : Val AP : 0.8258676528930664 / AUROC : 0.8170608216303148 
27 epoch, CNS : Val AP : 0.5885936617851257 / AUROC : 0.5579076330793573 
27 epoch, ALL : Val AP : 0.7648245096206665 / AUROC : 0.7879838917329341 
28 epoch: Training d_loss : -0.002557599250766166 / Training g_loss : -0.5237493097118808 /Training roc : 0.9799860458842424 / Training ap : 0.9819393157958984 
28 epoch, SNS : Val AP : 0.9869207143783569 / AUROC : 0.9856107042681714 
28 epoch, MNS : Val AP : 0.8244614601135254 / AUROC : 0.8157414236856358 
28 epoch, CNS : Val AP : 0.5876787304878235 / AUROC : 0.5560615601439134 
28 epoch, ALL : Val AP : 0.7633081078529358 / AUROC : 0.7866286113590152 
29 epoch: Training d_loss : -0.0026706355270027923 / Training g_loss : -0.5229503019625508 /Training roc : 0.9794319732092984 / Training ap : 0.981474757194519 
29 epoch, SNS : Val AP : 0.9869207143783569 / AUROC : 0.9856107042681714 
29 epoch, MNS : Val AP : 0.8244614601135254 / AUROC : 0.8157414236856358 
29 epoch, CNS : Val AP : 0.5876787304878235 / AUROC : 0.5560615601439134 
29 epoch, ALL : Val AP : 0.7633081078529358 / AUROC : 0.7866286113590152 
30 epoch: Training d_loss : -0.0028362011682058555 / Training g_loss : -0.5219273534033371 /Training roc : 0.9805374910489402 / Training ap : 0.9825034141540527 
30 epoch, SNS : Val AP : 0.9865665435791016 / AUROC : 0.9851750187916509 
30 epoch, MNS : Val AP : 0.824140191078186 / AUROC : 0.8148076008892201 
30 epoch, CNS : Val AP : 0.5893980264663696 / AUROC : 0.5571570001351458 
30 epoch, ALL : Val AP : 0.7637630105018616 / AUROC : 0.7865620950079697 
31 epoch: Training d_loss : -0.002945793736341079 / Training g_loss : -0.5210498419778335 /Training roc : 0.9800180807754852 / Training ap : 0.9820220470428467 
31 epoch, SNS : Val AP : 0.9865665435791016 / AUROC : 0.9851750187916509 
31 epoch, MNS : Val AP : 0.824140191078186 / AUROC : 0.8148076008892201 
31 epoch, CNS : Val AP : 0.5893980264663696 / AUROC : 0.5571570001351458 
31 epoch, ALL : Val AP : 0.7637630105018616 / AUROC : 0.7865620950079697 
32 epoch: Training d_loss : -0.0030313918987909952 / Training g_loss : -0.5200832414248633 /Training roc : 0.9789352011782723 / Training ap : 0.9810823202133179 
32 epoch, SNS : Val AP : 0.9862957000732422 / AUROC : 0.9848609711103905 
32 epoch, MNS : Val AP : 0.8247959613800049 / AUROC : 0.8146133469964606 
32 epoch, CNS : Val AP : 0.590206503868103 / AUROC : 0.5582342777706474 
32 epoch, ALL : Val AP : 0.764728844165802 / AUROC : 0.7868590576849528 
33 epoch: Training d_loss : -0.0031317196703487815 / Training g_loss : -0.5191349288617484 /Training roc : 0.9790024005841944 / Training ap : 0.981106162071228 
33 epoch, SNS : Val AP : 0.9862957000732422 / AUROC : 0.9848609711103905 
33 epoch, MNS : Val AP : 0.8247959613800049 / AUROC : 0.8146133469964606 
33 epoch, CNS : Val AP : 0.590206503868103 / AUROC : 0.5582342777706474 
33 epoch, ALL : Val AP : 0.764728844165802 / AUROC : 0.7868590576849528 
34 epoch: Training d_loss : -0.0032850634691635643 / Training g_loss : -0.5181243594954995 /Training roc : 0.9794453810398821 / Training ap : 0.9815922975540161 
34 epoch, SNS : Val AP : 0.9860683083534241 / AUROC : 0.9845921349201538 
34 epoch, MNS : Val AP : 0.8245260119438171 / AUROC : 0.8139815414034727 
34 epoch, CNS : Val AP : 0.5905223488807678 / AUROC : 0.5584194004974063 
34 epoch, ALL : Val AP : 0.764704704284668 / AUROC : 0.7866315777638472 
35 epoch: Training d_loss : -0.0034458196125273107 / Training g_loss : -0.5170439191766687 /Training roc : 0.9794427140367624 / Training ap : 0.9815362095832825 
35 epoch, SNS : Val AP : 0.9860683083534241 / AUROC : 0.9845921349201538 
35 epoch, MNS : Val AP : 0.8245260119438171 / AUROC : 0.8139815414034727 
35 epoch, CNS : Val AP : 0.5905223488807678 / AUROC : 0.5584194004974063 
35 epoch, ALL : Val AP : 0.764704704284668 / AUROC : 0.7866315777638472 
36 epoch: Training d_loss : -0.0035701730008724196 / Training g_loss : -0.51600529469064 /Training roc : 0.9791309980196695 / Training ap : 0.9811639785766602 
36 epoch, SNS : Val AP : 0.9858098030090332 / AUROC : 0.9843099907775222 
36 epoch, MNS : Val AP : 0.8239140510559082 / AUROC : 0.8131024944945846 
36 epoch, CNS : Val AP : 0.5914911031723022 / AUROC : 0.5595212056445003 
36 epoch, ALL : Val AP : 0.7649167776107788 / AUROC : 0.7866198899066065 
37 epoch: Training d_loss : -0.003667593760407028 / Training g_loss : -0.5150364021428628 /Training roc : 0.9794021746020224 / Training ap : 0.9815635681152344 
37 epoch, SNS : Val AP : 0.9858098030090332 / AUROC : 0.9843099907775222 
37 epoch, MNS : Val AP : 0.8239140510559082 / AUROC : 0.8131024944945846 
37 epoch, CNS : Val AP : 0.5914911031723022 / AUROC : 0.5595212056445003 
37 epoch, ALL : Val AP : 0.7649167776107788 / AUROC : 0.7866198899066065 
38 epoch: Training d_loss : -0.003838664681809127 / Training g_loss : -0.5139154537872593 /Training roc : 0.9791546838706049 / Training ap : 0.9812464714050293 
38 epoch, SNS : Val AP : 0.9856976270675659 / AUROC : 0.9841620814401808 
38 epoch, MNS : Val AP : 0.8233786821365356 / AUROC : 0.8124752878100201 
38 epoch, CNS : Val AP : 0.5908307433128357 / AUROC : 0.5587656738630549 
38 epoch, ALL : Val AP : 0.7641291618347168 / AUROC : 0.786015632131315 
39 epoch: Training d_loss : -0.004013866186141968 / Training g_loss : -0.5128146572977257 /Training roc : 0.9792976665852849 / Training ap : 0.9814285039901733 
39 epoch, SNS : Val AP : 0.9856976270675659 / AUROC : 0.9841620814401808 
39 epoch, MNS : Val AP : 0.8233786821365356 / AUROC : 0.8124752878100201 
39 epoch, CNS : Val AP : 0.5908307433128357 / AUROC : 0.5587656738630549 
39 epoch, ALL : Val AP : 0.7641291618347168 / AUROC : 0.786015632131315 
40 epoch: Training d_loss : -0.004161737207767505 / Training g_loss : -0.5116202970566924 /Training roc : 0.9789370213661185 / Training ap : 0.9810627698898315 
40 epoch, SNS : Val AP : 0.9854280948638916 / AUROC : 0.9838591533418478 
40 epoch, MNS : Val AP : 0.8231397867202759 / AUROC : 0.8119649756021243 
40 epoch, CNS : Val AP : 0.5912164449691772 / AUROC : 0.5594629528044688 
40 epoch, ALL : Val AP : 0.7642078399658203 / AUROC : 0.7859665142445651 
41 epoch: Training d_loss : -0.0043136190818489455 / Training g_loss : -0.5104024536279882 /Training roc : 0.978822361212564 / Training ap : 0.981027364730835 
41 epoch, SNS : Val AP : 0.9854280948638916 / AUROC : 0.9838591533418478 
41 epoch, MNS : Val AP : 0.8231397867202759 / AUROC : 0.8119649756021243 
41 epoch, CNS : Val AP : 0.5912164449691772 / AUROC : 0.5594629528044688 
41 epoch, ALL : Val AP : 0.7642078399658203 / AUROC : 0.7859665142445651 
42 epoch: Training d_loss : -0.004459303399527206 / Training g_loss : -0.509236961934828 /Training roc : 0.9789345382516916 / Training ap : 0.9810900688171387 
42 epoch, SNS : Val AP : 0.9853130578994751 / AUROC : 0.9837134212654993 
42 epoch, MNS : Val AP : 0.8229885101318359 / AUROC : 0.8117365964758454 
42 epoch, CNS : Val AP : 0.5912976861000061 / AUROC : 0.5596417214838407 
42 epoch, ALL : Val AP : 0.7638540267944336 / AUROC : 0.7858386144227447 
43 epoch: Training d_loss : -0.004601697521861672 / Training g_loss : -0.5081183675362688 /Training roc : 0.9789046162291858 / Training ap : 0.9811266660690308 
43 epoch, SNS : Val AP : 0.9853130578994751 / AUROC : 0.9837134212654993 
43 epoch, MNS : Val AP : 0.8229885101318359 / AUROC : 0.8117365964758454 
43 epoch, CNS : Val AP : 0.5912976861000061 / AUROC : 0.5596417214838407 
43 epoch, ALL : Val AP : 0.7638540267944336 / AUROC : 0.7858386144227447 
44 epoch: Training d_loss : -0.004813031475570509 / Training g_loss : -0.5068345630870146 /Training roc : 0.9786396400279863 / Training ap : 0.9808765053749084 
44 epoch, SNS : Val AP : 0.9852551817893982 / AUROC : 0.9836296189342258 
44 epoch, MNS : Val AP : 0.8227097392082214 / AUROC : 0.8114777912380398 
44 epoch, CNS : Val AP : 0.5907639265060425 / AUROC : 0.5588441108011675 
44 epoch, ALL : Val AP : 0.7630869150161743 / AUROC : 0.7853566347432621 
45 epoch: Training d_loss : -0.005000646950141046 / Training g_loss : -0.5055736128969298 /Training roc : 0.9789472179324185 / Training ap : 0.9811115264892578 
45 epoch, SNS : Val AP : 0.9852551817893982 / AUROC : 0.9836296189342258 
45 epoch, MNS : Val AP : 0.8227097392082214 / AUROC : 0.8114777912380398 
45 epoch, CNS : Val AP : 0.5907639265060425 / AUROC : 0.5588441108011675 
45 epoch, ALL : Val AP : 0.7630869150161743 / AUROC : 0.7853566347432621 
46 epoch: Training d_loss : -0.0052092286901746915 / Training g_loss : -0.5041027371853068 /Training roc : 0.9789941700225077 / Training ap : 0.9811944365501404 
46 epoch, SNS : Val AP : 0.9851411581039429 / AUROC : 0.9834964061085856 
46 epoch, MNS : Val AP : 0.8229849338531494 / AUROC : 0.8114030423134455 
46 epoch, CNS : Val AP : 0.5913408994674683 / AUROC : 0.5590768777748553 
46 epoch, ALL : Val AP : 0.7635200023651123 / AUROC : 0.7853886652493693 
47 epoch: Training d_loss : -0.005420162752626052 / Training g_loss : -0.5026289878949073 /Training roc : 0.9792012928663548 / Training ap : 0.9814048409461975 
47 epoch, SNS : Val AP : 0.9851411581039429 / AUROC : 0.9834964061085856 
47 epoch, MNS : Val AP : 0.8229849338531494 / AUROC : 0.8114030423134455 
47 epoch, CNS : Val AP : 0.5913408994674683 / AUROC : 0.5590768777748553 
47 epoch, ALL : Val AP : 0.7635200023651123 / AUROC : 0.7853886652493693 
48 epoch: Training d_loss : -0.005674052266892644 / Training g_loss : -0.5009445221132239 /Training roc : 0.9790879384459336 / Training ap : 0.9812214374542236 
48 epoch, SNS : Val AP : 0.9848888516426086 / AUROC : 0.983230935786108 
48 epoch, MNS : Val AP : 0.8231051564216614 / AUROC : 0.811021110744803 
48 epoch, CNS : Val AP : 0.5927056074142456 / AUROC : 0.5600592557131051 
48 epoch, ALL : Val AP : 0.7645119428634644 / AUROC : 0.7856030241064055 
49 epoch: Training d_loss : -0.005775828429739123 / Training g_loss : -0.49956712955890287 /Training roc : 0.9788215516086552 / Training ap : 0.9811134338378906 
49 epoch, SNS : Val AP : 0.9848888516426086 / AUROC : 0.983230935786108 
49 epoch, MNS : Val AP : 0.8231051564216614 / AUROC : 0.811021110744803 
49 epoch, CNS : Val AP : 0.5927056074142456 / AUROC : 0.5600592557131051 
49 epoch, ALL : Val AP : 0.7645119428634644 / AUROC : 0.7856030241064055 
